ISO-10303-21;
HEADER;
FILE_DESCRIPTION(('Open CASCADE Model'),'2;1');
FILE_NAME('Open CASCADE Shape Model','2026-10-09T05:50:28',('Author'),(
    'Open CASCADE'),'Open CASCADE STEP processor 7.8','Open CASCADE 7.8'
  ,'Unknown');
FILE_SCHEMA(('AUTOMOTIVE_DESIGN { 1 0 10303 214 1 1 1 1 }'));
ENDSEC;
DATA;
#1 = APPLICATION_PROTOCOL_DEFINITION('international standard',
  'automotive_design',2000,#2);
#2 = APPLICATION_CONTEXT(
  'core data for automotive mechanical design processes');
#3 = SHAPE_DEFINITION_REPRESENTATION(#4,#10);
#4 = PRODUCT_DEFINITION_SHAPE('','',#5);
#5 = PRODUCT_DEFINITION('design','',#6,#9);
#6 = PRODUCT_DEFINITION_FORMATION('','',#7);
#7 = PRODUCT('Open CASCADE STEP translator 7.8 4',
  'Open CASCADE STEP translator 7.8 4','',(#8));
#8 = PRODUCT_CONTEXT('',#2,'mechanical');
#9 = PRODUCT_DEFINITION_CONTEXT('part definition',#2,'design');
#10 = ADVANCED_BREP_SHAPE_REPRESENTATION('',(#11,#15),#13356);
#11 = AXIS2_PLACEMENT_3D('',#12,#13,#14);
#12 = CARTESIAN_POINT('',(0.,0.,0.));
#13 = DIRECTION('',(0.,0.,1.));
#14 = DIRECTION('',(1.,0.,-0.));
#15 = MANIFOLD_SOLID_BREP('',#16);
#16 = CLOSED_SHELL('',(#17,#743,#819,#924,#1024,#1051,#1106,#1180,#1300,
    #1347,#1440,#1465,#1490,#1545,#1600,#1655,#1730,#1783,#1842,#1973,
    #2022,#2147,#2196,#2249,#2303,#2335,#2367,#2443,#2470,#2541,#2576,
    #2583,#3661,#3716,#3746,#3776,#4067,#4121,#4506,#4784,#4811,#4818,
    #5146,#5200,#5255,#5421,#5428,#5435,#5462,#5536,#5585,#5736,#5783,
    #5832,#5903,#5952,#6001,#6073,#6120,#6167,#6212,#6259,#6480,#6525,
    #6627,#6676,#6768,#6813,#6838,#6912,#6961,#7112,#7159,#7208,#7279,
    #7328,#7377,#7448,#7497,#7546,#7595,#7644,#7671,#7698,#7725,#7737,
    #7841,#7888,#7960,#8054,#8101,#8173,#8250,#8297,#8352,#8401,#8459,
    #8580,#8708,#8785,#8837,#8908,#8934,#8960,#8967,#9115,#9185,#9212,
    #9303,#9381,#9507,#9639,#9711,#9763,#9834,#9860,#9886,#9893,#9940,
    #9992,#10017,#10042,#10069,#10076,#10083,#10090,#10276,#10321,#10688
    ,#10733,#10789,#11046,#11053,#11060,#11067,#11074,#11191,#11227,
    #11287,#11294,#11321,#11471,#11565,#11572,#11707,#11759,#11878,
    #12013,#12020,#12192,#12286,#12443,#12450,#12524,#12531,#12538,
    #12545,#12696,#12722,#12749,#12755,#12781,#12808,#12814,#12841,
    #12848,#12925,#12974,#13024,#13051,#13076,#13125,#13132,#13139,
    #13216,#13265,#13315,#13342,#13349));
#17 = ADVANCED_FACE('',(#18,#137,#168,#274,#370,#401,#432,#463),#32,.F.
  );
#18 = FACE_BOUND('',#19,.F.);
#19 = EDGE_LOOP('',(#20,#55,#83,#111));
#20 = ORIENTED_EDGE('',*,*,#21,.T.);
#21 = EDGE_CURVE('',#22,#24,#26,.T.);
#22 = VERTEX_POINT('',#23);
#23 = CARTESIAN_POINT('',(-116.,35.2,-8.));
#24 = VERTEX_POINT('',#25);
#25 = CARTESIAN_POINT('',(-116.,-35.2,-8.));
#26 = SURFACE_CURVE('',#27,(#31,#43),.PCURVE_S1.);
#27 = LINE('',#28,#29);
#28 = CARTESIAN_POINT('',(-116.,35.2,-8.));
#29 = VECTOR('',#30,1.);
#30 = DIRECTION('',(0.,-1.,0.));
#31 = PCURVE('',#32,#37);
#32 = PLANE('',#33);
#33 = AXIS2_PLACEMENT_3D('',#34,#35,#36);
#34 = CARTESIAN_POINT('',(-116.,35.2,-8.));
#35 = DIRECTION('',(-0.,0.,1.));
#36 = DIRECTION('',(1.,0.,0.));
#37 = DEFINITIONAL_REPRESENTATION('',(#38),#42);
#38 = LINE('',#39,#40);
#39 = CARTESIAN_POINT('',(0.,0.));
#40 = VECTOR('',#41,1.);
#41 = DIRECTION('',(0.,-1.));
#42 = ( GEOMETRIC_REPRESENTATION_CONTEXT(2) 
PARAMETRIC_REPRESENTATION_CONTEXT() REPRESENTATION_CONTEXT('2D SPACE',''
  ) );
#43 = PCURVE('',#44,#49);
#44 = PLANE('',#45);
#45 = AXIS2_PLACEMENT_3D('',#46,#47,#48);
#46 = CARTESIAN_POINT('',(-117.,35.2,-7.));
#47 = DIRECTION('',(0.707106781187,0.,0.707106781187));
#48 = DIRECTION('',(0.707106781187,0.,-0.707106781187));
#49 = DEFINITIONAL_REPRESENTATION('',(#50),#54);
#50 = LINE('',#51,#52);
#51 = CARTESIAN_POINT('',(1.414213562373,0.));
#52 = VECTOR('',#53,1.);
#53 = DIRECTION('',(0.,-1.));
#54 = ( GEOMETRIC_REPRESENTATION_CONTEXT(2) 
PARAMETRIC_REPRESENTATION_CONTEXT() REPRESENTATION_CONTEXT('2D SPACE',''
  ) );
#55 = ORIENTED_EDGE('',*,*,#56,.T.);
#56 = EDGE_CURVE('',#24,#57,#59,.T.);
#57 = VERTEX_POINT('',#58);
#58 = CARTESIAN_POINT('',(-5.5,-35.2,-8.));
#59 = SURFACE_CURVE('',#60,(#64,#71),.PCURVE_S1.);
#60 = LINE('',#61,#62);
#61 = CARTESIAN_POINT('',(-116.,-35.2,-8.));
#62 = VECTOR('',#63,1.);
#63 = DIRECTION('',(1.,0.,0.));
#64 = PCURVE('',#32,#65);
#65 = DEFINITIONAL_REPRESENTATION('',(#66),#70);
#66 = LINE('',#67,#68);
#67 = CARTESIAN_POINT('',(0.,-70.4));
#68 = VECTOR('',#69,1.);
#69 = DIRECTION('',(1.,0.));
#70 = ( GEOMETRIC_REPRESENTATION_CONTEXT(2) 
PARAMETRIC_REPRESENTATION_CONTEXT() REPRESENTATION_CONTEXT('2D SPACE',''
  ) );
#71 = PCURVE('',#72,#77);
#72 = PLANE('',#73);
#73 = AXIS2_PLACEMENT_3D('',#74,#75,#76);
#74 = CARTESIAN_POINT('',(-59.32789628154,-35.2,-3.932663609682));
#75 = DIRECTION('',(-0.,-1.,-0.));
#76 = DIRECTION('',(0.,0.,-1.));
#77 = DEFINITIONAL_REPRESENTATION('',(#78),#82);
#78 = LINE('',#79,#80);
#79 = CARTESIAN_POINT('',(4.067336390318,-56.67210371845));
#80 = VECTOR('',#81,1.);
#81 = DIRECTION('',(0.,1.));
#82 = ( GEOMETRIC_REPRESENTATION_CONTEXT(2) 
PARAMETRIC_REPRESENTATION_CONTEXT() REPRESENTATION_CONTEXT('2D SPACE',''
  ) );
#83 = ORIENTED_EDGE('',*,*,#84,.F.);
#84 = EDGE_CURVE('',#85,#57,#87,.T.);
#85 = VERTEX_POINT('',#86);
#86 = CARTESIAN_POINT('',(-5.5,35.2,-8.));
#87 = SURFACE_CURVE('',#88,(#92,#99),.PCURVE_S1.);
#88 = LINE('',#89,#90);
#89 = CARTESIAN_POINT('',(-5.5,35.2,-8.));
#90 = VECTOR('',#91,1.);
#91 = DIRECTION('',(0.,-1.,0.));
#92 = PCURVE('',#32,#93);
#93 = DEFINITIONAL_REPRESENTATION('',(#94),#98);
#94 = LINE('',#95,#96);
#95 = CARTESIAN_POINT('',(110.5,0.));
#96 = VECTOR('',#97,1.);
#97 = DIRECTION('',(0.,-1.));
#98 = ( GEOMETRIC_REPRESENTATION_CONTEXT(2) 
PARAMETRIC_REPRESENTATION_CONTEXT() REPRESENTATION_CONTEXT('2D SPACE',''
  ) );
#99 = PCURVE('',#100,#105);
#100 = PLANE('',#101);
#101 = AXIS2_PLACEMENT_3D('',#102,#103,#104);
#102 = CARTESIAN_POINT('',(-5.5,35.2,-8.));
#103 = DIRECTION('',(-0.707106781187,0.,0.707106781187));
#104 = DIRECTION('',(0.707106781187,0.,0.707106781187));
#105 = DEFINITIONAL_REPRESENTATION('',(#106),#110);
#106 = LINE('',#107,#108);
#107 = CARTESIAN_POINT('',(0.,0.));
#108 = VECTOR('',#109,1.);
#109 = DIRECTION('',(0.,-1.));
#110 = ( GEOMETRIC_REPRESENTATION_CONTEXT(2) 
PARAMETRIC_REPRESENTATION_CONTEXT() REPRESENTATION_CONTEXT('2D SPACE',''
  ) );
#111 = ORIENTED_EDGE('',*,*,#112,.F.);
#112 = EDGE_CURVE('',#22,#85,#113,.T.);
#113 = SURFACE_CURVE('',#114,(#118,#125),.PCURVE_S1.);
#114 = LINE('',#115,#116);
#115 = CARTESIAN_POINT('',(-116.,35.2,-8.));
#116 = VECTOR('',#117,1.);
#117 = DIRECTION('',(1.,0.,0.));
#118 = PCURVE('',#32,#119);
#119 = DEFINITIONAL_REPRESENTATION('',(#120),#124);
#120 = LINE('',#121,#122);
#121 = CARTESIAN_POINT('',(0.,0.));
#122 = VECTOR('',#123,1.);
#123 = DIRECTION('',(1.,0.));
#124 = ( GEOMETRIC_REPRESENTATION_CONTEXT(2) 
PARAMETRIC_REPRESENTATION_CONTEXT() REPRESENTATION_CONTEXT('2D SPACE',''
  ) );
#125 = PCURVE('',#126,#131);
#126 = PLANE('',#127);
#127 = AXIS2_PLACEMENT_3D('',#128,#129,#130);
#128 = CARTESIAN_POINT('',(-59.32789628154,35.2,-3.932663609682));
#129 = DIRECTION('',(-0.,-1.,-0.));
#130 = DIRECTION('',(0.,0.,-1.));
#131 = DEFINITIONAL_REPRESENTATION('',(#132),#136);
#132 = LINE('',#133,#134);
#133 = CARTESIAN_POINT('',(4.067336390318,-56.67210371845));
#134 = VECTOR('',#135,1.);
#135 = DIRECTION('',(0.,1.));
#136 = ( GEOMETRIC_REPRESENTATION_CONTEXT(2) 
PARAMETRIC_REPRESENTATION_CONTEXT() REPRESENTATION_CONTEXT('2D SPACE',''
  ) );
#137 = FACE_BOUND('',#138,.F.);
#138 = EDGE_LOOP('',(#139));
#139 = ORIENTED_EDGE('',*,*,#140,.F.);
#140 = EDGE_CURVE('',#141,#141,#143,.T.);
#141 = VERTEX_POINT('',#142);
#142 = CARTESIAN_POINT('',(-107.5,-20.,-8.));
#143 = SURFACE_CURVE('',#144,(#149,#156),.PCURVE_S1.);
#144 = CIRCLE('',#145,3.5);
#145 = AXIS2_PLACEMENT_3D('',#146,#147,#148);
#146 = CARTESIAN_POINT('',(-111.,-20.,-8.));
#147 = DIRECTION('',(0.,0.,1.));
#148 = DIRECTION('',(1.,0.,-0.));
#149 = PCURVE('',#32,#150);
#150 = DEFINITIONAL_REPRESENTATION('',(#151),#155);
#151 = CIRCLE('',#152,3.5);
#152 = AXIS2_PLACEMENT_2D('',#153,#154);
#153 = CARTESIAN_POINT('',(5.,-55.2));
#154 = DIRECTION('',(1.,0.));
#155 = ( GEOMETRIC_REPRESENTATION_CONTEXT(2) 
PARAMETRIC_REPRESENTATION_CONTEXT() REPRESENTATION_CONTEXT('2D SPACE',''
  ) );
#156 = PCURVE('',#157,#162);
#157 = CYLINDRICAL_SURFACE('',#158,3.5);
#158 = AXIS2_PLACEMENT_3D('',#159,#160,#161);
#159 = CARTESIAN_POINT('',(-111.,-20.,-8.05));
#160 = DIRECTION('',(0.,0.,1.));
#161 = DIRECTION('',(1.,0.,-0.));
#162 = DEFINITIONAL_REPRESENTATION('',(#163),#167);
#163 = LINE('',#164,#165);
#164 = CARTESIAN_POINT('',(0.,5.E-02));
#165 = VECTOR('',#166,1.);
#166 = DIRECTION('',(1.,0.));
#167 = ( GEOMETRIC_REPRESENTATION_CONTEXT(2) 
PARAMETRIC_REPRESENTATION_CONTEXT() REPRESENTATION_CONTEXT('2D SPACE',''
  ) );
#168 = FACE_BOUND('',#169,.F.);
#169 = EDGE_LOOP('',(#170,#198,#224,#250));
#170 = ORIENTED_EDGE('',*,*,#171,.F.);
#171 = EDGE_CURVE('',#172,#174,#176,.T.);
#172 = VERTEX_POINT('',#173);
#173 = CARTESIAN_POINT('',(-80.25,-34.,-8.));
#174 = VERTEX_POINT('',#175);
#175 = CARTESIAN_POINT('',(-80.25,-21.,-8.));
#176 = SURFACE_CURVE('',#177,(#181,#187),.PCURVE_S1.);
#177 = LINE('',#178,#179);
#178 = CARTESIAN_POINT('',(-80.25,0.6,-8.));
#179 = VECTOR('',#180,1.);
#180 = DIRECTION('',(-0.,1.,-0.));
#181 = PCURVE('',#32,#182);
#182 = DEFINITIONAL_REPRESENTATION('',(#183),#186);
#183 = B_SPLINE_CURVE_WITH_KNOTS('',1,(#184,#185),.UNSPECIFIED.,.F.,.F.,
  (2,2),(-34.6,-21.6),.PIECEWISE_BEZIER_KNOTS.);
#184 = CARTESIAN_POINT('',(35.75,-69.2));
#185 = CARTESIAN_POINT('',(35.75,-56.2));
#186 = ( GEOMETRIC_REPRESENTATION_CONTEXT(2) 
PARAMETRIC_REPRESENTATION_CONTEXT() REPRESENTATION_CONTEXT('2D SPACE',''
  ) );
#187 = PCURVE('',#188,#193);
#188 = PLANE('',#189);
#189 = AXIS2_PLACEMENT_3D('',#190,#191,#192);
#190 = CARTESIAN_POINT('',(-80.25,-34.,-8.5));
#191 = DIRECTION('',(1.,0.,-0.));
#192 = DIRECTION('',(0.,0.,1.));
#193 = DEFINITIONAL_REPRESENTATION('',(#194),#197);
#194 = B_SPLINE_CURVE_WITH_KNOTS('',1,(#195,#196),.UNSPECIFIED.,.F.,.F.,
  (2,2),(-34.6,-21.6),.PIECEWISE_BEZIER_KNOTS.);
#195 = CARTESIAN_POINT('',(0.5,0.));
#196 = CARTESIAN_POINT('',(0.5,-13.));
#197 = ( GEOMETRIC_REPRESENTATION_CONTEXT(2) 
PARAMETRIC_REPRESENTATION_CONTEXT() REPRESENTATION_CONTEXT('2D SPACE',''
  ) );
#198 = ORIENTED_EDGE('',*,*,#199,.T.);
#199 = EDGE_CURVE('',#172,#200,#202,.T.);
#200 = VERTEX_POINT('',#201);
#201 = CARTESIAN_POINT('',(-83.75,-34.,-8.));
#202 = SURFACE_CURVE('',#203,(#207,#213),.PCURVE_S1.);
#203 = LINE('',#204,#205);
#204 = CARTESIAN_POINT('',(-97.125,-34.,-8.));
#205 = VECTOR('',#206,1.);
#206 = DIRECTION('',(-1.,0.,0.));
#207 = PCURVE('',#32,#208);
#208 = DEFINITIONAL_REPRESENTATION('',(#209),#212);
#209 = B_SPLINE_CURVE_WITH_KNOTS('',1,(#210,#211),.UNSPECIFIED.,.F.,.F.,
  (2,2),(-22.375,-13.375),.PIECEWISE_BEZIER_KNOTS.);
#210 = CARTESIAN_POINT('',(41.25,-69.2));
#211 = CARTESIAN_POINT('',(32.25,-69.2));
#212 = ( GEOMETRIC_REPRESENTATION_CONTEXT(2) 
PARAMETRIC_REPRESENTATION_CONTEXT() REPRESENTATION_CONTEXT('2D SPACE',''
  ) );
#213 = PCURVE('',#214,#219);
#214 = PLANE('',#215);
#215 = AXIS2_PLACEMENT_3D('',#216,#217,#218);
#216 = CARTESIAN_POINT('',(-78.25,-34.,-8.5));
#217 = DIRECTION('',(-0.,1.,0.));
#218 = DIRECTION('',(0.,0.,1.));
#219 = DEFINITIONAL_REPRESENTATION('',(#220),#223);
#220 = B_SPLINE_CURVE_WITH_KNOTS('',1,(#221,#222),.UNSPECIFIED.,.F.,.F.,
  (2,2),(-22.375,-13.375),.PIECEWISE_BEZIER_KNOTS.);
#221 = CARTESIAN_POINT('',(0.5,3.5));
#222 = CARTESIAN_POINT('',(0.5,-5.5));
#223 = ( GEOMETRIC_REPRESENTATION_CONTEXT(2) 
PARAMETRIC_REPRESENTATION_CONTEXT() REPRESENTATION_CONTEXT('2D SPACE',''
  ) );
#224 = ORIENTED_EDGE('',*,*,#225,.T.);
#225 = EDGE_CURVE('',#200,#226,#228,.T.);
#226 = VERTEX_POINT('',#227);
#227 = CARTESIAN_POINT('',(-83.75,-21.,-8.));
#228 = SURFACE_CURVE('',#229,(#233,#239),.PCURVE_S1.);
#229 = LINE('',#230,#231);
#230 = CARTESIAN_POINT('',(-83.75,0.6,-8.));
#231 = VECTOR('',#232,1.);
#232 = DIRECTION('',(-0.,1.,-0.));
#233 = PCURVE('',#32,#234);
#234 = DEFINITIONAL_REPRESENTATION('',(#235),#238);
#235 = B_SPLINE_CURVE_WITH_KNOTS('',1,(#236,#237),.UNSPECIFIED.,.F.,.F.,
  (2,2),(-34.6,-21.6),.PIECEWISE_BEZIER_KNOTS.);
#236 = CARTESIAN_POINT('',(32.25,-69.2));
#237 = CARTESIAN_POINT('',(32.25,-56.2));
#238 = ( GEOMETRIC_REPRESENTATION_CONTEXT(2) 
PARAMETRIC_REPRESENTATION_CONTEXT() REPRESENTATION_CONTEXT('2D SPACE',''
  ) );
#239 = PCURVE('',#240,#245);
#240 = PLANE('',#241);
#241 = AXIS2_PLACEMENT_3D('',#242,#243,#244);
#242 = CARTESIAN_POINT('',(-83.75,-34.,-8.5));
#243 = DIRECTION('',(1.,0.,-0.));
#244 = DIRECTION('',(0.,0.,1.));
#245 = DEFINITIONAL_REPRESENTATION('',(#246),#249);
#246 = B_SPLINE_CURVE_WITH_KNOTS('',1,(#247,#248),.UNSPECIFIED.,.F.,.F.,
  (2,2),(-34.6,-21.6),.PIECEWISE_BEZIER_KNOTS.);
#247 = CARTESIAN_POINT('',(0.5,0.));
#248 = CARTESIAN_POINT('',(0.5,-13.));
#249 = ( GEOMETRIC_REPRESENTATION_CONTEXT(2) 
PARAMETRIC_REPRESENTATION_CONTEXT() REPRESENTATION_CONTEXT('2D SPACE',''
  ) );
#250 = ORIENTED_EDGE('',*,*,#251,.F.);
#251 = EDGE_CURVE('',#174,#226,#252,.T.);
#252 = SURFACE_CURVE('',#253,(#257,#263),.PCURVE_S1.);
#253 = LINE('',#254,#255);
#254 = CARTESIAN_POINT('',(-97.125,-21.,-8.));
#255 = VECTOR('',#256,1.);
#256 = DIRECTION('',(-1.,0.,0.));
#257 = PCURVE('',#32,#258);
#258 = DEFINITIONAL_REPRESENTATION('',(#259),#262);
#259 = B_SPLINE_CURVE_WITH_KNOTS('',1,(#260,#261),.UNSPECIFIED.,.F.,.F.,
  (2,2),(-22.375,-13.375),.PIECEWISE_BEZIER_KNOTS.);
#260 = CARTESIAN_POINT('',(41.25,-56.2));
#261 = CARTESIAN_POINT('',(32.25,-56.2));
#262 = ( GEOMETRIC_REPRESENTATION_CONTEXT(2) 
PARAMETRIC_REPRESENTATION_CONTEXT() REPRESENTATION_CONTEXT('2D SPACE',''
  ) );
#263 = PCURVE('',#264,#269);
#264 = PLANE('',#265);
#265 = AXIS2_PLACEMENT_3D('',#266,#267,#268);
#266 = CARTESIAN_POINT('',(-78.25,-21.,-8.5));
#267 = DIRECTION('',(-0.,1.,0.));
#268 = DIRECTION('',(0.,0.,1.));
#269 = DEFINITIONAL_REPRESENTATION('',(#270),#273);
#270 = B_SPLINE_CURVE_WITH_KNOTS('',1,(#271,#272),.UNSPECIFIED.,.F.,.F.,
  (2,2),(-22.375,-13.375),.PIECEWISE_BEZIER_KNOTS.);
#271 = CARTESIAN_POINT('',(0.5,3.5));
#272 = CARTESIAN_POINT('',(0.5,-5.5));
#273 = ( GEOMETRIC_REPRESENTATION_CONTEXT(2) 
PARAMETRIC_REPRESENTATION_CONTEXT() REPRESENTATION_CONTEXT('2D SPACE',''
  ) );
#274 = FACE_BOUND('',#275,.F.);
#275 = EDGE_LOOP('',(#276,#299,#325,#346));
#276 = ORIENTED_EDGE('',*,*,#277,.T.);
#277 = EDGE_CURVE('',#278,#280,#282,.T.);
#278 = VERTEX_POINT('',#279);
#279 = CARTESIAN_POINT('',(-74.75,-34.,-8.));
#280 = VERTEX_POINT('',#281);
#281 = CARTESIAN_POINT('',(-78.25,-34.,-8.));
#282 = SURFACE_CURVE('',#283,(#287,#293),.PCURVE_S1.);
#283 = LINE('',#284,#285);
#284 = CARTESIAN_POINT('',(-97.125,-34.,-8.));
#285 = VECTOR('',#286,1.);
#286 = DIRECTION('',(-1.,0.,0.));
#287 = PCURVE('',#32,#288);
#288 = DEFINITIONAL_REPRESENTATION('',(#289),#292);
#289 = B_SPLINE_CURVE_WITH_KNOTS('',1,(#290,#291),.UNSPECIFIED.,.F.,.F.,
  (2,2),(-22.375,-13.375),.PIECEWISE_BEZIER_KNOTS.);
#290 = CARTESIAN_POINT('',(41.25,-69.2));
#291 = CARTESIAN_POINT('',(32.25,-69.2));
#292 = ( GEOMETRIC_REPRESENTATION_CONTEXT(2) 
PARAMETRIC_REPRESENTATION_CONTEXT() REPRESENTATION_CONTEXT('2D SPACE',''
  ) );
#293 = PCURVE('',#214,#294);
#294 = DEFINITIONAL_REPRESENTATION('',(#295),#298);
#295 = B_SPLINE_CURVE_WITH_KNOTS('',1,(#296,#297),.UNSPECIFIED.,.F.,.F.,
  (2,2),(-22.375,-13.375),.PIECEWISE_BEZIER_KNOTS.);
#296 = CARTESIAN_POINT('',(0.5,3.5));
#297 = CARTESIAN_POINT('',(0.5,-5.5));
#298 = ( GEOMETRIC_REPRESENTATION_CONTEXT(2) 
PARAMETRIC_REPRESENTATION_CONTEXT() REPRESENTATION_CONTEXT('2D SPACE',''
  ) );
#299 = ORIENTED_EDGE('',*,*,#300,.T.);
#300 = EDGE_CURVE('',#280,#301,#303,.T.);
#301 = VERTEX_POINT('',#302);
#302 = CARTESIAN_POINT('',(-78.25,-21.,-8.));
#303 = SURFACE_CURVE('',#304,(#308,#314),.PCURVE_S1.);
#304 = LINE('',#305,#306);
#305 = CARTESIAN_POINT('',(-78.25,0.6,-8.));
#306 = VECTOR('',#307,1.);
#307 = DIRECTION('',(-0.,1.,-0.));
#308 = PCURVE('',#32,#309);
#309 = DEFINITIONAL_REPRESENTATION('',(#310),#313);
#310 = B_SPLINE_CURVE_WITH_KNOTS('',1,(#311,#312),.UNSPECIFIED.,.F.,.F.,
  (2,2),(-34.6,-21.6),.PIECEWISE_BEZIER_KNOTS.);
#311 = CARTESIAN_POINT('',(37.75,-69.2));
#312 = CARTESIAN_POINT('',(37.75,-56.2));
#313 = ( GEOMETRIC_REPRESENTATION_CONTEXT(2) 
PARAMETRIC_REPRESENTATION_CONTEXT() REPRESENTATION_CONTEXT('2D SPACE',''
  ) );
#314 = PCURVE('',#315,#320);
#315 = PLANE('',#316);
#316 = AXIS2_PLACEMENT_3D('',#317,#318,#319);
#317 = CARTESIAN_POINT('',(-78.25,-34.,-8.5));
#318 = DIRECTION('',(1.,0.,-0.));
#319 = DIRECTION('',(0.,0.,1.));
#320 = DEFINITIONAL_REPRESENTATION('',(#321),#324);
#321 = B_SPLINE_CURVE_WITH_KNOTS('',1,(#322,#323),.UNSPECIFIED.,.F.,.F.,
  (2,2),(-34.6,-21.6),.PIECEWISE_BEZIER_KNOTS.);
#322 = CARTESIAN_POINT('',(0.5,0.));
#323 = CARTESIAN_POINT('',(0.5,-13.));
#324 = ( GEOMETRIC_REPRESENTATION_CONTEXT(2) 
PARAMETRIC_REPRESENTATION_CONTEXT() REPRESENTATION_CONTEXT('2D SPACE',''
  ) );
#325 = ORIENTED_EDGE('',*,*,#326,.F.);
#326 = EDGE_CURVE('',#327,#301,#329,.T.);
#327 = VERTEX_POINT('',#328);
#328 = CARTESIAN_POINT('',(-74.75,-21.,-8.));
#329 = SURFACE_CURVE('',#330,(#334,#340),.PCURVE_S1.);
#330 = LINE('',#331,#332);
#331 = CARTESIAN_POINT('',(-97.125,-21.,-8.));
#332 = VECTOR('',#333,1.);
#333 = DIRECTION('',(-1.,0.,0.));
#334 = PCURVE('',#32,#335);
#335 = DEFINITIONAL_REPRESENTATION('',(#336),#339);
#336 = B_SPLINE_CURVE_WITH_KNOTS('',1,(#337,#338),.UNSPECIFIED.,.F.,.F.,
  (2,2),(-22.375,-13.375),.PIECEWISE_BEZIER_KNOTS.);
#337 = CARTESIAN_POINT('',(41.25,-56.2));
#338 = CARTESIAN_POINT('',(32.25,-56.2));
#339 = ( GEOMETRIC_REPRESENTATION_CONTEXT(2) 
PARAMETRIC_REPRESENTATION_CONTEXT() REPRESENTATION_CONTEXT('2D SPACE',''
  ) );
#340 = PCURVE('',#264,#341);
#341 = DEFINITIONAL_REPRESENTATION('',(#342),#345);
#342 = B_SPLINE_CURVE_WITH_KNOTS('',1,(#343,#344),.UNSPECIFIED.,.F.,.F.,
  (2,2),(-22.375,-13.375),.PIECEWISE_BEZIER_KNOTS.);
#343 = CARTESIAN_POINT('',(0.5,3.5));
#344 = CARTESIAN_POINT('',(0.5,-5.5));
#345 = ( GEOMETRIC_REPRESENTATION_CONTEXT(2) 
PARAMETRIC_REPRESENTATION_CONTEXT() REPRESENTATION_CONTEXT('2D SPACE',''
  ) );
#346 = ORIENTED_EDGE('',*,*,#347,.F.);
#347 = EDGE_CURVE('',#278,#327,#348,.T.);
#348 = SURFACE_CURVE('',#349,(#353,#359),.PCURVE_S1.);
#349 = LINE('',#350,#351);
#350 = CARTESIAN_POINT('',(-74.75,0.6,-8.));
#351 = VECTOR('',#352,1.);
#352 = DIRECTION('',(-0.,1.,-0.));
#353 = PCURVE('',#32,#354);
#354 = DEFINITIONAL_REPRESENTATION('',(#355),#358);
#355 = B_SPLINE_CURVE_WITH_KNOTS('',1,(#356,#357),.UNSPECIFIED.,.F.,.F.,
  (2,2),(-34.6,-21.6),.PIECEWISE_BEZIER_KNOTS.);
#356 = CARTESIAN_POINT('',(41.25,-69.2));
#357 = CARTESIAN_POINT('',(41.25,-56.2));
#358 = ( GEOMETRIC_REPRESENTATION_CONTEXT(2) 
PARAMETRIC_REPRESENTATION_CONTEXT() REPRESENTATION_CONTEXT('2D SPACE',''
  ) );
#359 = PCURVE('',#360,#365);
#360 = PLANE('',#361);
#361 = AXIS2_PLACEMENT_3D('',#362,#363,#364);
#362 = CARTESIAN_POINT('',(-74.75,-34.,-8.5));
#363 = DIRECTION('',(1.,0.,-0.));
#364 = DIRECTION('',(0.,0.,1.));
#365 = DEFINITIONAL_REPRESENTATION('',(#366),#369);
#366 = B_SPLINE_CURVE_WITH_KNOTS('',1,(#367,#368),.UNSPECIFIED.,.F.,.F.,
  (2,2),(-34.6,-21.6),.PIECEWISE_BEZIER_KNOTS.);
#367 = CARTESIAN_POINT('',(0.5,0.));
#368 = CARTESIAN_POINT('',(0.5,-13.));
#369 = ( GEOMETRIC_REPRESENTATION_CONTEXT(2) 
PARAMETRIC_REPRESENTATION_CONTEXT() REPRESENTATION_CONTEXT('2D SPACE',''
  ) );
#370 = FACE_BOUND('',#371,.F.);
#371 = EDGE_LOOP('',(#372));
#372 = ORIENTED_EDGE('',*,*,#373,.F.);
#373 = EDGE_CURVE('',#374,#374,#376,.T.);
#374 = VERTEX_POINT('',#375);
#375 = CARTESIAN_POINT('',(-103.,-9.797174393179E-16,-8.));
#376 = SURFACE_CURVE('',#377,(#382,#389),.PCURVE_S1.);
#377 = CIRCLE('',#378,4.);
#378 = AXIS2_PLACEMENT_3D('',#379,#380,#381);
#379 = CARTESIAN_POINT('',(-107.,0.,-8.));
#380 = DIRECTION('',(0.,0.,1.));
#381 = DIRECTION('',(1.,0.,-0.));
#382 = PCURVE('',#32,#383);
#383 = DEFINITIONAL_REPRESENTATION('',(#384),#388);
#384 = CIRCLE('',#385,4.);
#385 = AXIS2_PLACEMENT_2D('',#386,#387);
#386 = CARTESIAN_POINT('',(9.,-35.2));
#387 = DIRECTION('',(1.,0.));
#388 = ( GEOMETRIC_REPRESENTATION_CONTEXT(2) 
PARAMETRIC_REPRESENTATION_CONTEXT() REPRESENTATION_CONTEXT('2D SPACE',''
  ) );
#389 = PCURVE('',#390,#395);
#390 = CONICAL_SURFACE('',#391,4.1,0.785398163397);
#391 = AXIS2_PLACEMENT_3D('',#392,#393,#394);
#392 = CARTESIAN_POINT('',(-107.,0.,-8.1));
#393 = DIRECTION('',(-0.,-0.,-1.));
#394 = DIRECTION('',(1.,0.,-0.));
#395 = DEFINITIONAL_REPRESENTATION('',(#396),#400);
#396 = LINE('',#397,#398);
#397 = CARTESIAN_POINT('',(-0.,-1.E-01));
#398 = VECTOR('',#399,1.);
#399 = DIRECTION('',(-1.,-0.));
#400 = ( GEOMETRIC_REPRESENTATION_CONTEXT(2) 
PARAMETRIC_REPRESENTATION_CONTEXT() REPRESENTATION_CONTEXT('2D SPACE',''
  ) );
#401 = FACE_BOUND('',#402,.F.);
#402 = EDGE_LOOP('',(#403));
#403 = ORIENTED_EDGE('',*,*,#404,.F.);
#404 = EDGE_CURVE('',#405,#405,#407,.T.);
#405 = VERTEX_POINT('',#406);
#406 = CARTESIAN_POINT('',(-101.5,27.85,-8.));
#407 = SURFACE_CURVE('',#408,(#413,#420),.PCURVE_S1.);
#408 = CIRCLE('',#409,3.5);
#409 = AXIS2_PLACEMENT_3D('',#410,#411,#412);
#410 = CARTESIAN_POINT('',(-105.,27.85,-8.));
#411 = DIRECTION('',(0.,0.,1.));
#412 = DIRECTION('',(1.,0.,-0.));
#413 = PCURVE('',#32,#414);
#414 = DEFINITIONAL_REPRESENTATION('',(#415),#419);
#415 = CIRCLE('',#416,3.5);
#416 = AXIS2_PLACEMENT_2D('',#417,#418);
#417 = CARTESIAN_POINT('',(11.,-7.35));
#418 = DIRECTION('',(1.,0.));
#419 = ( GEOMETRIC_REPRESENTATION_CONTEXT(2) 
PARAMETRIC_REPRESENTATION_CONTEXT() REPRESENTATION_CONTEXT('2D SPACE',''
  ) );
#420 = PCURVE('',#421,#426);
#421 = CYLINDRICAL_SURFACE('',#422,3.5);
#422 = AXIS2_PLACEMENT_3D('',#423,#424,#425);
#423 = CARTESIAN_POINT('',(-105.,27.85,-8.05));
#424 = DIRECTION('',(0.,0.,1.));
#425 = DIRECTION('',(1.,0.,-0.));
#426 = DEFINITIONAL_REPRESENTATION('',(#427),#431);
#427 = LINE('',#428,#429);
#428 = CARTESIAN_POINT('',(0.,5.E-02));
#429 = VECTOR('',#430,1.);
#430 = DIRECTION('',(1.,0.));
#431 = ( GEOMETRIC_REPRESENTATION_CONTEXT(2) 
PARAMETRIC_REPRESENTATION_CONTEXT() REPRESENTATION_CONTEXT('2D SPACE',''
  ) );
#432 = FACE_BOUND('',#433,.F.);
#433 = EDGE_LOOP('',(#434));
#434 = ORIENTED_EDGE('',*,*,#435,.F.);
#435 = EDGE_CURVE('',#436,#436,#438,.T.);
#436 = VERTEX_POINT('',#437);
#437 = CARTESIAN_POINT('',(-87.5,27.85,-8.));
#438 = SURFACE_CURVE('',#439,(#444,#451),.PCURVE_S1.);
#439 = CIRCLE('',#440,3.5);
#440 = AXIS2_PLACEMENT_3D('',#441,#442,#443);
#441 = CARTESIAN_POINT('',(-91.,27.85,-8.));
#442 = DIRECTION('',(0.,0.,1.));
#443 = DIRECTION('',(1.,0.,-0.));
#444 = PCURVE('',#32,#445);
#445 = DEFINITIONAL_REPRESENTATION('',(#446),#450);
#446 = CIRCLE('',#447,3.5);
#447 = AXIS2_PLACEMENT_2D('',#448,#449);
#448 = CARTESIAN_POINT('',(25.,-7.35));
#449 = DIRECTION('',(1.,0.));
#450 = ( GEOMETRIC_REPRESENTATION_CONTEXT(2) 
PARAMETRIC_REPRESENTATION_CONTEXT() REPRESENTATION_CONTEXT('2D SPACE',''
  ) );
#451 = PCURVE('',#452,#457);
#452 = CYLINDRICAL_SURFACE('',#453,3.5);
#453 = AXIS2_PLACEMENT_3D('',#454,#455,#456);
#454 = CARTESIAN_POINT('',(-91.,27.85,-8.05));
#455 = DIRECTION('',(0.,0.,1.));
#456 = DIRECTION('',(1.,0.,-0.));
#457 = DEFINITIONAL_REPRESENTATION('',(#458),#462);
#458 = LINE('',#459,#460);
#459 = CARTESIAN_POINT('',(0.,5.E-02));
#460 = VECTOR('',#461,1.);
#461 = DIRECTION('',(1.,0.));
#462 = ( GEOMETRIC_REPRESENTATION_CONTEXT(2) 
PARAMETRIC_REPRESENTATION_CONTEXT() REPRESENTATION_CONTEXT('2D SPACE',''
  ) );
#463 = FACE_BOUND('',#464,.F.);
#464 = EDGE_LOOP('',(#465,#496,#524,#553,#581,#610,#636,#662,#688,#717)
  );
#465 = ORIENTED_EDGE('',*,*,#466,.F.);
#466 = EDGE_CURVE('',#467,#469,#471,.T.);
#467 = VERTEX_POINT('',#468);
#468 = CARTESIAN_POINT('',(-74.,-6.,-8.));
#469 = VERTEX_POINT('',#470);
#470 = CARTESIAN_POINT('',(-62.,-18.,-8.));
#471 = SURFACE_CURVE('',#472,(#477,#484),.PCURVE_S1.);
#472 = CIRCLE('',#473,12.);
#473 = AXIS2_PLACEMENT_3D('',#474,#475,#476);
#474 = CARTESIAN_POINT('',(-62.,-6.,-8.));
#475 = DIRECTION('',(0.,0.,1.));
#476 = DIRECTION('',(-1.,-1.973729821556E-16,0.));
#477 = PCURVE('',#32,#478);
#478 = DEFINITIONAL_REPRESENTATION('',(#479),#483);
#479 = CIRCLE('',#480,12.);
#480 = AXIS2_PLACEMENT_2D('',#481,#482);
#481 = CARTESIAN_POINT('',(54.,-41.2));
#482 = DIRECTION('',(-1.,0.));
#483 = ( GEOMETRIC_REPRESENTATION_CONTEXT(2) 
PARAMETRIC_REPRESENTATION_CONTEXT() REPRESENTATION_CONTEXT('2D SPACE',''
  ) );
#484 = PCURVE('',#485,#490);
#485 = TOROIDAL_SURFACE('',#486,12.,3.);
#486 = AXIS2_PLACEMENT_3D('',#487,#488,#489);
#487 = CARTESIAN_POINT('',(-62.,-6.,-11.));
#488 = DIRECTION('',(-0.,0.,1.));
#489 = DIRECTION('',(-1.,-1.973729821556E-16,0.));
#490 = DEFINITIONAL_REPRESENTATION('',(#491),#495);
#491 = LINE('',#492,#493);
#492 = CARTESIAN_POINT('',(0.,1.570796326795));
#493 = VECTOR('',#494,1.);
#494 = DIRECTION('',(1.,0.));
#495 = ( GEOMETRIC_REPRESENTATION_CONTEXT(2) 
PARAMETRIC_REPRESENTATION_CONTEXT() REPRESENTATION_CONTEXT('2D SPACE',''
  ) );
#496 = ORIENTED_EDGE('',*,*,#497,.F.);
#497 = EDGE_CURVE('',#498,#467,#500,.T.);
#498 = VERTEX_POINT('',#499);
#499 = CARTESIAN_POINT('',(-74.,6.,-8.));
#500 = SURFACE_CURVE('',#501,(#505,#512),.PCURVE_S1.);
#501 = LINE('',#502,#503);
#502 = CARTESIAN_POINT('',(-74.,6.,-8.));
#503 = VECTOR('',#504,1.);
#504 = DIRECTION('',(-0.,-1.,0.));
#505 = PCURVE('',#32,#506);
#506 = DEFINITIONAL_REPRESENTATION('',(#507),#511);
#507 = LINE('',#508,#509);
#508 = CARTESIAN_POINT('',(42.,-29.2));
#509 = VECTOR('',#510,1.);
#510 = DIRECTION('',(0.,-1.));
#511 = ( GEOMETRIC_REPRESENTATION_CONTEXT(2) 
PARAMETRIC_REPRESENTATION_CONTEXT() REPRESENTATION_CONTEXT('2D SPACE',''
  ) );
#512 = PCURVE('',#513,#518);
#513 = CYLINDRICAL_SURFACE('',#514,3.);
#514 = AXIS2_PLACEMENT_3D('',#515,#516,#517);
#515 = CARTESIAN_POINT('',(-74.,6.,-11.));
#516 = DIRECTION('',(-0.,-1.,0.));
#517 = DIRECTION('',(-0.,0.,1.));
#518 = DEFINITIONAL_REPRESENTATION('',(#519),#523);
#519 = LINE('',#520,#521);
#520 = CARTESIAN_POINT('',(-0.,0.));
#521 = VECTOR('',#522,1.);
#522 = DIRECTION('',(-0.,1.));
#523 = ( GEOMETRIC_REPRESENTATION_CONTEXT(2) 
PARAMETRIC_REPRESENTATION_CONTEXT() REPRESENTATION_CONTEXT('2D SPACE',''
  ) );
#524 = ORIENTED_EDGE('',*,*,#525,.F.);
#525 = EDGE_CURVE('',#526,#498,#528,.T.);
#526 = VERTEX_POINT('',#527);
#527 = CARTESIAN_POINT('',(-62.,18.,-8.));
#528 = SURFACE_CURVE('',#529,(#534,#541),.PCURVE_S1.);
#529 = CIRCLE('',#530,12.);
#530 = AXIS2_PLACEMENT_3D('',#531,#532,#533);
#531 = CARTESIAN_POINT('',(-62.,6.,-8.));
#532 = DIRECTION('',(-0.,0.,1.));
#533 = DIRECTION('',(0.,1.,0.));
#534 = PCURVE('',#32,#535);
#535 = DEFINITIONAL_REPRESENTATION('',(#536),#540);
#536 = CIRCLE('',#537,12.);
#537 = AXIS2_PLACEMENT_2D('',#538,#539);
#538 = CARTESIAN_POINT('',(54.,-29.2));
#539 = DIRECTION('',(0.,1.));
#540 = ( GEOMETRIC_REPRESENTATION_CONTEXT(2) 
PARAMETRIC_REPRESENTATION_CONTEXT() REPRESENTATION_CONTEXT('2D SPACE',''
  ) );
#541 = PCURVE('',#542,#547);
#542 = TOROIDAL_SURFACE('',#543,12.,3.);
#543 = AXIS2_PLACEMENT_3D('',#544,#545,#546);
#544 = CARTESIAN_POINT('',(-62.,6.,-11.));
#545 = DIRECTION('',(-0.,0.,1.));
#546 = DIRECTION('',(0.,1.,0.));
#547 = DEFINITIONAL_REPRESENTATION('',(#548),#552);
#548 = LINE('',#549,#550);
#549 = CARTESIAN_POINT('',(0.,1.570796326795));
#550 = VECTOR('',#551,1.);
#551 = DIRECTION('',(1.,0.));
#552 = ( GEOMETRIC_REPRESENTATION_CONTEXT(2) 
PARAMETRIC_REPRESENTATION_CONTEXT() REPRESENTATION_CONTEXT('2D SPACE',''
  ) );
#553 = ORIENTED_EDGE('',*,*,#554,.F.);
#554 = EDGE_CURVE('',#555,#526,#557,.T.);
#555 = VERTEX_POINT('',#556);
#556 = CARTESIAN_POINT('',(-32.,18.,-8.));
#557 = SURFACE_CURVE('',#558,(#562,#569),.PCURVE_S1.);
#558 = LINE('',#559,#560);
#559 = CARTESIAN_POINT('',(-32.,18.,-8.));
#560 = VECTOR('',#561,1.);
#561 = DIRECTION('',(-1.,0.,-0.));
#562 = PCURVE('',#32,#563);
#563 = DEFINITIONAL_REPRESENTATION('',(#564),#568);
#564 = LINE('',#565,#566);
#565 = CARTESIAN_POINT('',(84.,-17.2));
#566 = VECTOR('',#567,1.);
#567 = DIRECTION('',(-1.,0.));
#568 = ( GEOMETRIC_REPRESENTATION_CONTEXT(2) 
PARAMETRIC_REPRESENTATION_CONTEXT() REPRESENTATION_CONTEXT('2D SPACE',''
  ) );
#569 = PCURVE('',#570,#575);
#570 = CYLINDRICAL_SURFACE('',#571,3.);
#571 = AXIS2_PLACEMENT_3D('',#572,#573,#574);
#572 = CARTESIAN_POINT('',(-32.,18.,-11.));
#573 = DIRECTION('',(-1.,0.,-0.));
#574 = DIRECTION('',(0.,0.,1.));
#575 = DEFINITIONAL_REPRESENTATION('',(#576),#580);
#576 = LINE('',#577,#578);
#577 = CARTESIAN_POINT('',(-0.,0.));
#578 = VECTOR('',#579,1.);
#579 = DIRECTION('',(-0.,1.));
#580 = ( GEOMETRIC_REPRESENTATION_CONTEXT(2) 
PARAMETRIC_REPRESENTATION_CONTEXT() REPRESENTATION_CONTEXT('2D SPACE',''
  ) );
#581 = ORIENTED_EDGE('',*,*,#582,.F.);
#582 = EDGE_CURVE('',#583,#555,#585,.T.);
#583 = VERTEX_POINT('',#584);
#584 = CARTESIAN_POINT('',(-20.,6.,-8.));
#585 = SURFACE_CURVE('',#586,(#591,#598),.PCURVE_S1.);
#586 = CIRCLE('',#587,12.);
#587 = AXIS2_PLACEMENT_3D('',#588,#589,#590);
#588 = CARTESIAN_POINT('',(-32.,6.,-8.));
#589 = DIRECTION('',(-0.,0.,1.));
#590 = DIRECTION('',(1.,1.973729821556E-16,0.));
#591 = PCURVE('',#32,#592);
#592 = DEFINITIONAL_REPRESENTATION('',(#593),#597);
#593 = CIRCLE('',#594,12.);
#594 = AXIS2_PLACEMENT_2D('',#595,#596);
#595 = CARTESIAN_POINT('',(84.,-29.2));
#596 = DIRECTION('',(1.,2.960594732334E-16));
#597 = ( GEOMETRIC_REPRESENTATION_CONTEXT(2) 
PARAMETRIC_REPRESENTATION_CONTEXT() REPRESENTATION_CONTEXT('2D SPACE',''
  ) );
#598 = PCURVE('',#599,#604);
#599 = TOROIDAL_SURFACE('',#600,12.,3.);
#600 = AXIS2_PLACEMENT_3D('',#601,#602,#603);
#601 = CARTESIAN_POINT('',(-32.,6.,-11.));
#602 = DIRECTION('',(-0.,0.,1.));
#603 = DIRECTION('',(1.,1.973729821556E-16,0.));
#604 = DEFINITIONAL_REPRESENTATION('',(#605),#609);
#605 = LINE('',#606,#607);
#606 = CARTESIAN_POINT('',(0.,1.570796326795));
#607 = VECTOR('',#608,1.);
#608 = DIRECTION('',(1.,0.));
#609 = ( GEOMETRIC_REPRESENTATION_CONTEXT(2) 
PARAMETRIC_REPRESENTATION_CONTEXT() REPRESENTATION_CONTEXT('2D SPACE',''
  ) );
#610 = ORIENTED_EDGE('',*,*,#611,.F.);
#611 = EDGE_CURVE('',#612,#583,#614,.T.);
#612 = VERTEX_POINT('',#613);
#613 = CARTESIAN_POINT('',(-19.,6.,-8.));
#614 = SURFACE_CURVE('',#615,(#619,#625),.PCURVE_S1.);
#615 = LINE('',#616,#617);
#616 = CARTESIAN_POINT('',(-70.25,6.,-8.));
#617 = VECTOR('',#618,1.);
#618 = DIRECTION('',(-1.,0.,0.));
#619 = PCURVE('',#32,#620);
#620 = DEFINITIONAL_REPRESENTATION('',(#621),#624);
#621 = B_SPLINE_CURVE_WITH_KNOTS('',1,(#622,#623),.UNSPECIFIED.,.F.,.F.,
  (2,2),(-51.25,-45.75),.PIECEWISE_BEZIER_KNOTS.);
#622 = CARTESIAN_POINT('',(97.,-29.2));
#623 = CARTESIAN_POINT('',(91.5,-29.2));
#624 = ( GEOMETRIC_REPRESENTATION_CONTEXT(2) 
PARAMETRIC_REPRESENTATION_CONTEXT() REPRESENTATION_CONTEXT('2D SPACE',''
  ) );
#625 = PCURVE('',#626,#631);
#626 = PLANE('',#627);
#627 = AXIS2_PLACEMENT_3D('',#628,#629,#630);
#628 = CARTESIAN_POINT('',(-24.5,6.,-35.));
#629 = DIRECTION('',(-0.,1.,0.));
#630 = DIRECTION('',(0.,0.,1.));
#631 = DEFINITIONAL_REPRESENTATION('',(#632),#635);
#632 = B_SPLINE_CURVE_WITH_KNOTS('',1,(#633,#634),.UNSPECIFIED.,.F.,.F.,
  (2,2),(-51.25,-45.75),.PIECEWISE_BEZIER_KNOTS.);
#633 = CARTESIAN_POINT('',(27.,5.5));
#634 = CARTESIAN_POINT('',(27.,0.));
#635 = ( GEOMETRIC_REPRESENTATION_CONTEXT(2) 
PARAMETRIC_REPRESENTATION_CONTEXT() REPRESENTATION_CONTEXT('2D SPACE',''
  ) );
#636 = ORIENTED_EDGE('',*,*,#637,.F.);
#637 = EDGE_CURVE('',#638,#612,#640,.T.);
#638 = VERTEX_POINT('',#639);
#639 = CARTESIAN_POINT('',(-19.,-6.,-8.));
#640 = SURFACE_CURVE('',#641,(#645,#651),.PCURVE_S1.);
#641 = LINE('',#642,#643);
#642 = CARTESIAN_POINT('',(-19.,14.6,-8.));
#643 = VECTOR('',#644,1.);
#644 = DIRECTION('',(-0.,1.,-0.));
#645 = PCURVE('',#32,#646);
#646 = DEFINITIONAL_REPRESENTATION('',(#647),#650);
#647 = B_SPLINE_CURVE_WITH_KNOTS('',1,(#648,#649),.UNSPECIFIED.,.F.,.F.,
  (2,2),(-20.6,-8.6),.PIECEWISE_BEZIER_KNOTS.);
#648 = CARTESIAN_POINT('',(97.,-41.2));
#649 = CARTESIAN_POINT('',(97.,-29.2));
#650 = ( GEOMETRIC_REPRESENTATION_CONTEXT(2) 
PARAMETRIC_REPRESENTATION_CONTEXT() REPRESENTATION_CONTEXT('2D SPACE',''
  ) );
#651 = PCURVE('',#652,#657);
#652 = PLANE('',#653);
#653 = AXIS2_PLACEMENT_3D('',#654,#655,#656);
#654 = CARTESIAN_POINT('',(-19.,-6.,-35.));
#655 = DIRECTION('',(1.,0.,-0.));
#656 = DIRECTION('',(0.,0.,1.));
#657 = DEFINITIONAL_REPRESENTATION('',(#658),#661);
#658 = B_SPLINE_CURVE_WITH_KNOTS('',1,(#659,#660),.UNSPECIFIED.,.F.,.F.,
  (2,2),(-20.6,-8.6),.PIECEWISE_BEZIER_KNOTS.);
#659 = CARTESIAN_POINT('',(27.,0.));
#660 = CARTESIAN_POINT('',(27.,-12.));
#661 = ( GEOMETRIC_REPRESENTATION_CONTEXT(2) 
PARAMETRIC_REPRESENTATION_CONTEXT() REPRESENTATION_CONTEXT('2D SPACE',''
  ) );
#662 = ORIENTED_EDGE('',*,*,#663,.T.);
#663 = EDGE_CURVE('',#638,#664,#666,.T.);
#664 = VERTEX_POINT('',#665);
#665 = CARTESIAN_POINT('',(-20.,-6.,-8.));
#666 = SURFACE_CURVE('',#667,(#671,#677),.PCURVE_S1.);
#667 = LINE('',#668,#669);
#668 = CARTESIAN_POINT('',(-70.25,-6.,-8.));
#669 = VECTOR('',#670,1.);
#670 = DIRECTION('',(-1.,0.,0.));
#671 = PCURVE('',#32,#672);
#672 = DEFINITIONAL_REPRESENTATION('',(#673),#676);
#673 = B_SPLINE_CURVE_WITH_KNOTS('',1,(#674,#675),.UNSPECIFIED.,.F.,.F.,
  (2,2),(-51.25,-45.75),.PIECEWISE_BEZIER_KNOTS.);
#674 = CARTESIAN_POINT('',(97.,-41.2));
#675 = CARTESIAN_POINT('',(91.5,-41.2));
#676 = ( GEOMETRIC_REPRESENTATION_CONTEXT(2) 
PARAMETRIC_REPRESENTATION_CONTEXT() REPRESENTATION_CONTEXT('2D SPACE',''
  ) );
#677 = PCURVE('',#678,#683);
#678 = PLANE('',#679);
#679 = AXIS2_PLACEMENT_3D('',#680,#681,#682);
#680 = CARTESIAN_POINT('',(-24.5,-6.,-35.));
#681 = DIRECTION('',(-0.,1.,0.));
#682 = DIRECTION('',(0.,0.,1.));
#683 = DEFINITIONAL_REPRESENTATION('',(#684),#687);
#684 = B_SPLINE_CURVE_WITH_KNOTS('',1,(#685,#686),.UNSPECIFIED.,.F.,.F.,
  (2,2),(-51.25,-45.75),.PIECEWISE_BEZIER_KNOTS.);
#685 = CARTESIAN_POINT('',(27.,5.5));
#686 = CARTESIAN_POINT('',(27.,0.));
#687 = ( GEOMETRIC_REPRESENTATION_CONTEXT(2) 
PARAMETRIC_REPRESENTATION_CONTEXT() REPRESENTATION_CONTEXT('2D SPACE',''
  ) );
#688 = ORIENTED_EDGE('',*,*,#689,.F.);
#689 = EDGE_CURVE('',#690,#664,#692,.T.);
#690 = VERTEX_POINT('',#691);
#691 = CARTESIAN_POINT('',(-32.,-18.,-8.));
#692 = SURFACE_CURVE('',#693,(#698,#705),.PCURVE_S1.);
#693 = CIRCLE('',#694,12.);
#694 = AXIS2_PLACEMENT_3D('',#695,#696,#697);
#695 = CARTESIAN_POINT('',(-32.,-6.,-8.));
#696 = DIRECTION('',(-0.,0.,1.));
#697 = DIRECTION('',(0.,-1.,0.));
#698 = PCURVE('',#32,#699);
#699 = DEFINITIONAL_REPRESENTATION('',(#700),#704);
#700 = CIRCLE('',#701,12.);
#701 = AXIS2_PLACEMENT_2D('',#702,#703);
#702 = CARTESIAN_POINT('',(84.,-41.2));
#703 = DIRECTION('',(0.,-1.));
#704 = ( GEOMETRIC_REPRESENTATION_CONTEXT(2) 
PARAMETRIC_REPRESENTATION_CONTEXT() REPRESENTATION_CONTEXT('2D SPACE',''
  ) );
#705 = PCURVE('',#706,#711);
#706 = TOROIDAL_SURFACE('',#707,12.,3.);
#707 = AXIS2_PLACEMENT_3D('',#708,#709,#710);
#708 = CARTESIAN_POINT('',(-32.,-6.,-11.));
#709 = DIRECTION('',(-0.,0.,1.));
#710 = DIRECTION('',(0.,-1.,0.));
#711 = DEFINITIONAL_REPRESENTATION('',(#712),#716);
#712 = LINE('',#713,#714);
#713 = CARTESIAN_POINT('',(0.,1.570796326795));
#714 = VECTOR('',#715,1.);
#715 = DIRECTION('',(1.,0.));
#716 = ( GEOMETRIC_REPRESENTATION_CONTEXT(2) 
PARAMETRIC_REPRESENTATION_CONTEXT() REPRESENTATION_CONTEXT('2D SPACE',''
  ) );
#717 = ORIENTED_EDGE('',*,*,#718,.F.);
#718 = EDGE_CURVE('',#469,#690,#719,.T.);
#719 = SURFACE_CURVE('',#720,(#724,#731),.PCURVE_S1.);
#720 = LINE('',#721,#722);
#721 = CARTESIAN_POINT('',(-62.,-18.,-8.));
#722 = VECTOR('',#723,1.);
#723 = DIRECTION('',(1.,-0.,0.));
#724 = PCURVE('',#32,#725);
#725 = DEFINITIONAL_REPRESENTATION('',(#726),#730);
#726 = LINE('',#727,#728);
#727 = CARTESIAN_POINT('',(54.,-53.2));
#728 = VECTOR('',#729,1.);
#729 = DIRECTION('',(1.,0.));
#730 = ( GEOMETRIC_REPRESENTATION_CONTEXT(2) 
PARAMETRIC_REPRESENTATION_CONTEXT() REPRESENTATION_CONTEXT('2D SPACE',''
  ) );
#731 = PCURVE('',#732,#737);
#732 = CYLINDRICAL_SURFACE('',#733,3.);
#733 = AXIS2_PLACEMENT_3D('',#734,#735,#736);
#734 = CARTESIAN_POINT('',(-62.,-18.,-11.));
#735 = DIRECTION('',(1.,-0.,0.));
#736 = DIRECTION('',(-0.,0.,1.));
#737 = DEFINITIONAL_REPRESENTATION('',(#738),#742);
#738 = LINE('',#739,#740);
#739 = CARTESIAN_POINT('',(-0.,0.));
#740 = VECTOR('',#741,1.);
#741 = DIRECTION('',(-0.,1.));
#742 = ( GEOMETRIC_REPRESENTATION_CONTEXT(2) 
PARAMETRIC_REPRESENTATION_CONTEXT() REPRESENTATION_CONTEXT('2D SPACE',''
  ) );
#743 = ADVANCED_FACE('',(#744),#44,.F.);
#744 = FACE_BOUND('',#745,.F.);
#745 = EDGE_LOOP('',(#746,#776,#797,#798));
#746 = ORIENTED_EDGE('',*,*,#747,.T.);
#747 = EDGE_CURVE('',#748,#750,#752,.T.);
#748 = VERTEX_POINT('',#749);
#749 = CARTESIAN_POINT('',(-117.,35.2,-7.));
#750 = VERTEX_POINT('',#751);
#751 = CARTESIAN_POINT('',(-117.,-35.2,-7.));
#752 = SURFACE_CURVE('',#753,(#757,#764),.PCURVE_S1.);
#753 = LINE('',#754,#755);
#754 = CARTESIAN_POINT('',(-117.,35.2,-7.));
#755 = VECTOR('',#756,1.);
#756 = DIRECTION('',(0.,-1.,0.));
#757 = PCURVE('',#44,#758);
#758 = DEFINITIONAL_REPRESENTATION('',(#759),#763);
#759 = LINE('',#760,#761);
#760 = CARTESIAN_POINT('',(0.,0.));
#761 = VECTOR('',#762,1.);
#762 = DIRECTION('',(0.,-1.));
#763 = ( GEOMETRIC_REPRESENTATION_CONTEXT(2) 
PARAMETRIC_REPRESENTATION_CONTEXT() REPRESENTATION_CONTEXT('2D SPACE',''
  ) );
#764 = PCURVE('',#765,#770);
#765 = PLANE('',#766);
#766 = AXIS2_PLACEMENT_3D('',#767,#768,#769);
#767 = CARTESIAN_POINT('',(-117.,35.2,-0.6));
#768 = DIRECTION('',(1.,0.,0.));
#769 = DIRECTION('',(0.,0.,-1.));
#770 = DEFINITIONAL_REPRESENTATION('',(#771),#775);
#771 = LINE('',#772,#773);
#772 = CARTESIAN_POINT('',(6.4,0.));
#773 = VECTOR('',#774,1.);
#774 = DIRECTION('',(0.,-1.));
#775 = ( GEOMETRIC_REPRESENTATION_CONTEXT(2) 
PARAMETRIC_REPRESENTATION_CONTEXT() REPRESENTATION_CONTEXT('2D SPACE',''
  ) );
#776 = ORIENTED_EDGE('',*,*,#777,.T.);
#777 = EDGE_CURVE('',#750,#24,#778,.T.);
#778 = SURFACE_CURVE('',#779,(#783,#790),.PCURVE_S1.);
#779 = LINE('',#780,#781);
#780 = CARTESIAN_POINT('',(-117.,-35.2,-7.));
#781 = VECTOR('',#782,1.);
#782 = DIRECTION('',(0.707106781187,0.,-0.707106781187));
#783 = PCURVE('',#44,#784);
#784 = DEFINITIONAL_REPRESENTATION('',(#785),#789);
#785 = LINE('',#786,#787);
#786 = CARTESIAN_POINT('',(0.,-70.4));
#787 = VECTOR('',#788,1.);
#788 = DIRECTION('',(1.,0.));
#789 = ( GEOMETRIC_REPRESENTATION_CONTEXT(2) 
PARAMETRIC_REPRESENTATION_CONTEXT() REPRESENTATION_CONTEXT('2D SPACE',''
  ) );
#790 = PCURVE('',#72,#791);
#791 = DEFINITIONAL_REPRESENTATION('',(#792),#796);
#792 = LINE('',#793,#794);
#793 = CARTESIAN_POINT('',(3.067336390318,-57.67210371845));
#794 = VECTOR('',#795,1.);
#795 = DIRECTION('',(0.707106781187,0.707106781187));
#796 = ( GEOMETRIC_REPRESENTATION_CONTEXT(2) 
PARAMETRIC_REPRESENTATION_CONTEXT() REPRESENTATION_CONTEXT('2D SPACE',''
  ) );
#797 = ORIENTED_EDGE('',*,*,#21,.F.);
#798 = ORIENTED_EDGE('',*,*,#799,.F.);
#799 = EDGE_CURVE('',#748,#22,#800,.T.);
#800 = SURFACE_CURVE('',#801,(#805,#812),.PCURVE_S1.);
#801 = LINE('',#802,#803);
#802 = CARTESIAN_POINT('',(-117.,35.2,-7.));
#803 = VECTOR('',#804,1.);
#804 = DIRECTION('',(0.707106781187,0.,-0.707106781187));
#805 = PCURVE('',#44,#806);
#806 = DEFINITIONAL_REPRESENTATION('',(#807),#811);
#807 = LINE('',#808,#809);
#808 = CARTESIAN_POINT('',(0.,0.));
#809 = VECTOR('',#810,1.);
#810 = DIRECTION('',(1.,0.));
#811 = ( GEOMETRIC_REPRESENTATION_CONTEXT(2) 
PARAMETRIC_REPRESENTATION_CONTEXT() REPRESENTATION_CONTEXT('2D SPACE',''
  ) );
#812 = PCURVE('',#126,#813);
#813 = DEFINITIONAL_REPRESENTATION('',(#814),#818);
#814 = LINE('',#815,#816);
#815 = CARTESIAN_POINT('',(3.067336390318,-57.67210371845));
#816 = VECTOR('',#817,1.);
#817 = DIRECTION('',(0.707106781187,0.707106781187));
#818 = ( GEOMETRIC_REPRESENTATION_CONTEXT(2) 
PARAMETRIC_REPRESENTATION_CONTEXT() REPRESENTATION_CONTEXT('2D SPACE',''
  ) );
#819 = ADVANCED_FACE('',(#820),#126,.F.);
#820 = FACE_BOUND('',#821,.F.);
#821 = EDGE_LOOP('',(#822,#852,#873,#874,#875,#898));
#822 = ORIENTED_EDGE('',*,*,#823,.T.);
#823 = EDGE_CURVE('',#824,#826,#828,.T.);
#824 = VERTEX_POINT('',#825);
#825 = CARTESIAN_POINT('',(-0.5,35.2,-0.6));
#826 = VERTEX_POINT('',#827);
#827 = CARTESIAN_POINT('',(-117.,35.2,-0.6));
#828 = SURFACE_CURVE('',#829,(#833,#840),.PCURVE_S1.);
#829 = LINE('',#830,#831);
#830 = CARTESIAN_POINT('',(-1.1,35.2,-0.6));
#831 = VECTOR('',#832,1.);
#832 = DIRECTION('',(-1.,0.,0.));
#833 = PCURVE('',#126,#834);
#834 = DEFINITIONAL_REPRESENTATION('',(#835),#839);
#835 = LINE('',#836,#837);
#836 = CARTESIAN_POINT('',(-3.332663609682,58.227896281546));
#837 = VECTOR('',#838,1.);
#838 = DIRECTION('',(0.,-1.));
#839 = ( GEOMETRIC_REPRESENTATION_CONTEXT(2) 
PARAMETRIC_REPRESENTATION_CONTEXT() REPRESENTATION_CONTEXT('2D SPACE',''
  ) );
#840 = PCURVE('',#841,#846);
#841 = PLANE('',#842);
#842 = AXIS2_PLACEMENT_3D('',#843,#844,#845);
#843 = CARTESIAN_POINT('',(-1.1,34.9,-0.3));
#844 = DIRECTION('',(0.,0.707106781187,0.707106781187));
#845 = DIRECTION('',(1.,-0.,-0.));
#846 = DEFINITIONAL_REPRESENTATION('',(#847),#851);
#847 = LINE('',#848,#849);
#848 = CARTESIAN_POINT('',(-0.,0.424264068712));
#849 = VECTOR('',#850,1.);
#850 = DIRECTION('',(-1.,0.));
#851 = ( GEOMETRIC_REPRESENTATION_CONTEXT(2) 
PARAMETRIC_REPRESENTATION_CONTEXT() REPRESENTATION_CONTEXT('2D SPACE',''
  ) );
#852 = ORIENTED_EDGE('',*,*,#853,.T.);
#853 = EDGE_CURVE('',#826,#748,#854,.T.);
#854 = SURFACE_CURVE('',#855,(#859,#866),.PCURVE_S1.);
#855 = LINE('',#856,#857);
#856 = CARTESIAN_POINT('',(-117.,35.2,-0.6));
#857 = VECTOR('',#858,1.);
#858 = DIRECTION('',(0.,0.,-1.));
#859 = PCURVE('',#126,#860);
#860 = DEFINITIONAL_REPRESENTATION('',(#861),#865);
#861 = LINE('',#862,#863);
#862 = CARTESIAN_POINT('',(-3.332663609682,-57.67210371845));
#863 = VECTOR('',#864,1.);
#864 = DIRECTION('',(1.,0.));
#865 = ( GEOMETRIC_REPRESENTATION_CONTEXT(2) 
PARAMETRIC_REPRESENTATION_CONTEXT() REPRESENTATION_CONTEXT('2D SPACE',''
  ) );
#866 = PCURVE('',#765,#867);
#867 = DEFINITIONAL_REPRESENTATION('',(#868),#872);
#868 = LINE('',#869,#870);
#869 = CARTESIAN_POINT('',(0.,0.));
#870 = VECTOR('',#871,1.);
#871 = DIRECTION('',(1.,0.));
#872 = ( GEOMETRIC_REPRESENTATION_CONTEXT(2) 
PARAMETRIC_REPRESENTATION_CONTEXT() REPRESENTATION_CONTEXT('2D SPACE',''
  ) );
#873 = ORIENTED_EDGE('',*,*,#799,.T.);
#874 = ORIENTED_EDGE('',*,*,#112,.T.);
#875 = ORIENTED_EDGE('',*,*,#876,.T.);
#876 = EDGE_CURVE('',#85,#877,#879,.T.);
#877 = VERTEX_POINT('',#878);
#878 = CARTESIAN_POINT('',(-0.5,35.2,-3.));
#879 = SURFACE_CURVE('',#880,(#884,#891),.PCURVE_S1.);
#880 = LINE('',#881,#882);
#881 = CARTESIAN_POINT('',(-5.5,35.2,-8.));
#882 = VECTOR('',#883,1.);
#883 = DIRECTION('',(0.707106781187,0.,0.707106781187));
#884 = PCURVE('',#126,#885);
#885 = DEFINITIONAL_REPRESENTATION('',(#886),#890);
#886 = LINE('',#887,#888);
#887 = CARTESIAN_POINT('',(4.067336390318,53.827896281546));
#888 = VECTOR('',#889,1.);
#889 = DIRECTION('',(-0.707106781187,0.707106781187));
#890 = ( GEOMETRIC_REPRESENTATION_CONTEXT(2) 
PARAMETRIC_REPRESENTATION_CONTEXT() REPRESENTATION_CONTEXT('2D SPACE',''
  ) );
#891 = PCURVE('',#100,#892);
#892 = DEFINITIONAL_REPRESENTATION('',(#893),#897);
#893 = LINE('',#894,#895);
#894 = CARTESIAN_POINT('',(0.,0.));
#895 = VECTOR('',#896,1.);
#896 = DIRECTION('',(1.,0.));
#897 = ( GEOMETRIC_REPRESENTATION_CONTEXT(2) 
PARAMETRIC_REPRESENTATION_CONTEXT() REPRESENTATION_CONTEXT('2D SPACE',''
  ) );
#898 = ORIENTED_EDGE('',*,*,#899,.T.);
#899 = EDGE_CURVE('',#877,#824,#900,.T.);
#900 = SURFACE_CURVE('',#901,(#905,#912),.PCURVE_S1.);
#901 = LINE('',#902,#903);
#902 = CARTESIAN_POINT('',(-0.5,35.2,-3.));
#903 = VECTOR('',#904,1.);
#904 = DIRECTION('',(0.,0.,1.));
#905 = PCURVE('',#126,#906);
#906 = DEFINITIONAL_REPRESENTATION('',(#907),#911);
#907 = LINE('',#908,#909);
#908 = CARTESIAN_POINT('',(-0.932663609682,58.827896281546));
#909 = VECTOR('',#910,1.);
#910 = DIRECTION('',(-1.,0.));
#911 = ( GEOMETRIC_REPRESENTATION_CONTEXT(2) 
PARAMETRIC_REPRESENTATION_CONTEXT() REPRESENTATION_CONTEXT('2D SPACE',''
  ) );
#912 = PCURVE('',#913,#918);
#913 = PLANE('',#914);
#914 = AXIS2_PLACEMENT_3D('',#915,#916,#917);
#915 = CARTESIAN_POINT('',(-0.5,35.2,-3.));
#916 = DIRECTION('',(-1.,0.,0.));
#917 = DIRECTION('',(0.,0.,1.));
#918 = DEFINITIONAL_REPRESENTATION('',(#919),#923);
#919 = LINE('',#920,#921);
#920 = CARTESIAN_POINT('',(0.,0.));
#921 = VECTOR('',#922,1.);
#922 = DIRECTION('',(1.,0.));
#923 = ( GEOMETRIC_REPRESENTATION_CONTEXT(2) 
PARAMETRIC_REPRESENTATION_CONTEXT() REPRESENTATION_CONTEXT('2D SPACE',''
  ) );
#924 = ADVANCED_FACE('',(#925),#72,.T.);
#925 = FACE_BOUND('',#926,.T.);
#926 = EDGE_LOOP('',(#927,#957,#978,#979,#980,#1003));
#927 = ORIENTED_EDGE('',*,*,#928,.T.);
#928 = EDGE_CURVE('',#929,#931,#933,.T.);
#929 = VERTEX_POINT('',#930);
#930 = CARTESIAN_POINT('',(-0.5,-35.2,-0.6));
#931 = VERTEX_POINT('',#932);
#932 = CARTESIAN_POINT('',(-117.,-35.2,-0.6));
#933 = SURFACE_CURVE('',#934,(#938,#945),.PCURVE_S1.);
#934 = LINE('',#935,#936);
#935 = CARTESIAN_POINT('',(-1.1,-35.2,-0.6));
#936 = VECTOR('',#937,1.);
#937 = DIRECTION('',(-1.,0.,0.));
#938 = PCURVE('',#72,#939);
#939 = DEFINITIONAL_REPRESENTATION('',(#940),#944);
#940 = LINE('',#941,#942);
#941 = CARTESIAN_POINT('',(-3.332663609682,58.227896281546));
#942 = VECTOR('',#943,1.);
#943 = DIRECTION('',(0.,-1.));
#944 = ( GEOMETRIC_REPRESENTATION_CONTEXT(2) 
PARAMETRIC_REPRESENTATION_CONTEXT() REPRESENTATION_CONTEXT('2D SPACE',''
  ) );
#945 = PCURVE('',#946,#951);
#946 = PLANE('',#947);
#947 = AXIS2_PLACEMENT_3D('',#948,#949,#950);
#948 = CARTESIAN_POINT('',(-1.1,-34.9,-0.3));
#949 = DIRECTION('',(0.,0.707106781187,-0.707106781187));
#950 = DIRECTION('',(1.,-0.,-0.));
#951 = DEFINITIONAL_REPRESENTATION('',(#952),#956);
#952 = LINE('',#953,#954);
#953 = CARTESIAN_POINT('',(-0.,0.424264068712));
#954 = VECTOR('',#955,1.);
#955 = DIRECTION('',(-1.,0.));
#956 = ( GEOMETRIC_REPRESENTATION_CONTEXT(2) 
PARAMETRIC_REPRESENTATION_CONTEXT() REPRESENTATION_CONTEXT('2D SPACE',''
  ) );
#957 = ORIENTED_EDGE('',*,*,#958,.T.);
#958 = EDGE_CURVE('',#931,#750,#959,.T.);
#959 = SURFACE_CURVE('',#960,(#964,#971),.PCURVE_S1.);
#960 = LINE('',#961,#962);
#961 = CARTESIAN_POINT('',(-117.,-35.2,-0.6));
#962 = VECTOR('',#963,1.);
#963 = DIRECTION('',(0.,0.,-1.));
#964 = PCURVE('',#72,#965);
#965 = DEFINITIONAL_REPRESENTATION('',(#966),#970);
#966 = LINE('',#967,#968);
#967 = CARTESIAN_POINT('',(-3.332663609682,-57.67210371845));
#968 = VECTOR('',#969,1.);
#969 = DIRECTION('',(1.,0.));
#970 = ( GEOMETRIC_REPRESENTATION_CONTEXT(2) 
PARAMETRIC_REPRESENTATION_CONTEXT() REPRESENTATION_CONTEXT('2D SPACE',''
  ) );
#971 = PCURVE('',#765,#972);
#972 = DEFINITIONAL_REPRESENTATION('',(#973),#977);
#973 = LINE('',#974,#975);
#974 = CARTESIAN_POINT('',(0.,-70.4));
#975 = VECTOR('',#976,1.);
#976 = DIRECTION('',(1.,0.));
#977 = ( GEOMETRIC_REPRESENTATION_CONTEXT(2) 
PARAMETRIC_REPRESENTATION_CONTEXT() REPRESENTATION_CONTEXT('2D SPACE',''
  ) );
#978 = ORIENTED_EDGE('',*,*,#777,.T.);
#979 = ORIENTED_EDGE('',*,*,#56,.T.);
#980 = ORIENTED_EDGE('',*,*,#981,.T.);
#981 = EDGE_CURVE('',#57,#982,#984,.T.);
#982 = VERTEX_POINT('',#983);
#983 = CARTESIAN_POINT('',(-0.5,-35.2,-3.));
#984 = SURFACE_CURVE('',#985,(#989,#996),.PCURVE_S1.);
#985 = LINE('',#986,#987);
#986 = CARTESIAN_POINT('',(-5.5,-35.2,-8.));
#987 = VECTOR('',#988,1.);
#988 = DIRECTION('',(0.707106781187,0.,0.707106781187));
#989 = PCURVE('',#72,#990);
#990 = DEFINITIONAL_REPRESENTATION('',(#991),#995);
#991 = LINE('',#992,#993);
#992 = CARTESIAN_POINT('',(4.067336390318,53.827896281546));
#993 = VECTOR('',#994,1.);
#994 = DIRECTION('',(-0.707106781187,0.707106781187));
#995 = ( GEOMETRIC_REPRESENTATION_CONTEXT(2) 
PARAMETRIC_REPRESENTATION_CONTEXT() REPRESENTATION_CONTEXT('2D SPACE',''
  ) );
#996 = PCURVE('',#100,#997);
#997 = DEFINITIONAL_REPRESENTATION('',(#998),#1002);
#998 = LINE('',#999,#1000);
#999 = CARTESIAN_POINT('',(0.,-70.4));
#1000 = VECTOR('',#1001,1.);
#1001 = DIRECTION('',(1.,0.));
#1002 = ( GEOMETRIC_REPRESENTATION_CONTEXT(2) 
PARAMETRIC_REPRESENTATION_CONTEXT() REPRESENTATION_CONTEXT('2D SPACE',''
  ) );
#1003 = ORIENTED_EDGE('',*,*,#1004,.T.);
#1004 = EDGE_CURVE('',#982,#929,#1005,.T.);
#1005 = SURFACE_CURVE('',#1006,(#1010,#1017),.PCURVE_S1.);
#1006 = LINE('',#1007,#1008);
#1007 = CARTESIAN_POINT('',(-0.5,-35.2,-3.));
#1008 = VECTOR('',#1009,1.);
#1009 = DIRECTION('',(0.,0.,1.));
#1010 = PCURVE('',#72,#1011);
#1011 = DEFINITIONAL_REPRESENTATION('',(#1012),#1016);
#1012 = LINE('',#1013,#1014);
#1013 = CARTESIAN_POINT('',(-0.932663609682,58.827896281546));
#1014 = VECTOR('',#1015,1.);
#1015 = DIRECTION('',(-1.,0.));
#1016 = ( GEOMETRIC_REPRESENTATION_CONTEXT(2) 
PARAMETRIC_REPRESENTATION_CONTEXT() REPRESENTATION_CONTEXT('2D SPACE',''
  ) );
#1017 = PCURVE('',#913,#1018);
#1018 = DEFINITIONAL_REPRESENTATION('',(#1019),#1023);
#1019 = LINE('',#1020,#1021);
#1020 = CARTESIAN_POINT('',(0.,-70.4));
#1021 = VECTOR('',#1022,1.);
#1022 = DIRECTION('',(1.,0.));
#1023 = ( GEOMETRIC_REPRESENTATION_CONTEXT(2) 
PARAMETRIC_REPRESENTATION_CONTEXT() REPRESENTATION_CONTEXT('2D SPACE',''
  ) );
#1024 = ADVANCED_FACE('',(#1025),#100,.F.);
#1025 = FACE_BOUND('',#1026,.F.);
#1026 = EDGE_LOOP('',(#1027,#1028,#1029,#1050));
#1027 = ORIENTED_EDGE('',*,*,#84,.T.);
#1028 = ORIENTED_EDGE('',*,*,#981,.T.);
#1029 = ORIENTED_EDGE('',*,*,#1030,.F.);
#1030 = EDGE_CURVE('',#877,#982,#1031,.T.);
#1031 = SURFACE_CURVE('',#1032,(#1036,#1043),.PCURVE_S1.);
#1032 = LINE('',#1033,#1034);
#1033 = CARTESIAN_POINT('',(-0.5,35.2,-3.));
#1034 = VECTOR('',#1035,1.);
#1035 = DIRECTION('',(0.,-1.,0.));
#1036 = PCURVE('',#100,#1037);
#1037 = DEFINITIONAL_REPRESENTATION('',(#1038),#1042);
#1038 = LINE('',#1039,#1040);
#1039 = CARTESIAN_POINT('',(7.071067811865,0.));
#1040 = VECTOR('',#1041,1.);
#1041 = DIRECTION('',(0.,-1.));
#1042 = ( GEOMETRIC_REPRESENTATION_CONTEXT(2) 
PARAMETRIC_REPRESENTATION_CONTEXT() REPRESENTATION_CONTEXT('2D SPACE',''
  ) );
#1043 = PCURVE('',#913,#1044);
#1044 = DEFINITIONAL_REPRESENTATION('',(#1045),#1049);
#1045 = LINE('',#1046,#1047);
#1046 = CARTESIAN_POINT('',(0.,0.));
#1047 = VECTOR('',#1048,1.);
#1048 = DIRECTION('',(0.,-1.));
#1049 = ( GEOMETRIC_REPRESENTATION_CONTEXT(2) 
PARAMETRIC_REPRESENTATION_CONTEXT() REPRESENTATION_CONTEXT('2D SPACE',''
  ) );
#1050 = ORIENTED_EDGE('',*,*,#876,.F.);
#1051 = ADVANCED_FACE('',(#1052),#157,.F.);
#1052 = FACE_BOUND('',#1053,.F.);
#1053 = EDGE_LOOP('',(#1054,#1077,#1104,#1105));
#1054 = ORIENTED_EDGE('',*,*,#1055,.T.);
#1055 = EDGE_CURVE('',#141,#1056,#1058,.T.);
#1056 = VERTEX_POINT('',#1057);
#1057 = CARTESIAN_POINT('',(-107.5,-20.,-2.));
#1058 = SEAM_CURVE('',#1059,(#1063,#1070),.PCURVE_S1.);
#1059 = LINE('',#1060,#1061);
#1060 = CARTESIAN_POINT('',(-107.5,-20.,-8.05));
#1061 = VECTOR('',#1062,1.);
#1062 = DIRECTION('',(0.,0.,1.));
#1063 = PCURVE('',#157,#1064);
#1064 = DEFINITIONAL_REPRESENTATION('',(#1065),#1069);
#1065 = LINE('',#1066,#1067);
#1066 = CARTESIAN_POINT('',(6.28318530718,-0.));
#1067 = VECTOR('',#1068,1.);
#1068 = DIRECTION('',(0.,1.));
#1069 = ( GEOMETRIC_REPRESENTATION_CONTEXT(2) 
PARAMETRIC_REPRESENTATION_CONTEXT() REPRESENTATION_CONTEXT('2D SPACE',''
  ) );
#1070 = PCURVE('',#157,#1071);
#1071 = DEFINITIONAL_REPRESENTATION('',(#1072),#1076);
#1072 = LINE('',#1073,#1074);
#1073 = CARTESIAN_POINT('',(0.,-0.));
#1074 = VECTOR('',#1075,1.);
#1075 = DIRECTION('',(0.,1.));
#1076 = ( GEOMETRIC_REPRESENTATION_CONTEXT(2) 
PARAMETRIC_REPRESENTATION_CONTEXT() REPRESENTATION_CONTEXT('2D SPACE',''
  ) );
#1077 = ORIENTED_EDGE('',*,*,#1078,.F.);
#1078 = EDGE_CURVE('',#1056,#1056,#1079,.T.);
#1079 = SURFACE_CURVE('',#1080,(#1085,#1092),.PCURVE_S1.);
#1080 = CIRCLE('',#1081,3.5);
#1081 = AXIS2_PLACEMENT_3D('',#1082,#1083,#1084);
#1082 = CARTESIAN_POINT('',(-111.,-20.,-2.));
#1083 = DIRECTION('',(0.,0.,1.));
#1084 = DIRECTION('',(1.,0.,-0.));
#1085 = PCURVE('',#157,#1086);
#1086 = DEFINITIONAL_REPRESENTATION('',(#1087),#1091);
#1087 = LINE('',#1088,#1089);
#1088 = CARTESIAN_POINT('',(0.,6.05));
#1089 = VECTOR('',#1090,1.);
#1090 = DIRECTION('',(1.,0.));
#1091 = ( GEOMETRIC_REPRESENTATION_CONTEXT(2) 
PARAMETRIC_REPRESENTATION_CONTEXT() REPRESENTATION_CONTEXT('2D SPACE',''
  ) );
#1092 = PCURVE('',#1093,#1098);
#1093 = PLANE('',#1094);
#1094 = AXIS2_PLACEMENT_3D('',#1095,#1096,#1097);
#1095 = CARTESIAN_POINT('',(-111.,-20.,-2.));
#1096 = DIRECTION('',(0.,0.,1.));
#1097 = DIRECTION('',(1.,0.,-0.));
#1098 = DEFINITIONAL_REPRESENTATION('',(#1099),#1103);
#1099 = CIRCLE('',#1100,3.5);
#1100 = AXIS2_PLACEMENT_2D('',#1101,#1102);
#1101 = CARTESIAN_POINT('',(0.,0.));
#1102 = DIRECTION('',(1.,0.));
#1103 = ( GEOMETRIC_REPRESENTATION_CONTEXT(2) 
PARAMETRIC_REPRESENTATION_CONTEXT() REPRESENTATION_CONTEXT('2D SPACE',''
  ) );
#1104 = ORIENTED_EDGE('',*,*,#1055,.F.);
#1105 = ORIENTED_EDGE('',*,*,#140,.T.);
#1106 = ADVANCED_FACE('',(#1107),#188,.F.);
#1107 = FACE_BOUND('',#1108,.F.);
#1108 = EDGE_LOOP('',(#1109,#1132,#1133,#1156));
#1109 = ORIENTED_EDGE('',*,*,#1110,.F.);
#1110 = EDGE_CURVE('',#172,#1111,#1113,.T.);
#1111 = VERTEX_POINT('',#1112);
#1112 = CARTESIAN_POINT('',(-80.25,-34.,-2.));
#1113 = SURFACE_CURVE('',#1114,(#1118,#1125),.PCURVE_S1.);
#1114 = LINE('',#1115,#1116);
#1115 = CARTESIAN_POINT('',(-80.25,-34.,-8.5));
#1116 = VECTOR('',#1117,1.);
#1117 = DIRECTION('',(0.,0.,1.));
#1118 = PCURVE('',#188,#1119);
#1119 = DEFINITIONAL_REPRESENTATION('',(#1120),#1124);
#1120 = LINE('',#1121,#1122);
#1121 = CARTESIAN_POINT('',(0.,0.));
#1122 = VECTOR('',#1123,1.);
#1123 = DIRECTION('',(1.,0.));
#1124 = ( GEOMETRIC_REPRESENTATION_CONTEXT(2) 
PARAMETRIC_REPRESENTATION_CONTEXT() REPRESENTATION_CONTEXT('2D SPACE',''
  ) );
#1125 = PCURVE('',#214,#1126);
#1126 = DEFINITIONAL_REPRESENTATION('',(#1127),#1131);
#1127 = LINE('',#1128,#1129);
#1128 = CARTESIAN_POINT('',(0.,-2.));
#1129 = VECTOR('',#1130,1.);
#1130 = DIRECTION('',(1.,0.));
#1131 = ( GEOMETRIC_REPRESENTATION_CONTEXT(2) 
PARAMETRIC_REPRESENTATION_CONTEXT() REPRESENTATION_CONTEXT('2D SPACE',''
  ) );
#1132 = ORIENTED_EDGE('',*,*,#171,.T.);
#1133 = ORIENTED_EDGE('',*,*,#1134,.T.);
#1134 = EDGE_CURVE('',#174,#1135,#1137,.T.);
#1135 = VERTEX_POINT('',#1136);
#1136 = CARTESIAN_POINT('',(-80.25,-21.,-2.));
#1137 = SURFACE_CURVE('',#1138,(#1142,#1149),.PCURVE_S1.);
#1138 = LINE('',#1139,#1140);
#1139 = CARTESIAN_POINT('',(-80.25,-21.,-8.5));
#1140 = VECTOR('',#1141,1.);
#1141 = DIRECTION('',(0.,0.,1.));
#1142 = PCURVE('',#188,#1143);
#1143 = DEFINITIONAL_REPRESENTATION('',(#1144),#1148);
#1144 = LINE('',#1145,#1146);
#1145 = CARTESIAN_POINT('',(0.,-13.));
#1146 = VECTOR('',#1147,1.);
#1147 = DIRECTION('',(1.,0.));
#1148 = ( GEOMETRIC_REPRESENTATION_CONTEXT(2) 
PARAMETRIC_REPRESENTATION_CONTEXT() REPRESENTATION_CONTEXT('2D SPACE',''
  ) );
#1149 = PCURVE('',#264,#1150);
#1150 = DEFINITIONAL_REPRESENTATION('',(#1151),#1155);
#1151 = LINE('',#1152,#1153);
#1152 = CARTESIAN_POINT('',(0.,-2.));
#1153 = VECTOR('',#1154,1.);
#1154 = DIRECTION('',(1.,0.));
#1155 = ( GEOMETRIC_REPRESENTATION_CONTEXT(2) 
PARAMETRIC_REPRESENTATION_CONTEXT() REPRESENTATION_CONTEXT('2D SPACE',''
  ) );
#1156 = ORIENTED_EDGE('',*,*,#1157,.T.);
#1157 = EDGE_CURVE('',#1135,#1111,#1158,.T.);
#1158 = SURFACE_CURVE('',#1159,(#1163,#1169),.PCURVE_S1.);
#1159 = LINE('',#1160,#1161);
#1160 = CARTESIAN_POINT('',(-80.25,-34.,-2.));
#1161 = VECTOR('',#1162,1.);
#1162 = DIRECTION('',(0.,-1.,0.));
#1163 = PCURVE('',#188,#1164);
#1164 = DEFINITIONAL_REPRESENTATION('',(#1165),#1168);
#1165 = B_SPLINE_CURVE_WITH_KNOTS('',1,(#1166,#1167),.UNSPECIFIED.,.F.,
  .F.,(2,2),(-13.,0.),.PIECEWISE_BEZIER_KNOTS.);
#1166 = CARTESIAN_POINT('',(6.5,-13.));
#1167 = CARTESIAN_POINT('',(6.5,0.));
#1168 = ( GEOMETRIC_REPRESENTATION_CONTEXT(2) 
PARAMETRIC_REPRESENTATION_CONTEXT() REPRESENTATION_CONTEXT('2D SPACE',''
  ) );
#1169 = PCURVE('',#1170,#1175);
#1170 = PLANE('',#1171);
#1171 = AXIS2_PLACEMENT_3D('',#1172,#1173,#1174);
#1172 = CARTESIAN_POINT('',(-82.,-34.,-2.));
#1173 = DIRECTION('',(0.,0.,1.));
#1174 = DIRECTION('',(1.,0.,-0.));
#1175 = DEFINITIONAL_REPRESENTATION('',(#1176),#1179);
#1176 = B_SPLINE_CURVE_WITH_KNOTS('',1,(#1177,#1178),.UNSPECIFIED.,.F.,
  .F.,(2,2),(-13.,0.),.PIECEWISE_BEZIER_KNOTS.);
#1177 = CARTESIAN_POINT('',(1.75,13.));
#1178 = CARTESIAN_POINT('',(1.75,0.));
#1179 = ( GEOMETRIC_REPRESENTATION_CONTEXT(2) 
PARAMETRIC_REPRESENTATION_CONTEXT() REPRESENTATION_CONTEXT('2D SPACE',''
  ) );
#1180 = ADVANCED_FACE('',(#1181),#264,.F.);
#1181 = FACE_BOUND('',#1182,.F.);
#1182 = EDGE_LOOP('',(#1183,#1206,#1207,#1230,#1251,#1252,#1253,#1276));
#1183 = ORIENTED_EDGE('',*,*,#1184,.F.);
#1184 = EDGE_CURVE('',#327,#1185,#1187,.T.);
#1185 = VERTEX_POINT('',#1186);
#1186 = CARTESIAN_POINT('',(-74.75,-21.,0.));
#1187 = SURFACE_CURVE('',#1188,(#1192,#1199),.PCURVE_S1.);
#1188 = LINE('',#1189,#1190);
#1189 = CARTESIAN_POINT('',(-74.75,-21.,-8.5));
#1190 = VECTOR('',#1191,1.);
#1191 = DIRECTION('',(0.,0.,1.));
#1192 = PCURVE('',#264,#1193);
#1193 = DEFINITIONAL_REPRESENTATION('',(#1194),#1198);
#1194 = LINE('',#1195,#1196);
#1195 = CARTESIAN_POINT('',(0.,3.5));
#1196 = VECTOR('',#1197,1.);
#1197 = DIRECTION('',(1.,0.));
#1198 = ( GEOMETRIC_REPRESENTATION_CONTEXT(2) 
PARAMETRIC_REPRESENTATION_CONTEXT() REPRESENTATION_CONTEXT('2D SPACE',''
  ) );
#1199 = PCURVE('',#360,#1200);
#1200 = DEFINITIONAL_REPRESENTATION('',(#1201),#1205);
#1201 = LINE('',#1202,#1203);
#1202 = CARTESIAN_POINT('',(0.,-13.));
#1203 = VECTOR('',#1204,1.);
#1204 = DIRECTION('',(1.,0.));
#1205 = ( GEOMETRIC_REPRESENTATION_CONTEXT(2) 
PARAMETRIC_REPRESENTATION_CONTEXT() REPRESENTATION_CONTEXT('2D SPACE',''
  ) );
#1206 = ORIENTED_EDGE('',*,*,#326,.T.);
#1207 = ORIENTED_EDGE('',*,*,#1208,.T.);
#1208 = EDGE_CURVE('',#301,#1209,#1211,.T.);
#1209 = VERTEX_POINT('',#1210);
#1210 = CARTESIAN_POINT('',(-78.25,-21.,-2.));
#1211 = SURFACE_CURVE('',#1212,(#1216,#1223),.PCURVE_S1.);
#1212 = LINE('',#1213,#1214);
#1213 = CARTESIAN_POINT('',(-78.25,-21.,-8.5));
#1214 = VECTOR('',#1215,1.);
#1215 = DIRECTION('',(0.,0.,1.));
#1216 = PCURVE('',#264,#1217);
#1217 = DEFINITIONAL_REPRESENTATION('',(#1218),#1222);
#1218 = LINE('',#1219,#1220);
#1219 = CARTESIAN_POINT('',(0.,0.));
#1220 = VECTOR('',#1221,1.);
#1221 = DIRECTION('',(1.,0.));
#1222 = ( GEOMETRIC_REPRESENTATION_CONTEXT(2) 
PARAMETRIC_REPRESENTATION_CONTEXT() REPRESENTATION_CONTEXT('2D SPACE',''
  ) );
#1223 = PCURVE('',#315,#1224);
#1224 = DEFINITIONAL_REPRESENTATION('',(#1225),#1229);
#1225 = LINE('',#1226,#1227);
#1226 = CARTESIAN_POINT('',(0.,-13.));
#1227 = VECTOR('',#1228,1.);
#1228 = DIRECTION('',(1.,0.));
#1229 = ( GEOMETRIC_REPRESENTATION_CONTEXT(2) 
PARAMETRIC_REPRESENTATION_CONTEXT() REPRESENTATION_CONTEXT('2D SPACE',''
  ) );
#1230 = ORIENTED_EDGE('',*,*,#1231,.F.);
#1231 = EDGE_CURVE('',#1135,#1209,#1232,.T.);
#1232 = SURFACE_CURVE('',#1233,(#1237,#1244),.PCURVE_S1.);
#1233 = LINE('',#1234,#1235);
#1234 = CARTESIAN_POINT('',(-82.,-21.,-2.));
#1235 = VECTOR('',#1236,1.);
#1236 = DIRECTION('',(1.,0.,-0.));
#1237 = PCURVE('',#264,#1238);
#1238 = DEFINITIONAL_REPRESENTATION('',(#1239),#1243);
#1239 = LINE('',#1240,#1241);
#1240 = CARTESIAN_POINT('',(6.5,-3.75));
#1241 = VECTOR('',#1242,1.);
#1242 = DIRECTION('',(0.,1.));
#1243 = ( GEOMETRIC_REPRESENTATION_CONTEXT(2) 
PARAMETRIC_REPRESENTATION_CONTEXT() REPRESENTATION_CONTEXT('2D SPACE',''
  ) );
#1244 = PCURVE('',#1170,#1245);
#1245 = DEFINITIONAL_REPRESENTATION('',(#1246),#1250);
#1246 = LINE('',#1247,#1248);
#1247 = CARTESIAN_POINT('',(0.,13.));
#1248 = VECTOR('',#1249,1.);
#1249 = DIRECTION('',(1.,0.));
#1250 = ( GEOMETRIC_REPRESENTATION_CONTEXT(2) 
PARAMETRIC_REPRESENTATION_CONTEXT() REPRESENTATION_CONTEXT('2D SPACE',''
  ) );
#1251 = ORIENTED_EDGE('',*,*,#1134,.F.);
#1252 = ORIENTED_EDGE('',*,*,#251,.T.);
#1253 = ORIENTED_EDGE('',*,*,#1254,.T.);
#1254 = EDGE_CURVE('',#226,#1255,#1257,.T.);
#1255 = VERTEX_POINT('',#1256);
#1256 = CARTESIAN_POINT('',(-83.75,-21.,0.));
#1257 = SURFACE_CURVE('',#1258,(#1262,#1269),.PCURVE_S1.);
#1258 = LINE('',#1259,#1260);
#1259 = CARTESIAN_POINT('',(-83.75,-21.,-8.5));
#1260 = VECTOR('',#1261,1.);
#1261 = DIRECTION('',(0.,0.,1.));
#1262 = PCURVE('',#264,#1263);
#1263 = DEFINITIONAL_REPRESENTATION('',(#1264),#1268);
#1264 = LINE('',#1265,#1266);
#1265 = CARTESIAN_POINT('',(0.,-5.5));
#1266 = VECTOR('',#1267,1.);
#1267 = DIRECTION('',(1.,0.));
#1268 = ( GEOMETRIC_REPRESENTATION_CONTEXT(2) 
PARAMETRIC_REPRESENTATION_CONTEXT() REPRESENTATION_CONTEXT('2D SPACE',''
  ) );
#1269 = PCURVE('',#240,#1270);
#1270 = DEFINITIONAL_REPRESENTATION('',(#1271),#1275);
#1271 = LINE('',#1272,#1273);
#1272 = CARTESIAN_POINT('',(0.,-13.));
#1273 = VECTOR('',#1274,1.);
#1274 = DIRECTION('',(1.,0.));
#1275 = ( GEOMETRIC_REPRESENTATION_CONTEXT(2) 
PARAMETRIC_REPRESENTATION_CONTEXT() REPRESENTATION_CONTEXT('2D SPACE',''
  ) );
#1276 = ORIENTED_EDGE('',*,*,#1277,.T.);
#1277 = EDGE_CURVE('',#1255,#1185,#1278,.T.);
#1278 = SURFACE_CURVE('',#1279,(#1283,#1289),.PCURVE_S1.);
#1279 = LINE('',#1280,#1281);
#1280 = CARTESIAN_POINT('',(-39.675,-21.,0.));
#1281 = VECTOR('',#1282,1.);
#1282 = DIRECTION('',(1.,0.,-0.));
#1283 = PCURVE('',#264,#1284);
#1284 = DEFINITIONAL_REPRESENTATION('',(#1285),#1288);
#1285 = B_SPLINE_CURVE_WITH_KNOTS('',1,(#1286,#1287),.UNSPECIFIED.,.F.,
  .F.,(2,2),(-44.075,-35.075),.PIECEWISE_BEZIER_KNOTS.);
#1286 = CARTESIAN_POINT('',(8.5,-5.5));
#1287 = CARTESIAN_POINT('',(8.5,3.5));
#1288 = ( GEOMETRIC_REPRESENTATION_CONTEXT(2) 
PARAMETRIC_REPRESENTATION_CONTEXT() REPRESENTATION_CONTEXT('2D SPACE',''
  ) );
#1289 = PCURVE('',#1290,#1295);
#1290 = PLANE('',#1291);
#1291 = AXIS2_PLACEMENT_3D('',#1292,#1293,#1294);
#1292 = CARTESIAN_POINT('',(-1.1,35.2,0.));
#1293 = DIRECTION('',(-0.,-0.,-1.));
#1294 = DIRECTION('',(-1.,0.,0.));
#1295 = DEFINITIONAL_REPRESENTATION('',(#1296),#1299);
#1296 = B_SPLINE_CURVE_WITH_KNOTS('',1,(#1297,#1298),.UNSPECIFIED.,.F.,
  .F.,(2,2),(-44.075,-35.075),.PIECEWISE_BEZIER_KNOTS.);
#1297 = CARTESIAN_POINT('',(82.65,-56.2));
#1298 = CARTESIAN_POINT('',(73.65,-56.2));
#1299 = ( GEOMETRIC_REPRESENTATION_CONTEXT(2) 
PARAMETRIC_REPRESENTATION_CONTEXT() REPRESENTATION_CONTEXT('2D SPACE',''
  ) );
#1300 = ADVANCED_FACE('',(#1301),#240,.T.);
#1301 = FACE_BOUND('',#1302,.T.);
#1302 = EDGE_LOOP('',(#1303,#1326,#1327,#1328));
#1303 = ORIENTED_EDGE('',*,*,#1304,.F.);
#1304 = EDGE_CURVE('',#200,#1305,#1307,.T.);
#1305 = VERTEX_POINT('',#1306);
#1306 = CARTESIAN_POINT('',(-83.75,-34.,0.));
#1307 = SURFACE_CURVE('',#1308,(#1312,#1319),.PCURVE_S1.);
#1308 = LINE('',#1309,#1310);
#1309 = CARTESIAN_POINT('',(-83.75,-34.,-8.5));
#1310 = VECTOR('',#1311,1.);
#1311 = DIRECTION('',(0.,0.,1.));
#1312 = PCURVE('',#240,#1313);
#1313 = DEFINITIONAL_REPRESENTATION('',(#1314),#1318);
#1314 = LINE('',#1315,#1316);
#1315 = CARTESIAN_POINT('',(0.,0.));
#1316 = VECTOR('',#1317,1.);
#1317 = DIRECTION('',(1.,0.));
#1318 = ( GEOMETRIC_REPRESENTATION_CONTEXT(2) 
PARAMETRIC_REPRESENTATION_CONTEXT() REPRESENTATION_CONTEXT('2D SPACE',''
  ) );
#1319 = PCURVE('',#214,#1320);
#1320 = DEFINITIONAL_REPRESENTATION('',(#1321),#1325);
#1321 = LINE('',#1322,#1323);
#1322 = CARTESIAN_POINT('',(0.,-5.5));
#1323 = VECTOR('',#1324,1.);
#1324 = DIRECTION('',(1.,0.));
#1325 = ( GEOMETRIC_REPRESENTATION_CONTEXT(2) 
PARAMETRIC_REPRESENTATION_CONTEXT() REPRESENTATION_CONTEXT('2D SPACE',''
  ) );
#1326 = ORIENTED_EDGE('',*,*,#225,.T.);
#1327 = ORIENTED_EDGE('',*,*,#1254,.T.);
#1328 = ORIENTED_EDGE('',*,*,#1329,.T.);
#1329 = EDGE_CURVE('',#1255,#1305,#1330,.T.);
#1330 = SURFACE_CURVE('',#1331,(#1335,#1341),.PCURVE_S1.);
#1331 = LINE('',#1332,#1333);
#1332 = CARTESIAN_POINT('',(-83.75,0.6,0.));
#1333 = VECTOR('',#1334,1.);
#1334 = DIRECTION('',(0.,-1.,0.));
#1335 = PCURVE('',#240,#1336);
#1336 = DEFINITIONAL_REPRESENTATION('',(#1337),#1340);
#1337 = B_SPLINE_CURVE_WITH_KNOTS('',1,(#1338,#1339),.UNSPECIFIED.,.F.,
  .F.,(2,2),(21.6,34.6),.PIECEWISE_BEZIER_KNOTS.);
#1338 = CARTESIAN_POINT('',(8.5,-13.));
#1339 = CARTESIAN_POINT('',(8.5,0.));
#1340 = ( GEOMETRIC_REPRESENTATION_CONTEXT(2) 
PARAMETRIC_REPRESENTATION_CONTEXT() REPRESENTATION_CONTEXT('2D SPACE',''
  ) );
#1341 = PCURVE('',#1290,#1342);
#1342 = DEFINITIONAL_REPRESENTATION('',(#1343),#1346);
#1343 = B_SPLINE_CURVE_WITH_KNOTS('',1,(#1344,#1345),.UNSPECIFIED.,.F.,
  .F.,(2,2),(21.6,34.6),.PIECEWISE_BEZIER_KNOTS.);
#1344 = CARTESIAN_POINT('',(82.65,-56.2));
#1345 = CARTESIAN_POINT('',(82.65,-69.2));
#1346 = ( GEOMETRIC_REPRESENTATION_CONTEXT(2) 
PARAMETRIC_REPRESENTATION_CONTEXT() REPRESENTATION_CONTEXT('2D SPACE',''
  ) );
#1347 = ADVANCED_FACE('',(#1348),#214,.T.);
#1348 = FACE_BOUND('',#1349,.T.);
#1349 = EDGE_LOOP('',(#1350,#1373,#1374,#1397,#1418,#1419,#1420,#1421));
#1350 = ORIENTED_EDGE('',*,*,#1351,.F.);
#1351 = EDGE_CURVE('',#278,#1352,#1354,.T.);
#1352 = VERTEX_POINT('',#1353);
#1353 = CARTESIAN_POINT('',(-74.75,-34.,0.));
#1354 = SURFACE_CURVE('',#1355,(#1359,#1366),.PCURVE_S1.);
#1355 = LINE('',#1356,#1357);
#1356 = CARTESIAN_POINT('',(-74.75,-34.,-8.5));
#1357 = VECTOR('',#1358,1.);
#1358 = DIRECTION('',(0.,0.,1.));
#1359 = PCURVE('',#214,#1360);
#1360 = DEFINITIONAL_REPRESENTATION('',(#1361),#1365);
#1361 = LINE('',#1362,#1363);
#1362 = CARTESIAN_POINT('',(0.,3.5));
#1363 = VECTOR('',#1364,1.);
#1364 = DIRECTION('',(1.,0.));
#1365 = ( GEOMETRIC_REPRESENTATION_CONTEXT(2) 
PARAMETRIC_REPRESENTATION_CONTEXT() REPRESENTATION_CONTEXT('2D SPACE',''
  ) );
#1366 = PCURVE('',#360,#1367);
#1367 = DEFINITIONAL_REPRESENTATION('',(#1368),#1372);
#1368 = LINE('',#1369,#1370);
#1369 = CARTESIAN_POINT('',(0.,0.));
#1370 = VECTOR('',#1371,1.);
#1371 = DIRECTION('',(1.,0.));
#1372 = ( GEOMETRIC_REPRESENTATION_CONTEXT(2) 
PARAMETRIC_REPRESENTATION_CONTEXT() REPRESENTATION_CONTEXT('2D SPACE',''
  ) );
#1373 = ORIENTED_EDGE('',*,*,#277,.T.);
#1374 = ORIENTED_EDGE('',*,*,#1375,.T.);
#1375 = EDGE_CURVE('',#280,#1376,#1378,.T.);
#1376 = VERTEX_POINT('',#1377);
#1377 = CARTESIAN_POINT('',(-78.25,-34.,-2.));
#1378 = SURFACE_CURVE('',#1379,(#1383,#1390),.PCURVE_S1.);
#1379 = LINE('',#1380,#1381);
#1380 = CARTESIAN_POINT('',(-78.25,-34.,-8.5));
#1381 = VECTOR('',#1382,1.);
#1382 = DIRECTION('',(0.,0.,1.));
#1383 = PCURVE('',#214,#1384);
#1384 = DEFINITIONAL_REPRESENTATION('',(#1385),#1389);
#1385 = LINE('',#1386,#1387);
#1386 = CARTESIAN_POINT('',(0.,0.));
#1387 = VECTOR('',#1388,1.);
#1388 = DIRECTION('',(1.,0.));
#1389 = ( GEOMETRIC_REPRESENTATION_CONTEXT(2) 
PARAMETRIC_REPRESENTATION_CONTEXT() REPRESENTATION_CONTEXT('2D SPACE',''
  ) );
#1390 = PCURVE('',#315,#1391);
#1391 = DEFINITIONAL_REPRESENTATION('',(#1392),#1396);
#1392 = LINE('',#1393,#1394);
#1393 = CARTESIAN_POINT('',(0.,0.));
#1394 = VECTOR('',#1395,1.);
#1395 = DIRECTION('',(1.,0.));
#1396 = ( GEOMETRIC_REPRESENTATION_CONTEXT(2) 
PARAMETRIC_REPRESENTATION_CONTEXT() REPRESENTATION_CONTEXT('2D SPACE',''
  ) );
#1397 = ORIENTED_EDGE('',*,*,#1398,.F.);
#1398 = EDGE_CURVE('',#1111,#1376,#1399,.T.);
#1399 = SURFACE_CURVE('',#1400,(#1404,#1411),.PCURVE_S1.);
#1400 = LINE('',#1401,#1402);
#1401 = CARTESIAN_POINT('',(-82.,-34.,-2.));
#1402 = VECTOR('',#1403,1.);
#1403 = DIRECTION('',(1.,0.,-0.));
#1404 = PCURVE('',#214,#1405);
#1405 = DEFINITIONAL_REPRESENTATION('',(#1406),#1410);
#1406 = LINE('',#1407,#1408);
#1407 = CARTESIAN_POINT('',(6.5,-3.75));
#1408 = VECTOR('',#1409,1.);
#1409 = DIRECTION('',(0.,1.));
#1410 = ( GEOMETRIC_REPRESENTATION_CONTEXT(2) 
PARAMETRIC_REPRESENTATION_CONTEXT() REPRESENTATION_CONTEXT('2D SPACE',''
  ) );
#1411 = PCURVE('',#1170,#1412);
#1412 = DEFINITIONAL_REPRESENTATION('',(#1413),#1417);
#1413 = LINE('',#1414,#1415);
#1414 = CARTESIAN_POINT('',(0.,0.));
#1415 = VECTOR('',#1416,1.);
#1416 = DIRECTION('',(1.,0.));
#1417 = ( GEOMETRIC_REPRESENTATION_CONTEXT(2) 
PARAMETRIC_REPRESENTATION_CONTEXT() REPRESENTATION_CONTEXT('2D SPACE',''
  ) );
#1418 = ORIENTED_EDGE('',*,*,#1110,.F.);
#1419 = ORIENTED_EDGE('',*,*,#199,.T.);
#1420 = ORIENTED_EDGE('',*,*,#1304,.T.);
#1421 = ORIENTED_EDGE('',*,*,#1422,.T.);
#1422 = EDGE_CURVE('',#1305,#1352,#1423,.T.);
#1423 = SURFACE_CURVE('',#1424,(#1428,#1434),.PCURVE_S1.);
#1424 = LINE('',#1425,#1426);
#1425 = CARTESIAN_POINT('',(-39.675,-34.,0.));
#1426 = VECTOR('',#1427,1.);
#1427 = DIRECTION('',(1.,0.,-0.));
#1428 = PCURVE('',#214,#1429);
#1429 = DEFINITIONAL_REPRESENTATION('',(#1430),#1433);
#1430 = B_SPLINE_CURVE_WITH_KNOTS('',1,(#1431,#1432),.UNSPECIFIED.,.F.,
  .F.,(2,2),(-44.075,-35.075),.PIECEWISE_BEZIER_KNOTS.);
#1431 = CARTESIAN_POINT('',(8.5,-5.5));
#1432 = CARTESIAN_POINT('',(8.5,3.5));
#1433 = ( GEOMETRIC_REPRESENTATION_CONTEXT(2) 
PARAMETRIC_REPRESENTATION_CONTEXT() REPRESENTATION_CONTEXT('2D SPACE',''
  ) );
#1434 = PCURVE('',#1290,#1435);
#1435 = DEFINITIONAL_REPRESENTATION('',(#1436),#1439);
#1436 = B_SPLINE_CURVE_WITH_KNOTS('',1,(#1437,#1438),.UNSPECIFIED.,.F.,
  .F.,(2,2),(-44.075,-35.075),.PIECEWISE_BEZIER_KNOTS.);
#1437 = CARTESIAN_POINT('',(82.65,-69.2));
#1438 = CARTESIAN_POINT('',(73.65,-69.2));
#1439 = ( GEOMETRIC_REPRESENTATION_CONTEXT(2) 
PARAMETRIC_REPRESENTATION_CONTEXT() REPRESENTATION_CONTEXT('2D SPACE',''
  ) );
#1440 = ADVANCED_FACE('',(#1441),#360,.F.);
#1441 = FACE_BOUND('',#1442,.F.);
#1442 = EDGE_LOOP('',(#1443,#1444,#1445,#1446));
#1443 = ORIENTED_EDGE('',*,*,#1351,.F.);
#1444 = ORIENTED_EDGE('',*,*,#347,.T.);
#1445 = ORIENTED_EDGE('',*,*,#1184,.T.);
#1446 = ORIENTED_EDGE('',*,*,#1447,.T.);
#1447 = EDGE_CURVE('',#1185,#1352,#1448,.T.);
#1448 = SURFACE_CURVE('',#1449,(#1453,#1459),.PCURVE_S1.);
#1449 = LINE('',#1450,#1451);
#1450 = CARTESIAN_POINT('',(-74.75,0.6,0.));
#1451 = VECTOR('',#1452,1.);
#1452 = DIRECTION('',(0.,-1.,0.));
#1453 = PCURVE('',#360,#1454);
#1454 = DEFINITIONAL_REPRESENTATION('',(#1455),#1458);
#1455 = B_SPLINE_CURVE_WITH_KNOTS('',1,(#1456,#1457),.UNSPECIFIED.,.F.,
  .F.,(2,2),(21.6,34.6),.PIECEWISE_BEZIER_KNOTS.);
#1456 = CARTESIAN_POINT('',(8.5,-13.));
#1457 = CARTESIAN_POINT('',(8.5,0.));
#1458 = ( GEOMETRIC_REPRESENTATION_CONTEXT(2) 
PARAMETRIC_REPRESENTATION_CONTEXT() REPRESENTATION_CONTEXT('2D SPACE',''
  ) );
#1459 = PCURVE('',#1290,#1460);
#1460 = DEFINITIONAL_REPRESENTATION('',(#1461),#1464);
#1461 = B_SPLINE_CURVE_WITH_KNOTS('',1,(#1462,#1463),.UNSPECIFIED.,.F.,
  .F.,(2,2),(21.6,34.6),.PIECEWISE_BEZIER_KNOTS.);
#1462 = CARTESIAN_POINT('',(73.65,-56.2));
#1463 = CARTESIAN_POINT('',(73.65,-69.2));
#1464 = ( GEOMETRIC_REPRESENTATION_CONTEXT(2) 
PARAMETRIC_REPRESENTATION_CONTEXT() REPRESENTATION_CONTEXT('2D SPACE',''
  ) );
#1465 = ADVANCED_FACE('',(#1466),#315,.T.);
#1466 = FACE_BOUND('',#1467,.T.);
#1467 = EDGE_LOOP('',(#1468,#1469,#1470,#1471));
#1468 = ORIENTED_EDGE('',*,*,#1375,.F.);
#1469 = ORIENTED_EDGE('',*,*,#300,.T.);
#1470 = ORIENTED_EDGE('',*,*,#1208,.T.);
#1471 = ORIENTED_EDGE('',*,*,#1472,.T.);
#1472 = EDGE_CURVE('',#1209,#1376,#1473,.T.);
#1473 = SURFACE_CURVE('',#1474,(#1478,#1484),.PCURVE_S1.);
#1474 = LINE('',#1475,#1476);
#1475 = CARTESIAN_POINT('',(-78.25,-34.,-2.));
#1476 = VECTOR('',#1477,1.);
#1477 = DIRECTION('',(0.,-1.,0.));
#1478 = PCURVE('',#315,#1479);
#1479 = DEFINITIONAL_REPRESENTATION('',(#1480),#1483);
#1480 = B_SPLINE_CURVE_WITH_KNOTS('',1,(#1481,#1482),.UNSPECIFIED.,.F.,
  .F.,(2,2),(-13.,0.),.PIECEWISE_BEZIER_KNOTS.);
#1481 = CARTESIAN_POINT('',(6.5,-13.));
#1482 = CARTESIAN_POINT('',(6.5,0.));
#1483 = ( GEOMETRIC_REPRESENTATION_CONTEXT(2) 
PARAMETRIC_REPRESENTATION_CONTEXT() REPRESENTATION_CONTEXT('2D SPACE',''
  ) );
#1484 = PCURVE('',#1170,#1485);
#1485 = DEFINITIONAL_REPRESENTATION('',(#1486),#1489);
#1486 = B_SPLINE_CURVE_WITH_KNOTS('',1,(#1487,#1488),.UNSPECIFIED.,.F.,
  .F.,(2,2),(-13.,0.),.PIECEWISE_BEZIER_KNOTS.);
#1487 = CARTESIAN_POINT('',(3.75,13.));
#1488 = CARTESIAN_POINT('',(3.75,0.));
#1489 = ( GEOMETRIC_REPRESENTATION_CONTEXT(2) 
PARAMETRIC_REPRESENTATION_CONTEXT() REPRESENTATION_CONTEXT('2D SPACE',''
  ) );
#1490 = ADVANCED_FACE('',(#1491),#390,.F.);
#1491 = FACE_BOUND('',#1492,.F.);
#1492 = EDGE_LOOP('',(#1493,#1516,#1543,#1544));
#1493 = ORIENTED_EDGE('',*,*,#1494,.T.);
#1494 = EDGE_CURVE('',#374,#1495,#1497,.T.);
#1495 = VERTEX_POINT('',#1496);
#1496 = CARTESIAN_POINT('',(-103.7,-8.082668874373E-16,-7.3));
#1497 = SEAM_CURVE('',#1498,(#1502,#1509),.PCURVE_S1.);
#1498 = LINE('',#1499,#1500);
#1499 = CARTESIAN_POINT('',(-102.9,-1.004210375301E-15,-8.1));
#1500 = VECTOR('',#1501,1.);
#1501 = DIRECTION('',(-0.707106781187,1.731912112471E-16,0.707106781187)
  );
#1502 = PCURVE('',#390,#1503);
#1503 = DEFINITIONAL_REPRESENTATION('',(#1504),#1508);
#1504 = LINE('',#1505,#1506);
#1505 = CARTESIAN_POINT('',(-6.28318530718,0.));
#1506 = VECTOR('',#1507,1.);
#1507 = DIRECTION('',(-0.,-1.));
#1508 = ( GEOMETRIC_REPRESENTATION_CONTEXT(2) 
PARAMETRIC_REPRESENTATION_CONTEXT() REPRESENTATION_CONTEXT('2D SPACE',''
  ) );
#1509 = PCURVE('',#390,#1510);
#1510 = DEFINITIONAL_REPRESENTATION('',(#1511),#1515);
#1511 = LINE('',#1512,#1513);
#1512 = CARTESIAN_POINT('',(0.,-0.));
#1513 = VECTOR('',#1514,1.);
#1514 = DIRECTION('',(-0.,-1.));
#1515 = ( GEOMETRIC_REPRESENTATION_CONTEXT(2) 
PARAMETRIC_REPRESENTATION_CONTEXT() REPRESENTATION_CONTEXT('2D SPACE',''
  ) );
#1516 = ORIENTED_EDGE('',*,*,#1517,.F.);
#1517 = EDGE_CURVE('',#1495,#1495,#1518,.T.);
#1518 = SURFACE_CURVE('',#1519,(#1524,#1531),.PCURVE_S1.);
#1519 = CIRCLE('',#1520,3.3);
#1520 = AXIS2_PLACEMENT_3D('',#1521,#1522,#1523);
#1521 = CARTESIAN_POINT('',(-107.,0.,-7.3));
#1522 = DIRECTION('',(0.,0.,1.));
#1523 = DIRECTION('',(1.,0.,-0.));
#1524 = PCURVE('',#390,#1525);
#1525 = DEFINITIONAL_REPRESENTATION('',(#1526),#1530);
#1526 = LINE('',#1527,#1528);
#1527 = CARTESIAN_POINT('',(-0.,-0.8));
#1528 = VECTOR('',#1529,1.);
#1529 = DIRECTION('',(-1.,-0.));
#1530 = ( GEOMETRIC_REPRESENTATION_CONTEXT(2) 
PARAMETRIC_REPRESENTATION_CONTEXT() REPRESENTATION_CONTEXT('2D SPACE',''
  ) );
#1531 = PCURVE('',#1532,#1537);
#1532 = CYLINDRICAL_SURFACE('',#1533,3.3);
#1533 = AXIS2_PLACEMENT_3D('',#1534,#1535,#1536);
#1534 = CARTESIAN_POINT('',(-107.,0.,-8.1));
#1535 = DIRECTION('',(0.,0.,1.));
#1536 = DIRECTION('',(1.,0.,-0.));
#1537 = DEFINITIONAL_REPRESENTATION('',(#1538),#1542);
#1538 = LINE('',#1539,#1540);
#1539 = CARTESIAN_POINT('',(0.,0.8));
#1540 = VECTOR('',#1541,1.);
#1541 = DIRECTION('',(1.,0.));
#1542 = ( GEOMETRIC_REPRESENTATION_CONTEXT(2) 
PARAMETRIC_REPRESENTATION_CONTEXT() REPRESENTATION_CONTEXT('2D SPACE',''
  ) );
#1543 = ORIENTED_EDGE('',*,*,#1494,.F.);
#1544 = ORIENTED_EDGE('',*,*,#373,.T.);
#1545 = ADVANCED_FACE('',(#1546),#421,.F.);
#1546 = FACE_BOUND('',#1547,.F.);
#1547 = EDGE_LOOP('',(#1548,#1571,#1598,#1599));
#1548 = ORIENTED_EDGE('',*,*,#1549,.T.);
#1549 = EDGE_CURVE('',#405,#1550,#1552,.T.);
#1550 = VERTEX_POINT('',#1551);
#1551 = CARTESIAN_POINT('',(-101.5,27.85,-2.));
#1552 = SEAM_CURVE('',#1553,(#1557,#1564),.PCURVE_S1.);
#1553 = LINE('',#1554,#1555);
#1554 = CARTESIAN_POINT('',(-101.5,27.85,-8.05));
#1555 = VECTOR('',#1556,1.);
#1556 = DIRECTION('',(0.,0.,1.));
#1557 = PCURVE('',#421,#1558);
#1558 = DEFINITIONAL_REPRESENTATION('',(#1559),#1563);
#1559 = LINE('',#1560,#1561);
#1560 = CARTESIAN_POINT('',(6.28318530718,-0.));
#1561 = VECTOR('',#1562,1.);
#1562 = DIRECTION('',(0.,1.));
#1563 = ( GEOMETRIC_REPRESENTATION_CONTEXT(2) 
PARAMETRIC_REPRESENTATION_CONTEXT() REPRESENTATION_CONTEXT('2D SPACE',''
  ) );
#1564 = PCURVE('',#421,#1565);
#1565 = DEFINITIONAL_REPRESENTATION('',(#1566),#1570);
#1566 = LINE('',#1567,#1568);
#1567 = CARTESIAN_POINT('',(0.,-0.));
#1568 = VECTOR('',#1569,1.);
#1569 = DIRECTION('',(0.,1.));
#1570 = ( GEOMETRIC_REPRESENTATION_CONTEXT(2) 
PARAMETRIC_REPRESENTATION_CONTEXT() REPRESENTATION_CONTEXT('2D SPACE',''
  ) );
#1571 = ORIENTED_EDGE('',*,*,#1572,.F.);
#1572 = EDGE_CURVE('',#1550,#1550,#1573,.T.);
#1573 = SURFACE_CURVE('',#1574,(#1579,#1586),.PCURVE_S1.);
#1574 = CIRCLE('',#1575,3.5);
#1575 = AXIS2_PLACEMENT_3D('',#1576,#1577,#1578);
#1576 = CARTESIAN_POINT('',(-105.,27.85,-2.));
#1577 = DIRECTION('',(0.,0.,1.));
#1578 = DIRECTION('',(1.,0.,-0.));
#1579 = PCURVE('',#421,#1580);
#1580 = DEFINITIONAL_REPRESENTATION('',(#1581),#1585);
#1581 = LINE('',#1582,#1583);
#1582 = CARTESIAN_POINT('',(0.,6.05));
#1583 = VECTOR('',#1584,1.);
#1584 = DIRECTION('',(1.,0.));
#1585 = ( GEOMETRIC_REPRESENTATION_CONTEXT(2) 
PARAMETRIC_REPRESENTATION_CONTEXT() REPRESENTATION_CONTEXT('2D SPACE',''
  ) );
#1586 = PCURVE('',#1587,#1592);
#1587 = PLANE('',#1588);
#1588 = AXIS2_PLACEMENT_3D('',#1589,#1590,#1591);
#1589 = CARTESIAN_POINT('',(-105.,27.85,-2.));
#1590 = DIRECTION('',(0.,0.,1.));
#1591 = DIRECTION('',(1.,0.,-0.));
#1592 = DEFINITIONAL_REPRESENTATION('',(#1593),#1597);
#1593 = CIRCLE('',#1594,3.5);
#1594 = AXIS2_PLACEMENT_2D('',#1595,#1596);
#1595 = CARTESIAN_POINT('',(0.,0.));
#1596 = DIRECTION('',(1.,0.));
#1597 = ( GEOMETRIC_REPRESENTATION_CONTEXT(2) 
PARAMETRIC_REPRESENTATION_CONTEXT() REPRESENTATION_CONTEXT('2D SPACE',''
  ) );
#1598 = ORIENTED_EDGE('',*,*,#1549,.F.);
#1599 = ORIENTED_EDGE('',*,*,#404,.T.);
#1600 = ADVANCED_FACE('',(#1601),#452,.F.);
#1601 = FACE_BOUND('',#1602,.F.);
#1602 = EDGE_LOOP('',(#1603,#1626,#1653,#1654));
#1603 = ORIENTED_EDGE('',*,*,#1604,.T.);
#1604 = EDGE_CURVE('',#436,#1605,#1607,.T.);
#1605 = VERTEX_POINT('',#1606);
#1606 = CARTESIAN_POINT('',(-87.5,27.85,-2.));
#1607 = SEAM_CURVE('',#1608,(#1612,#1619),.PCURVE_S1.);
#1608 = LINE('',#1609,#1610);
#1609 = CARTESIAN_POINT('',(-87.5,27.85,-8.05));
#1610 = VECTOR('',#1611,1.);
#1611 = DIRECTION('',(0.,0.,1.));
#1612 = PCURVE('',#452,#1613);
#1613 = DEFINITIONAL_REPRESENTATION('',(#1614),#1618);
#1614 = LINE('',#1615,#1616);
#1615 = CARTESIAN_POINT('',(6.28318530718,-0.));
#1616 = VECTOR('',#1617,1.);
#1617 = DIRECTION('',(0.,1.));
#1618 = ( GEOMETRIC_REPRESENTATION_CONTEXT(2) 
PARAMETRIC_REPRESENTATION_CONTEXT() REPRESENTATION_CONTEXT('2D SPACE',''
  ) );
#1619 = PCURVE('',#452,#1620);
#1620 = DEFINITIONAL_REPRESENTATION('',(#1621),#1625);
#1621 = LINE('',#1622,#1623);
#1622 = CARTESIAN_POINT('',(0.,-0.));
#1623 = VECTOR('',#1624,1.);
#1624 = DIRECTION('',(0.,1.));
#1625 = ( GEOMETRIC_REPRESENTATION_CONTEXT(2) 
PARAMETRIC_REPRESENTATION_CONTEXT() REPRESENTATION_CONTEXT('2D SPACE',''
  ) );
#1626 = ORIENTED_EDGE('',*,*,#1627,.F.);
#1627 = EDGE_CURVE('',#1605,#1605,#1628,.T.);
#1628 = SURFACE_CURVE('',#1629,(#1634,#1641),.PCURVE_S1.);
#1629 = CIRCLE('',#1630,3.5);
#1630 = AXIS2_PLACEMENT_3D('',#1631,#1632,#1633);
#1631 = CARTESIAN_POINT('',(-91.,27.85,-2.));
#1632 = DIRECTION('',(0.,0.,1.));
#1633 = DIRECTION('',(1.,0.,-0.));
#1634 = PCURVE('',#452,#1635);
#1635 = DEFINITIONAL_REPRESENTATION('',(#1636),#1640);
#1636 = LINE('',#1637,#1638);
#1637 = CARTESIAN_POINT('',(0.,6.05));
#1638 = VECTOR('',#1639,1.);
#1639 = DIRECTION('',(1.,0.));
#1640 = ( GEOMETRIC_REPRESENTATION_CONTEXT(2) 
PARAMETRIC_REPRESENTATION_CONTEXT() REPRESENTATION_CONTEXT('2D SPACE',''
  ) );
#1641 = PCURVE('',#1642,#1647);
#1642 = PLANE('',#1643);
#1643 = AXIS2_PLACEMENT_3D('',#1644,#1645,#1646);
#1644 = CARTESIAN_POINT('',(-91.,27.85,-2.));
#1645 = DIRECTION('',(0.,0.,1.));
#1646 = DIRECTION('',(1.,0.,-0.));
#1647 = DEFINITIONAL_REPRESENTATION('',(#1648),#1652);
#1648 = CIRCLE('',#1649,3.5);
#1649 = AXIS2_PLACEMENT_2D('',#1650,#1651);
#1650 = CARTESIAN_POINT('',(0.,0.));
#1651 = DIRECTION('',(1.,0.));
#1652 = ( GEOMETRIC_REPRESENTATION_CONTEXT(2) 
PARAMETRIC_REPRESENTATION_CONTEXT() REPRESENTATION_CONTEXT('2D SPACE',''
  ) );
#1653 = ORIENTED_EDGE('',*,*,#1604,.F.);
#1654 = ORIENTED_EDGE('',*,*,#435,.T.);
#1655 = ADVANCED_FACE('',(#1656),#485,.F.);
#1656 = FACE_BOUND('',#1657,.F.);
#1657 = EDGE_LOOP('',(#1658,#1680,#1681,#1703));
#1658 = ORIENTED_EDGE('',*,*,#1659,.F.);
#1659 = EDGE_CURVE('',#467,#1660,#1662,.T.);
#1660 = VERTEX_POINT('',#1661);
#1661 = CARTESIAN_POINT('',(-71.,-6.,-11.));
#1662 = SURFACE_CURVE('',#1663,(#1668,#1674),.PCURVE_S1.);
#1663 = CIRCLE('',#1664,3.);
#1664 = AXIS2_PLACEMENT_3D('',#1665,#1666,#1667);
#1665 = CARTESIAN_POINT('',(-74.,-6.,-11.));
#1666 = DIRECTION('',(-1.973729821556E-16,1.,0.));
#1667 = DIRECTION('',(-1.,-1.973729821556E-16,0.));
#1668 = PCURVE('',#485,#1669);
#1669 = DEFINITIONAL_REPRESENTATION('',(#1670),#1673);
#1670 = B_SPLINE_CURVE_WITH_KNOTS('',1,(#1671,#1672),.UNSPECIFIED.,.F.,
  .F.,(2,2),(1.570796326795,3.14159265359),.PIECEWISE_BEZIER_KNOTS.);
#1671 = CARTESIAN_POINT('',(0.,1.570796326795));
#1672 = CARTESIAN_POINT('',(0.,3.14159265359));
#1673 = ( GEOMETRIC_REPRESENTATION_CONTEXT(2) 
PARAMETRIC_REPRESENTATION_CONTEXT() REPRESENTATION_CONTEXT('2D SPACE',''
  ) );
#1674 = PCURVE('',#513,#1675);
#1675 = DEFINITIONAL_REPRESENTATION('',(#1676),#1679);
#1676 = B_SPLINE_CURVE_WITH_KNOTS('',1,(#1677,#1678),.UNSPECIFIED.,.F.,
  .F.,(2,2),(1.570796326795,3.14159265359),.PIECEWISE_BEZIER_KNOTS.);
#1677 = CARTESIAN_POINT('',(0.,12.));
#1678 = CARTESIAN_POINT('',(-1.570796326795,12.));
#1679 = ( GEOMETRIC_REPRESENTATION_CONTEXT(2) 
PARAMETRIC_REPRESENTATION_CONTEXT() REPRESENTATION_CONTEXT('2D SPACE',''
  ) );
#1680 = ORIENTED_EDGE('',*,*,#466,.T.);
#1681 = ORIENTED_EDGE('',*,*,#1682,.T.);
#1682 = EDGE_CURVE('',#469,#1683,#1685,.T.);
#1683 = VERTEX_POINT('',#1684);
#1684 = CARTESIAN_POINT('',(-62.,-15.,-11.));
#1685 = SURFACE_CURVE('',#1686,(#1691,#1697),.PCURVE_S1.);
#1686 = CIRCLE('',#1687,3.);
#1687 = AXIS2_PLACEMENT_3D('',#1688,#1689,#1690);
#1688 = CARTESIAN_POINT('',(-62.,-18.,-11.));
#1689 = DIRECTION('',(-1.,-1.361406421982E-16,0.));
#1690 = DIRECTION('',(1.361406421982E-16,-1.,0.));
#1691 = PCURVE('',#485,#1692);
#1692 = DEFINITIONAL_REPRESENTATION('',(#1693),#1696);
#1693 = B_SPLINE_CURVE_WITH_KNOTS('',1,(#1694,#1695),.UNSPECIFIED.,.F.,
  .F.,(2,2),(1.570796326795,3.14159265359),.PIECEWISE_BEZIER_KNOTS.);
#1694 = CARTESIAN_POINT('',(1.570796326795,1.570796326795));
#1695 = CARTESIAN_POINT('',(1.570796326795,3.14159265359));
#1696 = ( GEOMETRIC_REPRESENTATION_CONTEXT(2) 
PARAMETRIC_REPRESENTATION_CONTEXT() REPRESENTATION_CONTEXT('2D SPACE',''
  ) );
#1697 = PCURVE('',#732,#1698);
#1698 = DEFINITIONAL_REPRESENTATION('',(#1699),#1702);
#1699 = B_SPLINE_CURVE_WITH_KNOTS('',1,(#1700,#1701),.UNSPECIFIED.,.F.,
  .F.,(2,2),(1.570796326795,3.14159265359),.PIECEWISE_BEZIER_KNOTS.);
#1700 = CARTESIAN_POINT('',(0.,0.));
#1701 = CARTESIAN_POINT('',(-1.570796326795,0.));
#1702 = ( GEOMETRIC_REPRESENTATION_CONTEXT(2) 
PARAMETRIC_REPRESENTATION_CONTEXT() REPRESENTATION_CONTEXT('2D SPACE',''
  ) );
#1703 = ORIENTED_EDGE('',*,*,#1704,.F.);
#1704 = EDGE_CURVE('',#1660,#1683,#1705,.T.);
#1705 = SURFACE_CURVE('',#1706,(#1711,#1718),.PCURVE_S1.);
#1706 = CIRCLE('',#1707,9.);
#1707 = AXIS2_PLACEMENT_3D('',#1708,#1709,#1710);
#1708 = CARTESIAN_POINT('',(-62.,-6.,-11.));
#1709 = DIRECTION('',(0.,0.,1.));
#1710 = DIRECTION('',(-1.,-1.973729821556E-16,0.));
#1711 = PCURVE('',#485,#1712);
#1712 = DEFINITIONAL_REPRESENTATION('',(#1713),#1717);
#1713 = LINE('',#1714,#1715);
#1714 = CARTESIAN_POINT('',(0.,3.14159265359));
#1715 = VECTOR('',#1716,1.);
#1716 = DIRECTION('',(1.,0.));
#1717 = ( GEOMETRIC_REPRESENTATION_CONTEXT(2) 
PARAMETRIC_REPRESENTATION_CONTEXT() REPRESENTATION_CONTEXT('2D SPACE',''
  ) );
#1718 = PCURVE('',#1719,#1724);
#1719 = CYLINDRICAL_SURFACE('',#1720,9.);
#1720 = AXIS2_PLACEMENT_3D('',#1721,#1722,#1723);
#1721 = CARTESIAN_POINT('',(-62.,-6.,-110.));
#1722 = DIRECTION('',(0.,0.,1.));
#1723 = DIRECTION('',(-1.,-0.,0.));
#1724 = DEFINITIONAL_REPRESENTATION('',(#1725),#1729);
#1725 = LINE('',#1726,#1727);
#1726 = CARTESIAN_POINT('',(0.,99.));
#1727 = VECTOR('',#1728,1.);
#1728 = DIRECTION('',(1.,0.));
#1729 = ( GEOMETRIC_REPRESENTATION_CONTEXT(2) 
PARAMETRIC_REPRESENTATION_CONTEXT() REPRESENTATION_CONTEXT('2D SPACE',''
  ) );
#1730 = ADVANCED_FACE('',(#1731),#732,.F.);
#1731 = FACE_BOUND('',#1732,.T.);
#1732 = EDGE_LOOP('',(#1733,#1734,#1762,#1782));
#1733 = ORIENTED_EDGE('',*,*,#1682,.T.);
#1734 = ORIENTED_EDGE('',*,*,#1735,.T.);
#1735 = EDGE_CURVE('',#1683,#1736,#1738,.T.);
#1736 = VERTEX_POINT('',#1737);
#1737 = CARTESIAN_POINT('',(-32.,-15.,-11.));
#1738 = SURFACE_CURVE('',#1739,(#1743,#1750),.PCURVE_S1.);
#1739 = LINE('',#1740,#1741);
#1740 = CARTESIAN_POINT('',(-62.,-15.,-11.));
#1741 = VECTOR('',#1742,1.);
#1742 = DIRECTION('',(1.,-0.,0.));
#1743 = PCURVE('',#732,#1744);
#1744 = DEFINITIONAL_REPRESENTATION('',(#1745),#1749);
#1745 = LINE('',#1746,#1747);
#1746 = CARTESIAN_POINT('',(-1.570796326795,0.));
#1747 = VECTOR('',#1748,1.);
#1748 = DIRECTION('',(-0.,1.));
#1749 = ( GEOMETRIC_REPRESENTATION_CONTEXT(2) 
PARAMETRIC_REPRESENTATION_CONTEXT() REPRESENTATION_CONTEXT('2D SPACE',''
  ) );
#1750 = PCURVE('',#1751,#1756);
#1751 = PLANE('',#1752);
#1752 = AXIS2_PLACEMENT_3D('',#1753,#1754,#1755);
#1753 = CARTESIAN_POINT('',(-71.,-15.,-110.));
#1754 = DIRECTION('',(0.,1.,0.));
#1755 = DIRECTION('',(0.,0.,1.));
#1756 = DEFINITIONAL_REPRESENTATION('',(#1757),#1761);
#1757 = LINE('',#1758,#1759);
#1758 = CARTESIAN_POINT('',(99.,9.));
#1759 = VECTOR('',#1760,1.);
#1760 = DIRECTION('',(0.,1.));
#1761 = ( GEOMETRIC_REPRESENTATION_CONTEXT(2) 
PARAMETRIC_REPRESENTATION_CONTEXT() REPRESENTATION_CONTEXT('2D SPACE',''
  ) );
#1762 = ORIENTED_EDGE('',*,*,#1763,.F.);
#1763 = EDGE_CURVE('',#690,#1736,#1764,.T.);
#1764 = SURFACE_CURVE('',#1765,(#1770,#1776),.PCURVE_S1.);
#1765 = CIRCLE('',#1766,3.);
#1766 = AXIS2_PLACEMENT_3D('',#1767,#1768,#1769);
#1767 = CARTESIAN_POINT('',(-32.,-18.,-11.));
#1768 = DIRECTION('',(-1.,0.,0.));
#1769 = DIRECTION('',(0.,0.,1.));
#1770 = PCURVE('',#732,#1771);
#1771 = DEFINITIONAL_REPRESENTATION('',(#1772),#1775);
#1772 = B_SPLINE_CURVE_WITH_KNOTS('',1,(#1773,#1774),.UNSPECIFIED.,.F.,
  .F.,(2,2),(0.,1.570796326795),.PIECEWISE_BEZIER_KNOTS.);
#1773 = CARTESIAN_POINT('',(0.,30.));
#1774 = CARTESIAN_POINT('',(-1.570796326795,30.));
#1775 = ( GEOMETRIC_REPRESENTATION_CONTEXT(2) 
PARAMETRIC_REPRESENTATION_CONTEXT() REPRESENTATION_CONTEXT('2D SPACE',''
  ) );
#1776 = PCURVE('',#706,#1777);
#1777 = DEFINITIONAL_REPRESENTATION('',(#1778),#1781);
#1778 = B_SPLINE_CURVE_WITH_KNOTS('',1,(#1779,#1780),.UNSPECIFIED.,.F.,
  .F.,(2,2),(0.,1.570796326795),.PIECEWISE_BEZIER_KNOTS.);
#1779 = CARTESIAN_POINT('',(0.,1.570796326795));
#1780 = CARTESIAN_POINT('',(0.,3.14159265359));
#1781 = ( GEOMETRIC_REPRESENTATION_CONTEXT(2) 
PARAMETRIC_REPRESENTATION_CONTEXT() REPRESENTATION_CONTEXT('2D SPACE',''
  ) );
#1782 = ORIENTED_EDGE('',*,*,#718,.F.);
#1783 = ADVANCED_FACE('',(#1784),#706,.F.);
#1784 = FACE_BOUND('',#1785,.F.);
#1785 = EDGE_LOOP('',(#1786,#1787,#1788,#1815));
#1786 = ORIENTED_EDGE('',*,*,#1763,.F.);
#1787 = ORIENTED_EDGE('',*,*,#689,.T.);
#1788 = ORIENTED_EDGE('',*,*,#1789,.T.);
#1789 = EDGE_CURVE('',#664,#1790,#1792,.T.);
#1790 = VERTEX_POINT('',#1791);
#1791 = CARTESIAN_POINT('',(-23.,-6.,-11.));
#1792 = SURFACE_CURVE('',#1793,(#1798,#1804),.PCURVE_S1.);
#1793 = CIRCLE('',#1794,3.);
#1794 = AXIS2_PLACEMENT_3D('',#1795,#1796,#1797);
#1795 = CARTESIAN_POINT('',(-20.,-6.,-11.));
#1796 = DIRECTION('',(-6.123233995737E-17,-1.,0.));
#1797 = DIRECTION('',(1.,-6.123233995737E-17,0.));
#1798 = PCURVE('',#706,#1799);
#1799 = DEFINITIONAL_REPRESENTATION('',(#1800),#1803);
#1800 = B_SPLINE_CURVE_WITH_KNOTS('',1,(#1801,#1802),.UNSPECIFIED.,.F.,
  .F.,(2,2),(1.570796326795,3.14159265359),.PIECEWISE_BEZIER_KNOTS.);
#1801 = CARTESIAN_POINT('',(1.570796326795,1.570796326795));
#1802 = CARTESIAN_POINT('',(1.570796326795,3.14159265359));
#1803 = ( GEOMETRIC_REPRESENTATION_CONTEXT(2) 
PARAMETRIC_REPRESENTATION_CONTEXT() REPRESENTATION_CONTEXT('2D SPACE',''
  ) );
#1804 = PCURVE('',#678,#1805);
#1805 = DEFINITIONAL_REPRESENTATION('',(#1806),#1814);
#1806 = ( BOUNDED_CURVE() B_SPLINE_CURVE(2,(#1807,#1808,#1809,#1810,
#1811,#1812,#1813),.UNSPECIFIED.,.T.,.F.) B_SPLINE_CURVE_WITH_KNOTS((1,2
    ,2,2,2,1),(-2.094395102393,0.,2.094395102393,4.188790204786,
6.28318530718,8.377580409573),.UNSPECIFIED.) CURVE() 
GEOMETRIC_REPRESENTATION_ITEM() RATIONAL_B_SPLINE_CURVE((1.,0.5,1.,0.5,
1.,0.5,1.)) REPRESENTATION_ITEM('') );
#1807 = CARTESIAN_POINT('',(24.,7.5));
#1808 = CARTESIAN_POINT('',(29.196152422707,7.5));
#1809 = CARTESIAN_POINT('',(26.598076211353,3.));
#1810 = CARTESIAN_POINT('',(24.,-1.5));
#1811 = CARTESIAN_POINT('',(21.401923788647,3.));
#1812 = CARTESIAN_POINT('',(18.803847577293,7.5));
#1813 = CARTESIAN_POINT('',(24.,7.5));
#1814 = ( GEOMETRIC_REPRESENTATION_CONTEXT(2) 
PARAMETRIC_REPRESENTATION_CONTEXT() REPRESENTATION_CONTEXT('2D SPACE',''
  ) );
#1815 = ORIENTED_EDGE('',*,*,#1816,.F.);
#1816 = EDGE_CURVE('',#1736,#1790,#1817,.T.);
#1817 = SURFACE_CURVE('',#1818,(#1823,#1830),.PCURVE_S1.);
#1818 = CIRCLE('',#1819,9.);
#1819 = AXIS2_PLACEMENT_3D('',#1820,#1821,#1822);
#1820 = CARTESIAN_POINT('',(-32.,-6.,-11.));
#1821 = DIRECTION('',(-0.,0.,1.));
#1822 = DIRECTION('',(0.,-1.,0.));
#1823 = PCURVE('',#706,#1824);
#1824 = DEFINITIONAL_REPRESENTATION('',(#1825),#1829);
#1825 = LINE('',#1826,#1827);
#1826 = CARTESIAN_POINT('',(0.,3.14159265359));
#1827 = VECTOR('',#1828,1.);
#1828 = DIRECTION('',(1.,0.));
#1829 = ( GEOMETRIC_REPRESENTATION_CONTEXT(2) 
PARAMETRIC_REPRESENTATION_CONTEXT() REPRESENTATION_CONTEXT('2D SPACE',''
  ) );
#1830 = PCURVE('',#1831,#1836);
#1831 = CYLINDRICAL_SURFACE('',#1832,9.);
#1832 = AXIS2_PLACEMENT_3D('',#1833,#1834,#1835);
#1833 = CARTESIAN_POINT('',(-32.,-6.,-110.));
#1834 = DIRECTION('',(0.,0.,1.));
#1835 = DIRECTION('',(1.,0.,-0.));
#1836 = DEFINITIONAL_REPRESENTATION('',(#1837),#1841);
#1837 = LINE('',#1838,#1839);
#1838 = CARTESIAN_POINT('',(-1.570796326795,99.));
#1839 = VECTOR('',#1840,1.);
#1840 = DIRECTION('',(1.,-0.));
#1841 = ( GEOMETRIC_REPRESENTATION_CONTEXT(2) 
PARAMETRIC_REPRESENTATION_CONTEXT() REPRESENTATION_CONTEXT('2D SPACE',''
  ) );
#1842 = ADVANCED_FACE('',(#1843),#678,.T.);
#1843 = FACE_BOUND('',#1844,.T.);
#1844 = EDGE_LOOP('',(#1845,#1873,#1901,#1929,#1950,#1951,#1952));
#1845 = ORIENTED_EDGE('',*,*,#1846,.F.);
#1846 = EDGE_CURVE('',#1847,#1849,#1851,.T.);
#1847 = VERTEX_POINT('',#1848);
#1848 = CARTESIAN_POINT('',(-24.5,-6.,-17.8));
#1849 = VERTEX_POINT('',#1850);
#1850 = CARTESIAN_POINT('',(-23.,-6.,-17.8));
#1851 = SURFACE_CURVE('',#1852,(#1856,#1862),.PCURVE_S1.);
#1852 = LINE('',#1853,#1854);
#1853 = CARTESIAN_POINT('',(-26.85,-6.,-17.8));
#1854 = VECTOR('',#1855,1.);
#1855 = DIRECTION('',(1.,0.,0.));
#1856 = PCURVE('',#678,#1857);
#1857 = DEFINITIONAL_REPRESENTATION('',(#1858),#1861);
#1858 = B_SPLINE_CURVE_WITH_KNOTS('',1,(#1859,#1860),.UNSPECIFIED.,.F.,
  .F.,(2,2),(1.8,4.4500006),.PIECEWISE_BEZIER_KNOTS.);
#1859 = CARTESIAN_POINT('',(17.2,-0.55));
#1860 = CARTESIAN_POINT('',(17.2,2.1000006));
#1861 = ( GEOMETRIC_REPRESENTATION_CONTEXT(2) 
PARAMETRIC_REPRESENTATION_CONTEXT() REPRESENTATION_CONTEXT('2D SPACE',''
  ) );
#1862 = PCURVE('',#1863,#1868);
#1863 = CYLINDRICAL_SURFACE('',#1864,6.8);
#1864 = AXIS2_PLACEMENT_3D('',#1865,#1866,#1867);
#1865 = CARTESIAN_POINT('',(-26.85,0.,-21.));
#1866 = DIRECTION('',(1.,0.,0.));
#1867 = DIRECTION('',(-0.,0.,1.));
#1868 = DEFINITIONAL_REPRESENTATION('',(#1869),#1872);
#1869 = B_SPLINE_CURVE_WITH_KNOTS('',1,(#1870,#1871),.UNSPECIFIED.,.F.,
  .F.,(2,2),(1.8,4.4500006),.PIECEWISE_BEZIER_KNOTS.);
#1870 = CARTESIAN_POINT('',(7.364024307721,1.8));
#1871 = CARTESIAN_POINT('',(7.364024307721,4.4500006));
#1872 = ( GEOMETRIC_REPRESENTATION_CONTEXT(2) 
PARAMETRIC_REPRESENTATION_CONTEXT() REPRESENTATION_CONTEXT('2D SPACE',''
  ) );
#1873 = ORIENTED_EDGE('',*,*,#1874,.T.);
#1874 = EDGE_CURVE('',#1847,#1875,#1877,.T.);
#1875 = VERTEX_POINT('',#1876);
#1876 = CARTESIAN_POINT('',(-24.5,-6.,-7.));
#1877 = SURFACE_CURVE('',#1878,(#1882,#1889),.PCURVE_S1.);
#1878 = LINE('',#1879,#1880);
#1879 = CARTESIAN_POINT('',(-24.5,-6.,-35.));
#1880 = VECTOR('',#1881,1.);
#1881 = DIRECTION('',(0.,0.,1.));
#1882 = PCURVE('',#678,#1883);
#1883 = DEFINITIONAL_REPRESENTATION('',(#1884),#1888);
#1884 = LINE('',#1885,#1886);
#1885 = CARTESIAN_POINT('',(0.,0.));
#1886 = VECTOR('',#1887,1.);
#1887 = DIRECTION('',(1.,0.));
#1888 = ( GEOMETRIC_REPRESENTATION_CONTEXT(2) 
PARAMETRIC_REPRESENTATION_CONTEXT() REPRESENTATION_CONTEXT('2D SPACE',''
  ) );
#1889 = PCURVE('',#1890,#1895);
#1890 = PLANE('',#1891);
#1891 = AXIS2_PLACEMENT_3D('',#1892,#1893,#1894);
#1892 = CARTESIAN_POINT('',(-24.5,-6.,-35.));
#1893 = DIRECTION('',(1.,0.,-0.));
#1894 = DIRECTION('',(0.,0.,1.));
#1895 = DEFINITIONAL_REPRESENTATION('',(#1896),#1900);
#1896 = LINE('',#1897,#1898);
#1897 = CARTESIAN_POINT('',(0.,0.));
#1898 = VECTOR('',#1899,1.);
#1899 = DIRECTION('',(1.,0.));
#1900 = ( GEOMETRIC_REPRESENTATION_CONTEXT(2) 
PARAMETRIC_REPRESENTATION_CONTEXT() REPRESENTATION_CONTEXT('2D SPACE',''
  ) );
#1901 = ORIENTED_EDGE('',*,*,#1902,.T.);
#1902 = EDGE_CURVE('',#1875,#1903,#1905,.T.);
#1903 = VERTEX_POINT('',#1904);
#1904 = CARTESIAN_POINT('',(-19.,-6.,-7.));
#1905 = SURFACE_CURVE('',#1906,(#1910,#1917),.PCURVE_S1.);
#1906 = LINE('',#1907,#1908);
#1907 = CARTESIAN_POINT('',(-24.5,-6.,-7.));
#1908 = VECTOR('',#1909,1.);
#1909 = DIRECTION('',(1.,0.,-0.));
#1910 = PCURVE('',#678,#1911);
#1911 = DEFINITIONAL_REPRESENTATION('',(#1912),#1916);
#1912 = LINE('',#1913,#1914);
#1913 = CARTESIAN_POINT('',(28.,0.));
#1914 = VECTOR('',#1915,1.);
#1915 = DIRECTION('',(0.,1.));
#1916 = ( GEOMETRIC_REPRESENTATION_CONTEXT(2) 
PARAMETRIC_REPRESENTATION_CONTEXT() REPRESENTATION_CONTEXT('2D SPACE',''
  ) );
#1917 = PCURVE('',#1918,#1923);
#1918 = PLANE('',#1919);
#1919 = AXIS2_PLACEMENT_3D('',#1920,#1921,#1922);
#1920 = CARTESIAN_POINT('',(-24.5,-6.,-7.));
#1921 = DIRECTION('',(0.,0.,1.));
#1922 = DIRECTION('',(1.,0.,-0.));
#1923 = DEFINITIONAL_REPRESENTATION('',(#1924),#1928);
#1924 = LINE('',#1925,#1926);
#1925 = CARTESIAN_POINT('',(0.,0.));
#1926 = VECTOR('',#1927,1.);
#1927 = DIRECTION('',(1.,0.));
#1928 = ( GEOMETRIC_REPRESENTATION_CONTEXT(2) 
PARAMETRIC_REPRESENTATION_CONTEXT() REPRESENTATION_CONTEXT('2D SPACE',''
  ) );
#1929 = ORIENTED_EDGE('',*,*,#1930,.F.);
#1930 = EDGE_CURVE('',#638,#1903,#1931,.T.);
#1931 = SURFACE_CURVE('',#1932,(#1936,#1943),.PCURVE_S1.);
#1932 = LINE('',#1933,#1934);
#1933 = CARTESIAN_POINT('',(-19.,-6.,-35.));
#1934 = VECTOR('',#1935,1.);
#1935 = DIRECTION('',(0.,0.,1.));
#1936 = PCURVE('',#678,#1937);
#1937 = DEFINITIONAL_REPRESENTATION('',(#1938),#1942);
#1938 = LINE('',#1939,#1940);
#1939 = CARTESIAN_POINT('',(0.,5.5));
#1940 = VECTOR('',#1941,1.);
#1941 = DIRECTION('',(1.,0.));
#1942 = ( GEOMETRIC_REPRESENTATION_CONTEXT(2) 
PARAMETRIC_REPRESENTATION_CONTEXT() REPRESENTATION_CONTEXT('2D SPACE',''
  ) );
#1943 = PCURVE('',#652,#1944);
#1944 = DEFINITIONAL_REPRESENTATION('',(#1945),#1949);
#1945 = LINE('',#1946,#1947);
#1946 = CARTESIAN_POINT('',(0.,0.));
#1947 = VECTOR('',#1948,1.);
#1948 = DIRECTION('',(1.,0.));
#1949 = ( GEOMETRIC_REPRESENTATION_CONTEXT(2) 
PARAMETRIC_REPRESENTATION_CONTEXT() REPRESENTATION_CONTEXT('2D SPACE',''
  ) );
#1950 = ORIENTED_EDGE('',*,*,#663,.T.);
#1951 = ORIENTED_EDGE('',*,*,#1789,.T.);
#1952 = ORIENTED_EDGE('',*,*,#1953,.F.);
#1953 = EDGE_CURVE('',#1849,#1790,#1954,.T.);
#1954 = SURFACE_CURVE('',#1955,(#1959,#1966),.PCURVE_S1.);
#1955 = LINE('',#1956,#1957);
#1956 = CARTESIAN_POINT('',(-23.,-6.,-110.));
#1957 = VECTOR('',#1958,1.);
#1958 = DIRECTION('',(0.,0.,1.));
#1959 = PCURVE('',#678,#1960);
#1960 = DEFINITIONAL_REPRESENTATION('',(#1961),#1965);
#1961 = LINE('',#1962,#1963);
#1962 = CARTESIAN_POINT('',(-75.,1.5));
#1963 = VECTOR('',#1964,1.);
#1964 = DIRECTION('',(1.,0.));
#1965 = ( GEOMETRIC_REPRESENTATION_CONTEXT(2) 
PARAMETRIC_REPRESENTATION_CONTEXT() REPRESENTATION_CONTEXT('2D SPACE',''
  ) );
#1966 = PCURVE('',#1831,#1967);
#1967 = DEFINITIONAL_REPRESENTATION('',(#1968),#1972);
#1968 = LINE('',#1969,#1970);
#1969 = CARTESIAN_POINT('',(-0.,0.));
#1970 = VECTOR('',#1971,1.);
#1971 = DIRECTION('',(-0.,1.));
#1972 = ( GEOMETRIC_REPRESENTATION_CONTEXT(2) 
PARAMETRIC_REPRESENTATION_CONTEXT() REPRESENTATION_CONTEXT('2D SPACE',''
  ) );
#1973 = ADVANCED_FACE('',(#1974),#652,.F.);
#1974 = FACE_BOUND('',#1975,.F.);
#1975 = EDGE_LOOP('',(#1976,#1977,#1978,#2001));
#1976 = ORIENTED_EDGE('',*,*,#1930,.F.);
#1977 = ORIENTED_EDGE('',*,*,#637,.T.);
#1978 = ORIENTED_EDGE('',*,*,#1979,.T.);
#1979 = EDGE_CURVE('',#612,#1980,#1982,.T.);
#1980 = VERTEX_POINT('',#1981);
#1981 = CARTESIAN_POINT('',(-19.,6.,-7.));
#1982 = SURFACE_CURVE('',#1983,(#1987,#1994),.PCURVE_S1.);
#1983 = LINE('',#1984,#1985);
#1984 = CARTESIAN_POINT('',(-19.,6.,-35.));
#1985 = VECTOR('',#1986,1.);
#1986 = DIRECTION('',(0.,0.,1.));
#1987 = PCURVE('',#652,#1988);
#1988 = DEFINITIONAL_REPRESENTATION('',(#1989),#1993);
#1989 = LINE('',#1990,#1991);
#1990 = CARTESIAN_POINT('',(0.,-12.));
#1991 = VECTOR('',#1992,1.);
#1992 = DIRECTION('',(1.,0.));
#1993 = ( GEOMETRIC_REPRESENTATION_CONTEXT(2) 
PARAMETRIC_REPRESENTATION_CONTEXT() REPRESENTATION_CONTEXT('2D SPACE',''
  ) );
#1994 = PCURVE('',#626,#1995);
#1995 = DEFINITIONAL_REPRESENTATION('',(#1996),#2000);
#1996 = LINE('',#1997,#1998);
#1997 = CARTESIAN_POINT('',(0.,5.5));
#1998 = VECTOR('',#1999,1.);
#1999 = DIRECTION('',(1.,0.));
#2000 = ( GEOMETRIC_REPRESENTATION_CONTEXT(2) 
PARAMETRIC_REPRESENTATION_CONTEXT() REPRESENTATION_CONTEXT('2D SPACE',''
  ) );
#2001 = ORIENTED_EDGE('',*,*,#2002,.F.);
#2002 = EDGE_CURVE('',#1903,#1980,#2003,.T.);
#2003 = SURFACE_CURVE('',#2004,(#2008,#2015),.PCURVE_S1.);
#2004 = LINE('',#2005,#2006);
#2005 = CARTESIAN_POINT('',(-19.,-6.,-7.));
#2006 = VECTOR('',#2007,1.);
#2007 = DIRECTION('',(-0.,1.,0.));
#2008 = PCURVE('',#652,#2009);
#2009 = DEFINITIONAL_REPRESENTATION('',(#2010),#2014);
#2010 = LINE('',#2011,#2012);
#2011 = CARTESIAN_POINT('',(28.,0.));
#2012 = VECTOR('',#2013,1.);
#2013 = DIRECTION('',(0.,-1.));
#2014 = ( GEOMETRIC_REPRESENTATION_CONTEXT(2) 
PARAMETRIC_REPRESENTATION_CONTEXT() REPRESENTATION_CONTEXT('2D SPACE',''
  ) );
#2015 = PCURVE('',#1918,#2016);
#2016 = DEFINITIONAL_REPRESENTATION('',(#2017),#2021);
#2017 = LINE('',#2018,#2019);
#2018 = CARTESIAN_POINT('',(5.5,0.));
#2019 = VECTOR('',#2020,1.);
#2020 = DIRECTION('',(0.,1.));
#2021 = ( GEOMETRIC_REPRESENTATION_CONTEXT(2) 
PARAMETRIC_REPRESENTATION_CONTEXT() REPRESENTATION_CONTEXT('2D SPACE',''
  ) );
#2022 = ADVANCED_FACE('',(#2023),#626,.F.);
#2023 = FACE_BOUND('',#2024,.F.);
#2024 = EDGE_LOOP('',(#2025,#2048,#2071,#2092,#2093,#2094,#2121));
#2025 = ORIENTED_EDGE('',*,*,#2026,.F.);
#2026 = EDGE_CURVE('',#2027,#2029,#2031,.T.);
#2027 = VERTEX_POINT('',#2028);
#2028 = CARTESIAN_POINT('',(-24.5,6.,-17.8));
#2029 = VERTEX_POINT('',#2030);
#2030 = CARTESIAN_POINT('',(-23.,6.,-17.8));
#2031 = SURFACE_CURVE('',#2032,(#2036,#2042),.PCURVE_S1.);
#2032 = LINE('',#2033,#2034);
#2033 = CARTESIAN_POINT('',(-26.85,6.,-17.8));
#2034 = VECTOR('',#2035,1.);
#2035 = DIRECTION('',(1.,0.,0.));
#2036 = PCURVE('',#626,#2037);
#2037 = DEFINITIONAL_REPRESENTATION('',(#2038),#2041);
#2038 = B_SPLINE_CURVE_WITH_KNOTS('',1,(#2039,#2040),.UNSPECIFIED.,.F.,
  .F.,(2,2),(1.8,4.4500006),.PIECEWISE_BEZIER_KNOTS.);
#2039 = CARTESIAN_POINT('',(17.2,-0.55));
#2040 = CARTESIAN_POINT('',(17.2,2.1000006));
#2041 = ( GEOMETRIC_REPRESENTATION_CONTEXT(2) 
PARAMETRIC_REPRESENTATION_CONTEXT() REPRESENTATION_CONTEXT('2D SPACE',''
  ) );
#2042 = PCURVE('',#1863,#2043);
#2043 = DEFINITIONAL_REPRESENTATION('',(#2044),#2047);
#2044 = B_SPLINE_CURVE_WITH_KNOTS('',1,(#2045,#2046),.UNSPECIFIED.,.F.,
  .F.,(2,2),(1.8,4.4500006),.PIECEWISE_BEZIER_KNOTS.);
#2045 = CARTESIAN_POINT('',(5.202346306638,1.8));
#2046 = CARTESIAN_POINT('',(5.202346306638,4.4500006));
#2047 = ( GEOMETRIC_REPRESENTATION_CONTEXT(2) 
PARAMETRIC_REPRESENTATION_CONTEXT() REPRESENTATION_CONTEXT('2D SPACE',''
  ) );
#2048 = ORIENTED_EDGE('',*,*,#2049,.T.);
#2049 = EDGE_CURVE('',#2027,#2050,#2052,.T.);
#2050 = VERTEX_POINT('',#2051);
#2051 = CARTESIAN_POINT('',(-24.5,6.,-7.));
#2052 = SURFACE_CURVE('',#2053,(#2057,#2064),.PCURVE_S1.);
#2053 = LINE('',#2054,#2055);
#2054 = CARTESIAN_POINT('',(-24.5,6.,-35.));
#2055 = VECTOR('',#2056,1.);
#2056 = DIRECTION('',(0.,0.,1.));
#2057 = PCURVE('',#626,#2058);
#2058 = DEFINITIONAL_REPRESENTATION('',(#2059),#2063);
#2059 = LINE('',#2060,#2061);
#2060 = CARTESIAN_POINT('',(0.,0.));
#2061 = VECTOR('',#2062,1.);
#2062 = DIRECTION('',(1.,0.));
#2063 = ( GEOMETRIC_REPRESENTATION_CONTEXT(2) 
PARAMETRIC_REPRESENTATION_CONTEXT() REPRESENTATION_CONTEXT('2D SPACE',''
  ) );
#2064 = PCURVE('',#1890,#2065);
#2065 = DEFINITIONAL_REPRESENTATION('',(#2066),#2070);
#2066 = LINE('',#2067,#2068);
#2067 = CARTESIAN_POINT('',(0.,-12.));
#2068 = VECTOR('',#2069,1.);
#2069 = DIRECTION('',(1.,0.));
#2070 = ( GEOMETRIC_REPRESENTATION_CONTEXT(2) 
PARAMETRIC_REPRESENTATION_CONTEXT() REPRESENTATION_CONTEXT('2D SPACE',''
  ) );
#2071 = ORIENTED_EDGE('',*,*,#2072,.T.);
#2072 = EDGE_CURVE('',#2050,#1980,#2073,.T.);
#2073 = SURFACE_CURVE('',#2074,(#2078,#2085),.PCURVE_S1.);
#2074 = LINE('',#2075,#2076);
#2075 = CARTESIAN_POINT('',(-24.5,6.,-7.));
#2076 = VECTOR('',#2077,1.);
#2077 = DIRECTION('',(1.,0.,-0.));
#2078 = PCURVE('',#626,#2079);
#2079 = DEFINITIONAL_REPRESENTATION('',(#2080),#2084);
#2080 = LINE('',#2081,#2082);
#2081 = CARTESIAN_POINT('',(28.,0.));
#2082 = VECTOR('',#2083,1.);
#2083 = DIRECTION('',(0.,1.));
#2084 = ( GEOMETRIC_REPRESENTATION_CONTEXT(2) 
PARAMETRIC_REPRESENTATION_CONTEXT() REPRESENTATION_CONTEXT('2D SPACE',''
  ) );
#2085 = PCURVE('',#1918,#2086);
#2086 = DEFINITIONAL_REPRESENTATION('',(#2087),#2091);
#2087 = LINE('',#2088,#2089);
#2088 = CARTESIAN_POINT('',(0.,12.));
#2089 = VECTOR('',#2090,1.);
#2090 = DIRECTION('',(1.,0.));
#2091 = ( GEOMETRIC_REPRESENTATION_CONTEXT(2) 
PARAMETRIC_REPRESENTATION_CONTEXT() REPRESENTATION_CONTEXT('2D SPACE',''
  ) );
#2092 = ORIENTED_EDGE('',*,*,#1979,.F.);
#2093 = ORIENTED_EDGE('',*,*,#611,.T.);
#2094 = ORIENTED_EDGE('',*,*,#2095,.T.);
#2095 = EDGE_CURVE('',#583,#2096,#2098,.T.);
#2096 = VERTEX_POINT('',#2097);
#2097 = CARTESIAN_POINT('',(-23.,6.,-11.));
#2098 = SURFACE_CURVE('',#2099,(#2104,#2115),.PCURVE_S1.);
#2099 = CIRCLE('',#2100,3.);
#2100 = AXIS2_PLACEMENT_3D('',#2101,#2102,#2103);
#2101 = CARTESIAN_POINT('',(-20.,6.,-11.));
#2102 = DIRECTION('',(0.,-1.,0.));
#2103 = DIRECTION('',(0.,0.,1.));
#2104 = PCURVE('',#626,#2105);
#2105 = DEFINITIONAL_REPRESENTATION('',(#2106),#2114);
#2106 = ( BOUNDED_CURVE() B_SPLINE_CURVE(2,(#2107,#2108,#2109,#2110,
#2111,#2112,#2113),.UNSPECIFIED.,.T.,.F.) B_SPLINE_CURVE_WITH_KNOTS((1,2
    ,2,2,2,1),(-2.094395102393,0.,2.094395102393,4.188790204786,
6.28318530718,8.377580409573),.UNSPECIFIED.) CURVE() 
GEOMETRIC_REPRESENTATION_ITEM() RATIONAL_B_SPLINE_CURVE((1.,0.5,1.,0.5,
1.,0.5,1.)) REPRESENTATION_ITEM('') );
#2107 = CARTESIAN_POINT('',(27.,4.5));
#2108 = CARTESIAN_POINT('',(27.,-0.696152422707));
#2109 = CARTESIAN_POINT('',(22.5,1.901923788647));
#2110 = CARTESIAN_POINT('',(18.,4.5));
#2111 = CARTESIAN_POINT('',(22.5,7.098076211353));
#2112 = CARTESIAN_POINT('',(27.,9.696152422707));
#2113 = CARTESIAN_POINT('',(27.,4.5));
#2114 = ( GEOMETRIC_REPRESENTATION_CONTEXT(2) 
PARAMETRIC_REPRESENTATION_CONTEXT() REPRESENTATION_CONTEXT('2D SPACE',''
  ) );
#2115 = PCURVE('',#599,#2116);
#2116 = DEFINITIONAL_REPRESENTATION('',(#2117),#2120);
#2117 = B_SPLINE_CURVE_WITH_KNOTS('',1,(#2118,#2119),.UNSPECIFIED.,.F.,
  .F.,(2,2),(0.,1.570796326795),.PIECEWISE_BEZIER_KNOTS.);
#2118 = CARTESIAN_POINT('',(0.,1.570796326795));
#2119 = CARTESIAN_POINT('',(0.,3.14159265359));
#2120 = ( GEOMETRIC_REPRESENTATION_CONTEXT(2) 
PARAMETRIC_REPRESENTATION_CONTEXT() REPRESENTATION_CONTEXT('2D SPACE',''
  ) );
#2121 = ORIENTED_EDGE('',*,*,#2122,.F.);
#2122 = EDGE_CURVE('',#2029,#2096,#2123,.T.);
#2123 = SURFACE_CURVE('',#2124,(#2128,#2135),.PCURVE_S1.);
#2124 = LINE('',#2125,#2126);
#2125 = CARTESIAN_POINT('',(-23.,6.,-110.));
#2126 = VECTOR('',#2127,1.);
#2127 = DIRECTION('',(0.,0.,1.));
#2128 = PCURVE('',#626,#2129);
#2129 = DEFINITIONAL_REPRESENTATION('',(#2130),#2134);
#2130 = LINE('',#2131,#2132);
#2131 = CARTESIAN_POINT('',(-75.,1.5));
#2132 = VECTOR('',#2133,1.);
#2133 = DIRECTION('',(1.,0.));
#2134 = ( GEOMETRIC_REPRESENTATION_CONTEXT(2) 
PARAMETRIC_REPRESENTATION_CONTEXT() REPRESENTATION_CONTEXT('2D SPACE',''
  ) );
#2135 = PCURVE('',#2136,#2141);
#2136 = CYLINDRICAL_SURFACE('',#2137,9.);
#2137 = AXIS2_PLACEMENT_3D('',#2138,#2139,#2140);
#2138 = CARTESIAN_POINT('',(-32.,6.,-110.));
#2139 = DIRECTION('',(0.,0.,1.));
#2140 = DIRECTION('',(1.,0.,-0.));
#2141 = DEFINITIONAL_REPRESENTATION('',(#2142),#2146);
#2142 = LINE('',#2143,#2144);
#2143 = CARTESIAN_POINT('',(0.,0.));
#2144 = VECTOR('',#2145,1.);
#2145 = DIRECTION('',(0.,1.));
#2146 = ( GEOMETRIC_REPRESENTATION_CONTEXT(2) 
PARAMETRIC_REPRESENTATION_CONTEXT() REPRESENTATION_CONTEXT('2D SPACE',''
  ) );
#2147 = ADVANCED_FACE('',(#2148),#599,.F.);
#2148 = FACE_BOUND('',#2149,.F.);
#2149 = EDGE_LOOP('',(#2150,#2151,#2152,#2174));
#2150 = ORIENTED_EDGE('',*,*,#2095,.F.);
#2151 = ORIENTED_EDGE('',*,*,#582,.T.);
#2152 = ORIENTED_EDGE('',*,*,#2153,.T.);
#2153 = EDGE_CURVE('',#555,#2154,#2156,.T.);
#2154 = VERTEX_POINT('',#2155);
#2155 = CARTESIAN_POINT('',(-32.,15.,-11.));
#2156 = SURFACE_CURVE('',#2157,(#2162,#2168),.PCURVE_S1.);
#2157 = CIRCLE('',#2158,3.);
#2158 = AXIS2_PLACEMENT_3D('',#2159,#2160,#2161);
#2159 = CARTESIAN_POINT('',(-32.,18.,-11.));
#2160 = DIRECTION('',(1.,1.361406421982E-16,0.));
#2161 = DIRECTION('',(-1.361406421982E-16,1.,0.));
#2162 = PCURVE('',#599,#2163);
#2163 = DEFINITIONAL_REPRESENTATION('',(#2164),#2167);
#2164 = B_SPLINE_CURVE_WITH_KNOTS('',1,(#2165,#2166),.UNSPECIFIED.,.F.,
  .F.,(2,2),(1.570796326795,3.14159265359),.PIECEWISE_BEZIER_KNOTS.);
#2165 = CARTESIAN_POINT('',(1.570796326795,1.570796326795));
#2166 = CARTESIAN_POINT('',(1.570796326795,3.14159265359));
#2167 = ( GEOMETRIC_REPRESENTATION_CONTEXT(2) 
PARAMETRIC_REPRESENTATION_CONTEXT() REPRESENTATION_CONTEXT('2D SPACE',''
  ) );
#2168 = PCURVE('',#570,#2169);
#2169 = DEFINITIONAL_REPRESENTATION('',(#2170),#2173);
#2170 = B_SPLINE_CURVE_WITH_KNOTS('',1,(#2171,#2172),.UNSPECIFIED.,.F.,
  .F.,(2,2),(1.570796326795,3.14159265359),.PIECEWISE_BEZIER_KNOTS.);
#2171 = CARTESIAN_POINT('',(0.,0.));
#2172 = CARTESIAN_POINT('',(-1.570796326795,0.));
#2173 = ( GEOMETRIC_REPRESENTATION_CONTEXT(2) 
PARAMETRIC_REPRESENTATION_CONTEXT() REPRESENTATION_CONTEXT('2D SPACE',''
  ) );
#2174 = ORIENTED_EDGE('',*,*,#2175,.F.);
#2175 = EDGE_CURVE('',#2096,#2154,#2176,.T.);
#2176 = SURFACE_CURVE('',#2177,(#2182,#2189),.PCURVE_S1.);
#2177 = CIRCLE('',#2178,9.);
#2178 = AXIS2_PLACEMENT_3D('',#2179,#2180,#2181);
#2179 = CARTESIAN_POINT('',(-32.,6.,-11.));
#2180 = DIRECTION('',(-0.,0.,1.));
#2181 = DIRECTION('',(1.,1.973729821556E-16,0.));
#2182 = PCURVE('',#599,#2183);
#2183 = DEFINITIONAL_REPRESENTATION('',(#2184),#2188);
#2184 = LINE('',#2185,#2186);
#2185 = CARTESIAN_POINT('',(0.,3.14159265359));
#2186 = VECTOR('',#2187,1.);
#2187 = DIRECTION('',(1.,0.));
#2188 = ( GEOMETRIC_REPRESENTATION_CONTEXT(2) 
PARAMETRIC_REPRESENTATION_CONTEXT() REPRESENTATION_CONTEXT('2D SPACE',''
  ) );
#2189 = PCURVE('',#2136,#2190);
#2190 = DEFINITIONAL_REPRESENTATION('',(#2191),#2195);
#2191 = LINE('',#2192,#2193);
#2192 = CARTESIAN_POINT('',(0.,99.));
#2193 = VECTOR('',#2194,1.);
#2194 = DIRECTION('',(1.,0.));
#2195 = ( GEOMETRIC_REPRESENTATION_CONTEXT(2) 
PARAMETRIC_REPRESENTATION_CONTEXT() REPRESENTATION_CONTEXT('2D SPACE',''
  ) );
#2196 = ADVANCED_FACE('',(#2197),#570,.F.);
#2197 = FACE_BOUND('',#2198,.T.);
#2198 = EDGE_LOOP('',(#2199,#2200,#2228,#2248));
#2199 = ORIENTED_EDGE('',*,*,#2153,.T.);
#2200 = ORIENTED_EDGE('',*,*,#2201,.T.);
#2201 = EDGE_CURVE('',#2154,#2202,#2204,.T.);
#2202 = VERTEX_POINT('',#2203);
#2203 = CARTESIAN_POINT('',(-62.,15.,-11.));
#2204 = SURFACE_CURVE('',#2205,(#2209,#2216),.PCURVE_S1.);
#2205 = LINE('',#2206,#2207);
#2206 = CARTESIAN_POINT('',(-32.,15.,-11.));
#2207 = VECTOR('',#2208,1.);
#2208 = DIRECTION('',(-1.,0.,-0.));
#2209 = PCURVE('',#570,#2210);
#2210 = DEFINITIONAL_REPRESENTATION('',(#2211),#2215);
#2211 = LINE('',#2212,#2213);
#2212 = CARTESIAN_POINT('',(-1.570796326795,0.));
#2213 = VECTOR('',#2214,1.);
#2214 = DIRECTION('',(-0.,1.));
#2215 = ( GEOMETRIC_REPRESENTATION_CONTEXT(2) 
PARAMETRIC_REPRESENTATION_CONTEXT() REPRESENTATION_CONTEXT('2D SPACE',''
  ) );
#2216 = PCURVE('',#2217,#2222);
#2217 = PLANE('',#2218);
#2218 = AXIS2_PLACEMENT_3D('',#2219,#2220,#2221);
#2219 = CARTESIAN_POINT('',(-71.,15.,-110.));
#2220 = DIRECTION('',(0.,1.,0.));
#2221 = DIRECTION('',(0.,0.,1.));
#2222 = DEFINITIONAL_REPRESENTATION('',(#2223),#2227);
#2223 = LINE('',#2224,#2225);
#2224 = CARTESIAN_POINT('',(99.,39.));
#2225 = VECTOR('',#2226,1.);
#2226 = DIRECTION('',(0.,-1.));
#2227 = ( GEOMETRIC_REPRESENTATION_CONTEXT(2) 
PARAMETRIC_REPRESENTATION_CONTEXT() REPRESENTATION_CONTEXT('2D SPACE',''
  ) );
#2228 = ORIENTED_EDGE('',*,*,#2229,.F.);
#2229 = EDGE_CURVE('',#526,#2202,#2230,.T.);
#2230 = SURFACE_CURVE('',#2231,(#2236,#2242),.PCURVE_S1.);
#2231 = CIRCLE('',#2232,3.);
#2232 = AXIS2_PLACEMENT_3D('',#2233,#2234,#2235);
#2233 = CARTESIAN_POINT('',(-62.,18.,-11.));
#2234 = DIRECTION('',(1.,-0.,0.));
#2235 = DIRECTION('',(0.,0.,1.));
#2236 = PCURVE('',#570,#2237);
#2237 = DEFINITIONAL_REPRESENTATION('',(#2238),#2241);
#2238 = B_SPLINE_CURVE_WITH_KNOTS('',1,(#2239,#2240),.UNSPECIFIED.,.F.,
  .F.,(2,2),(0.,1.570796326795),.PIECEWISE_BEZIER_KNOTS.);
#2239 = CARTESIAN_POINT('',(0.,30.));
#2240 = CARTESIAN_POINT('',(-1.570796326795,30.));
#2241 = ( GEOMETRIC_REPRESENTATION_CONTEXT(2) 
PARAMETRIC_REPRESENTATION_CONTEXT() REPRESENTATION_CONTEXT('2D SPACE',''
  ) );
#2242 = PCURVE('',#542,#2243);
#2243 = DEFINITIONAL_REPRESENTATION('',(#2244),#2247);
#2244 = B_SPLINE_CURVE_WITH_KNOTS('',1,(#2245,#2246),.UNSPECIFIED.,.F.,
  .F.,(2,2),(0.,1.570796326795),.PIECEWISE_BEZIER_KNOTS.);
#2245 = CARTESIAN_POINT('',(0.,1.570796326795));
#2246 = CARTESIAN_POINT('',(0.,3.14159265359));
#2247 = ( GEOMETRIC_REPRESENTATION_CONTEXT(2) 
PARAMETRIC_REPRESENTATION_CONTEXT() REPRESENTATION_CONTEXT('2D SPACE',''
  ) );
#2248 = ORIENTED_EDGE('',*,*,#554,.F.);
#2249 = ADVANCED_FACE('',(#2250),#542,.F.);
#2250 = FACE_BOUND('',#2251,.F.);
#2251 = EDGE_LOOP('',(#2252,#2253,#2254,#2276));
#2252 = ORIENTED_EDGE('',*,*,#2229,.F.);
#2253 = ORIENTED_EDGE('',*,*,#525,.T.);
#2254 = ORIENTED_EDGE('',*,*,#2255,.T.);
#2255 = EDGE_CURVE('',#498,#2256,#2258,.T.);
#2256 = VERTEX_POINT('',#2257);
#2257 = CARTESIAN_POINT('',(-71.,6.,-11.));
#2258 = SURFACE_CURVE('',#2259,(#2264,#2270),.PCURVE_S1.);
#2259 = CIRCLE('',#2260,3.);
#2260 = AXIS2_PLACEMENT_3D('',#2261,#2262,#2263);
#2261 = CARTESIAN_POINT('',(-74.,6.,-11.));
#2262 = DIRECTION('',(6.123233995737E-17,1.,0.));
#2263 = DIRECTION('',(-1.,6.123233995737E-17,0.));
#2264 = PCURVE('',#542,#2265);
#2265 = DEFINITIONAL_REPRESENTATION('',(#2266),#2269);
#2266 = B_SPLINE_CURVE_WITH_KNOTS('',1,(#2267,#2268),.UNSPECIFIED.,.F.,
  .F.,(2,2),(1.570796326795,3.14159265359),.PIECEWISE_BEZIER_KNOTS.);
#2267 = CARTESIAN_POINT('',(1.570796326795,1.570796326795));
#2268 = CARTESIAN_POINT('',(1.570796326795,3.14159265359));
#2269 = ( GEOMETRIC_REPRESENTATION_CONTEXT(2) 
PARAMETRIC_REPRESENTATION_CONTEXT() REPRESENTATION_CONTEXT('2D SPACE',''
  ) );
#2270 = PCURVE('',#513,#2271);
#2271 = DEFINITIONAL_REPRESENTATION('',(#2272),#2275);
#2272 = B_SPLINE_CURVE_WITH_KNOTS('',1,(#2273,#2274),.UNSPECIFIED.,.F.,
  .F.,(2,2),(1.570796326795,3.14159265359),.PIECEWISE_BEZIER_KNOTS.);
#2273 = CARTESIAN_POINT('',(0.,0.));
#2274 = CARTESIAN_POINT('',(-1.570796326795,0.));
#2275 = ( GEOMETRIC_REPRESENTATION_CONTEXT(2) 
PARAMETRIC_REPRESENTATION_CONTEXT() REPRESENTATION_CONTEXT('2D SPACE',''
  ) );
#2276 = ORIENTED_EDGE('',*,*,#2277,.F.);
#2277 = EDGE_CURVE('',#2202,#2256,#2278,.T.);
#2278 = SURFACE_CURVE('',#2279,(#2284,#2291),.PCURVE_S1.);
#2279 = CIRCLE('',#2280,9.);
#2280 = AXIS2_PLACEMENT_3D('',#2281,#2282,#2283);
#2281 = CARTESIAN_POINT('',(-62.,6.,-11.));
#2282 = DIRECTION('',(-0.,0.,1.));
#2283 = DIRECTION('',(0.,1.,0.));
#2284 = PCURVE('',#542,#2285);
#2285 = DEFINITIONAL_REPRESENTATION('',(#2286),#2290);
#2286 = LINE('',#2287,#2288);
#2287 = CARTESIAN_POINT('',(0.,3.14159265359));
#2288 = VECTOR('',#2289,1.);
#2289 = DIRECTION('',(1.,0.));
#2290 = ( GEOMETRIC_REPRESENTATION_CONTEXT(2) 
PARAMETRIC_REPRESENTATION_CONTEXT() REPRESENTATION_CONTEXT('2D SPACE',''
  ) );
#2291 = PCURVE('',#2292,#2297);
#2292 = CYLINDRICAL_SURFACE('',#2293,9.);
#2293 = AXIS2_PLACEMENT_3D('',#2294,#2295,#2296);
#2294 = CARTESIAN_POINT('',(-62.,6.,-110.));
#2295 = DIRECTION('',(0.,0.,1.));
#2296 = DIRECTION('',(-1.,-0.,0.));
#2297 = DEFINITIONAL_REPRESENTATION('',(#2298),#2302);
#2298 = LINE('',#2299,#2300);
#2299 = CARTESIAN_POINT('',(-1.570796326795,99.));
#2300 = VECTOR('',#2301,1.);
#2301 = DIRECTION('',(1.,-0.));
#2302 = ( GEOMETRIC_REPRESENTATION_CONTEXT(2) 
PARAMETRIC_REPRESENTATION_CONTEXT() REPRESENTATION_CONTEXT('2D SPACE',''
  ) );
#2303 = ADVANCED_FACE('',(#2304),#513,.F.);
#2304 = FACE_BOUND('',#2305,.T.);
#2305 = EDGE_LOOP('',(#2306,#2307,#2333,#2334));
#2306 = ORIENTED_EDGE('',*,*,#2255,.T.);
#2307 = ORIENTED_EDGE('',*,*,#2308,.T.);
#2308 = EDGE_CURVE('',#2256,#1660,#2309,.T.);
#2309 = SURFACE_CURVE('',#2310,(#2314,#2321),.PCURVE_S1.);
#2310 = LINE('',#2311,#2312);
#2311 = CARTESIAN_POINT('',(-71.,6.,-11.));
#2312 = VECTOR('',#2313,1.);
#2313 = DIRECTION('',(-0.,-1.,0.));
#2314 = PCURVE('',#513,#2315);
#2315 = DEFINITIONAL_REPRESENTATION('',(#2316),#2320);
#2316 = LINE('',#2317,#2318);
#2317 = CARTESIAN_POINT('',(-1.570796326795,0.));
#2318 = VECTOR('',#2319,1.);
#2319 = DIRECTION('',(-0.,1.));
#2320 = ( GEOMETRIC_REPRESENTATION_CONTEXT(2) 
PARAMETRIC_REPRESENTATION_CONTEXT() REPRESENTATION_CONTEXT('2D SPACE',''
  ) );
#2321 = PCURVE('',#2322,#2327);
#2322 = PLANE('',#2323);
#2323 = AXIS2_PLACEMENT_3D('',#2324,#2325,#2326);
#2324 = CARTESIAN_POINT('',(-71.,-15.,-110.));
#2325 = DIRECTION('',(1.,0.,0.));
#2326 = DIRECTION('',(0.,0.,1.));
#2327 = DEFINITIONAL_REPRESENTATION('',(#2328),#2332);
#2328 = LINE('',#2329,#2330);
#2329 = CARTESIAN_POINT('',(99.,-21.));
#2330 = VECTOR('',#2331,1.);
#2331 = DIRECTION('',(0.,1.));
#2332 = ( GEOMETRIC_REPRESENTATION_CONTEXT(2) 
PARAMETRIC_REPRESENTATION_CONTEXT() REPRESENTATION_CONTEXT('2D SPACE',''
  ) );
#2333 = ORIENTED_EDGE('',*,*,#1659,.F.);
#2334 = ORIENTED_EDGE('',*,*,#497,.F.);
#2335 = ADVANCED_FACE('',(#2336),#765,.F.);
#2336 = FACE_BOUND('',#2337,.F.);
#2337 = EDGE_LOOP('',(#2338,#2364,#2365,#2366));
#2338 = ORIENTED_EDGE('',*,*,#2339,.T.);
#2339 = EDGE_CURVE('',#826,#931,#2340,.T.);
#2340 = SURFACE_CURVE('',#2341,(#2345,#2352),.PCURVE_S1.);
#2341 = LINE('',#2342,#2343);
#2342 = CARTESIAN_POINT('',(-117.,35.2,-0.6));
#2343 = VECTOR('',#2344,1.);
#2344 = DIRECTION('',(0.,-1.,0.));
#2345 = PCURVE('',#765,#2346);
#2346 = DEFINITIONAL_REPRESENTATION('',(#2347),#2351);
#2347 = LINE('',#2348,#2349);
#2348 = CARTESIAN_POINT('',(0.,0.));
#2349 = VECTOR('',#2350,1.);
#2350 = DIRECTION('',(0.,-1.));
#2351 = ( GEOMETRIC_REPRESENTATION_CONTEXT(2) 
PARAMETRIC_REPRESENTATION_CONTEXT() REPRESENTATION_CONTEXT('2D SPACE',''
  ) );
#2352 = PCURVE('',#2353,#2358);
#2353 = PLANE('',#2354);
#2354 = AXIS2_PLACEMENT_3D('',#2355,#2356,#2357);
#2355 = CARTESIAN_POINT('',(-116.4,35.2,0.));
#2356 = DIRECTION('',(0.707106781187,0.,-0.707106781187));
#2357 = DIRECTION('',(-0.707106781187,0.,-0.707106781187));
#2358 = DEFINITIONAL_REPRESENTATION('',(#2359),#2363);
#2359 = LINE('',#2360,#2361);
#2360 = CARTESIAN_POINT('',(0.848528137424,0.));
#2361 = VECTOR('',#2362,1.);
#2362 = DIRECTION('',(-0.,-1.));
#2363 = ( GEOMETRIC_REPRESENTATION_CONTEXT(2) 
PARAMETRIC_REPRESENTATION_CONTEXT() REPRESENTATION_CONTEXT('2D SPACE',''
  ) );
#2364 = ORIENTED_EDGE('',*,*,#958,.T.);
#2365 = ORIENTED_EDGE('',*,*,#747,.F.);
#2366 = ORIENTED_EDGE('',*,*,#853,.F.);
#2367 = ADVANCED_FACE('',(#2368),#841,.T.);
#2368 = FACE_BOUND('',#2369,.F.);
#2369 = EDGE_LOOP('',(#2370,#2398,#2421,#2442));
#2370 = ORIENTED_EDGE('',*,*,#2371,.F.);
#2371 = EDGE_CURVE('',#2372,#824,#2374,.T.);
#2372 = VERTEX_POINT('',#2373);
#2373 = CARTESIAN_POINT('',(-1.1,34.6,-9.436895709314E-16));
#2374 = SURFACE_CURVE('',#2375,(#2379,#2386),.PCURVE_S1.);
#2375 = LINE('',#2376,#2377);
#2376 = CARTESIAN_POINT('',(-0.7,35.,-0.4));
#2377 = VECTOR('',#2378,1.);
#2378 = DIRECTION('',(0.57735026919,0.57735026919,-0.57735026919));
#2379 = PCURVE('',#841,#2380);
#2380 = DEFINITIONAL_REPRESENTATION('',(#2381),#2385);
#2381 = LINE('',#2382,#2383);
#2382 = CARTESIAN_POINT('',(0.4,0.141421356237));
#2383 = VECTOR('',#2384,1.);
#2384 = DIRECTION('',(0.57735026919,0.816496580928));
#2385 = ( GEOMETRIC_REPRESENTATION_CONTEXT(2) 
PARAMETRIC_REPRESENTATION_CONTEXT() REPRESENTATION_CONTEXT('2D SPACE',''
  ) );
#2386 = PCURVE('',#2387,#2392);
#2387 = PLANE('',#2388);
#2388 = AXIS2_PLACEMENT_3D('',#2389,#2390,#2391);
#2389 = CARTESIAN_POINT('',(-0.5,35.2,-0.6));
#2390 = DIRECTION('',(-0.707106781187,-0.,-0.707106781187));
#2391 = DIRECTION('',(-0.707106781187,0.,0.707106781187));
#2392 = DEFINITIONAL_REPRESENTATION('',(#2393),#2397);
#2393 = LINE('',#2394,#2395);
#2394 = CARTESIAN_POINT('',(0.282842712475,-0.2));
#2395 = VECTOR('',#2396,1.);
#2396 = DIRECTION('',(-0.816496580928,0.57735026919));
#2397 = ( GEOMETRIC_REPRESENTATION_CONTEXT(2) 
PARAMETRIC_REPRESENTATION_CONTEXT() REPRESENTATION_CONTEXT('2D SPACE',''
  ) );
#2398 = ORIENTED_EDGE('',*,*,#2399,.T.);
#2399 = EDGE_CURVE('',#2372,#2400,#2402,.T.);
#2400 = VERTEX_POINT('',#2401);
#2401 = CARTESIAN_POINT('',(-116.4,34.6,-9.436895709314E-16));
#2402 = SURFACE_CURVE('',#2403,(#2407,#2414),.PCURVE_S1.);
#2403 = LINE('',#2404,#2405);
#2404 = CARTESIAN_POINT('',(-1.1,34.6,0.));
#2405 = VECTOR('',#2406,1.);
#2406 = DIRECTION('',(-1.,0.,0.));
#2407 = PCURVE('',#841,#2408);
#2408 = DEFINITIONAL_REPRESENTATION('',(#2409),#2413);
#2409 = LINE('',#2410,#2411);
#2410 = CARTESIAN_POINT('',(-0.,-0.424264068712));
#2411 = VECTOR('',#2412,1.);
#2412 = DIRECTION('',(-1.,0.));
#2413 = ( GEOMETRIC_REPRESENTATION_CONTEXT(2) 
PARAMETRIC_REPRESENTATION_CONTEXT() REPRESENTATION_CONTEXT('2D SPACE',''
  ) );
#2414 = PCURVE('',#1290,#2415);
#2415 = DEFINITIONAL_REPRESENTATION('',(#2416),#2420);
#2416 = LINE('',#2417,#2418);
#2417 = CARTESIAN_POINT('',(1.33226762955E-15,-0.6));
#2418 = VECTOR('',#2419,1.);
#2419 = DIRECTION('',(1.,0.));
#2420 = ( GEOMETRIC_REPRESENTATION_CONTEXT(2) 
PARAMETRIC_REPRESENTATION_CONTEXT() REPRESENTATION_CONTEXT('2D SPACE',''
  ) );
#2421 = ORIENTED_EDGE('',*,*,#2422,.T.);
#2422 = EDGE_CURVE('',#2400,#826,#2423,.T.);
#2423 = SURFACE_CURVE('',#2424,(#2428,#2435),.PCURVE_S1.);
#2424 = LINE('',#2425,#2426);
#2425 = CARTESIAN_POINT('',(-97.38333333333,15.583333333333,
    19.016666666667));
#2426 = VECTOR('',#2427,1.);
#2427 = DIRECTION('',(-0.57735026919,0.57735026919,-0.57735026919));
#2428 = PCURVE('',#841,#2429);
#2429 = DEFINITIONAL_REPRESENTATION('',(#2430),#2434);
#2430 = LINE('',#2431,#2432);
#2431 = CARTESIAN_POINT('',(-96.28333333333,-27.31789197984));
#2432 = VECTOR('',#2433,1.);
#2433 = DIRECTION('',(-0.57735026919,0.816496580928));
#2434 = ( GEOMETRIC_REPRESENTATION_CONTEXT(2) 
PARAMETRIC_REPRESENTATION_CONTEXT() REPRESENTATION_CONTEXT('2D SPACE',''
  ) );
#2435 = PCURVE('',#2353,#2436);
#2436 = DEFINITIONAL_REPRESENTATION('',(#2437),#2441);
#2437 = LINE('',#2438,#2439);
#2438 = CARTESIAN_POINT('',(-26.89362791112,-19.61666666666));
#2439 = VECTOR('',#2440,1.);
#2440 = DIRECTION('',(0.816496580928,0.57735026919));
#2441 = ( GEOMETRIC_REPRESENTATION_CONTEXT(2) 
PARAMETRIC_REPRESENTATION_CONTEXT() REPRESENTATION_CONTEXT('2D SPACE',''
  ) );
#2442 = ORIENTED_EDGE('',*,*,#823,.F.);
#2443 = ADVANCED_FACE('',(#2444),#913,.F.);
#2444 = FACE_BOUND('',#2445,.F.);
#2445 = EDGE_LOOP('',(#2446,#2447,#2448,#2469));
#2446 = ORIENTED_EDGE('',*,*,#1030,.T.);
#2447 = ORIENTED_EDGE('',*,*,#1004,.T.);
#2448 = ORIENTED_EDGE('',*,*,#2449,.F.);
#2449 = EDGE_CURVE('',#824,#929,#2450,.T.);
#2450 = SURFACE_CURVE('',#2451,(#2455,#2462),.PCURVE_S1.);
#2451 = LINE('',#2452,#2453);
#2452 = CARTESIAN_POINT('',(-0.5,35.2,-0.6));
#2453 = VECTOR('',#2454,1.);
#2454 = DIRECTION('',(0.,-1.,0.));
#2455 = PCURVE('',#913,#2456);
#2456 = DEFINITIONAL_REPRESENTATION('',(#2457),#2461);
#2457 = LINE('',#2458,#2459);
#2458 = CARTESIAN_POINT('',(2.4,0.));
#2459 = VECTOR('',#2460,1.);
#2460 = DIRECTION('',(0.,-1.));
#2461 = ( GEOMETRIC_REPRESENTATION_CONTEXT(2) 
PARAMETRIC_REPRESENTATION_CONTEXT() REPRESENTATION_CONTEXT('2D SPACE',''
  ) );
#2462 = PCURVE('',#2387,#2463);
#2463 = DEFINITIONAL_REPRESENTATION('',(#2464),#2468);
#2464 = LINE('',#2465,#2466);
#2465 = CARTESIAN_POINT('',(0.,0.));
#2466 = VECTOR('',#2467,1.);
#2467 = DIRECTION('',(0.,-1.));
#2468 = ( GEOMETRIC_REPRESENTATION_CONTEXT(2) 
PARAMETRIC_REPRESENTATION_CONTEXT() REPRESENTATION_CONTEXT('2D SPACE',''
  ) );
#2469 = ORIENTED_EDGE('',*,*,#899,.F.);
#2470 = ADVANCED_FACE('',(#2471),#946,.F.);
#2471 = FACE_BOUND('',#2472,.T.);
#2472 = EDGE_LOOP('',(#2473,#2496,#2519,#2540));
#2473 = ORIENTED_EDGE('',*,*,#2474,.F.);
#2474 = EDGE_CURVE('',#2475,#929,#2477,.T.);
#2475 = VERTEX_POINT('',#2476);
#2476 = CARTESIAN_POINT('',(-1.1,-34.6,1.554312234475E-15));
#2477 = SURFACE_CURVE('',#2478,(#2482,#2489),.PCURVE_S1.);
#2478 = LINE('',#2479,#2480);
#2479 = CARTESIAN_POINT('',(-12.43333333333,-23.26666666666,
    11.333333333333));
#2480 = VECTOR('',#2481,1.);
#2481 = DIRECTION('',(0.57735026919,-0.57735026919,-0.57735026919));
#2482 = PCURVE('',#946,#2483);
#2483 = DEFINITIONAL_REPRESENTATION('',(#2484),#2488);
#2484 = LINE('',#2485,#2486);
#2485 = CARTESIAN_POINT('',(-11.33333333333,-16.4520177756));
#2486 = VECTOR('',#2487,1.);
#2487 = DIRECTION('',(0.57735026919,0.816496580928));
#2488 = ( GEOMETRIC_REPRESENTATION_CONTEXT(2) 
PARAMETRIC_REPRESENTATION_CONTEXT() REPRESENTATION_CONTEXT('2D SPACE',''
  ) );
#2489 = PCURVE('',#2387,#2490);
#2490 = DEFINITIONAL_REPRESENTATION('',(#2491),#2495);
#2491 = LINE('',#2492,#2493);
#2492 = CARTESIAN_POINT('',(16.876281844319,-58.46666666666));
#2493 = VECTOR('',#2494,1.);
#2494 = DIRECTION('',(-0.816496580928,-0.57735026919));
#2495 = ( GEOMETRIC_REPRESENTATION_CONTEXT(2) 
PARAMETRIC_REPRESENTATION_CONTEXT() REPRESENTATION_CONTEXT('2D SPACE',''
  ) );
#2496 = ORIENTED_EDGE('',*,*,#2497,.T.);
#2497 = EDGE_CURVE('',#2475,#2498,#2500,.T.);
#2498 = VERTEX_POINT('',#2499);
#2499 = CARTESIAN_POINT('',(-116.4,-34.6,1.554312234475E-15));
#2500 = SURFACE_CURVE('',#2501,(#2505,#2512),.PCURVE_S1.);
#2501 = LINE('',#2502,#2503);
#2502 = CARTESIAN_POINT('',(-1.1,-34.6,0.));
#2503 = VECTOR('',#2504,1.);
#2504 = DIRECTION('',(-1.,0.,0.));
#2505 = PCURVE('',#946,#2506);
#2506 = DEFINITIONAL_REPRESENTATION('',(#2507),#2511);
#2507 = LINE('',#2508,#2509);
#2508 = CARTESIAN_POINT('',(-0.,-0.424264068712));
#2509 = VECTOR('',#2510,1.);
#2510 = DIRECTION('',(-1.,0.));
#2511 = ( GEOMETRIC_REPRESENTATION_CONTEXT(2) 
PARAMETRIC_REPRESENTATION_CONTEXT() REPRESENTATION_CONTEXT('2D SPACE',''
  ) );
#2512 = PCURVE('',#1290,#2513);
#2513 = DEFINITIONAL_REPRESENTATION('',(#2514),#2518);
#2514 = LINE('',#2515,#2516);
#2515 = CARTESIAN_POINT('',(1.33226762955E-15,-69.8));
#2516 = VECTOR('',#2517,1.);
#2517 = DIRECTION('',(1.,0.));
#2518 = ( GEOMETRIC_REPRESENTATION_CONTEXT(2) 
PARAMETRIC_REPRESENTATION_CONTEXT() REPRESENTATION_CONTEXT('2D SPACE',''
  ) );
#2519 = ORIENTED_EDGE('',*,*,#2520,.T.);
#2520 = EDGE_CURVE('',#2498,#931,#2521,.T.);
#2521 = SURFACE_CURVE('',#2522,(#2526,#2533),.PCURVE_S1.);
#2522 = LINE('',#2523,#2524);
#2523 = CARTESIAN_POINT('',(-85.65,-3.85,30.75));
#2524 = VECTOR('',#2525,1.);
#2525 = DIRECTION('',(-0.57735026919,-0.57735026919,-0.57735026919));
#2526 = PCURVE('',#946,#2527);
#2527 = DEFINITIONAL_REPRESENTATION('',(#2528),#2532);
#2528 = LINE('',#2529,#2530);
#2529 = CARTESIAN_POINT('',(-84.55,-43.91133111168));
#2530 = VECTOR('',#2531,1.);
#2531 = DIRECTION('',(-0.57735026919,0.816496580928));
#2532 = ( GEOMETRIC_REPRESENTATION_CONTEXT(2) 
PARAMETRIC_REPRESENTATION_CONTEXT() REPRESENTATION_CONTEXT('2D SPACE',''
  ) );
#2533 = PCURVE('',#2353,#2534);
#2534 = DEFINITIONAL_REPRESENTATION('',(#2535),#2539);
#2535 = LINE('',#2536,#2537);
#2536 = CARTESIAN_POINT('',(-43.48706704297,-39.05));
#2537 = VECTOR('',#2538,1.);
#2538 = DIRECTION('',(0.816496580928,-0.57735026919));
#2539 = ( GEOMETRIC_REPRESENTATION_CONTEXT(2) 
PARAMETRIC_REPRESENTATION_CONTEXT() REPRESENTATION_CONTEXT('2D SPACE',''
  ) );
#2540 = ORIENTED_EDGE('',*,*,#928,.F.);
#2541 = ADVANCED_FACE('',(#2542,#2545),#1093,.F.);
#2542 = FACE_BOUND('',#2543,.F.);
#2543 = EDGE_LOOP('',(#2544));
#2544 = ORIENTED_EDGE('',*,*,#1078,.T.);
#2545 = FACE_BOUND('',#2546,.F.);
#2546 = EDGE_LOOP('',(#2547));
#2547 = ORIENTED_EDGE('',*,*,#2548,.F.);
#2548 = EDGE_CURVE('',#2549,#2549,#2551,.T.);
#2549 = VERTEX_POINT('',#2550);
#2550 = CARTESIAN_POINT('',(-109.3,-20.,-2.));
#2551 = SURFACE_CURVE('',#2552,(#2557,#2564),.PCURVE_S1.);
#2552 = CIRCLE('',#2553,1.7);
#2553 = AXIS2_PLACEMENT_3D('',#2554,#2555,#2556);
#2554 = CARTESIAN_POINT('',(-111.,-20.,-2.));
#2555 = DIRECTION('',(0.,0.,1.));
#2556 = DIRECTION('',(1.,0.,-0.));
#2557 = PCURVE('',#1093,#2558);
#2558 = DEFINITIONAL_REPRESENTATION('',(#2559),#2563);
#2559 = CIRCLE('',#2560,1.7);
#2560 = AXIS2_PLACEMENT_2D('',#2561,#2562);
#2561 = CARTESIAN_POINT('',(0.,0.));
#2562 = DIRECTION('',(1.,0.));
#2563 = ( GEOMETRIC_REPRESENTATION_CONTEXT(2) 
PARAMETRIC_REPRESENTATION_CONTEXT() REPRESENTATION_CONTEXT('2D SPACE',''
  ) );
#2564 = PCURVE('',#2565,#2570);
#2565 = CYLINDRICAL_SURFACE('',#2566,1.7);
#2566 = AXIS2_PLACEMENT_3D('',#2567,#2568,#2569);
#2567 = CARTESIAN_POINT('',(-111.,-20.,-2.01));
#2568 = DIRECTION('',(0.,0.,1.));
#2569 = DIRECTION('',(1.,0.,-0.));
#2570 = DEFINITIONAL_REPRESENTATION('',(#2571),#2575);
#2571 = LINE('',#2572,#2573);
#2572 = CARTESIAN_POINT('',(0.,9.999999999999E-03));
#2573 = VECTOR('',#2574,1.);
#2574 = DIRECTION('',(1.,0.));
#2575 = ( GEOMETRIC_REPRESENTATION_CONTEXT(2) 
PARAMETRIC_REPRESENTATION_CONTEXT() REPRESENTATION_CONTEXT('2D SPACE',''
  ) );
#2576 = ADVANCED_FACE('',(#2577),#1170,.T.);
#2577 = FACE_BOUND('',#2578,.T.);
#2578 = EDGE_LOOP('',(#2579,#2580,#2581,#2582));
#2579 = ORIENTED_EDGE('',*,*,#1231,.F.);
#2580 = ORIENTED_EDGE('',*,*,#1157,.T.);
#2581 = ORIENTED_EDGE('',*,*,#1398,.T.);
#2582 = ORIENTED_EDGE('',*,*,#1472,.F.);
#2583 = ADVANCED_FACE('',(#2584,#2630,#2636,#2666,#2892,#3207,#3433,
    #3591,#3626),#1290,.F.);
#2584 = FACE_BOUND('',#2585,.F.);
#2585 = EDGE_LOOP('',(#2586,#2607,#2608,#2629));
#2586 = ORIENTED_EDGE('',*,*,#2587,.T.);
#2587 = EDGE_CURVE('',#2372,#2475,#2588,.T.);
#2588 = SURFACE_CURVE('',#2589,(#2593,#2600),.PCURVE_S1.);
#2589 = LINE('',#2590,#2591);
#2590 = CARTESIAN_POINT('',(-1.1,35.2,0.));
#2591 = VECTOR('',#2592,1.);
#2592 = DIRECTION('',(0.,-1.,0.));
#2593 = PCURVE('',#1290,#2594);
#2594 = DEFINITIONAL_REPRESENTATION('',(#2595),#2599);
#2595 = LINE('',#2596,#2597);
#2596 = CARTESIAN_POINT('',(0.,0.));
#2597 = VECTOR('',#2598,1.);
#2598 = DIRECTION('',(0.,-1.));
#2599 = ( GEOMETRIC_REPRESENTATION_CONTEXT(2) 
PARAMETRIC_REPRESENTATION_CONTEXT() REPRESENTATION_CONTEXT('2D SPACE',''
  ) );
#2600 = PCURVE('',#2387,#2601);
#2601 = DEFINITIONAL_REPRESENTATION('',(#2602),#2606);
#2602 = LINE('',#2603,#2604);
#2603 = CARTESIAN_POINT('',(0.848528137424,0.));
#2604 = VECTOR('',#2605,1.);
#2605 = DIRECTION('',(0.,-1.));
#2606 = ( GEOMETRIC_REPRESENTATION_CONTEXT(2) 
PARAMETRIC_REPRESENTATION_CONTEXT() REPRESENTATION_CONTEXT('2D SPACE',''
  ) );
#2607 = ORIENTED_EDGE('',*,*,#2497,.T.);
#2608 = ORIENTED_EDGE('',*,*,#2609,.F.);
#2609 = EDGE_CURVE('',#2400,#2498,#2610,.T.);
#2610 = SURFACE_CURVE('',#2611,(#2615,#2622),.PCURVE_S1.);
#2611 = LINE('',#2612,#2613);
#2612 = CARTESIAN_POINT('',(-116.4,35.2,0.));
#2613 = VECTOR('',#2614,1.);
#2614 = DIRECTION('',(0.,-1.,0.));
#2615 = PCURVE('',#1290,#2616);
#2616 = DEFINITIONAL_REPRESENTATION('',(#2617),#2621);
#2617 = LINE('',#2618,#2619);
#2618 = CARTESIAN_POINT('',(115.3,0.));
#2619 = VECTOR('',#2620,1.);
#2620 = DIRECTION('',(0.,-1.));
#2621 = ( GEOMETRIC_REPRESENTATION_CONTEXT(2) 
PARAMETRIC_REPRESENTATION_CONTEXT() REPRESENTATION_CONTEXT('2D SPACE',''
  ) );
#2622 = PCURVE('',#2353,#2623);
#2623 = DEFINITIONAL_REPRESENTATION('',(#2624),#2628);
#2624 = LINE('',#2625,#2626);
#2625 = CARTESIAN_POINT('',(0.,0.));
#2626 = VECTOR('',#2627,1.);
#2627 = DIRECTION('',(-0.,-1.));
#2628 = ( GEOMETRIC_REPRESENTATION_CONTEXT(2) 
PARAMETRIC_REPRESENTATION_CONTEXT() REPRESENTATION_CONTEXT('2D SPACE',''
  ) );
#2629 = ORIENTED_EDGE('',*,*,#2399,.F.);
#2630 = FACE_BOUND('',#2631,.F.);
#2631 = EDGE_LOOP('',(#2632,#2633,#2634,#2635));
#2632 = ORIENTED_EDGE('',*,*,#1329,.T.);
#2633 = ORIENTED_EDGE('',*,*,#1422,.T.);
#2634 = ORIENTED_EDGE('',*,*,#1447,.F.);
#2635 = ORIENTED_EDGE('',*,*,#1277,.F.);
#2636 = FACE_BOUND('',#2637,.F.);
#2637 = EDGE_LOOP('',(#2638));
#2638 = ORIENTED_EDGE('',*,*,#2639,.T.);
#2639 = EDGE_CURVE('',#2640,#2640,#2642,.T.);
#2640 = VERTEX_POINT('',#2641);
#2641 = CARTESIAN_POINT('',(-109.3,-20.,0.));
#2642 = SURFACE_CURVE('',#2643,(#2648,#2659),.PCURVE_S1.);
#2643 = CIRCLE('',#2644,1.7);
#2644 = AXIS2_PLACEMENT_3D('',#2645,#2646,#2647);
#2645 = CARTESIAN_POINT('',(-111.,-20.,0.));
#2646 = DIRECTION('',(0.,0.,1.));
#2647 = DIRECTION('',(1.,0.,-0.));
#2648 = PCURVE('',#1290,#2649);
#2649 = DEFINITIONAL_REPRESENTATION('',(#2650),#2658);
#2650 = ( BOUNDED_CURVE() B_SPLINE_CURVE(2,(#2651,#2652,#2653,#2654,
#2655,#2656,#2657),.UNSPECIFIED.,.T.,.F.) B_SPLINE_CURVE_WITH_KNOTS((1,2
    ,2,2,2,1),(-2.094395102393,0.,2.094395102393,4.188790204786,
6.28318530718,8.377580409573),.UNSPECIFIED.) CURVE() 
GEOMETRIC_REPRESENTATION_ITEM() RATIONAL_B_SPLINE_CURVE((1.,0.5,1.,0.5,
1.,0.5,1.)) REPRESENTATION_ITEM('') );
#2651 = CARTESIAN_POINT('',(108.2,-55.2));
#2652 = CARTESIAN_POINT('',(108.2,-52.25551362713));
#2653 = CARTESIAN_POINT('',(110.75,-53.72775681356));
#2654 = CARTESIAN_POINT('',(113.3,-55.2));
#2655 = CARTESIAN_POINT('',(110.75,-56.67224318643));
#2656 = CARTESIAN_POINT('',(108.2,-58.14448637286));
#2657 = CARTESIAN_POINT('',(108.2,-55.2));
#2658 = ( GEOMETRIC_REPRESENTATION_CONTEXT(2) 
PARAMETRIC_REPRESENTATION_CONTEXT() REPRESENTATION_CONTEXT('2D SPACE',''
  ) );
#2659 = PCURVE('',#2565,#2660);
#2660 = DEFINITIONAL_REPRESENTATION('',(#2661),#2665);
#2661 = LINE('',#2662,#2663);
#2662 = CARTESIAN_POINT('',(0.,2.01));
#2663 = VECTOR('',#2664,1.);
#2664 = DIRECTION('',(1.,0.));
#2665 = ( GEOMETRIC_REPRESENTATION_CONTEXT(2) 
PARAMETRIC_REPRESENTATION_CONTEXT() REPRESENTATION_CONTEXT('2D SPACE',''
  ) );
#2666 = FACE_BOUND('',#2667,.F.);
#2667 = EDGE_LOOP('',(#2668,#2698,#2726,#2754,#2782,#2810,#2838,#2866));
#2668 = ORIENTED_EDGE('',*,*,#2669,.F.);
#2669 = EDGE_CURVE('',#2670,#2672,#2674,.T.);
#2670 = VERTEX_POINT('',#2671);
#2671 = CARTESIAN_POINT('',(-12.25,-18.25,0.));
#2672 = VERTEX_POINT('',#2673);
#2673 = CARTESIAN_POINT('',(-12.25,-13.25,0.));
#2674 = SURFACE_CURVE('',#2675,(#2679,#2686),.PCURVE_S1.);
#2675 = LINE('',#2676,#2677);
#2676 = CARTESIAN_POINT('',(-12.25,-18.25,0.));
#2677 = VECTOR('',#2678,1.);
#2678 = DIRECTION('',(-0.,1.,0.));
#2679 = PCURVE('',#1290,#2680);
#2680 = DEFINITIONAL_REPRESENTATION('',(#2681),#2685);
#2681 = LINE('',#2682,#2683);
#2682 = CARTESIAN_POINT('',(11.15,-53.45));
#2683 = VECTOR('',#2684,1.);
#2684 = DIRECTION('',(0.,1.));
#2685 = ( GEOMETRIC_REPRESENTATION_CONTEXT(2) 
PARAMETRIC_REPRESENTATION_CONTEXT() REPRESENTATION_CONTEXT('2D SPACE',''
  ) );
#2686 = PCURVE('',#2687,#2692);
#2687 = PLANE('',#2688);
#2688 = AXIS2_PLACEMENT_3D('',#2689,#2690,#2691);
#2689 = CARTESIAN_POINT('',(-12.25,-18.25,-1.6));
#2690 = DIRECTION('',(1.,0.,-0.));
#2691 = DIRECTION('',(0.,0.,1.));
#2692 = DEFINITIONAL_REPRESENTATION('',(#2693),#2697);
#2693 = LINE('',#2694,#2695);
#2694 = CARTESIAN_POINT('',(1.6,0.));
#2695 = VECTOR('',#2696,1.);
#2696 = DIRECTION('',(0.,-1.));
#2697 = ( GEOMETRIC_REPRESENTATION_CONTEXT(2) 
PARAMETRIC_REPRESENTATION_CONTEXT() REPRESENTATION_CONTEXT('2D SPACE',''
  ) );
#2698 = ORIENTED_EDGE('',*,*,#2699,.T.);
#2699 = EDGE_CURVE('',#2670,#2700,#2702,.T.);
#2700 = VERTEX_POINT('',#2701);
#2701 = CARTESIAN_POINT('',(-3.75,-18.25,0.));
#2702 = SURFACE_CURVE('',#2703,(#2707,#2714),.PCURVE_S1.);
#2703 = LINE('',#2704,#2705);
#2704 = CARTESIAN_POINT('',(-12.25,-18.25,0.));
#2705 = VECTOR('',#2706,1.);
#2706 = DIRECTION('',(1.,0.,-0.));
#2707 = PCURVE('',#1290,#2708);
#2708 = DEFINITIONAL_REPRESENTATION('',(#2709),#2713);
#2709 = LINE('',#2710,#2711);
#2710 = CARTESIAN_POINT('',(11.15,-53.45));
#2711 = VECTOR('',#2712,1.);
#2712 = DIRECTION('',(-1.,0.));
#2713 = ( GEOMETRIC_REPRESENTATION_CONTEXT(2) 
PARAMETRIC_REPRESENTATION_CONTEXT() REPRESENTATION_CONTEXT('2D SPACE',''
  ) );
#2714 = PCURVE('',#2715,#2720);
#2715 = PLANE('',#2716);
#2716 = AXIS2_PLACEMENT_3D('',#2717,#2718,#2719);
#2717 = CARTESIAN_POINT('',(-12.25,-18.25,-1.6));
#2718 = DIRECTION('',(-0.,1.,0.));
#2719 = DIRECTION('',(0.,0.,1.));
#2720 = DEFINITIONAL_REPRESENTATION('',(#2721),#2725);
#2721 = LINE('',#2722,#2723);
#2722 = CARTESIAN_POINT('',(1.6,0.));
#2723 = VECTOR('',#2724,1.);
#2724 = DIRECTION('',(0.,1.));
#2725 = ( GEOMETRIC_REPRESENTATION_CONTEXT(2) 
PARAMETRIC_REPRESENTATION_CONTEXT() REPRESENTATION_CONTEXT('2D SPACE',''
  ) );
#2726 = ORIENTED_EDGE('',*,*,#2727,.T.);
#2727 = EDGE_CURVE('',#2700,#2728,#2730,.T.);
#2728 = VERTEX_POINT('',#2729);
#2729 = CARTESIAN_POINT('',(-3.75,18.25,0.));
#2730 = SURFACE_CURVE('',#2731,(#2735,#2742),.PCURVE_S1.);
#2731 = LINE('',#2732,#2733);
#2732 = CARTESIAN_POINT('',(-3.75,-18.25,0.));
#2733 = VECTOR('',#2734,1.);
#2734 = DIRECTION('',(0.,1.,0.));
#2735 = PCURVE('',#1290,#2736);
#2736 = DEFINITIONAL_REPRESENTATION('',(#2737),#2741);
#2737 = LINE('',#2738,#2739);
#2738 = CARTESIAN_POINT('',(2.65,-53.45));
#2739 = VECTOR('',#2740,1.);
#2740 = DIRECTION('',(0.,1.));
#2741 = ( GEOMETRIC_REPRESENTATION_CONTEXT(2) 
PARAMETRIC_REPRESENTATION_CONTEXT() REPRESENTATION_CONTEXT('2D SPACE',''
  ) );
#2742 = PCURVE('',#2743,#2748);
#2743 = PLANE('',#2744);
#2744 = AXIS2_PLACEMENT_3D('',#2745,#2746,#2747);
#2745 = CARTESIAN_POINT('',(-3.75,-18.25,-1.6));
#2746 = DIRECTION('',(1.,0.,-0.));
#2747 = DIRECTION('',(0.,0.,1.));
#2748 = DEFINITIONAL_REPRESENTATION('',(#2749),#2753);
#2749 = LINE('',#2750,#2751);
#2750 = CARTESIAN_POINT('',(1.6,0.));
#2751 = VECTOR('',#2752,1.);
#2752 = DIRECTION('',(0.,-1.));
#2753 = ( GEOMETRIC_REPRESENTATION_CONTEXT(2) 
PARAMETRIC_REPRESENTATION_CONTEXT() REPRESENTATION_CONTEXT('2D SPACE',''
  ) );
#2754 = ORIENTED_EDGE('',*,*,#2755,.F.);
#2755 = EDGE_CURVE('',#2756,#2728,#2758,.T.);
#2756 = VERTEX_POINT('',#2757);
#2757 = CARTESIAN_POINT('',(-12.25,18.25,0.));
#2758 = SURFACE_CURVE('',#2759,(#2763,#2770),.PCURVE_S1.);
#2759 = LINE('',#2760,#2761);
#2760 = CARTESIAN_POINT('',(-12.25,18.25,0.));
#2761 = VECTOR('',#2762,1.);
#2762 = DIRECTION('',(1.,0.,-0.));
#2763 = PCURVE('',#1290,#2764);
#2764 = DEFINITIONAL_REPRESENTATION('',(#2765),#2769);
#2765 = LINE('',#2766,#2767);
#2766 = CARTESIAN_POINT('',(11.15,-16.95));
#2767 = VECTOR('',#2768,1.);
#2768 = DIRECTION('',(-1.,0.));
#2769 = ( GEOMETRIC_REPRESENTATION_CONTEXT(2) 
PARAMETRIC_REPRESENTATION_CONTEXT() REPRESENTATION_CONTEXT('2D SPACE',''
  ) );
#2770 = PCURVE('',#2771,#2776);
#2771 = PLANE('',#2772);
#2772 = AXIS2_PLACEMENT_3D('',#2773,#2774,#2775);
#2773 = CARTESIAN_POINT('',(-22.25,18.25,-3.9));
#2774 = DIRECTION('',(-0.,1.,0.));
#2775 = DIRECTION('',(0.,0.,1.));
#2776 = DEFINITIONAL_REPRESENTATION('',(#2777),#2781);
#2777 = LINE('',#2778,#2779);
#2778 = CARTESIAN_POINT('',(3.9,10.));
#2779 = VECTOR('',#2780,1.);
#2780 = DIRECTION('',(0.,1.));
#2781 = ( GEOMETRIC_REPRESENTATION_CONTEXT(2) 
PARAMETRIC_REPRESENTATION_CONTEXT() REPRESENTATION_CONTEXT('2D SPACE',''
  ) );
#2782 = ORIENTED_EDGE('',*,*,#2783,.F.);
#2783 = EDGE_CURVE('',#2784,#2756,#2786,.T.);
#2784 = VERTEX_POINT('',#2785);
#2785 = CARTESIAN_POINT('',(-12.25,13.25,0.));
#2786 = SURFACE_CURVE('',#2787,(#2791,#2798),.PCURVE_S1.);
#2787 = LINE('',#2788,#2789);
#2788 = CARTESIAN_POINT('',(-12.25,-18.25,0.));
#2789 = VECTOR('',#2790,1.);
#2790 = DIRECTION('',(-0.,1.,0.));
#2791 = PCURVE('',#1290,#2792);
#2792 = DEFINITIONAL_REPRESENTATION('',(#2793),#2797);
#2793 = LINE('',#2794,#2795);
#2794 = CARTESIAN_POINT('',(11.15,-53.45));
#2795 = VECTOR('',#2796,1.);
#2796 = DIRECTION('',(0.,1.));
#2797 = ( GEOMETRIC_REPRESENTATION_CONTEXT(2) 
PARAMETRIC_REPRESENTATION_CONTEXT() REPRESENTATION_CONTEXT('2D SPACE',''
  ) );
#2798 = PCURVE('',#2799,#2804);
#2799 = PLANE('',#2800);
#2800 = AXIS2_PLACEMENT_3D('',#2801,#2802,#2803);
#2801 = CARTESIAN_POINT('',(-12.25,-18.25,-1.6));
#2802 = DIRECTION('',(1.,0.,-0.));
#2803 = DIRECTION('',(0.,0.,1.));
#2804 = DEFINITIONAL_REPRESENTATION('',(#2805),#2809);
#2805 = LINE('',#2806,#2807);
#2806 = CARTESIAN_POINT('',(1.6,0.));
#2807 = VECTOR('',#2808,1.);
#2808 = DIRECTION('',(0.,-1.));
#2809 = ( GEOMETRIC_REPRESENTATION_CONTEXT(2) 
PARAMETRIC_REPRESENTATION_CONTEXT() REPRESENTATION_CONTEXT('2D SPACE',''
  ) );
#2810 = ORIENTED_EDGE('',*,*,#2811,.F.);
#2811 = EDGE_CURVE('',#2812,#2784,#2814,.T.);
#2812 = VERTEX_POINT('',#2813);
#2813 = CARTESIAN_POINT('',(-22.25,13.25,0.));
#2814 = SURFACE_CURVE('',#2815,(#2819,#2826),.PCURVE_S1.);
#2815 = LINE('',#2816,#2817);
#2816 = CARTESIAN_POINT('',(-22.25,13.25,0.));
#2817 = VECTOR('',#2818,1.);
#2818 = DIRECTION('',(1.,0.,-0.));
#2819 = PCURVE('',#1290,#2820);
#2820 = DEFINITIONAL_REPRESENTATION('',(#2821),#2825);
#2821 = LINE('',#2822,#2823);
#2822 = CARTESIAN_POINT('',(21.15,-21.95));
#2823 = VECTOR('',#2824,1.);
#2824 = DIRECTION('',(-1.,0.));
#2825 = ( GEOMETRIC_REPRESENTATION_CONTEXT(2) 
PARAMETRIC_REPRESENTATION_CONTEXT() REPRESENTATION_CONTEXT('2D SPACE',''
  ) );
#2826 = PCURVE('',#2827,#2832);
#2827 = PLANE('',#2828);
#2828 = AXIS2_PLACEMENT_3D('',#2829,#2830,#2831);
#2829 = CARTESIAN_POINT('',(-22.25,13.25,-1.6));
#2830 = DIRECTION('',(-0.,1.,0.));
#2831 = DIRECTION('',(0.,0.,1.));
#2832 = DEFINITIONAL_REPRESENTATION('',(#2833),#2837);
#2833 = LINE('',#2834,#2835);
#2834 = CARTESIAN_POINT('',(1.6,0.));
#2835 = VECTOR('',#2836,1.);
#2836 = DIRECTION('',(0.,1.));
#2837 = ( GEOMETRIC_REPRESENTATION_CONTEXT(2) 
PARAMETRIC_REPRESENTATION_CONTEXT() REPRESENTATION_CONTEXT('2D SPACE',''
  ) );
#2838 = ORIENTED_EDGE('',*,*,#2839,.F.);
#2839 = EDGE_CURVE('',#2840,#2812,#2842,.T.);
#2840 = VERTEX_POINT('',#2841);
#2841 = CARTESIAN_POINT('',(-22.25,-13.25,0.));
#2842 = SURFACE_CURVE('',#2843,(#2847,#2854),.PCURVE_S1.);
#2843 = LINE('',#2844,#2845);
#2844 = CARTESIAN_POINT('',(-22.25,-13.25,0.));
#2845 = VECTOR('',#2846,1.);
#2846 = DIRECTION('',(-0.,1.,0.));
#2847 = PCURVE('',#1290,#2848);
#2848 = DEFINITIONAL_REPRESENTATION('',(#2849),#2853);
#2849 = LINE('',#2850,#2851);
#2850 = CARTESIAN_POINT('',(21.15,-48.45));
#2851 = VECTOR('',#2852,1.);
#2852 = DIRECTION('',(0.,1.));
#2853 = ( GEOMETRIC_REPRESENTATION_CONTEXT(2) 
PARAMETRIC_REPRESENTATION_CONTEXT() REPRESENTATION_CONTEXT('2D SPACE',''
  ) );
#2854 = PCURVE('',#2855,#2860);
#2855 = PLANE('',#2856);
#2856 = AXIS2_PLACEMENT_3D('',#2857,#2858,#2859);
#2857 = CARTESIAN_POINT('',(-22.25,-13.25,-1.6));
#2858 = DIRECTION('',(1.,0.,-0.));
#2859 = DIRECTION('',(0.,0.,1.));
#2860 = DEFINITIONAL_REPRESENTATION('',(#2861),#2865);
#2861 = LINE('',#2862,#2863);
#2862 = CARTESIAN_POINT('',(1.6,0.));
#2863 = VECTOR('',#2864,1.);
#2864 = DIRECTION('',(0.,-1.));
#2865 = ( GEOMETRIC_REPRESENTATION_CONTEXT(2) 
PARAMETRIC_REPRESENTATION_CONTEXT() REPRESENTATION_CONTEXT('2D SPACE',''
  ) );
#2866 = ORIENTED_EDGE('',*,*,#2867,.T.);
#2867 = EDGE_CURVE('',#2840,#2672,#2868,.T.);
#2868 = SURFACE_CURVE('',#2869,(#2873,#2880),.PCURVE_S1.);
#2869 = LINE('',#2870,#2871);
#2870 = CARTESIAN_POINT('',(-22.25,-13.25,0.));
#2871 = VECTOR('',#2872,1.);
#2872 = DIRECTION('',(1.,0.,-0.));
#2873 = PCURVE('',#1290,#2874);
#2874 = DEFINITIONAL_REPRESENTATION('',(#2875),#2879);
#2875 = LINE('',#2876,#2877);
#2876 = CARTESIAN_POINT('',(21.15,-48.45));
#2877 = VECTOR('',#2878,1.);
#2878 = DIRECTION('',(-1.,0.));
#2879 = ( GEOMETRIC_REPRESENTATION_CONTEXT(2) 
PARAMETRIC_REPRESENTATION_CONTEXT() REPRESENTATION_CONTEXT('2D SPACE',''
  ) );
#2880 = PCURVE('',#2881,#2886);
#2881 = PLANE('',#2882);
#2882 = AXIS2_PLACEMENT_3D('',#2883,#2884,#2885);
#2883 = CARTESIAN_POINT('',(-22.25,-13.25,-1.6));
#2884 = DIRECTION('',(-0.,1.,0.));
#2885 = DIRECTION('',(0.,0.,1.));
#2886 = DEFINITIONAL_REPRESENTATION('',(#2887),#2891);
#2887 = LINE('',#2888,#2889);
#2888 = CARTESIAN_POINT('',(1.6,0.));
#2889 = VECTOR('',#2890,1.);
#2890 = DIRECTION('',(0.,1.));
#2891 = ( GEOMETRIC_REPRESENTATION_CONTEXT(2) 
PARAMETRIC_REPRESENTATION_CONTEXT() REPRESENTATION_CONTEXT('2D SPACE',''
  ) );
#2892 = FACE_BOUND('',#2893,.F.);
#2893 = EDGE_LOOP('',(#2894,#2922,#2948,#2974,#3000,#3026,#3052,#3078,
    #3105,#3131,#3157,#3183));
#2894 = ORIENTED_EDGE('',*,*,#2895,.F.);
#2895 = EDGE_CURVE('',#2896,#2898,#2900,.T.);
#2896 = VERTEX_POINT('',#2897);
#2897 = CARTESIAN_POINT('',(-35.25,6.25,0.));
#2898 = VERTEX_POINT('',#2899);
#2899 = CARTESIAN_POINT('',(-34.,6.25,0.));
#2900 = SURFACE_CURVE('',#2901,(#2905,#2911),.PCURVE_S1.);
#2901 = LINE('',#2902,#2903);
#2902 = CARTESIAN_POINT('',(-18.175,6.25,0.));
#2903 = VECTOR('',#2904,1.);
#2904 = DIRECTION('',(1.,0.,-0.));
#2905 = PCURVE('',#1290,#2906);
#2906 = DEFINITIONAL_REPRESENTATION('',(#2907),#2910);
#2907 = B_SPLINE_CURVE_WITH_KNOTS('',1,(#2908,#2909),.UNSPECIFIED.,.F.,
  .F.,(2,2),(-17.075,-15.825),.PIECEWISE_BEZIER_KNOTS.);
#2908 = CARTESIAN_POINT('',(34.15,-28.95));
#2909 = CARTESIAN_POINT('',(32.9,-28.95));
#2910 = ( GEOMETRIC_REPRESENTATION_CONTEXT(2) 
PARAMETRIC_REPRESENTATION_CONTEXT() REPRESENTATION_CONTEXT('2D SPACE',''
  ) );
#2911 = PCURVE('',#2912,#2917);
#2912 = PLANE('',#2913);
#2913 = AXIS2_PLACEMENT_3D('',#2914,#2915,#2916);
#2914 = CARTESIAN_POINT('',(-35.25,6.25,-10.5));
#2915 = DIRECTION('',(-0.,1.,0.));
#2916 = DIRECTION('',(0.,0.,1.));
#2917 = DEFINITIONAL_REPRESENTATION('',(#2918),#2921);
#2918 = B_SPLINE_CURVE_WITH_KNOTS('',1,(#2919,#2920),.UNSPECIFIED.,.F.,
  .F.,(2,2),(-17.075,-15.825),.PIECEWISE_BEZIER_KNOTS.);
#2919 = CARTESIAN_POINT('',(10.5,0.));
#2920 = CARTESIAN_POINT('',(10.5,1.25));
#2921 = ( GEOMETRIC_REPRESENTATION_CONTEXT(2) 
PARAMETRIC_REPRESENTATION_CONTEXT() REPRESENTATION_CONTEXT('2D SPACE',''
  ) );
#2922 = ORIENTED_EDGE('',*,*,#2923,.T.);
#2923 = EDGE_CURVE('',#2896,#2924,#2926,.T.);
#2924 = VERTEX_POINT('',#2925);
#2925 = CARTESIAN_POINT('',(-35.25,-4.,0.));
#2926 = SURFACE_CURVE('',#2927,(#2931,#2937),.PCURVE_S1.);
#2927 = LINE('',#2928,#2929);
#2928 = CARTESIAN_POINT('',(-35.25,14.475,0.));
#2929 = VECTOR('',#2930,1.);
#2930 = DIRECTION('',(0.,-1.,0.));
#2931 = PCURVE('',#1290,#2932);
#2932 = DEFINITIONAL_REPRESENTATION('',(#2933),#2936);
#2933 = B_SPLINE_CURVE_WITH_KNOTS('',1,(#2934,#2935),.UNSPECIFIED.,.F.,
  .F.,(2,2),(8.225,18.475),.PIECEWISE_BEZIER_KNOTS.);
#2934 = CARTESIAN_POINT('',(34.15,-28.95));
#2935 = CARTESIAN_POINT('',(34.15,-39.2));
#2936 = ( GEOMETRIC_REPRESENTATION_CONTEXT(2) 
PARAMETRIC_REPRESENTATION_CONTEXT() REPRESENTATION_CONTEXT('2D SPACE',''
  ) );
#2937 = PCURVE('',#2938,#2943);
#2938 = PLANE('',#2939);
#2939 = AXIS2_PLACEMENT_3D('',#2940,#2941,#2942);
#2940 = CARTESIAN_POINT('',(-35.25,-6.25,-10.5));
#2941 = DIRECTION('',(1.,0.,-0.));
#2942 = DIRECTION('',(0.,0.,1.));
#2943 = DEFINITIONAL_REPRESENTATION('',(#2944),#2947);
#2944 = B_SPLINE_CURVE_WITH_KNOTS('',1,(#2945,#2946),.UNSPECIFIED.,.F.,
  .F.,(2,2),(8.225,18.475),.PIECEWISE_BEZIER_KNOTS.);
#2945 = CARTESIAN_POINT('',(10.5,-12.5));
#2946 = CARTESIAN_POINT('',(10.5,-2.25));
#2947 = ( GEOMETRIC_REPRESENTATION_CONTEXT(2) 
PARAMETRIC_REPRESENTATION_CONTEXT() REPRESENTATION_CONTEXT('2D SPACE',''
  ) );
#2948 = ORIENTED_EDGE('',*,*,#2949,.F.);
#2949 = EDGE_CURVE('',#2950,#2924,#2952,.T.);
#2950 = VERTEX_POINT('',#2951);
#2951 = CARTESIAN_POINT('',(-45.,-4.,0.));
#2952 = SURFACE_CURVE('',#2953,(#2957,#2963),.PCURVE_S1.);
#2953 = LINE('',#2954,#2955);
#2954 = CARTESIAN_POINT('',(-23.05,-4.,0.));
#2955 = VECTOR('',#2956,1.);
#2956 = DIRECTION('',(1.,0.,-0.));
#2957 = PCURVE('',#1290,#2958);
#2958 = DEFINITIONAL_REPRESENTATION('',(#2959),#2962);
#2959 = B_SPLINE_CURVE_WITH_KNOTS('',1,(#2960,#2961),.UNSPECIFIED.,.F.,
  .F.,(2,2),(-21.95,-12.2),.PIECEWISE_BEZIER_KNOTS.);
#2960 = CARTESIAN_POINT('',(43.9,-39.2));
#2961 = CARTESIAN_POINT('',(34.15,-39.2));
#2962 = ( GEOMETRIC_REPRESENTATION_CONTEXT(2) 
PARAMETRIC_REPRESENTATION_CONTEXT() REPRESENTATION_CONTEXT('2D SPACE',''
  ) );
#2963 = PCURVE('',#2964,#2969);
#2964 = PLANE('',#2965);
#2965 = AXIS2_PLACEMENT_3D('',#2966,#2967,#2968);
#2966 = CARTESIAN_POINT('',(-45.,-4.,-10.5));
#2967 = DIRECTION('',(-0.,1.,0.));
#2968 = DIRECTION('',(0.,0.,1.));
#2969 = DEFINITIONAL_REPRESENTATION('',(#2970),#2973);
#2970 = B_SPLINE_CURVE_WITH_KNOTS('',1,(#2971,#2972),.UNSPECIFIED.,.F.,
  .F.,(2,2),(-21.95,-12.2),.PIECEWISE_BEZIER_KNOTS.);
#2971 = CARTESIAN_POINT('',(10.5,0.));
#2972 = CARTESIAN_POINT('',(10.5,9.75));
#2973 = ( GEOMETRIC_REPRESENTATION_CONTEXT(2) 
PARAMETRIC_REPRESENTATION_CONTEXT() REPRESENTATION_CONTEXT('2D SPACE',''
  ) );
#2974 = ORIENTED_EDGE('',*,*,#2975,.T.);
#2975 = EDGE_CURVE('',#2950,#2976,#2978,.T.);
#2976 = VERTEX_POINT('',#2977);
#2977 = CARTESIAN_POINT('',(-45.,-13.,0.));
#2978 = SURFACE_CURVE('',#2979,(#2983,#2989),.PCURVE_S1.);
#2979 = LINE('',#2980,#2981);
#2980 = CARTESIAN_POINT('',(-45.,11.1,0.));
#2981 = VECTOR('',#2982,1.);
#2982 = DIRECTION('',(0.,-1.,0.));
#2983 = PCURVE('',#1290,#2984);
#2984 = DEFINITIONAL_REPRESENTATION('',(#2985),#2988);
#2985 = B_SPLINE_CURVE_WITH_KNOTS('',1,(#2986,#2987),.UNSPECIFIED.,.F.,
  .F.,(2,2),(15.1,24.1),.PIECEWISE_BEZIER_KNOTS.);
#2986 = CARTESIAN_POINT('',(43.9,-39.2));
#2987 = CARTESIAN_POINT('',(43.9,-48.2));
#2988 = ( GEOMETRIC_REPRESENTATION_CONTEXT(2) 
PARAMETRIC_REPRESENTATION_CONTEXT() REPRESENTATION_CONTEXT('2D SPACE',''
  ) );
#2989 = PCURVE('',#2990,#2995);
#2990 = PLANE('',#2991);
#2991 = AXIS2_PLACEMENT_3D('',#2992,#2993,#2994);
#2992 = CARTESIAN_POINT('',(-45.,-13.,-10.5));
#2993 = DIRECTION('',(1.,0.,-0.));
#2994 = DIRECTION('',(0.,0.,1.));
#2995 = DEFINITIONAL_REPRESENTATION('',(#2996),#2999);
#2996 = B_SPLINE_CURVE_WITH_KNOTS('',1,(#2997,#2998),.UNSPECIFIED.,.F.,
  .F.,(2,2),(15.1,24.1),.PIECEWISE_BEZIER_KNOTS.);
#2997 = CARTESIAN_POINT('',(10.5,-9.));
#2998 = CARTESIAN_POINT('',(10.5,0.));
#2999 = ( GEOMETRIC_REPRESENTATION_CONTEXT(2) 
PARAMETRIC_REPRESENTATION_CONTEXT() REPRESENTATION_CONTEXT('2D SPACE',''
  ) );
#3000 = ORIENTED_EDGE('',*,*,#3001,.T.);
#3001 = EDGE_CURVE('',#2976,#3002,#3004,.T.);
#3002 = VERTEX_POINT('',#3003);
#3003 = CARTESIAN_POINT('',(-34.,-13.,0.));
#3004 = SURFACE_CURVE('',#3005,(#3009,#3015),.PCURVE_S1.);
#3005 = LINE('',#3006,#3007);
#3006 = CARTESIAN_POINT('',(-23.05,-13.,0.));
#3007 = VECTOR('',#3008,1.);
#3008 = DIRECTION('',(1.,0.,-0.));
#3009 = PCURVE('',#1290,#3010);
#3010 = DEFINITIONAL_REPRESENTATION('',(#3011),#3014);
#3011 = B_SPLINE_CURVE_WITH_KNOTS('',1,(#3012,#3013),.UNSPECIFIED.,.F.,
  .F.,(2,2),(-21.95,-10.95),.PIECEWISE_BEZIER_KNOTS.);
#3012 = CARTESIAN_POINT('',(43.9,-48.2));
#3013 = CARTESIAN_POINT('',(32.9,-48.2));
#3014 = ( GEOMETRIC_REPRESENTATION_CONTEXT(2) 
PARAMETRIC_REPRESENTATION_CONTEXT() REPRESENTATION_CONTEXT('2D SPACE',''
  ) );
#3015 = PCURVE('',#3016,#3021);
#3016 = PLANE('',#3017);
#3017 = AXIS2_PLACEMENT_3D('',#3018,#3019,#3020);
#3018 = CARTESIAN_POINT('',(-45.,-13.,-10.5));
#3019 = DIRECTION('',(-0.,1.,0.));
#3020 = DIRECTION('',(0.,0.,1.));
#3021 = DEFINITIONAL_REPRESENTATION('',(#3022),#3025);
#3022 = B_SPLINE_CURVE_WITH_KNOTS('',1,(#3023,#3024),.UNSPECIFIED.,.F.,
  .F.,(2,2),(-21.95,-10.95),.PIECEWISE_BEZIER_KNOTS.);
#3023 = CARTESIAN_POINT('',(10.5,0.));
#3024 = CARTESIAN_POINT('',(10.5,11.));
#3025 = ( GEOMETRIC_REPRESENTATION_CONTEXT(2) 
PARAMETRIC_REPRESENTATION_CONTEXT() REPRESENTATION_CONTEXT('2D SPACE',''
  ) );
#3026 = ORIENTED_EDGE('',*,*,#3027,.F.);
#3027 = EDGE_CURVE('',#3028,#3002,#3030,.T.);
#3028 = VERTEX_POINT('',#3029);
#3029 = CARTESIAN_POINT('',(-34.,-6.25,0.));
#3030 = SURFACE_CURVE('',#3031,(#3035,#3041),.PCURVE_S1.);
#3031 = LINE('',#3032,#3033);
#3032 = CARTESIAN_POINT('',(-34.,11.1,0.));
#3033 = VECTOR('',#3034,1.);
#3034 = DIRECTION('',(0.,-1.,0.));
#3035 = PCURVE('',#1290,#3036);
#3036 = DEFINITIONAL_REPRESENTATION('',(#3037),#3040);
#3037 = B_SPLINE_CURVE_WITH_KNOTS('',1,(#3038,#3039),.UNSPECIFIED.,.F.,
  .F.,(2,2),(17.35,24.1),.PIECEWISE_BEZIER_KNOTS.);
#3038 = CARTESIAN_POINT('',(32.9,-41.45));
#3039 = CARTESIAN_POINT('',(32.9,-48.2));
#3040 = ( GEOMETRIC_REPRESENTATION_CONTEXT(2) 
PARAMETRIC_REPRESENTATION_CONTEXT() REPRESENTATION_CONTEXT('2D SPACE',''
  ) );
#3041 = PCURVE('',#3042,#3047);
#3042 = PLANE('',#3043);
#3043 = AXIS2_PLACEMENT_3D('',#3044,#3045,#3046);
#3044 = CARTESIAN_POINT('',(-34.,-13.,-10.5));
#3045 = DIRECTION('',(1.,0.,-0.));
#3046 = DIRECTION('',(0.,0.,1.));
#3047 = DEFINITIONAL_REPRESENTATION('',(#3048),#3051);
#3048 = B_SPLINE_CURVE_WITH_KNOTS('',1,(#3049,#3050),.UNSPECIFIED.,.F.,
  .F.,(2,2),(17.35,24.1),.PIECEWISE_BEZIER_KNOTS.);
#3049 = CARTESIAN_POINT('',(10.5,-6.75));
#3050 = CARTESIAN_POINT('',(10.5,0.));
#3051 = ( GEOMETRIC_REPRESENTATION_CONTEXT(2) 
PARAMETRIC_REPRESENTATION_CONTEXT() REPRESENTATION_CONTEXT('2D SPACE',''
  ) );
#3052 = ORIENTED_EDGE('',*,*,#3053,.T.);
#3053 = EDGE_CURVE('',#3028,#3054,#3056,.T.);
#3054 = VERTEX_POINT('',#3055);
#3055 = CARTESIAN_POINT('',(-26.25,-6.25,0.));
#3056 = SURFACE_CURVE('',#3057,(#3061,#3067),.PCURVE_S1.);
#3057 = LINE('',#3058,#3059);
#3058 = CARTESIAN_POINT('',(-18.175,-6.25,0.));
#3059 = VECTOR('',#3060,1.);
#3060 = DIRECTION('',(1.,0.,-0.));
#3061 = PCURVE('',#1290,#3062);
#3062 = DEFINITIONAL_REPRESENTATION('',(#3063),#3066);
#3063 = B_SPLINE_CURVE_WITH_KNOTS('',1,(#3064,#3065),.UNSPECIFIED.,.F.,
  .F.,(2,2),(-15.825,-8.075),.PIECEWISE_BEZIER_KNOTS.);
#3064 = CARTESIAN_POINT('',(32.9,-41.45));
#3065 = CARTESIAN_POINT('',(25.15,-41.45));
#3066 = ( GEOMETRIC_REPRESENTATION_CONTEXT(2) 
PARAMETRIC_REPRESENTATION_CONTEXT() REPRESENTATION_CONTEXT('2D SPACE',''
  ) );
#3067 = PCURVE('',#3068,#3073);
#3068 = PLANE('',#3069);
#3069 = AXIS2_PLACEMENT_3D('',#3070,#3071,#3072);
#3070 = CARTESIAN_POINT('',(-35.25,-6.25,-10.5));
#3071 = DIRECTION('',(-0.,1.,0.));
#3072 = DIRECTION('',(0.,0.,1.));
#3073 = DEFINITIONAL_REPRESENTATION('',(#3074),#3077);
#3074 = B_SPLINE_CURVE_WITH_KNOTS('',1,(#3075,#3076),.UNSPECIFIED.,.F.,
  .F.,(2,2),(-15.825,-8.075),.PIECEWISE_BEZIER_KNOTS.);
#3075 = CARTESIAN_POINT('',(10.5,1.25));
#3076 = CARTESIAN_POINT('',(10.5,9.));
#3077 = ( GEOMETRIC_REPRESENTATION_CONTEXT(2) 
PARAMETRIC_REPRESENTATION_CONTEXT() REPRESENTATION_CONTEXT('2D SPACE',''
  ) );
#3078 = ORIENTED_EDGE('',*,*,#3079,.F.);
#3079 = EDGE_CURVE('',#3080,#3054,#3082,.T.);
#3080 = VERTEX_POINT('',#3081);
#3081 = CARTESIAN_POINT('',(-26.25,6.25,0.));
#3082 = SURFACE_CURVE('',#3083,(#3087,#3093),.PCURVE_S1.);
#3083 = LINE('',#3084,#3085);
#3084 = CARTESIAN_POINT('',(-26.25,14.475,0.));
#3085 = VECTOR('',#3086,1.);
#3086 = DIRECTION('',(0.,-1.,0.));
#3087 = PCURVE('',#1290,#3088);
#3088 = DEFINITIONAL_REPRESENTATION('',(#3089),#3092);
#3089 = B_SPLINE_CURVE_WITH_KNOTS('',1,(#3090,#3091),.UNSPECIFIED.,.F.,
  .F.,(2,2),(8.225,20.725),.PIECEWISE_BEZIER_KNOTS.);
#3090 = CARTESIAN_POINT('',(25.15,-28.95));
#3091 = CARTESIAN_POINT('',(25.15,-41.45));
#3092 = ( GEOMETRIC_REPRESENTATION_CONTEXT(2) 
PARAMETRIC_REPRESENTATION_CONTEXT() REPRESENTATION_CONTEXT('2D SPACE',''
  ) );
#3093 = PCURVE('',#3094,#3099);
#3094 = PLANE('',#3095);
#3095 = AXIS2_PLACEMENT_3D('',#3096,#3097,#3098);
#3096 = CARTESIAN_POINT('',(-26.25,-6.25,-10.5));
#3097 = DIRECTION('',(1.,0.,-0.));
#3098 = DIRECTION('',(0.,0.,1.));
#3099 = DEFINITIONAL_REPRESENTATION('',(#3100),#3104);
#3100 = LINE('',#3101,#3102);
#3101 = CARTESIAN_POINT('',(10.5,-20.725));
#3102 = VECTOR('',#3103,1.);
#3103 = DIRECTION('',(0.,1.));
#3104 = ( GEOMETRIC_REPRESENTATION_CONTEXT(2) 
PARAMETRIC_REPRESENTATION_CONTEXT() REPRESENTATION_CONTEXT('2D SPACE',''
  ) );
#3105 = ORIENTED_EDGE('',*,*,#3106,.F.);
#3106 = EDGE_CURVE('',#3107,#3080,#3109,.T.);
#3107 = VERTEX_POINT('',#3108);
#3108 = CARTESIAN_POINT('',(-28.,6.25,0.));
#3109 = SURFACE_CURVE('',#3110,(#3114,#3120),.PCURVE_S1.);
#3110 = LINE('',#3111,#3112);
#3111 = CARTESIAN_POINT('',(-18.175,6.25,0.));
#3112 = VECTOR('',#3113,1.);
#3113 = DIRECTION('',(1.,0.,-0.));
#3114 = PCURVE('',#1290,#3115);
#3115 = DEFINITIONAL_REPRESENTATION('',(#3116),#3119);
#3116 = B_SPLINE_CURVE_WITH_KNOTS('',1,(#3117,#3118),.UNSPECIFIED.,.F.,
  .F.,(2,2),(-9.825,-8.075),.PIECEWISE_BEZIER_KNOTS.);
#3117 = CARTESIAN_POINT('',(26.9,-28.95));
#3118 = CARTESIAN_POINT('',(25.15,-28.95));
#3119 = ( GEOMETRIC_REPRESENTATION_CONTEXT(2) 
PARAMETRIC_REPRESENTATION_CONTEXT() REPRESENTATION_CONTEXT('2D SPACE',''
  ) );
#3120 = PCURVE('',#3121,#3126);
#3121 = PLANE('',#3122);
#3122 = AXIS2_PLACEMENT_3D('',#3123,#3124,#3125);
#3123 = CARTESIAN_POINT('',(-35.25,6.25,-10.5));
#3124 = DIRECTION('',(-0.,1.,0.));
#3125 = DIRECTION('',(0.,0.,1.));
#3126 = DEFINITIONAL_REPRESENTATION('',(#3127),#3130);
#3127 = B_SPLINE_CURVE_WITH_KNOTS('',1,(#3128,#3129),.UNSPECIFIED.,.F.,
  .F.,(2,2),(-9.825,-8.075),.PIECEWISE_BEZIER_KNOTS.);
#3128 = CARTESIAN_POINT('',(10.5,7.25));
#3129 = CARTESIAN_POINT('',(10.5,9.));
#3130 = ( GEOMETRIC_REPRESENTATION_CONTEXT(2) 
PARAMETRIC_REPRESENTATION_CONTEXT() REPRESENTATION_CONTEXT('2D SPACE',''
  ) );
#3131 = ORIENTED_EDGE('',*,*,#3132,.F.);
#3132 = EDGE_CURVE('',#3133,#3107,#3135,.T.);
#3133 = VERTEX_POINT('',#3134);
#3134 = CARTESIAN_POINT('',(-28.,9.,0.));
#3135 = SURFACE_CURVE('',#3136,(#3140,#3146),.PCURVE_S1.);
#3136 = LINE('',#3137,#3138);
#3137 = CARTESIAN_POINT('',(-28.,18.35,0.));
#3138 = VECTOR('',#3139,1.);
#3139 = DIRECTION('',(0.,-1.,0.));
#3140 = PCURVE('',#1290,#3141);
#3141 = DEFINITIONAL_REPRESENTATION('',(#3142),#3145);
#3142 = B_SPLINE_CURVE_WITH_KNOTS('',1,(#3143,#3144),.UNSPECIFIED.,.F.,
  .F.,(2,2),(9.35,12.1),.PIECEWISE_BEZIER_KNOTS.);
#3143 = CARTESIAN_POINT('',(26.9,-26.2));
#3144 = CARTESIAN_POINT('',(26.9,-28.95));
#3145 = ( GEOMETRIC_REPRESENTATION_CONTEXT(2) 
PARAMETRIC_REPRESENTATION_CONTEXT() REPRESENTATION_CONTEXT('2D SPACE',''
  ) );
#3146 = PCURVE('',#3147,#3152);
#3147 = PLANE('',#3148);
#3148 = AXIS2_PLACEMENT_3D('',#3149,#3150,#3151);
#3149 = CARTESIAN_POINT('',(-28.,1.5,-10.5));
#3150 = DIRECTION('',(1.,0.,-0.));
#3151 = DIRECTION('',(0.,0.,1.));
#3152 = DEFINITIONAL_REPRESENTATION('',(#3153),#3156);
#3153 = B_SPLINE_CURVE_WITH_KNOTS('',1,(#3154,#3155),.UNSPECIFIED.,.F.,
  .F.,(2,2),(9.35,12.1),.PIECEWISE_BEZIER_KNOTS.);
#3154 = CARTESIAN_POINT('',(10.5,-7.5));
#3155 = CARTESIAN_POINT('',(10.5,-4.75));
#3156 = ( GEOMETRIC_REPRESENTATION_CONTEXT(2) 
PARAMETRIC_REPRESENTATION_CONTEXT() REPRESENTATION_CONTEXT('2D SPACE',''
  ) );
#3157 = ORIENTED_EDGE('',*,*,#3158,.F.);
#3158 = EDGE_CURVE('',#3159,#3133,#3161,.T.);
#3159 = VERTEX_POINT('',#3160);
#3160 = CARTESIAN_POINT('',(-34.,9.,0.));
#3161 = SURFACE_CURVE('',#3162,(#3166,#3172),.PCURVE_S1.);
#3162 = LINE('',#3163,#3164);
#3163 = CARTESIAN_POINT('',(-17.55,9.,0.));
#3164 = VECTOR('',#3165,1.);
#3165 = DIRECTION('',(1.,0.,-0.));
#3166 = PCURVE('',#1290,#3167);
#3167 = DEFINITIONAL_REPRESENTATION('',(#3168),#3171);
#3168 = B_SPLINE_CURVE_WITH_KNOTS('',1,(#3169,#3170),.UNSPECIFIED.,.F.,
  .F.,(2,2),(-16.45,-10.45),.PIECEWISE_BEZIER_KNOTS.);
#3169 = CARTESIAN_POINT('',(32.9,-26.2));
#3170 = CARTESIAN_POINT('',(26.9,-26.2));
#3171 = ( GEOMETRIC_REPRESENTATION_CONTEXT(2) 
PARAMETRIC_REPRESENTATION_CONTEXT() REPRESENTATION_CONTEXT('2D SPACE',''
  ) );
#3172 = PCURVE('',#3173,#3178);
#3173 = PLANE('',#3174);
#3174 = AXIS2_PLACEMENT_3D('',#3175,#3176,#3177);
#3175 = CARTESIAN_POINT('',(-34.,9.,-10.5));
#3176 = DIRECTION('',(-0.,1.,0.));
#3177 = DIRECTION('',(0.,0.,1.));
#3178 = DEFINITIONAL_REPRESENTATION('',(#3179),#3182);
#3179 = B_SPLINE_CURVE_WITH_KNOTS('',1,(#3180,#3181),.UNSPECIFIED.,.F.,
  .F.,(2,2),(-16.45,-10.45),.PIECEWISE_BEZIER_KNOTS.);
#3180 = CARTESIAN_POINT('',(10.5,0.));
#3181 = CARTESIAN_POINT('',(10.5,6.));
#3182 = ( GEOMETRIC_REPRESENTATION_CONTEXT(2) 
PARAMETRIC_REPRESENTATION_CONTEXT() REPRESENTATION_CONTEXT('2D SPACE',''
  ) );
#3183 = ORIENTED_EDGE('',*,*,#3184,.T.);
#3184 = EDGE_CURVE('',#3159,#2898,#3185,.T.);
#3185 = SURFACE_CURVE('',#3186,(#3190,#3196),.PCURVE_S1.);
#3186 = LINE('',#3187,#3188);
#3187 = CARTESIAN_POINT('',(-34.,18.35,0.));
#3188 = VECTOR('',#3189,1.);
#3189 = DIRECTION('',(0.,-1.,0.));
#3190 = PCURVE('',#1290,#3191);
#3191 = DEFINITIONAL_REPRESENTATION('',(#3192),#3195);
#3192 = B_SPLINE_CURVE_WITH_KNOTS('',1,(#3193,#3194),.UNSPECIFIED.,.F.,
  .F.,(2,2),(9.35,12.1),.PIECEWISE_BEZIER_KNOTS.);
#3193 = CARTESIAN_POINT('',(32.9,-26.2));
#3194 = CARTESIAN_POINT('',(32.9,-28.95));
#3195 = ( GEOMETRIC_REPRESENTATION_CONTEXT(2) 
PARAMETRIC_REPRESENTATION_CONTEXT() REPRESENTATION_CONTEXT('2D SPACE',''
  ) );
#3196 = PCURVE('',#3197,#3202);
#3197 = PLANE('',#3198);
#3198 = AXIS2_PLACEMENT_3D('',#3199,#3200,#3201);
#3199 = CARTESIAN_POINT('',(-34.,1.5,-10.5));
#3200 = DIRECTION('',(1.,0.,-0.));
#3201 = DIRECTION('',(0.,0.,1.));
#3202 = DEFINITIONAL_REPRESENTATION('',(#3203),#3206);
#3203 = B_SPLINE_CURVE_WITH_KNOTS('',1,(#3204,#3205),.UNSPECIFIED.,.F.,
  .F.,(2,2),(9.35,12.1),.PIECEWISE_BEZIER_KNOTS.);
#3204 = CARTESIAN_POINT('',(10.5,-7.5));
#3205 = CARTESIAN_POINT('',(10.5,-4.75));
#3206 = ( GEOMETRIC_REPRESENTATION_CONTEXT(2) 
PARAMETRIC_REPRESENTATION_CONTEXT() REPRESENTATION_CONTEXT('2D SPACE',''
  ) );
#3207 = FACE_BOUND('',#3208,.F.);
#3208 = EDGE_LOOP('',(#3209,#3239,#3267,#3295,#3323,#3351,#3379,#3407));
#3209 = ORIENTED_EDGE('',*,*,#3210,.F.);
#3210 = EDGE_CURVE('',#3211,#3213,#3215,.T.);
#3211 = VERTEX_POINT('',#3212);
#3212 = CARTESIAN_POINT('',(-73.25,-18.25,0.));
#3213 = VERTEX_POINT('',#3214);
#3214 = CARTESIAN_POINT('',(-73.25,-13.25,0.));
#3215 = SURFACE_CURVE('',#3216,(#3220,#3227),.PCURVE_S1.);
#3216 = LINE('',#3217,#3218);
#3217 = CARTESIAN_POINT('',(-73.25,-18.25,0.));
#3218 = VECTOR('',#3219,1.);
#3219 = DIRECTION('',(-0.,1.,0.));
#3220 = PCURVE('',#1290,#3221);
#3221 = DEFINITIONAL_REPRESENTATION('',(#3222),#3226);
#3222 = LINE('',#3223,#3224);
#3223 = CARTESIAN_POINT('',(72.15,-53.45));
#3224 = VECTOR('',#3225,1.);
#3225 = DIRECTION('',(0.,1.));
#3226 = ( GEOMETRIC_REPRESENTATION_CONTEXT(2) 
PARAMETRIC_REPRESENTATION_CONTEXT() REPRESENTATION_CONTEXT('2D SPACE',''
  ) );
#3227 = PCURVE('',#3228,#3233);
#3228 = PLANE('',#3229);
#3229 = AXIS2_PLACEMENT_3D('',#3230,#3231,#3232);
#3230 = CARTESIAN_POINT('',(-73.25,-18.25,-1.6));
#3231 = DIRECTION('',(1.,0.,-0.));
#3232 = DIRECTION('',(0.,0.,1.));
#3233 = DEFINITIONAL_REPRESENTATION('',(#3234),#3238);
#3234 = LINE('',#3235,#3236);
#3235 = CARTESIAN_POINT('',(1.6,0.));
#3236 = VECTOR('',#3237,1.);
#3237 = DIRECTION('',(0.,-1.));
#3238 = ( GEOMETRIC_REPRESENTATION_CONTEXT(2) 
PARAMETRIC_REPRESENTATION_CONTEXT() REPRESENTATION_CONTEXT('2D SPACE',''
  ) );
#3239 = ORIENTED_EDGE('',*,*,#3240,.T.);
#3240 = EDGE_CURVE('',#3211,#3241,#3243,.T.);
#3241 = VERTEX_POINT('',#3242);
#3242 = CARTESIAN_POINT('',(-64.75,-18.25,0.));
#3243 = SURFACE_CURVE('',#3244,(#3248,#3255),.PCURVE_S1.);
#3244 = LINE('',#3245,#3246);
#3245 = CARTESIAN_POINT('',(-73.25,-18.25,0.));
#3246 = VECTOR('',#3247,1.);
#3247 = DIRECTION('',(1.,0.,-0.));
#3248 = PCURVE('',#1290,#3249);
#3249 = DEFINITIONAL_REPRESENTATION('',(#3250),#3254);
#3250 = LINE('',#3251,#3252);
#3251 = CARTESIAN_POINT('',(72.15,-53.45));
#3252 = VECTOR('',#3253,1.);
#3253 = DIRECTION('',(-1.,0.));
#3254 = ( GEOMETRIC_REPRESENTATION_CONTEXT(2) 
PARAMETRIC_REPRESENTATION_CONTEXT() REPRESENTATION_CONTEXT('2D SPACE',''
  ) );
#3255 = PCURVE('',#3256,#3261);
#3256 = PLANE('',#3257);
#3257 = AXIS2_PLACEMENT_3D('',#3258,#3259,#3260);
#3258 = CARTESIAN_POINT('',(-73.25,-18.25,-1.6));
#3259 = DIRECTION('',(-0.,1.,0.));
#3260 = DIRECTION('',(0.,0.,1.));
#3261 = DEFINITIONAL_REPRESENTATION('',(#3262),#3266);
#3262 = LINE('',#3263,#3264);
#3263 = CARTESIAN_POINT('',(1.6,0.));
#3264 = VECTOR('',#3265,1.);
#3265 = DIRECTION('',(0.,1.));
#3266 = ( GEOMETRIC_REPRESENTATION_CONTEXT(2) 
PARAMETRIC_REPRESENTATION_CONTEXT() REPRESENTATION_CONTEXT('2D SPACE',''
  ) );
#3267 = ORIENTED_EDGE('',*,*,#3268,.T.);
#3268 = EDGE_CURVE('',#3241,#3269,#3271,.T.);
#3269 = VERTEX_POINT('',#3270);
#3270 = CARTESIAN_POINT('',(-64.75,18.25,0.));
#3271 = SURFACE_CURVE('',#3272,(#3276,#3283),.PCURVE_S1.);
#3272 = LINE('',#3273,#3274);
#3273 = CARTESIAN_POINT('',(-64.75,-18.25,0.));
#3274 = VECTOR('',#3275,1.);
#3275 = DIRECTION('',(0.,1.,0.));
#3276 = PCURVE('',#1290,#3277);
#3277 = DEFINITIONAL_REPRESENTATION('',(#3278),#3282);
#3278 = LINE('',#3279,#3280);
#3279 = CARTESIAN_POINT('',(63.65,-53.45));
#3280 = VECTOR('',#3281,1.);
#3281 = DIRECTION('',(0.,1.));
#3282 = ( GEOMETRIC_REPRESENTATION_CONTEXT(2) 
PARAMETRIC_REPRESENTATION_CONTEXT() REPRESENTATION_CONTEXT('2D SPACE',''
  ) );
#3283 = PCURVE('',#3284,#3289);
#3284 = PLANE('',#3285);
#3285 = AXIS2_PLACEMENT_3D('',#3286,#3287,#3288);
#3286 = CARTESIAN_POINT('',(-64.75,-18.25,-1.6));
#3287 = DIRECTION('',(1.,0.,-0.));
#3288 = DIRECTION('',(0.,0.,1.));
#3289 = DEFINITIONAL_REPRESENTATION('',(#3290),#3294);
#3290 = LINE('',#3291,#3292);
#3291 = CARTESIAN_POINT('',(1.6,0.));
#3292 = VECTOR('',#3293,1.);
#3293 = DIRECTION('',(0.,-1.));
#3294 = ( GEOMETRIC_REPRESENTATION_CONTEXT(2) 
PARAMETRIC_REPRESENTATION_CONTEXT() REPRESENTATION_CONTEXT('2D SPACE',''
  ) );
#3295 = ORIENTED_EDGE('',*,*,#3296,.F.);
#3296 = EDGE_CURVE('',#3297,#3269,#3299,.T.);
#3297 = VERTEX_POINT('',#3298);
#3298 = CARTESIAN_POINT('',(-73.25,18.25,0.));
#3299 = SURFACE_CURVE('',#3300,(#3304,#3311),.PCURVE_S1.);
#3300 = LINE('',#3301,#3302);
#3301 = CARTESIAN_POINT('',(-73.25,18.25,0.));
#3302 = VECTOR('',#3303,1.);
#3303 = DIRECTION('',(1.,0.,-0.));
#3304 = PCURVE('',#1290,#3305);
#3305 = DEFINITIONAL_REPRESENTATION('',(#3306),#3310);
#3306 = LINE('',#3307,#3308);
#3307 = CARTESIAN_POINT('',(72.15,-16.95));
#3308 = VECTOR('',#3309,1.);
#3309 = DIRECTION('',(-1.,0.));
#3310 = ( GEOMETRIC_REPRESENTATION_CONTEXT(2) 
PARAMETRIC_REPRESENTATION_CONTEXT() REPRESENTATION_CONTEXT('2D SPACE',''
  ) );
#3311 = PCURVE('',#3312,#3317);
#3312 = PLANE('',#3313);
#3313 = AXIS2_PLACEMENT_3D('',#3314,#3315,#3316);
#3314 = CARTESIAN_POINT('',(-83.25,18.25,-3.9));
#3315 = DIRECTION('',(-0.,1.,0.));
#3316 = DIRECTION('',(0.,0.,1.));
#3317 = DEFINITIONAL_REPRESENTATION('',(#3318),#3322);
#3318 = LINE('',#3319,#3320);
#3319 = CARTESIAN_POINT('',(3.9,10.));
#3320 = VECTOR('',#3321,1.);
#3321 = DIRECTION('',(0.,1.));
#3322 = ( GEOMETRIC_REPRESENTATION_CONTEXT(2) 
PARAMETRIC_REPRESENTATION_CONTEXT() REPRESENTATION_CONTEXT('2D SPACE',''
  ) );
#3323 = ORIENTED_EDGE('',*,*,#3324,.F.);
#3324 = EDGE_CURVE('',#3325,#3297,#3327,.T.);
#3325 = VERTEX_POINT('',#3326);
#3326 = CARTESIAN_POINT('',(-73.25,13.25,0.));
#3327 = SURFACE_CURVE('',#3328,(#3332,#3339),.PCURVE_S1.);
#3328 = LINE('',#3329,#3330);
#3329 = CARTESIAN_POINT('',(-73.25,-18.25,0.));
#3330 = VECTOR('',#3331,1.);
#3331 = DIRECTION('',(-0.,1.,0.));
#3332 = PCURVE('',#1290,#3333);
#3333 = DEFINITIONAL_REPRESENTATION('',(#3334),#3338);
#3334 = LINE('',#3335,#3336);
#3335 = CARTESIAN_POINT('',(72.15,-53.45));
#3336 = VECTOR('',#3337,1.);
#3337 = DIRECTION('',(0.,1.));
#3338 = ( GEOMETRIC_REPRESENTATION_CONTEXT(2) 
PARAMETRIC_REPRESENTATION_CONTEXT() REPRESENTATION_CONTEXT('2D SPACE',''
  ) );
#3339 = PCURVE('',#3340,#3345);
#3340 = PLANE('',#3341);
#3341 = AXIS2_PLACEMENT_3D('',#3342,#3343,#3344);
#3342 = CARTESIAN_POINT('',(-73.25,-18.25,-1.6));
#3343 = DIRECTION('',(1.,0.,-0.));
#3344 = DIRECTION('',(0.,0.,1.));
#3345 = DEFINITIONAL_REPRESENTATION('',(#3346),#3350);
#3346 = LINE('',#3347,#3348);
#3347 = CARTESIAN_POINT('',(1.6,0.));
#3348 = VECTOR('',#3349,1.);
#3349 = DIRECTION('',(0.,-1.));
#3350 = ( GEOMETRIC_REPRESENTATION_CONTEXT(2) 
PARAMETRIC_REPRESENTATION_CONTEXT() REPRESENTATION_CONTEXT('2D SPACE',''
  ) );
#3351 = ORIENTED_EDGE('',*,*,#3352,.F.);
#3352 = EDGE_CURVE('',#3353,#3325,#3355,.T.);
#3353 = VERTEX_POINT('',#3354);
#3354 = CARTESIAN_POINT('',(-83.25,13.25,0.));
#3355 = SURFACE_CURVE('',#3356,(#3360,#3367),.PCURVE_S1.);
#3356 = LINE('',#3357,#3358);
#3357 = CARTESIAN_POINT('',(-83.25,13.25,0.));
#3358 = VECTOR('',#3359,1.);
#3359 = DIRECTION('',(1.,0.,-0.));
#3360 = PCURVE('',#1290,#3361);
#3361 = DEFINITIONAL_REPRESENTATION('',(#3362),#3366);
#3362 = LINE('',#3363,#3364);
#3363 = CARTESIAN_POINT('',(82.15,-21.95));
#3364 = VECTOR('',#3365,1.);
#3365 = DIRECTION('',(-1.,0.));
#3366 = ( GEOMETRIC_REPRESENTATION_CONTEXT(2) 
PARAMETRIC_REPRESENTATION_CONTEXT() REPRESENTATION_CONTEXT('2D SPACE',''
  ) );
#3367 = PCURVE('',#3368,#3373);
#3368 = PLANE('',#3369);
#3369 = AXIS2_PLACEMENT_3D('',#3370,#3371,#3372);
#3370 = CARTESIAN_POINT('',(-83.25,13.25,-1.6));
#3371 = DIRECTION('',(-0.,1.,0.));
#3372 = DIRECTION('',(0.,0.,1.));
#3373 = DEFINITIONAL_REPRESENTATION('',(#3374),#3378);
#3374 = LINE('',#3375,#3376);
#3375 = CARTESIAN_POINT('',(1.6,0.));
#3376 = VECTOR('',#3377,1.);
#3377 = DIRECTION('',(0.,1.));
#3378 = ( GEOMETRIC_REPRESENTATION_CONTEXT(2) 
PARAMETRIC_REPRESENTATION_CONTEXT() REPRESENTATION_CONTEXT('2D SPACE',''
  ) );
#3379 = ORIENTED_EDGE('',*,*,#3380,.F.);
#3380 = EDGE_CURVE('',#3381,#3353,#3383,.T.);
#3381 = VERTEX_POINT('',#3382);
#3382 = CARTESIAN_POINT('',(-83.25,-13.25,0.));
#3383 = SURFACE_CURVE('',#3384,(#3388,#3395),.PCURVE_S1.);
#3384 = LINE('',#3385,#3386);
#3385 = CARTESIAN_POINT('',(-83.25,-13.25,0.));
#3386 = VECTOR('',#3387,1.);
#3387 = DIRECTION('',(-0.,1.,0.));
#3388 = PCURVE('',#1290,#3389);
#3389 = DEFINITIONAL_REPRESENTATION('',(#3390),#3394);
#3390 = LINE('',#3391,#3392);
#3391 = CARTESIAN_POINT('',(82.15,-48.45));
#3392 = VECTOR('',#3393,1.);
#3393 = DIRECTION('',(0.,1.));
#3394 = ( GEOMETRIC_REPRESENTATION_CONTEXT(2) 
PARAMETRIC_REPRESENTATION_CONTEXT() REPRESENTATION_CONTEXT('2D SPACE',''
  ) );
#3395 = PCURVE('',#3396,#3401);
#3396 = PLANE('',#3397);
#3397 = AXIS2_PLACEMENT_3D('',#3398,#3399,#3400);
#3398 = CARTESIAN_POINT('',(-83.25,-13.25,-1.6));
#3399 = DIRECTION('',(1.,0.,-0.));
#3400 = DIRECTION('',(0.,0.,1.));
#3401 = DEFINITIONAL_REPRESENTATION('',(#3402),#3406);
#3402 = LINE('',#3403,#3404);
#3403 = CARTESIAN_POINT('',(1.6,0.));
#3404 = VECTOR('',#3405,1.);
#3405 = DIRECTION('',(0.,-1.));
#3406 = ( GEOMETRIC_REPRESENTATION_CONTEXT(2) 
PARAMETRIC_REPRESENTATION_CONTEXT() REPRESENTATION_CONTEXT('2D SPACE',''
  ) );
#3407 = ORIENTED_EDGE('',*,*,#3408,.T.);
#3408 = EDGE_CURVE('',#3381,#3213,#3409,.T.);
#3409 = SURFACE_CURVE('',#3410,(#3414,#3421),.PCURVE_S1.);
#3410 = LINE('',#3411,#3412);
#3411 = CARTESIAN_POINT('',(-83.25,-13.25,0.));
#3412 = VECTOR('',#3413,1.);
#3413 = DIRECTION('',(1.,0.,-0.));
#3414 = PCURVE('',#1290,#3415);
#3415 = DEFINITIONAL_REPRESENTATION('',(#3416),#3420);
#3416 = LINE('',#3417,#3418);
#3417 = CARTESIAN_POINT('',(82.15,-48.45));
#3418 = VECTOR('',#3419,1.);
#3419 = DIRECTION('',(-1.,0.));
#3420 = ( GEOMETRIC_REPRESENTATION_CONTEXT(2) 
PARAMETRIC_REPRESENTATION_CONTEXT() REPRESENTATION_CONTEXT('2D SPACE',''
  ) );
#3421 = PCURVE('',#3422,#3427);
#3422 = PLANE('',#3423);
#3423 = AXIS2_PLACEMENT_3D('',#3424,#3425,#3426);
#3424 = CARTESIAN_POINT('',(-83.25,-13.25,-1.6));
#3425 = DIRECTION('',(-0.,1.,0.));
#3426 = DIRECTION('',(0.,0.,1.));
#3427 = DEFINITIONAL_REPRESENTATION('',(#3428),#3432);
#3428 = LINE('',#3429,#3430);
#3429 = CARTESIAN_POINT('',(1.6,0.));
#3430 = VECTOR('',#3431,1.);
#3431 = DIRECTION('',(0.,1.));
#3432 = ( GEOMETRIC_REPRESENTATION_CONTEXT(2) 
PARAMETRIC_REPRESENTATION_CONTEXT() REPRESENTATION_CONTEXT('2D SPACE',''
  ) );
#3433 = FACE_BOUND('',#3434,.F.);
#3434 = EDGE_LOOP('',(#3435,#3463,#3489,#3515,#3541,#3567));
#3435 = ORIENTED_EDGE('',*,*,#3436,.T.);
#3436 = EDGE_CURVE('',#3437,#3439,#3441,.T.);
#3437 = VERTEX_POINT('',#3438);
#3438 = CARTESIAN_POINT('',(-103.7091034656,-5.7,0.));
#3439 = VERTEX_POINT('',#3440);
#3440 = CARTESIAN_POINT('',(-100.4182069312,0.,0.));
#3441 = SURFACE_CURVE('',#3442,(#3446,#3452),.PCURVE_S1.);
#3442 = LINE('',#3443,#3444);
#3443 = CARTESIAN_POINT('',(-82.02785577872,31.853022565193,0.));
#3444 = VECTOR('',#3445,1.);
#3445 = DIRECTION('',(0.5,0.866025403784,-0.));
#3446 = PCURVE('',#1290,#3447);
#3447 = DEFINITIONAL_REPRESENTATION('',(#3448),#3451);
#3448 = B_SPLINE_CURVE_WITH_KNOTS('',1,(#3449,#3450),.UNSPECIFIED.,.F.,
  .F.,(2,2),(-43.36249537379,-36.78070230503),.PIECEWISE_BEZIER_KNOTS.);
#3449 = CARTESIAN_POINT('',(102.60910346561,-40.9));
#3450 = CARTESIAN_POINT('',(99.318206931238,-35.2));
#3451 = ( GEOMETRIC_REPRESENTATION_CONTEXT(2) 
PARAMETRIC_REPRESENTATION_CONTEXT() REPRESENTATION_CONTEXT('2D SPACE',''
  ) );
#3452 = PCURVE('',#3453,#3458);
#3453 = PLANE('',#3454);
#3454 = AXIS2_PLACEMENT_3D('',#3455,#3456,#3457);
#3455 = CARTESIAN_POINT('',(-103.7091034656,-5.7,-5.7));
#3456 = DIRECTION('',(-0.866025403784,0.5,0.));
#3457 = DIRECTION('',(0.5,0.866025403784,0.));
#3458 = DEFINITIONAL_REPRESENTATION('',(#3459),#3462);
#3459 = B_SPLINE_CURVE_WITH_KNOTS('',1,(#3460,#3461),.UNSPECIFIED.,.F.,
  .F.,(2,2),(-43.36249537379,-36.78070230503),.PIECEWISE_BEZIER_KNOTS.);
#3460 = CARTESIAN_POINT('',(0.,-5.7));
#3461 = CARTESIAN_POINT('',(6.581793068762,-5.7));
#3462 = ( GEOMETRIC_REPRESENTATION_CONTEXT(2) 
PARAMETRIC_REPRESENTATION_CONTEXT() REPRESENTATION_CONTEXT('2D SPACE',''
  ) );
#3463 = ORIENTED_EDGE('',*,*,#3464,.T.);
#3464 = EDGE_CURVE('',#3439,#3465,#3467,.T.);
#3465 = VERTEX_POINT('',#3466);
#3466 = CARTESIAN_POINT('',(-103.7091034656,5.7,0.));
#3467 = SURFACE_CURVE('',#3468,(#3472,#3478),.PCURVE_S1.);
#3468 = LINE('',#3469,#3470);
#3469 = CARTESIAN_POINT('',(-95.62445461813,-8.303022565193,0.));
#3470 = VECTOR('',#3471,1.);
#3471 = DIRECTION('',(-0.5,0.866025403784,0.));
#3472 = PCURVE('',#1290,#3473);
#3473 = DEFINITIONAL_REPRESENTATION('',(#3474),#3477);
#3474 = B_SPLINE_CURVE_WITH_KNOTS('',1,(#3475,#3476),.UNSPECIFIED.,.F.,
  .F.,(2,2),(9.587504626203,16.169297694965),.PIECEWISE_BEZIER_KNOTS.);
#3475 = CARTESIAN_POINT('',(99.318206931238,-35.2));
#3476 = CARTESIAN_POINT('',(102.60910346561,-29.5));
#3477 = ( GEOMETRIC_REPRESENTATION_CONTEXT(2) 
PARAMETRIC_REPRESENTATION_CONTEXT() REPRESENTATION_CONTEXT('2D SPACE',''
  ) );
#3478 = PCURVE('',#3479,#3484);
#3479 = PLANE('',#3480);
#3480 = AXIS2_PLACEMENT_3D('',#3481,#3482,#3483);
#3481 = CARTESIAN_POINT('',(-100.4182069312,0.,-5.7));
#3482 = DIRECTION('',(-0.866025403784,-0.5,0.));
#3483 = DIRECTION('',(-0.5,0.866025403784,0.));
#3484 = DEFINITIONAL_REPRESENTATION('',(#3485),#3488);
#3485 = B_SPLINE_CURVE_WITH_KNOTS('',1,(#3486,#3487),.UNSPECIFIED.,.F.,
  .F.,(2,2),(9.587504626203,16.169297694965),.PIECEWISE_BEZIER_KNOTS.);
#3486 = CARTESIAN_POINT('',(0.,-5.7));
#3487 = CARTESIAN_POINT('',(6.581793068762,-5.7));
#3488 = ( GEOMETRIC_REPRESENTATION_CONTEXT(2) 
PARAMETRIC_REPRESENTATION_CONTEXT() REPRESENTATION_CONTEXT('2D SPACE',''
  ) );
#3489 = ORIENTED_EDGE('',*,*,#3490,.T.);
#3490 = EDGE_CURVE('',#3465,#3491,#3493,.T.);
#3491 = VERTEX_POINT('',#3492);
#3492 = CARTESIAN_POINT('',(-110.2908965343,5.7,0.));
#3493 = SURFACE_CURVE('',#3494,(#3498,#3504),.PCURVE_S1.);
#3494 = LINE('',#3495,#3496);
#3495 = CARTESIAN_POINT('',(-52.40455173281,5.7,0.));
#3496 = VECTOR('',#3497,1.);
#3497 = DIRECTION('',(-1.,1.349447499217E-16,0.));
#3498 = PCURVE('',#1290,#3499);
#3499 = DEFINITIONAL_REPRESENTATION('',(#3500),#3503);
#3500 = B_SPLINE_CURVE_WITH_KNOTS('',1,(#3501,#3502),.UNSPECIFIED.,.F.,
  .F.,(2,2),(51.30455173281,57.886344801571),.PIECEWISE_BEZIER_KNOTS.);
#3501 = CARTESIAN_POINT('',(102.60910346561,-29.5));
#3502 = CARTESIAN_POINT('',(109.19089653438,-29.5));
#3503 = ( GEOMETRIC_REPRESENTATION_CONTEXT(2) 
PARAMETRIC_REPRESENTATION_CONTEXT() REPRESENTATION_CONTEXT('2D SPACE',''
  ) );
#3504 = PCURVE('',#3505,#3510);
#3505 = PLANE('',#3506);
#3506 = AXIS2_PLACEMENT_3D('',#3507,#3508,#3509);
#3507 = CARTESIAN_POINT('',(-103.7091034656,5.7,-5.7));
#3508 = DIRECTION('',(-1.349447499217E-16,-1.,0.));
#3509 = DIRECTION('',(-1.,1.349447499217E-16,0.));
#3510 = DEFINITIONAL_REPRESENTATION('',(#3511),#3514);
#3511 = B_SPLINE_CURVE_WITH_KNOTS('',1,(#3512,#3513),.UNSPECIFIED.,.F.,
  .F.,(2,2),(51.30455173281,57.886344801571),.PIECEWISE_BEZIER_KNOTS.);
#3512 = CARTESIAN_POINT('',(0.,-5.7));
#3513 = CARTESIAN_POINT('',(6.581793068762,-5.7));
#3514 = ( GEOMETRIC_REPRESENTATION_CONTEXT(2) 
PARAMETRIC_REPRESENTATION_CONTEXT() REPRESENTATION_CONTEXT('2D SPACE',''
  ) );
#3515 = ORIENTED_EDGE('',*,*,#3516,.T.);
#3516 = EDGE_CURVE('',#3491,#3517,#3519,.T.);
#3517 = VERTEX_POINT('',#3518);
#3518 = CARTESIAN_POINT('',(-113.5817930687,8.060371814309E-16,0.));
#3519 = SURFACE_CURVE('',#3520,(#3524,#3530),.PCURVE_S1.);
#3520 = LINE('',#3521,#3522);
#3521 = CARTESIAN_POINT('',(-90.25509711467,40.403022565193,0.));
#3522 = VECTOR('',#3523,1.);
#3523 = DIRECTION('',(-0.5,-0.866025403784,0.));
#3524 = PCURVE('',#1290,#3525);
#3525 = DEFINITIONAL_REPRESENTATION('',(#3526),#3529);
#3526 = B_SPLINE_CURVE_WITH_KNOTS('',1,(#3527,#3528),.UNSPECIFIED.,.F.,
  .F.,(2,2),(40.071598839416,46.653391908177),.PIECEWISE_BEZIER_KNOTS.);
#3527 = CARTESIAN_POINT('',(109.19089653438,-29.5));
#3528 = CARTESIAN_POINT('',(112.48179306876,-35.2));
#3529 = ( GEOMETRIC_REPRESENTATION_CONTEXT(2) 
PARAMETRIC_REPRESENTATION_CONTEXT() REPRESENTATION_CONTEXT('2D SPACE',''
  ) );
#3530 = PCURVE('',#3531,#3536);
#3531 = PLANE('',#3532);
#3532 = AXIS2_PLACEMENT_3D('',#3533,#3534,#3535);
#3533 = CARTESIAN_POINT('',(-110.2908965343,5.7,-5.7));
#3534 = DIRECTION('',(0.866025403784,-0.5,0.));
#3535 = DIRECTION('',(-0.5,-0.866025403784,0.));
#3536 = DEFINITIONAL_REPRESENTATION('',(#3537),#3540);
#3537 = B_SPLINE_CURVE_WITH_KNOTS('',1,(#3538,#3539),.UNSPECIFIED.,.F.,
  .F.,(2,2),(40.071598839416,46.653391908177),.PIECEWISE_BEZIER_KNOTS.);
#3538 = CARTESIAN_POINT('',(0.,-5.7));
#3539 = CARTESIAN_POINT('',(6.581793068762,-5.7));
#3540 = ( GEOMETRIC_REPRESENTATION_CONTEXT(2) 
PARAMETRIC_REPRESENTATION_CONTEXT() REPRESENTATION_CONTEXT('2D SPACE',''
  ) );
#3541 = ORIENTED_EDGE('',*,*,#3542,.T.);
#3542 = EDGE_CURVE('',#3517,#3543,#3545,.T.);
#3543 = VERTEX_POINT('',#3544);
#3544 = CARTESIAN_POINT('',(-110.2908965343,-5.7,0.));
#3545 = SURFACE_CURVE('',#3546,(#3550,#3556),.PCURVE_S1.);
#3546 = LINE('',#3547,#3548);
#3547 = CARTESIAN_POINT('',(-107.1425924884,-11.15302256519,0.));
#3548 = VECTOR('',#3549,1.);
#3549 = DIRECTION('',(0.5,-0.866025403784,0.));
#3550 = PCURVE('',#1290,#3551);
#3551 = DEFINITIONAL_REPRESENTATION('',(#3552),#3555);
#3552 = B_SPLINE_CURVE_WITH_KNOTS('',1,(#3553,#3554),.UNSPECIFIED.,.F.,
  .F.,(2,2),(-12.87840116058,-6.296608091823),.PIECEWISE_BEZIER_KNOTS.);
#3553 = CARTESIAN_POINT('',(112.48179306876,-35.2));
#3554 = CARTESIAN_POINT('',(109.19089653438,-40.9));
#3555 = ( GEOMETRIC_REPRESENTATION_CONTEXT(2) 
PARAMETRIC_REPRESENTATION_CONTEXT() REPRESENTATION_CONTEXT('2D SPACE',''
  ) );
#3556 = PCURVE('',#3557,#3562);
#3557 = PLANE('',#3558);
#3558 = AXIS2_PLACEMENT_3D('',#3559,#3560,#3561);
#3559 = CARTESIAN_POINT('',(-113.5817930687,8.060371814309E-16,-5.7));
#3560 = DIRECTION('',(0.866025403784,0.5,-0.));
#3561 = DIRECTION('',(0.5,-0.866025403784,0.));
#3562 = DEFINITIONAL_REPRESENTATION('',(#3563),#3566);
#3563 = B_SPLINE_CURVE_WITH_KNOTS('',1,(#3564,#3565),.UNSPECIFIED.,.F.,
  .F.,(2,2),(-12.87840116058,-6.296608091823),.PIECEWISE_BEZIER_KNOTS.);
#3564 = CARTESIAN_POINT('',(0.,-5.7));
#3565 = CARTESIAN_POINT('',(6.581793068762,-5.7));
#3566 = ( GEOMETRIC_REPRESENTATION_CONTEXT(2) 
PARAMETRIC_REPRESENTATION_CONTEXT() REPRESENTATION_CONTEXT('2D SPACE',''
  ) );
#3567 = ORIENTED_EDGE('',*,*,#3568,.T.);
#3568 = EDGE_CURVE('',#3543,#3437,#3569,.T.);
#3569 = SURFACE_CURVE('',#3570,(#3574,#3580),.PCURVE_S1.);
#3570 = LINE('',#3571,#3572);
#3571 = CARTESIAN_POINT('',(-55.69544826719,-5.7,0.));
#3572 = VECTOR('',#3573,1.);
#3573 = DIRECTION('',(1.,-5.397789996866E-16,0.));
#3574 = PCURVE('',#1290,#3575);
#3575 = DEFINITIONAL_REPRESENTATION('',(#3576),#3579);
#3576 = B_SPLINE_CURVE_WITH_KNOTS('',1,(#3577,#3578),.UNSPECIFIED.,.F.,
  .F.,(2,2),(-54.59544826719,-48.01365519842),.PIECEWISE_BEZIER_KNOTS.);
#3577 = CARTESIAN_POINT('',(109.19089653438,-40.9));
#3578 = CARTESIAN_POINT('',(102.60910346561,-40.9));
#3579 = ( GEOMETRIC_REPRESENTATION_CONTEXT(2) 
PARAMETRIC_REPRESENTATION_CONTEXT() REPRESENTATION_CONTEXT('2D SPACE',''
  ) );
#3580 = PCURVE('',#3581,#3586);
#3581 = PLANE('',#3582);
#3582 = AXIS2_PLACEMENT_3D('',#3583,#3584,#3585);
#3583 = CARTESIAN_POINT('',(-110.2908965343,-5.7,-5.7));
#3584 = DIRECTION('',(5.397789996866E-16,1.,-0.));
#3585 = DIRECTION('',(1.,-5.397789996866E-16,0.));
#3586 = DEFINITIONAL_REPRESENTATION('',(#3587),#3590);
#3587 = B_SPLINE_CURVE_WITH_KNOTS('',1,(#3588,#3589),.UNSPECIFIED.,.F.,
  .F.,(2,2),(-54.59544826719,-48.01365519842),.PIECEWISE_BEZIER_KNOTS.);
#3588 = CARTESIAN_POINT('',(0.,-5.7));
#3589 = CARTESIAN_POINT('',(6.581793068762,-5.7));
#3590 = ( GEOMETRIC_REPRESENTATION_CONTEXT(2) 
PARAMETRIC_REPRESENTATION_CONTEXT() REPRESENTATION_CONTEXT('2D SPACE',''
  ) );
#3591 = FACE_BOUND('',#3592,.F.);
#3592 = EDGE_LOOP('',(#3593));
#3593 = ORIENTED_EDGE('',*,*,#3594,.T.);
#3594 = EDGE_CURVE('',#3595,#3595,#3597,.T.);
#3595 = VERTEX_POINT('',#3596);
#3596 = CARTESIAN_POINT('',(-89.3,27.85,0.));
#3597 = SURFACE_CURVE('',#3598,(#3603,#3614),.PCURVE_S1.);
#3598 = CIRCLE('',#3599,1.7);
#3599 = AXIS2_PLACEMENT_3D('',#3600,#3601,#3602);
#3600 = CARTESIAN_POINT('',(-91.,27.85,0.));
#3601 = DIRECTION('',(0.,0.,1.));
#3602 = DIRECTION('',(1.,0.,-0.));
#3603 = PCURVE('',#1290,#3604);
#3604 = DEFINITIONAL_REPRESENTATION('',(#3605),#3613);
#3605 = ( BOUNDED_CURVE() B_SPLINE_CURVE(2,(#3606,#3607,#3608,#3609,
#3610,#3611,#3612),.UNSPECIFIED.,.T.,.F.) B_SPLINE_CURVE_WITH_KNOTS((1,2
    ,2,2,2,1),(-2.094395102393,0.,2.094395102393,4.188790204786,
6.28318530718,8.377580409573),.UNSPECIFIED.) CURVE() 
GEOMETRIC_REPRESENTATION_ITEM() RATIONAL_B_SPLINE_CURVE((1.,0.5,1.,0.5,
1.,0.5,1.)) REPRESENTATION_ITEM('') );
#3606 = CARTESIAN_POINT('',(88.2,-7.35));
#3607 = CARTESIAN_POINT('',(88.2,-4.405513627133));
#3608 = CARTESIAN_POINT('',(90.75,-5.877756813566));
#3609 = CARTESIAN_POINT('',(93.3,-7.35));
#3610 = CARTESIAN_POINT('',(90.75,-8.822243186434));
#3611 = CARTESIAN_POINT('',(88.2,-10.29448637286));
#3612 = CARTESIAN_POINT('',(88.2,-7.35));
#3613 = ( GEOMETRIC_REPRESENTATION_CONTEXT(2) 
PARAMETRIC_REPRESENTATION_CONTEXT() REPRESENTATION_CONTEXT('2D SPACE',''
  ) );
#3614 = PCURVE('',#3615,#3620);
#3615 = CYLINDRICAL_SURFACE('',#3616,1.7);
#3616 = AXIS2_PLACEMENT_3D('',#3617,#3618,#3619);
#3617 = CARTESIAN_POINT('',(-91.,27.85,-2.01));
#3618 = DIRECTION('',(0.,0.,1.));
#3619 = DIRECTION('',(1.,0.,-0.));
#3620 = DEFINITIONAL_REPRESENTATION('',(#3621),#3625);
#3621 = LINE('',#3622,#3623);
#3622 = CARTESIAN_POINT('',(0.,2.01));
#3623 = VECTOR('',#3624,1.);
#3624 = DIRECTION('',(1.,0.));
#3625 = ( GEOMETRIC_REPRESENTATION_CONTEXT(2) 
PARAMETRIC_REPRESENTATION_CONTEXT() REPRESENTATION_CONTEXT('2D SPACE',''
  ) );
#3626 = FACE_BOUND('',#3627,.F.);
#3627 = EDGE_LOOP('',(#3628));
#3628 = ORIENTED_EDGE('',*,*,#3629,.T.);
#3629 = EDGE_CURVE('',#3630,#3630,#3632,.T.);
#3630 = VERTEX_POINT('',#3631);
#3631 = CARTESIAN_POINT('',(-103.3,27.85,0.));
#3632 = SURFACE_CURVE('',#3633,(#3638,#3649),.PCURVE_S1.);
#3633 = CIRCLE('',#3634,1.7);
#3634 = AXIS2_PLACEMENT_3D('',#3635,#3636,#3637);
#3635 = CARTESIAN_POINT('',(-105.,27.85,0.));
#3636 = DIRECTION('',(0.,0.,1.));
#3637 = DIRECTION('',(1.,0.,-0.));
#3638 = PCURVE('',#1290,#3639);
#3639 = DEFINITIONAL_REPRESENTATION('',(#3640),#3648);
#3640 = ( BOUNDED_CURVE() B_SPLINE_CURVE(2,(#3641,#3642,#3643,#3644,
#3645,#3646,#3647),.UNSPECIFIED.,.T.,.F.) B_SPLINE_CURVE_WITH_KNOTS((1,2
    ,2,2,2,1),(-2.094395102393,0.,2.094395102393,4.188790204786,
6.28318530718,8.377580409573),.UNSPECIFIED.) CURVE() 
GEOMETRIC_REPRESENTATION_ITEM() RATIONAL_B_SPLINE_CURVE((1.,0.5,1.,0.5,
1.,0.5,1.)) REPRESENTATION_ITEM('') );
#3641 = CARTESIAN_POINT('',(102.2,-7.35));
#3642 = CARTESIAN_POINT('',(102.2,-4.405513627133));
#3643 = CARTESIAN_POINT('',(104.75,-5.877756813566));
#3644 = CARTESIAN_POINT('',(107.3,-7.35));
#3645 = CARTESIAN_POINT('',(104.75,-8.822243186434));
#3646 = CARTESIAN_POINT('',(102.2,-10.29448637286));
#3647 = CARTESIAN_POINT('',(102.2,-7.35));
#3648 = ( GEOMETRIC_REPRESENTATION_CONTEXT(2) 
PARAMETRIC_REPRESENTATION_CONTEXT() REPRESENTATION_CONTEXT('2D SPACE',''
  ) );
#3649 = PCURVE('',#3650,#3655);
#3650 = CYLINDRICAL_SURFACE('',#3651,1.7);
#3651 = AXIS2_PLACEMENT_3D('',#3652,#3653,#3654);
#3652 = CARTESIAN_POINT('',(-105.,27.85,-2.01));
#3653 = DIRECTION('',(0.,0.,1.));
#3654 = DIRECTION('',(1.,0.,-0.));
#3655 = DEFINITIONAL_REPRESENTATION('',(#3656),#3660);
#3656 = LINE('',#3657,#3658);
#3657 = CARTESIAN_POINT('',(0.,2.01));
#3658 = VECTOR('',#3659,1.);
#3659 = DIRECTION('',(1.,0.));
#3660 = ( GEOMETRIC_REPRESENTATION_CONTEXT(2) 
PARAMETRIC_REPRESENTATION_CONTEXT() REPRESENTATION_CONTEXT('2D SPACE',''
  ) );
#3661 = ADVANCED_FACE('',(#3662),#1532,.F.);
#3662 = FACE_BOUND('',#3663,.F.);
#3663 = EDGE_LOOP('',(#3664,#3687,#3714,#3715));
#3664 = ORIENTED_EDGE('',*,*,#3665,.T.);
#3665 = EDGE_CURVE('',#1495,#3666,#3668,.T.);
#3666 = VERTEX_POINT('',#3667);
#3667 = CARTESIAN_POINT('',(-103.7,-8.082668874373E-16,-5.7));
#3668 = SEAM_CURVE('',#3669,(#3673,#3680),.PCURVE_S1.);
#3669 = LINE('',#3670,#3671);
#3670 = CARTESIAN_POINT('',(-103.7,-8.082668874373E-16,-8.1));
#3671 = VECTOR('',#3672,1.);
#3672 = DIRECTION('',(0.,0.,1.));
#3673 = PCURVE('',#1532,#3674);
#3674 = DEFINITIONAL_REPRESENTATION('',(#3675),#3679);
#3675 = LINE('',#3676,#3677);
#3676 = CARTESIAN_POINT('',(6.28318530718,-0.));
#3677 = VECTOR('',#3678,1.);
#3678 = DIRECTION('',(0.,1.));
#3679 = ( GEOMETRIC_REPRESENTATION_CONTEXT(2) 
PARAMETRIC_REPRESENTATION_CONTEXT() REPRESENTATION_CONTEXT('2D SPACE',''
  ) );
#3680 = PCURVE('',#1532,#3681);
#3681 = DEFINITIONAL_REPRESENTATION('',(#3682),#3686);
#3682 = LINE('',#3683,#3684);
#3683 = CARTESIAN_POINT('',(0.,-0.));
#3684 = VECTOR('',#3685,1.);
#3685 = DIRECTION('',(0.,1.));
#3686 = ( GEOMETRIC_REPRESENTATION_CONTEXT(2) 
PARAMETRIC_REPRESENTATION_CONTEXT() REPRESENTATION_CONTEXT('2D SPACE',''
  ) );
#3687 = ORIENTED_EDGE('',*,*,#3688,.F.);
#3688 = EDGE_CURVE('',#3666,#3666,#3689,.T.);
#3689 = SURFACE_CURVE('',#3690,(#3695,#3702),.PCURVE_S1.);
#3690 = CIRCLE('',#3691,3.3);
#3691 = AXIS2_PLACEMENT_3D('',#3692,#3693,#3694);
#3692 = CARTESIAN_POINT('',(-107.,0.,-5.7));
#3693 = DIRECTION('',(0.,0.,1.));
#3694 = DIRECTION('',(1.,0.,-0.));
#3695 = PCURVE('',#1532,#3696);
#3696 = DEFINITIONAL_REPRESENTATION('',(#3697),#3701);
#3697 = LINE('',#3698,#3699);
#3698 = CARTESIAN_POINT('',(0.,2.4));
#3699 = VECTOR('',#3700,1.);
#3700 = DIRECTION('',(1.,0.));
#3701 = ( GEOMETRIC_REPRESENTATION_CONTEXT(2) 
PARAMETRIC_REPRESENTATION_CONTEXT() REPRESENTATION_CONTEXT('2D SPACE',''
  ) );
#3702 = PCURVE('',#3703,#3708);
#3703 = PLANE('',#3704);
#3704 = AXIS2_PLACEMENT_3D('',#3705,#3706,#3707);
#3705 = CARTESIAN_POINT('',(-107.,1.799263332289E-16,-5.7));
#3706 = DIRECTION('',(0.,0.,1.));
#3707 = DIRECTION('',(1.,0.,-0.));
#3708 = DEFINITIONAL_REPRESENTATION('',(#3709),#3713);
#3709 = CIRCLE('',#3710,3.3);
#3710 = AXIS2_PLACEMENT_2D('',#3711,#3712);
#3711 = CARTESIAN_POINT('',(2.84217094304E-14,-1.799263332289E-16));
#3712 = DIRECTION('',(1.,0.));
#3713 = ( GEOMETRIC_REPRESENTATION_CONTEXT(2) 
PARAMETRIC_REPRESENTATION_CONTEXT() REPRESENTATION_CONTEXT('2D SPACE',''
  ) );
#3714 = ORIENTED_EDGE('',*,*,#3665,.F.);
#3715 = ORIENTED_EDGE('',*,*,#1517,.T.);
#3716 = ADVANCED_FACE('',(#3717,#3720),#1587,.F.);
#3717 = FACE_BOUND('',#3718,.F.);
#3718 = EDGE_LOOP('',(#3719));
#3719 = ORIENTED_EDGE('',*,*,#1572,.T.);
#3720 = FACE_BOUND('',#3721,.F.);
#3721 = EDGE_LOOP('',(#3722));
#3722 = ORIENTED_EDGE('',*,*,#3723,.F.);
#3723 = EDGE_CURVE('',#3724,#3724,#3726,.T.);
#3724 = VERTEX_POINT('',#3725);
#3725 = CARTESIAN_POINT('',(-103.3,27.85,-2.));
#3726 = SURFACE_CURVE('',#3727,(#3732,#3739),.PCURVE_S1.);
#3727 = CIRCLE('',#3728,1.7);
#3728 = AXIS2_PLACEMENT_3D('',#3729,#3730,#3731);
#3729 = CARTESIAN_POINT('',(-105.,27.85,-2.));
#3730 = DIRECTION('',(0.,0.,1.));
#3731 = DIRECTION('',(1.,0.,-0.));
#3732 = PCURVE('',#1587,#3733);
#3733 = DEFINITIONAL_REPRESENTATION('',(#3734),#3738);
#3734 = CIRCLE('',#3735,1.7);
#3735 = AXIS2_PLACEMENT_2D('',#3736,#3737);
#3736 = CARTESIAN_POINT('',(0.,0.));
#3737 = DIRECTION('',(1.,0.));
#3738 = ( GEOMETRIC_REPRESENTATION_CONTEXT(2) 
PARAMETRIC_REPRESENTATION_CONTEXT() REPRESENTATION_CONTEXT('2D SPACE',''
  ) );
#3739 = PCURVE('',#3650,#3740);
#3740 = DEFINITIONAL_REPRESENTATION('',(#3741),#3745);
#3741 = LINE('',#3742,#3743);
#3742 = CARTESIAN_POINT('',(0.,9.999999999999E-03));
#3743 = VECTOR('',#3744,1.);
#3744 = DIRECTION('',(1.,0.));
#3745 = ( GEOMETRIC_REPRESENTATION_CONTEXT(2) 
PARAMETRIC_REPRESENTATION_CONTEXT() REPRESENTATION_CONTEXT('2D SPACE',''
  ) );
#3746 = ADVANCED_FACE('',(#3747,#3750),#1642,.F.);
#3747 = FACE_BOUND('',#3748,.F.);
#3748 = EDGE_LOOP('',(#3749));
#3749 = ORIENTED_EDGE('',*,*,#1627,.T.);
#3750 = FACE_BOUND('',#3751,.F.);
#3751 = EDGE_LOOP('',(#3752));
#3752 = ORIENTED_EDGE('',*,*,#3753,.F.);
#3753 = EDGE_CURVE('',#3754,#3754,#3756,.T.);
#3754 = VERTEX_POINT('',#3755);
#3755 = CARTESIAN_POINT('',(-89.3,27.85,-2.));
#3756 = SURFACE_CURVE('',#3757,(#3762,#3769),.PCURVE_S1.);
#3757 = CIRCLE('',#3758,1.7);
#3758 = AXIS2_PLACEMENT_3D('',#3759,#3760,#3761);
#3759 = CARTESIAN_POINT('',(-91.,27.85,-2.));
#3760 = DIRECTION('',(0.,0.,1.));
#3761 = DIRECTION('',(1.,0.,-0.));
#3762 = PCURVE('',#1642,#3763);
#3763 = DEFINITIONAL_REPRESENTATION('',(#3764),#3768);
#3764 = CIRCLE('',#3765,1.7);
#3765 = AXIS2_PLACEMENT_2D('',#3766,#3767);
#3766 = CARTESIAN_POINT('',(0.,0.));
#3767 = DIRECTION('',(1.,0.));
#3768 = ( GEOMETRIC_REPRESENTATION_CONTEXT(2) 
PARAMETRIC_REPRESENTATION_CONTEXT() REPRESENTATION_CONTEXT('2D SPACE',''
  ) );
#3769 = PCURVE('',#3615,#3770);
#3770 = DEFINITIONAL_REPRESENTATION('',(#3771),#3775);
#3771 = LINE('',#3772,#3773);
#3772 = CARTESIAN_POINT('',(0.,9.999999999999E-03));
#3773 = VECTOR('',#3774,1.);
#3774 = DIRECTION('',(1.,0.));
#3775 = ( GEOMETRIC_REPRESENTATION_CONTEXT(2) 
PARAMETRIC_REPRESENTATION_CONTEXT() REPRESENTATION_CONTEXT('2D SPACE',''
  ) );
#3776 = ADVANCED_FACE('',(#3777),#1719,.T.);
#3777 = FACE_BOUND('',#3778,.T.);
#3778 = EDGE_LOOP('',(#3779,#3804,#3833,#3854,#3855,#3878,#3907,#3933,
    #3962,#3985,#4014,#4040));
#3779 = ORIENTED_EDGE('',*,*,#3780,.F.);
#3780 = EDGE_CURVE('',#3781,#3783,#3785,.T.);
#3781 = VERTEX_POINT('',#3782);
#3782 = CARTESIAN_POINT('',(-71.,-6.,-109.));
#3783 = VERTEX_POINT('',#3784);
#3784 = CARTESIAN_POINT('',(-71.,-6.,-105.75));
#3785 = SURFACE_CURVE('',#3786,(#3790,#3797),.PCURVE_S1.);
#3786 = LINE('',#3787,#3788);
#3787 = CARTESIAN_POINT('',(-71.,-6.,-110.));
#3788 = VECTOR('',#3789,1.);
#3789 = DIRECTION('',(0.,0.,1.));
#3790 = PCURVE('',#1719,#3791);
#3791 = DEFINITIONAL_REPRESENTATION('',(#3792),#3796);
#3792 = LINE('',#3793,#3794);
#3793 = CARTESIAN_POINT('',(0.,0.));
#3794 = VECTOR('',#3795,1.);
#3795 = DIRECTION('',(0.,1.));
#3796 = ( GEOMETRIC_REPRESENTATION_CONTEXT(2) 
PARAMETRIC_REPRESENTATION_CONTEXT() REPRESENTATION_CONTEXT('2D SPACE',''
  ) );
#3797 = PCURVE('',#2322,#3798);
#3798 = DEFINITIONAL_REPRESENTATION('',(#3799),#3803);
#3799 = LINE('',#3800,#3801);
#3800 = CARTESIAN_POINT('',(0.,-9.));
#3801 = VECTOR('',#3802,1.);
#3802 = DIRECTION('',(1.,0.));
#3803 = ( GEOMETRIC_REPRESENTATION_CONTEXT(2) 
PARAMETRIC_REPRESENTATION_CONTEXT() REPRESENTATION_CONTEXT('2D SPACE',''
  ) );
#3804 = ORIENTED_EDGE('',*,*,#3805,.F.);
#3805 = EDGE_CURVE('',#3806,#3781,#3808,.T.);
#3806 = VERTEX_POINT('',#3807);
#3807 = CARTESIAN_POINT('',(-62.,-15.,-109.));
#3808 = SURFACE_CURVE('',#3809,(#3814,#3821),.PCURVE_S1.);
#3809 = CIRCLE('',#3810,9.);
#3810 = AXIS2_PLACEMENT_3D('',#3811,#3812,#3813);
#3811 = CARTESIAN_POINT('',(-62.,-6.,-109.));
#3812 = DIRECTION('',(-0.,-0.,-1.));
#3813 = DIRECTION('',(0.,-1.,0.));
#3814 = PCURVE('',#1719,#3815);
#3815 = DEFINITIONAL_REPRESENTATION('',(#3816),#3820);
#3816 = LINE('',#3817,#3818);
#3817 = CARTESIAN_POINT('',(1.570796326795,1.));
#3818 = VECTOR('',#3819,1.);
#3819 = DIRECTION('',(-1.,-0.));
#3820 = ( GEOMETRIC_REPRESENTATION_CONTEXT(2) 
PARAMETRIC_REPRESENTATION_CONTEXT() REPRESENTATION_CONTEXT('2D SPACE',''
  ) );
#3821 = PCURVE('',#3822,#3827);
#3822 = CONICAL_SURFACE('',#3823,9.,0.785398163397);
#3823 = AXIS2_PLACEMENT_3D('',#3824,#3825,#3826);
#3824 = CARTESIAN_POINT('',(-62.,-6.,-109.));
#3825 = DIRECTION('',(0.,0.,1.));
#3826 = DIRECTION('',(0.,-1.,0.));
#3827 = DEFINITIONAL_REPRESENTATION('',(#3828),#3832);
#3828 = LINE('',#3829,#3830);
#3829 = CARTESIAN_POINT('',(-0.,-0.));
#3830 = VECTOR('',#3831,1.);
#3831 = DIRECTION('',(-1.,-0.));
#3832 = ( GEOMETRIC_REPRESENTATION_CONTEXT(2) 
PARAMETRIC_REPRESENTATION_CONTEXT() REPRESENTATION_CONTEXT('2D SPACE',''
  ) );
#3833 = ORIENTED_EDGE('',*,*,#3834,.T.);
#3834 = EDGE_CURVE('',#3806,#1683,#3835,.T.);
#3835 = SURFACE_CURVE('',#3836,(#3840,#3847),.PCURVE_S1.);
#3836 = LINE('',#3837,#3838);
#3837 = CARTESIAN_POINT('',(-62.,-15.,-110.));
#3838 = VECTOR('',#3839,1.);
#3839 = DIRECTION('',(0.,0.,1.));
#3840 = PCURVE('',#1719,#3841);
#3841 = DEFINITIONAL_REPRESENTATION('',(#3842),#3846);
#3842 = LINE('',#3843,#3844);
#3843 = CARTESIAN_POINT('',(1.570796326795,0.));
#3844 = VECTOR('',#3845,1.);
#3845 = DIRECTION('',(0.,1.));
#3846 = ( GEOMETRIC_REPRESENTATION_CONTEXT(2) 
PARAMETRIC_REPRESENTATION_CONTEXT() REPRESENTATION_CONTEXT('2D SPACE',''
  ) );
#3847 = PCURVE('',#1751,#3848);
#3848 = DEFINITIONAL_REPRESENTATION('',(#3849),#3853);
#3849 = LINE('',#3850,#3851);
#3850 = CARTESIAN_POINT('',(0.,9.));
#3851 = VECTOR('',#3852,1.);
#3852 = DIRECTION('',(1.,0.));
#3853 = ( GEOMETRIC_REPRESENTATION_CONTEXT(2) 
PARAMETRIC_REPRESENTATION_CONTEXT() REPRESENTATION_CONTEXT('2D SPACE',''
  ) );
#3854 = ORIENTED_EDGE('',*,*,#1704,.F.);
#3855 = ORIENTED_EDGE('',*,*,#3856,.F.);
#3856 = EDGE_CURVE('',#3857,#1660,#3859,.T.);
#3857 = VERTEX_POINT('',#3858);
#3858 = CARTESIAN_POINT('',(-71.,-6.,-95.25));
#3859 = SURFACE_CURVE('',#3860,(#3864,#3871),.PCURVE_S1.);
#3860 = LINE('',#3861,#3862);
#3861 = CARTESIAN_POINT('',(-71.,-6.,-110.));
#3862 = VECTOR('',#3863,1.);
#3863 = DIRECTION('',(0.,0.,1.));
#3864 = PCURVE('',#1719,#3865);
#3865 = DEFINITIONAL_REPRESENTATION('',(#3866),#3870);
#3866 = LINE('',#3867,#3868);
#3867 = CARTESIAN_POINT('',(0.,0.));
#3868 = VECTOR('',#3869,1.);
#3869 = DIRECTION('',(0.,1.));
#3870 = ( GEOMETRIC_REPRESENTATION_CONTEXT(2) 
PARAMETRIC_REPRESENTATION_CONTEXT() REPRESENTATION_CONTEXT('2D SPACE',''
  ) );
#3871 = PCURVE('',#2322,#3872);
#3872 = DEFINITIONAL_REPRESENTATION('',(#3873),#3877);
#3873 = LINE('',#3874,#3875);
#3874 = CARTESIAN_POINT('',(0.,-9.));
#3875 = VECTOR('',#3876,1.);
#3876 = DIRECTION('',(1.,0.));
#3877 = ( GEOMETRIC_REPRESENTATION_CONTEXT(2) 
PARAMETRIC_REPRESENTATION_CONTEXT() REPRESENTATION_CONTEXT('2D SPACE',''
  ) );
#3878 = ORIENTED_EDGE('',*,*,#3879,.T.);
#3879 = EDGE_CURVE('',#3857,#3880,#3882,.T.);
#3880 = VERTEX_POINT('',#3881);
#3881 = CARTESIAN_POINT('',(-70.64580823289,-8.5,-95.25));
#3882 = SURFACE_CURVE('',#3883,(#3888,#3895),.PCURVE_S1.);
#3883 = CIRCLE('',#3884,9.);
#3884 = AXIS2_PLACEMENT_3D('',#3885,#3886,#3887);
#3885 = CARTESIAN_POINT('',(-62.,-6.,-95.25));
#3886 = DIRECTION('',(0.,0.,1.));
#3887 = DIRECTION('',(-1.,-0.,0.));
#3888 = PCURVE('',#1719,#3889);
#3889 = DEFINITIONAL_REPRESENTATION('',(#3890),#3894);
#3890 = LINE('',#3891,#3892);
#3891 = CARTESIAN_POINT('',(0.,14.75));
#3892 = VECTOR('',#3893,1.);
#3893 = DIRECTION('',(1.,0.));
#3894 = ( GEOMETRIC_REPRESENTATION_CONTEXT(2) 
PARAMETRIC_REPRESENTATION_CONTEXT() REPRESENTATION_CONTEXT('2D SPACE',''
  ) );
#3895 = PCURVE('',#3896,#3901);
#3896 = PLANE('',#3897);
#3897 = AXIS2_PLACEMENT_3D('',#3898,#3899,#3900);
#3898 = CARTESIAN_POINT('',(-72.,-8.5,-95.25));
#3899 = DIRECTION('',(0.,0.,1.));
#3900 = DIRECTION('',(1.,0.,-0.));
#3901 = DEFINITIONAL_REPRESENTATION('',(#3902),#3906);
#3902 = CIRCLE('',#3903,9.);
#3903 = AXIS2_PLACEMENT_2D('',#3904,#3905);
#3904 = CARTESIAN_POINT('',(10.,2.5));
#3905 = DIRECTION('',(-1.,0.));
#3906 = ( GEOMETRIC_REPRESENTATION_CONTEXT(2) 
PARAMETRIC_REPRESENTATION_CONTEXT() REPRESENTATION_CONTEXT('2D SPACE',''
  ) );
#3907 = ORIENTED_EDGE('',*,*,#3908,.F.);
#3908 = EDGE_CURVE('',#3909,#3880,#3911,.T.);
#3909 = VERTEX_POINT('',#3910);
#3910 = CARTESIAN_POINT('',(-70.64580823289,-8.5,-98.75));
#3911 = SURFACE_CURVE('',#3912,(#3916,#3922),.PCURVE_S1.);
#3912 = LINE('',#3913,#3914);
#3913 = CARTESIAN_POINT('',(-70.64580823289,-8.5,-110.));
#3914 = VECTOR('',#3915,1.);
#3915 = DIRECTION('',(0.,0.,1.));
#3916 = PCURVE('',#1719,#3917);
#3917 = DEFINITIONAL_REPRESENTATION('',(#3918),#3921);
#3918 = B_SPLINE_CURVE_WITH_KNOTS('',1,(#3919,#3920),.UNSPECIFIED.,.F.,
  .F.,(2,2),(10.9,15.1),.PIECEWISE_BEZIER_KNOTS.);
#3919 = CARTESIAN_POINT('',(0.281480073231,10.9));
#3920 = CARTESIAN_POINT('',(0.281480073231,15.1));
#3921 = ( GEOMETRIC_REPRESENTATION_CONTEXT(2) 
PARAMETRIC_REPRESENTATION_CONTEXT() REPRESENTATION_CONTEXT('2D SPACE',''
  ) );
#3922 = PCURVE('',#3923,#3928);
#3923 = PLANE('',#3924);
#3924 = AXIS2_PLACEMENT_3D('',#3925,#3926,#3927);
#3925 = CARTESIAN_POINT('',(-72.,-8.5,-98.75));
#3926 = DIRECTION('',(-0.,1.,0.));
#3927 = DIRECTION('',(0.,0.,1.));
#3928 = DEFINITIONAL_REPRESENTATION('',(#3929),#3932);
#3929 = B_SPLINE_CURVE_WITH_KNOTS('',1,(#3930,#3931),.UNSPECIFIED.,.F.,
  .F.,(2,2),(10.9,15.1),.PIECEWISE_BEZIER_KNOTS.);
#3930 = CARTESIAN_POINT('',(-0.35,1.354191767105));
#3931 = CARTESIAN_POINT('',(3.85,1.354191767105));
#3932 = ( GEOMETRIC_REPRESENTATION_CONTEXT(2) 
PARAMETRIC_REPRESENTATION_CONTEXT() REPRESENTATION_CONTEXT('2D SPACE',''
  ) );
#3933 = ORIENTED_EDGE('',*,*,#3934,.F.);
#3934 = EDGE_CURVE('',#3935,#3909,#3937,.T.);
#3935 = VERTEX_POINT('',#3936);
#3936 = CARTESIAN_POINT('',(-71.,-6.,-98.75));
#3937 = SURFACE_CURVE('',#3938,(#3943,#3950),.PCURVE_S1.);
#3938 = CIRCLE('',#3939,9.);
#3939 = AXIS2_PLACEMENT_3D('',#3940,#3941,#3942);
#3940 = CARTESIAN_POINT('',(-62.,-6.,-98.75));
#3941 = DIRECTION('',(0.,0.,1.));
#3942 = DIRECTION('',(-1.,-0.,0.));
#3943 = PCURVE('',#1719,#3944);
#3944 = DEFINITIONAL_REPRESENTATION('',(#3945),#3949);
#3945 = LINE('',#3946,#3947);
#3946 = CARTESIAN_POINT('',(0.,11.25));
#3947 = VECTOR('',#3948,1.);
#3948 = DIRECTION('',(1.,0.));
#3949 = ( GEOMETRIC_REPRESENTATION_CONTEXT(2) 
PARAMETRIC_REPRESENTATION_CONTEXT() REPRESENTATION_CONTEXT('2D SPACE',''
  ) );
#3950 = PCURVE('',#3951,#3956);
#3951 = PLANE('',#3952);
#3952 = AXIS2_PLACEMENT_3D('',#3953,#3954,#3955);
#3953 = CARTESIAN_POINT('',(-72.,-8.5,-98.75));
#3954 = DIRECTION('',(0.,0.,1.));
#3955 = DIRECTION('',(1.,0.,-0.));
#3956 = DEFINITIONAL_REPRESENTATION('',(#3957),#3961);
#3957 = CIRCLE('',#3958,9.);
#3958 = AXIS2_PLACEMENT_2D('',#3959,#3960);
#3959 = CARTESIAN_POINT('',(10.,2.5));
#3960 = DIRECTION('',(-1.,0.));
#3961 = ( GEOMETRIC_REPRESENTATION_CONTEXT(2) 
PARAMETRIC_REPRESENTATION_CONTEXT() REPRESENTATION_CONTEXT('2D SPACE',''
  ) );
#3962 = ORIENTED_EDGE('',*,*,#3963,.F.);
#3963 = EDGE_CURVE('',#3964,#3935,#3966,.T.);
#3964 = VERTEX_POINT('',#3965);
#3965 = CARTESIAN_POINT('',(-71.,-6.,-102.25));
#3966 = SURFACE_CURVE('',#3967,(#3971,#3978),.PCURVE_S1.);
#3967 = LINE('',#3968,#3969);
#3968 = CARTESIAN_POINT('',(-71.,-6.,-110.));
#3969 = VECTOR('',#3970,1.);
#3970 = DIRECTION('',(0.,0.,1.));
#3971 = PCURVE('',#1719,#3972);
#3972 = DEFINITIONAL_REPRESENTATION('',(#3973),#3977);
#3973 = LINE('',#3974,#3975);
#3974 = CARTESIAN_POINT('',(0.,0.));
#3975 = VECTOR('',#3976,1.);
#3976 = DIRECTION('',(0.,1.));
#3977 = ( GEOMETRIC_REPRESENTATION_CONTEXT(2) 
PARAMETRIC_REPRESENTATION_CONTEXT() REPRESENTATION_CONTEXT('2D SPACE',''
  ) );
#3978 = PCURVE('',#2322,#3979);
#3979 = DEFINITIONAL_REPRESENTATION('',(#3980),#3984);
#3980 = LINE('',#3981,#3982);
#3981 = CARTESIAN_POINT('',(0.,-9.));
#3982 = VECTOR('',#3983,1.);
#3983 = DIRECTION('',(1.,0.));
#3984 = ( GEOMETRIC_REPRESENTATION_CONTEXT(2) 
PARAMETRIC_REPRESENTATION_CONTEXT() REPRESENTATION_CONTEXT('2D SPACE',''
  ) );
#3985 = ORIENTED_EDGE('',*,*,#3986,.T.);
#3986 = EDGE_CURVE('',#3964,#3987,#3989,.T.);
#3987 = VERTEX_POINT('',#3988);
#3988 = CARTESIAN_POINT('',(-70.64580823289,-8.5,-102.25));
#3989 = SURFACE_CURVE('',#3990,(#3995,#4002),.PCURVE_S1.);
#3990 = CIRCLE('',#3991,9.);
#3991 = AXIS2_PLACEMENT_3D('',#3992,#3993,#3994);
#3992 = CARTESIAN_POINT('',(-62.,-6.,-102.25));
#3993 = DIRECTION('',(0.,0.,1.));
#3994 = DIRECTION('',(-1.,-0.,0.));
#3995 = PCURVE('',#1719,#3996);
#3996 = DEFINITIONAL_REPRESENTATION('',(#3997),#4001);
#3997 = LINE('',#3998,#3999);
#3998 = CARTESIAN_POINT('',(0.,7.75));
#3999 = VECTOR('',#4000,1.);
#4000 = DIRECTION('',(1.,0.));
#4001 = ( GEOMETRIC_REPRESENTATION_CONTEXT(2) 
PARAMETRIC_REPRESENTATION_CONTEXT() REPRESENTATION_CONTEXT('2D SPACE',''
  ) );
#4002 = PCURVE('',#4003,#4008);
#4003 = PLANE('',#4004);
#4004 = AXIS2_PLACEMENT_3D('',#4005,#4006,#4007);
#4005 = CARTESIAN_POINT('',(-72.,-8.5,-102.25));
#4006 = DIRECTION('',(0.,0.,1.));
#4007 = DIRECTION('',(1.,0.,-0.));
#4008 = DEFINITIONAL_REPRESENTATION('',(#4009),#4013);
#4009 = CIRCLE('',#4010,9.);
#4010 = AXIS2_PLACEMENT_2D('',#4011,#4012);
#4011 = CARTESIAN_POINT('',(10.,2.5));
#4012 = DIRECTION('',(-1.,0.));
#4013 = ( GEOMETRIC_REPRESENTATION_CONTEXT(2) 
PARAMETRIC_REPRESENTATION_CONTEXT() REPRESENTATION_CONTEXT('2D SPACE',''
  ) );
#4014 = ORIENTED_EDGE('',*,*,#4015,.F.);
#4015 = EDGE_CURVE('',#4016,#3987,#4018,.T.);
#4016 = VERTEX_POINT('',#4017);
#4017 = CARTESIAN_POINT('',(-70.64580823289,-8.5,-105.75));
#4018 = SURFACE_CURVE('',#4019,(#4023,#4029),.PCURVE_S1.);
#4019 = LINE('',#4020,#4021);
#4020 = CARTESIAN_POINT('',(-70.64580823289,-8.5,-110.));
#4021 = VECTOR('',#4022,1.);
#4022 = DIRECTION('',(0.,0.,1.));
#4023 = PCURVE('',#1719,#4024);
#4024 = DEFINITIONAL_REPRESENTATION('',(#4025),#4028);
#4025 = B_SPLINE_CURVE_WITH_KNOTS('',1,(#4026,#4027),.UNSPECIFIED.,.F.,
  .F.,(2,2),(3.9,8.1),.PIECEWISE_BEZIER_KNOTS.);
#4026 = CARTESIAN_POINT('',(0.281480073231,3.9));
#4027 = CARTESIAN_POINT('',(0.281480073231,8.1));
#4028 = ( GEOMETRIC_REPRESENTATION_CONTEXT(2) 
PARAMETRIC_REPRESENTATION_CONTEXT() REPRESENTATION_CONTEXT('2D SPACE',''
  ) );
#4029 = PCURVE('',#4030,#4035);
#4030 = PLANE('',#4031);
#4031 = AXIS2_PLACEMENT_3D('',#4032,#4033,#4034);
#4032 = CARTESIAN_POINT('',(-72.,-8.5,-105.75));
#4033 = DIRECTION('',(-0.,1.,0.));
#4034 = DIRECTION('',(0.,0.,1.));
#4035 = DEFINITIONAL_REPRESENTATION('',(#4036),#4039);
#4036 = B_SPLINE_CURVE_WITH_KNOTS('',1,(#4037,#4038),.UNSPECIFIED.,.F.,
  .F.,(2,2),(3.9,8.1),.PIECEWISE_BEZIER_KNOTS.);
#4037 = CARTESIAN_POINT('',(-0.35,1.354191767105));
#4038 = CARTESIAN_POINT('',(3.85,1.354191767105));
#4039 = ( GEOMETRIC_REPRESENTATION_CONTEXT(2) 
PARAMETRIC_REPRESENTATION_CONTEXT() REPRESENTATION_CONTEXT('2D SPACE',''
  ) );
#4040 = ORIENTED_EDGE('',*,*,#4041,.F.);
#4041 = EDGE_CURVE('',#3783,#4016,#4042,.T.);
#4042 = SURFACE_CURVE('',#4043,(#4048,#4055),.PCURVE_S1.);
#4043 = CIRCLE('',#4044,9.);
#4044 = AXIS2_PLACEMENT_3D('',#4045,#4046,#4047);
#4045 = CARTESIAN_POINT('',(-62.,-6.,-105.75));
#4046 = DIRECTION('',(0.,0.,1.));
#4047 = DIRECTION('',(-1.,-0.,0.));
#4048 = PCURVE('',#1719,#4049);
#4049 = DEFINITIONAL_REPRESENTATION('',(#4050),#4054);
#4050 = LINE('',#4051,#4052);
#4051 = CARTESIAN_POINT('',(0.,4.25));
#4052 = VECTOR('',#4053,1.);
#4053 = DIRECTION('',(1.,0.));
#4054 = ( GEOMETRIC_REPRESENTATION_CONTEXT(2) 
PARAMETRIC_REPRESENTATION_CONTEXT() REPRESENTATION_CONTEXT('2D SPACE',''
  ) );
#4055 = PCURVE('',#4056,#4061);
#4056 = PLANE('',#4057);
#4057 = AXIS2_PLACEMENT_3D('',#4058,#4059,#4060);
#4058 = CARTESIAN_POINT('',(-72.,-8.5,-105.75));
#4059 = DIRECTION('',(0.,0.,1.));
#4060 = DIRECTION('',(1.,0.,-0.));
#4061 = DEFINITIONAL_REPRESENTATION('',(#4062),#4066);
#4062 = CIRCLE('',#4063,9.);
#4063 = AXIS2_PLACEMENT_2D('',#4064,#4065);
#4064 = CARTESIAN_POINT('',(10.,2.5));
#4065 = DIRECTION('',(-1.,0.));
#4066 = ( GEOMETRIC_REPRESENTATION_CONTEXT(2) 
PARAMETRIC_REPRESENTATION_CONTEXT() REPRESENTATION_CONTEXT('2D SPACE',''
  ) );
#4067 = ADVANCED_FACE('',(#4068),#1751,.F.);
#4068 = FACE_BOUND('',#4069,.F.);
#4069 = EDGE_LOOP('',(#4070,#4093,#4119,#4120));
#4070 = ORIENTED_EDGE('',*,*,#4071,.F.);
#4071 = EDGE_CURVE('',#4072,#1736,#4074,.T.);
#4072 = VERTEX_POINT('',#4073);
#4073 = CARTESIAN_POINT('',(-32.,-15.,-109.));
#4074 = SURFACE_CURVE('',#4075,(#4079,#4086),.PCURVE_S1.);
#4075 = LINE('',#4076,#4077);
#4076 = CARTESIAN_POINT('',(-32.,-15.,-110.));
#4077 = VECTOR('',#4078,1.);
#4078 = DIRECTION('',(0.,0.,1.));
#4079 = PCURVE('',#1751,#4080);
#4080 = DEFINITIONAL_REPRESENTATION('',(#4081),#4085);
#4081 = LINE('',#4082,#4083);
#4082 = CARTESIAN_POINT('',(0.,39.));
#4083 = VECTOR('',#4084,1.);
#4084 = DIRECTION('',(1.,0.));
#4085 = ( GEOMETRIC_REPRESENTATION_CONTEXT(2) 
PARAMETRIC_REPRESENTATION_CONTEXT() REPRESENTATION_CONTEXT('2D SPACE',''
  ) );
#4086 = PCURVE('',#1831,#4087);
#4087 = DEFINITIONAL_REPRESENTATION('',(#4088),#4092);
#4088 = LINE('',#4089,#4090);
#4089 = CARTESIAN_POINT('',(-1.570796326795,0.));
#4090 = VECTOR('',#4091,1.);
#4091 = DIRECTION('',(-0.,1.));
#4092 = ( GEOMETRIC_REPRESENTATION_CONTEXT(2) 
PARAMETRIC_REPRESENTATION_CONTEXT() REPRESENTATION_CONTEXT('2D SPACE',''
  ) );
#4093 = ORIENTED_EDGE('',*,*,#4094,.T.);
#4094 = EDGE_CURVE('',#4072,#3806,#4095,.T.);
#4095 = SURFACE_CURVE('',#4096,(#4100,#4107),.PCURVE_S1.);
#4096 = LINE('',#4097,#4098);
#4097 = CARTESIAN_POINT('',(-32.,-15.,-109.));
#4098 = VECTOR('',#4099,1.);
#4099 = DIRECTION('',(-1.,-0.,-0.));
#4100 = PCURVE('',#1751,#4101);
#4101 = DEFINITIONAL_REPRESENTATION('',(#4102),#4106);
#4102 = LINE('',#4103,#4104);
#4103 = CARTESIAN_POINT('',(1.,39.));
#4104 = VECTOR('',#4105,1.);
#4105 = DIRECTION('',(-0.,-1.));
#4106 = ( GEOMETRIC_REPRESENTATION_CONTEXT(2) 
PARAMETRIC_REPRESENTATION_CONTEXT() REPRESENTATION_CONTEXT('2D SPACE',''
  ) );
#4107 = PCURVE('',#4108,#4113);
#4108 = PLANE('',#4109);
#4109 = AXIS2_PLACEMENT_3D('',#4110,#4111,#4112);
#4110 = CARTESIAN_POINT('',(-32.,-14.5,-109.5));
#4111 = DIRECTION('',(0.,-0.707106781187,-0.707106781187));
#4112 = DIRECTION('',(-1.,-0.,0.));
#4113 = DEFINITIONAL_REPRESENTATION('',(#4114),#4118);
#4114 = LINE('',#4115,#4116);
#4115 = CARTESIAN_POINT('',(0.,-0.707106781187));
#4116 = VECTOR('',#4117,1.);
#4117 = DIRECTION('',(1.,0.));
#4118 = ( GEOMETRIC_REPRESENTATION_CONTEXT(2) 
PARAMETRIC_REPRESENTATION_CONTEXT() REPRESENTATION_CONTEXT('2D SPACE',''
  ) );
#4119 = ORIENTED_EDGE('',*,*,#3834,.T.);
#4120 = ORIENTED_EDGE('',*,*,#1735,.T.);
#4121 = ADVANCED_FACE('',(#4122,#4394),#1831,.T.);
#4122 = FACE_BOUND('',#4123,.F.);
#4123 = EDGE_LOOP('',(#4124,#4154,#4183,#4209,#4238,#4264,#4291,#4292,
    #4293,#4294,#4368));
#4124 = ORIENTED_EDGE('',*,*,#4125,.F.);
#4125 = EDGE_CURVE('',#4126,#4128,#4130,.T.);
#4126 = VERTEX_POINT('',#4127);
#4127 = CARTESIAN_POINT('',(-23.,-6.,-109.));
#4128 = VERTEX_POINT('',#4129);
#4129 = CARTESIAN_POINT('',(-23.,-6.,-35.));
#4130 = SURFACE_CURVE('',#4131,(#4135,#4142),.PCURVE_S1.);
#4131 = LINE('',#4132,#4133);
#4132 = CARTESIAN_POINT('',(-23.,-6.,-110.));
#4133 = VECTOR('',#4134,1.);
#4134 = DIRECTION('',(0.,0.,1.));
#4135 = PCURVE('',#1831,#4136);
#4136 = DEFINITIONAL_REPRESENTATION('',(#4137),#4141);
#4137 = LINE('',#4138,#4139);
#4138 = CARTESIAN_POINT('',(-0.,0.));
#4139 = VECTOR('',#4140,1.);
#4140 = DIRECTION('',(-0.,1.));
#4141 = ( GEOMETRIC_REPRESENTATION_CONTEXT(2) 
PARAMETRIC_REPRESENTATION_CONTEXT() REPRESENTATION_CONTEXT('2D SPACE',''
  ) );
#4142 = PCURVE('',#4143,#4148);
#4143 = PLANE('',#4144);
#4144 = AXIS2_PLACEMENT_3D('',#4145,#4146,#4147);
#4145 = CARTESIAN_POINT('',(-23.,-15.,-110.));
#4146 = DIRECTION('',(1.,0.,0.));
#4147 = DIRECTION('',(0.,0.,1.));
#4148 = DEFINITIONAL_REPRESENTATION('',(#4149),#4153);
#4149 = LINE('',#4150,#4151);
#4150 = CARTESIAN_POINT('',(0.,-9.));
#4151 = VECTOR('',#4152,1.);
#4152 = DIRECTION('',(1.,0.));
#4153 = ( GEOMETRIC_REPRESENTATION_CONTEXT(2) 
PARAMETRIC_REPRESENTATION_CONTEXT() REPRESENTATION_CONTEXT('2D SPACE',''
  ) );
#4154 = ORIENTED_EDGE('',*,*,#4155,.T.);
#4155 = EDGE_CURVE('',#4126,#4156,#4158,.T.);
#4156 = VERTEX_POINT('',#4157);
#4157 = CARTESIAN_POINT('',(-24.14888542944,-10.4,-109.));
#4158 = SURFACE_CURVE('',#4159,(#4164,#4171),.PCURVE_S1.);
#4159 = CIRCLE('',#4160,9.);
#4160 = AXIS2_PLACEMENT_3D('',#4161,#4162,#4163);
#4161 = CARTESIAN_POINT('',(-32.,-6.,-109.));
#4162 = DIRECTION('',(0.,-0.,-1.));
#4163 = DIRECTION('',(1.,1.973729821556E-16,-0.));
#4164 = PCURVE('',#1831,#4165);
#4165 = DEFINITIONAL_REPRESENTATION('',(#4166),#4170);
#4166 = LINE('',#4167,#4168);
#4167 = CARTESIAN_POINT('',(-0.,1.));
#4168 = VECTOR('',#4169,1.);
#4169 = DIRECTION('',(-1.,0.));
#4170 = ( GEOMETRIC_REPRESENTATION_CONTEXT(2) 
PARAMETRIC_REPRESENTATION_CONTEXT() REPRESENTATION_CONTEXT('2D SPACE',''
  ) );
#4171 = PCURVE('',#4172,#4177);
#4172 = CONICAL_SURFACE('',#4173,9.,0.785398163397);
#4173 = AXIS2_PLACEMENT_3D('',#4174,#4175,#4176);
#4174 = CARTESIAN_POINT('',(-32.,-6.,-109.));
#4175 = DIRECTION('',(0.,0.,1.));
#4176 = DIRECTION('',(1.,1.973729821556E-16,-0.));
#4177 = DEFINITIONAL_REPRESENTATION('',(#4178),#4182);
#4178 = LINE('',#4179,#4180);
#4179 = CARTESIAN_POINT('',(-0.,-0.));
#4180 = VECTOR('',#4181,1.);
#4181 = DIRECTION('',(-1.,-0.));
#4182 = ( GEOMETRIC_REPRESENTATION_CONTEXT(2) 
PARAMETRIC_REPRESENTATION_CONTEXT() REPRESENTATION_CONTEXT('2D SPACE',''
  ) );
#4183 = ORIENTED_EDGE('',*,*,#4184,.T.);
#4184 = EDGE_CURVE('',#4156,#4185,#4187,.T.);
#4185 = VERTEX_POINT('',#4186);
#4186 = CARTESIAN_POINT('',(-24.14888542944,-10.4,-105.55));
#4187 = SURFACE_CURVE('',#4188,(#4192,#4198),.PCURVE_S1.);
#4188 = LINE('',#4189,#4190);
#4189 = CARTESIAN_POINT('',(-24.14888542944,-10.4,-110.));
#4190 = VECTOR('',#4191,1.);
#4191 = DIRECTION('',(0.,0.,1.));
#4192 = PCURVE('',#1831,#4193);
#4193 = DEFINITIONAL_REPRESENTATION('',(#4194),#4197);
#4194 = B_SPLINE_CURVE_WITH_KNOTS('',1,(#4195,#4196),.UNSPECIFIED.,.F.,
  .F.,(2,2),(0.9999994,4.945),.PIECEWISE_BEZIER_KNOTS.);
#4195 = CARTESIAN_POINT('',(-0.51081559316,0.9999994));
#4196 = CARTESIAN_POINT('',(-0.51081559316,4.945));
#4197 = ( GEOMETRIC_REPRESENTATION_CONTEXT(2) 
PARAMETRIC_REPRESENTATION_CONTEXT() REPRESENTATION_CONTEXT('2D SPACE',''
  ) );
#4198 = PCURVE('',#4199,#4204);
#4199 = PLANE('',#4200);
#4200 = AXIS2_PLACEMENT_3D('',#4201,#4202,#4203);
#4201 = CARTESIAN_POINT('',(-33.,-10.4,-110.5));
#4202 = DIRECTION('',(-0.,1.,0.));
#4203 = DIRECTION('',(0.,0.,1.));
#4204 = DEFINITIONAL_REPRESENTATION('',(#4205),#4208);
#4205 = B_SPLINE_CURVE_WITH_KNOTS('',1,(#4206,#4207),.UNSPECIFIED.,.F.,
  .F.,(2,2),(0.9999994,4.945),.PIECEWISE_BEZIER_KNOTS.);
#4206 = CARTESIAN_POINT('',(1.4999994,8.851114570556));
#4207 = CARTESIAN_POINT('',(5.445,8.851114570556));
#4208 = ( GEOMETRIC_REPRESENTATION_CONTEXT(2) 
PARAMETRIC_REPRESENTATION_CONTEXT() REPRESENTATION_CONTEXT('2D SPACE',''
  ) );
#4209 = ORIENTED_EDGE('',*,*,#4210,.F.);
#4210 = EDGE_CURVE('',#4211,#4185,#4213,.T.);
#4211 = VERTEX_POINT('',#4212);
#4212 = CARTESIAN_POINT('',(-29.69565627563,-14.7,-105.55));
#4213 = SURFACE_CURVE('',#4214,(#4219,#4226),.PCURVE_S1.);
#4214 = CIRCLE('',#4215,9.);
#4215 = AXIS2_PLACEMENT_3D('',#4216,#4217,#4218);
#4216 = CARTESIAN_POINT('',(-32.,-6.,-105.55));
#4217 = DIRECTION('',(0.,0.,1.));
#4218 = DIRECTION('',(1.,0.,-0.));
#4219 = PCURVE('',#1831,#4220);
#4220 = DEFINITIONAL_REPRESENTATION('',(#4221),#4225);
#4221 = LINE('',#4222,#4223);
#4222 = CARTESIAN_POINT('',(-6.28318530718,4.45));
#4223 = VECTOR('',#4224,1.);
#4224 = DIRECTION('',(1.,-0.));
#4225 = ( GEOMETRIC_REPRESENTATION_CONTEXT(2) 
PARAMETRIC_REPRESENTATION_CONTEXT() REPRESENTATION_CONTEXT('2D SPACE',''
  ) );
#4226 = PCURVE('',#4227,#4232);
#4227 = PLANE('',#4228);
#4228 = AXIS2_PLACEMENT_3D('',#4229,#4230,#4231);
#4229 = CARTESIAN_POINT('',(-60.,-13.5,-105.55));
#4230 = DIRECTION('',(0.,0.,1.));
#4231 = DIRECTION('',(0.,1.,0.));
#4232 = DEFINITIONAL_REPRESENTATION('',(#4233),#4237);
#4233 = CIRCLE('',#4234,9.);
#4234 = AXIS2_PLACEMENT_2D('',#4235,#4236);
#4235 = CARTESIAN_POINT('',(7.5,-28.));
#4236 = DIRECTION('',(0.,-1.));
#4237 = ( GEOMETRIC_REPRESENTATION_CONTEXT(2) 
PARAMETRIC_REPRESENTATION_CONTEXT() REPRESENTATION_CONTEXT('2D SPACE',''
  ) );
#4238 = ORIENTED_EDGE('',*,*,#4239,.F.);
#4239 = EDGE_CURVE('',#4240,#4211,#4242,.T.);
#4240 = VERTEX_POINT('',#4241);
#4241 = CARTESIAN_POINT('',(-29.69565627563,-14.7,-109.));
#4242 = SURFACE_CURVE('',#4243,(#4247,#4253),.PCURVE_S1.);
#4243 = LINE('',#4244,#4245);
#4244 = CARTESIAN_POINT('',(-29.69565627563,-14.7,-110.));
#4245 = VECTOR('',#4246,1.);
#4246 = DIRECTION('',(0.,0.,1.));
#4247 = PCURVE('',#1831,#4248);
#4248 = DEFINITIONAL_REPRESENTATION('',(#4249),#4252);
#4249 = B_SPLINE_CURVE_WITH_KNOTS('',1,(#4250,#4251),.UNSPECIFIED.,.F.,
  .F.,(2,2),(0.9999994,4.945),.PIECEWISE_BEZIER_KNOTS.);
#4250 = CARTESIAN_POINT('',(-1.311874784789,0.9999994));
#4251 = CARTESIAN_POINT('',(-1.311874784789,4.945));
#4252 = ( GEOMETRIC_REPRESENTATION_CONTEXT(2) 
PARAMETRIC_REPRESENTATION_CONTEXT() REPRESENTATION_CONTEXT('2D SPACE',''
  ) );
#4253 = PCURVE('',#4254,#4259);
#4254 = PLANE('',#4255);
#4255 = AXIS2_PLACEMENT_3D('',#4256,#4257,#4258);
#4256 = CARTESIAN_POINT('',(-29.69565627563,-16.,-110.5));
#4257 = DIRECTION('',(1.,0.,-0.));
#4258 = DIRECTION('',(0.,0.,1.));
#4259 = DEFINITIONAL_REPRESENTATION('',(#4260),#4263);
#4260 = B_SPLINE_CURVE_WITH_KNOTS('',1,(#4261,#4262),.UNSPECIFIED.,.F.,
  .F.,(2,2),(0.9999994,4.945),.PIECEWISE_BEZIER_KNOTS.);
#4261 = CARTESIAN_POINT('',(1.4999994,-1.3));
#4262 = CARTESIAN_POINT('',(5.445,-1.3));
#4263 = ( GEOMETRIC_REPRESENTATION_CONTEXT(2) 
PARAMETRIC_REPRESENTATION_CONTEXT() REPRESENTATION_CONTEXT('2D SPACE',''
  ) );
#4264 = ORIENTED_EDGE('',*,*,#4265,.T.);
#4265 = EDGE_CURVE('',#4240,#4072,#4266,.T.);
#4266 = SURFACE_CURVE('',#4267,(#4272,#4279),.PCURVE_S1.);
#4267 = CIRCLE('',#4268,9.);
#4268 = AXIS2_PLACEMENT_3D('',#4269,#4270,#4271);
#4269 = CARTESIAN_POINT('',(-32.,-6.,-109.));
#4270 = DIRECTION('',(0.,-0.,-1.));
#4271 = DIRECTION('',(1.,1.973729821556E-16,-0.));
#4272 = PCURVE('',#1831,#4273);
#4273 = DEFINITIONAL_REPRESENTATION('',(#4274),#4278);
#4274 = LINE('',#4275,#4276);
#4275 = CARTESIAN_POINT('',(-0.,1.));
#4276 = VECTOR('',#4277,1.);
#4277 = DIRECTION('',(-1.,0.));
#4278 = ( GEOMETRIC_REPRESENTATION_CONTEXT(2) 
PARAMETRIC_REPRESENTATION_CONTEXT() REPRESENTATION_CONTEXT('2D SPACE',''
  ) );
#4279 = PCURVE('',#4280,#4285);
#4280 = CONICAL_SURFACE('',#4281,9.,0.785398163397);
#4281 = AXIS2_PLACEMENT_3D('',#4282,#4283,#4284);
#4282 = CARTESIAN_POINT('',(-32.,-6.,-109.));
#4283 = DIRECTION('',(0.,0.,1.));
#4284 = DIRECTION('',(1.,1.973729821556E-16,-0.));
#4285 = DEFINITIONAL_REPRESENTATION('',(#4286),#4290);
#4286 = LINE('',#4287,#4288);
#4287 = CARTESIAN_POINT('',(-0.,-0.));
#4288 = VECTOR('',#4289,1.);
#4289 = DIRECTION('',(-1.,-0.));
#4290 = ( GEOMETRIC_REPRESENTATION_CONTEXT(2) 
PARAMETRIC_REPRESENTATION_CONTEXT() REPRESENTATION_CONTEXT('2D SPACE',''
  ) );
#4291 = ORIENTED_EDGE('',*,*,#4071,.T.);
#4292 = ORIENTED_EDGE('',*,*,#1816,.T.);
#4293 = ORIENTED_EDGE('',*,*,#1953,.F.);
#4294 = ORIENTED_EDGE('',*,*,#4295,.T.);
#4295 = EDGE_CURVE('',#1849,#4296,#4298,.T.);
#4296 = VERTEX_POINT('',#4297);
#4297 = CARTESIAN_POINT('',(-23.,-6.,-24.2));
#4298 = SURFACE_CURVE('',#4299,(#4320,#4344),.PCURVE_S1.);
#4299 = B_SPLINE_CURVE_WITH_KNOTS('',7,(#4300,#4301,#4302,#4303,#4304,
    #4305,#4306,#4307,#4308,#4309,#4310,#4311,#4312,#4313,#4314,#4315,
    #4316,#4317,#4318,#4319),.UNSPECIFIED.,.F.,.F.,(8,6,6,8),(0.,
    0.500028194389,0.885290995969,1.),.UNSPECIFIED.);
#4300 = CARTESIAN_POINT('',(-23.,-6.,-17.8));
#4301 = CARTESIAN_POINT('',(-23.,-6.23266273488,-18.2362426279));
#4302 = CARTESIAN_POINT('',(-23.0070168941,-6.423873298658,
    -18.68388077336));
#4303 = CARTESIAN_POINT('',(-23.01655158308,-6.575161733499,
    -19.13965168668));
#4304 = CARTESIAN_POINT('',(-23.02561123356,-6.687770573587,
    -19.60104783347));
#4305 = CARTESIAN_POINT('',(-23.03228568553,-6.762571443552,
    -20.06605504132));
#4306 = CARTESIAN_POINT('',(-23.03562606759,-6.8,-20.53292864063));
#4307 = CARTESIAN_POINT('',(-23.03562606759,-6.8,-21.35987014825));
#4308 = CARTESIAN_POINT('',(-23.03364327371,-6.777780673182,
    -21.71968667554));
#4309 = CARTESIAN_POINT('',(-23.02967823239,-6.73335429528,
    -22.07864405842));
#4310 = CARTESIAN_POINT('',(-23.02406858622,-6.666573105876,
    -22.43592328172));
#4311 = CARTESIAN_POINT('',(-23.01748554645,-6.577140874615,
    -22.79063544437));
#4312 = CARTESIAN_POINT('',(-23.0109681524,-6.464622346867,
    -23.14176525628));
#4313 = CARTESIAN_POINT('',(-23.00451469492,-6.287906480551,
    -23.59123719894));
#4314 = CARTESIAN_POINT('',(-23.00317107333,-6.245264169714,
    -23.69393966362));
#4315 = CARTESIAN_POINT('',(-23.00200324602,-6.200507851577,
    -23.79619130927));
#4316 = CARTESIAN_POINT('',(-23.00105384202,-6.153620975366,
    -23.89795935399));
#4317 = CARTESIAN_POINT('',(-23.00036932634,-6.10458622427,
    -23.99920874499));
#4318 = CARTESIAN_POINT('',(-23.,-6.053385515443,-24.09990215854));
#4319 = CARTESIAN_POINT('',(-23.,-6.,-24.2));
#4320 = PCURVE('',#1831,#4321);
#4321 = DEFINITIONAL_REPRESENTATION('',(#4322),#4343);
#4322 = B_SPLINE_CURVE_WITH_KNOTS('',7,(#4323,#4324,#4325,#4326,#4327,
    #4328,#4329,#4330,#4331,#4332,#4333,#4334,#4335,#4336,#4337,#4338,
    #4339,#4340,#4341,#4342),.UNSPECIFIED.,.F.,.F.,(8,6,6,8),(0.,
    0.500028194389,0.885290995969,1.),.UNSPECIFIED.);
#4323 = CARTESIAN_POINT('',(0.,92.2));
#4324 = CARTESIAN_POINT('',(-2.585141498666E-02,91.7637573721));
#4325 = CARTESIAN_POINT('',(-4.709705074557E-02,91.316119226635));
#4326 = CARTESIAN_POINT('',(-6.393499534498E-02,90.860348313319));
#4327 = CARTESIAN_POINT('',(-7.648680699318E-02,90.398952166528));
#4328 = CARTESIAN_POINT('',(-8.483112061996E-02,89.933944958675));
#4329 = CARTESIAN_POINT('',(-8.900636238055E-02,89.467071359363));
#4330 = CARTESIAN_POINT('',(-8.900636238055E-02,88.640129851746));
#4331 = CARTESIAN_POINT('',(-8.652772593951E-02,88.280313324458));
#4332 = CARTESIAN_POINT('',(-8.15718796885E-02,87.921355941571));
#4333 = CARTESIAN_POINT('',(-7.412567177816E-02,87.564076718271));
#4334 = CARTESIAN_POINT('',(-6.416306934467E-02,87.209364555624));
#4335 = CARTESIAN_POINT('',(-5.164289657468E-02,86.858234743715));
#4336 = CARTESIAN_POINT('',(-3.199471174931E-02,86.408762801055));
#4337 = CARTESIAN_POINT('',(-2.72543733938E-02,86.306060336378));
#4338 = CARTESIAN_POINT('',(-2.227988090273E-02,86.20380869073));
#4339 = CARTESIAN_POINT('',(-1.706934483096E-02,86.102040646003));
#4340 = CARTESIAN_POINT('',(-1.162070368802E-02,86.000791255003));
#4341 = CARTESIAN_POINT('',(-5.931723938079E-03,85.900097841455));
#4342 = CARTESIAN_POINT('',(0.,85.8));
#4343 = ( GEOMETRIC_REPRESENTATION_CONTEXT(2) 
PARAMETRIC_REPRESENTATION_CONTEXT() REPRESENTATION_CONTEXT('2D SPACE',''
  ) );
#4344 = PCURVE('',#1863,#4345);
#4345 = DEFINITIONAL_REPRESENTATION('',(#4346),#4367);
#4346 = B_SPLINE_CURVE_WITH_KNOTS('',7,(#4347,#4348,#4349,#4350,#4351,
    #4352,#4353,#4354,#4355,#4356,#4357,#4358,#4359,#4360,#4361,#4362,
    #4363,#4364,#4365,#4366),.UNSPECIFIED.,.F.,.F.,(8,6,6,8),(0.,
    0.500028194389,0.885290995969,1.),.UNSPECIFIED.);
#4347 = CARTESIAN_POINT('',(7.364024307721,3.85));
#4348 = CARTESIAN_POINT('',(7.436731412371,3.85));
#4349 = CARTESIAN_POINT('',(7.508048516192,3.842983105898));
#4350 = CARTESIAN_POINT('',(7.578285875352,3.833448416913));
#4351 = CARTESIAN_POINT('',(7.647724053201,3.824388766434));
#4352 = CARTESIAN_POINT('',(7.716636794229,3.817714314468));
#4353 = CARTESIAN_POINT('',(7.785294669362,3.814373932406));
#4354 = CARTESIAN_POINT('',(7.9069037146,3.814373932406));
#4355 = CARTESIAN_POINT('',(7.959817935621,3.816356726289));
#4356 = CARTESIAN_POINT('',(8.01284779265,3.82032176761));
#4357 = CARTESIAN_POINT('',(8.066114931647,3.825931413776));
#4358 = CARTESIAN_POINT('',(8.119741067427,3.832514453542));
#4359 = CARTESIAN_POINT('',(8.173851529375,3.839031847591));
#4360 = CARTESIAN_POINT('',(8.244875540351,3.845485305074));
#4361 = CARTESIAN_POINT('',(8.261226043817,3.846828926668));
#4362 = CARTESIAN_POINT('',(8.277635641008,3.847996753977));
#4363 = CARTESIAN_POINT('',(8.29410803012,3.848946157979));
#4364 = CARTESIAN_POINT('',(8.310646911301,3.849630673658));
#4365 = CARTESIAN_POINT('',(8.327255986652,3.85));
#4366 = CARTESIAN_POINT('',(8.343938960228,3.85));
#4367 = ( GEOMETRIC_REPRESENTATION_CONTEXT(2) 
PARAMETRIC_REPRESENTATION_CONTEXT() REPRESENTATION_CONTEXT('2D SPACE',''
  ) );
#4368 = ORIENTED_EDGE('',*,*,#4369,.F.);
#4369 = EDGE_CURVE('',#4128,#4296,#4370,.T.);
#4370 = SURFACE_CURVE('',#4371,(#4375,#4382),.PCURVE_S1.);
#4371 = LINE('',#4372,#4373);
#4372 = CARTESIAN_POINT('',(-23.,-6.,-110.));
#4373 = VECTOR('',#4374,1.);
#4374 = DIRECTION('',(0.,0.,1.));
#4375 = PCURVE('',#1831,#4376);
#4376 = DEFINITIONAL_REPRESENTATION('',(#4377),#4381);
#4377 = LINE('',#4378,#4379);
#4378 = CARTESIAN_POINT('',(-0.,0.));
#4379 = VECTOR('',#4380,1.);
#4380 = DIRECTION('',(-0.,1.));
#4381 = ( GEOMETRIC_REPRESENTATION_CONTEXT(2) 
PARAMETRIC_REPRESENTATION_CONTEXT() REPRESENTATION_CONTEXT('2D SPACE',''
  ) );
#4382 = PCURVE('',#4383,#4388);
#4383 = PLANE('',#4384);
#4384 = AXIS2_PLACEMENT_3D('',#4385,#4386,#4387);
#4385 = CARTESIAN_POINT('',(-24.5,-6.,-35.));
#4386 = DIRECTION('',(-0.,1.,0.));
#4387 = DIRECTION('',(0.,0.,1.));
#4388 = DEFINITIONAL_REPRESENTATION('',(#4389),#4393);
#4389 = LINE('',#4390,#4391);
#4390 = CARTESIAN_POINT('',(-75.,1.5));
#4391 = VECTOR('',#4392,1.);
#4392 = DIRECTION('',(1.,0.));
#4393 = ( GEOMETRIC_REPRESENTATION_CONTEXT(2) 
PARAMETRIC_REPRESENTATION_CONTEXT() REPRESENTATION_CONTEXT('2D SPACE',''
  ) );
#4394 = FACE_BOUND('',#4395,.F.);
#4395 = EDGE_LOOP('',(#4396,#4424,#4453,#4479));
#4396 = ORIENTED_EDGE('',*,*,#4397,.F.);
#4397 = EDGE_CURVE('',#4398,#4400,#4402,.T.);
#4398 = VERTEX_POINT('',#4399);
#4399 = CARTESIAN_POINT('',(-25.88117658368,-12.6,-29.1));
#4400 = VERTEX_POINT('',#4401);
#4401 = CARTESIAN_POINT('',(-25.88117658368,-12.6,-27.5));
#4402 = SURFACE_CURVE('',#4403,(#4407,#4413),.PCURVE_S1.);
#4403 = LINE('',#4404,#4405);
#4404 = CARTESIAN_POINT('',(-25.88117658368,-12.6,-110.));
#4405 = VECTOR('',#4406,1.);
#4406 = DIRECTION('',(0.,0.,1.));
#4407 = PCURVE('',#1831,#4408);
#4408 = DEFINITIONAL_REPRESENTATION('',(#4409),#4412);
#4409 = B_SPLINE_CURVE_WITH_KNOTS('',1,(#4410,#4411),.UNSPECIFIED.,.F.,
  .F.,(2,2),(80.01,90.69),.PIECEWISE_BEZIER_KNOTS.);
#4410 = CARTESIAN_POINT('',(-0.823211977126,80.01));
#4411 = CARTESIAN_POINT('',(-0.823211977126,90.69));
#4412 = ( GEOMETRIC_REPRESENTATION_CONTEXT(2) 
PARAMETRIC_REPRESENTATION_CONTEXT() REPRESENTATION_CONTEXT('2D SPACE',''
  ) );
#4413 = PCURVE('',#4414,#4419);
#4414 = PLANE('',#4415);
#4415 = AXIS2_PLACEMENT_3D('',#4416,#4417,#4418);
#4416 = CARTESIAN_POINT('',(-36.85,-12.6,-29.1));
#4417 = DIRECTION('',(-0.,1.,0.));
#4418 = DIRECTION('',(0.,0.,1.));
#4419 = DEFINITIONAL_REPRESENTATION('',(#4420),#4423);
#4420 = B_SPLINE_CURVE_WITH_KNOTS('',1,(#4421,#4422),.UNSPECIFIED.,.F.,
  .F.,(2,2),(80.01,90.69),.PIECEWISE_BEZIER_KNOTS.);
#4421 = CARTESIAN_POINT('',(-0.89,10.968823416311));
#4422 = CARTESIAN_POINT('',(9.79,10.968823416311));
#4423 = ( GEOMETRIC_REPRESENTATION_CONTEXT(2) 
PARAMETRIC_REPRESENTATION_CONTEXT() REPRESENTATION_CONTEXT('2D SPACE',''
  ) );
#4424 = ORIENTED_EDGE('',*,*,#4425,.T.);
#4425 = EDGE_CURVE('',#4398,#4426,#4428,.T.);
#4426 = VERTEX_POINT('',#4427);
#4427 = CARTESIAN_POINT('',(-25.4,-12.11882341631,-29.1));
#4428 = SURFACE_CURVE('',#4429,(#4434,#4441),.PCURVE_S1.);
#4429 = CIRCLE('',#4430,9.);
#4430 = AXIS2_PLACEMENT_3D('',#4431,#4432,#4433);
#4431 = CARTESIAN_POINT('',(-32.,-6.,-29.1));
#4432 = DIRECTION('',(0.,0.,1.));
#4433 = DIRECTION('',(1.,0.,-0.));
#4434 = PCURVE('',#1831,#4435);
#4435 = DEFINITIONAL_REPRESENTATION('',(#4436),#4440);
#4436 = LINE('',#4437,#4438);
#4437 = CARTESIAN_POINT('',(-6.28318530718,80.9));
#4438 = VECTOR('',#4439,1.);
#4439 = DIRECTION('',(1.,-0.));
#4440 = ( GEOMETRIC_REPRESENTATION_CONTEXT(2) 
PARAMETRIC_REPRESENTATION_CONTEXT() REPRESENTATION_CONTEXT('2D SPACE',''
  ) );
#4441 = PCURVE('',#4442,#4447);
#4442 = PLANE('',#4443);
#4443 = AXIS2_PLACEMENT_3D('',#4444,#4445,#4446);
#4444 = CARTESIAN_POINT('',(-36.85,-12.6,-29.1));
#4445 = DIRECTION('',(0.,0.,1.));
#4446 = DIRECTION('',(1.,0.,-0.));
#4447 = DEFINITIONAL_REPRESENTATION('',(#4448),#4452);
#4448 = CIRCLE('',#4449,9.);
#4449 = AXIS2_PLACEMENT_2D('',#4450,#4451);
#4450 = CARTESIAN_POINT('',(4.85,6.6));
#4451 = DIRECTION('',(1.,0.));
#4452 = ( GEOMETRIC_REPRESENTATION_CONTEXT(2) 
PARAMETRIC_REPRESENTATION_CONTEXT() REPRESENTATION_CONTEXT('2D SPACE',''
  ) );
#4453 = ORIENTED_EDGE('',*,*,#4454,.T.);
#4454 = EDGE_CURVE('',#4426,#4455,#4457,.T.);
#4455 = VERTEX_POINT('',#4456);
#4456 = CARTESIAN_POINT('',(-25.4,-12.11882341631,-27.5));
#4457 = SURFACE_CURVE('',#4458,(#4462,#4468),.PCURVE_S1.);
#4458 = LINE('',#4459,#4460);
#4459 = CARTESIAN_POINT('',(-25.4,-12.11882341631,-110.));
#4460 = VECTOR('',#4461,1.);
#4461 = DIRECTION('',(0.,0.,1.));
#4462 = PCURVE('',#1831,#4463);
#4463 = DEFINITIONAL_REPRESENTATION('',(#4464),#4467);
#4464 = B_SPLINE_CURVE_WITH_KNOTS('',1,(#4465,#4466),.UNSPECIFIED.,.F.,
  .F.,(2,2),(71.,99.0000006),.PIECEWISE_BEZIER_KNOTS.);
#4465 = CARTESIAN_POINT('',(-0.747584349669,71.));
#4466 = CARTESIAN_POINT('',(-0.747584349669,99.0000006));
#4467 = ( GEOMETRIC_REPRESENTATION_CONTEXT(2) 
PARAMETRIC_REPRESENTATION_CONTEXT() REPRESENTATION_CONTEXT('2D SPACE',''
  ) );
#4468 = PCURVE('',#4469,#4474);
#4469 = PLANE('',#4470);
#4470 = AXIS2_PLACEMENT_3D('',#4471,#4472,#4473);
#4471 = CARTESIAN_POINT('',(-25.4,-12.6,-29.1));
#4472 = DIRECTION('',(1.,0.,-0.));
#4473 = DIRECTION('',(0.,0.,1.));
#4474 = DEFINITIONAL_REPRESENTATION('',(#4475),#4478);
#4475 = B_SPLINE_CURVE_WITH_KNOTS('',1,(#4476,#4477),.UNSPECIFIED.,.F.,
  .F.,(2,2),(71.,99.0000006),.PIECEWISE_BEZIER_KNOTS.);
#4476 = CARTESIAN_POINT('',(-9.9,-0.481176583689));
#4477 = CARTESIAN_POINT('',(18.1000006,-0.481176583689));
#4478 = ( GEOMETRIC_REPRESENTATION_CONTEXT(2) 
PARAMETRIC_REPRESENTATION_CONTEXT() REPRESENTATION_CONTEXT('2D SPACE',''
  ) );
#4479 = ORIENTED_EDGE('',*,*,#4480,.F.);
#4480 = EDGE_CURVE('',#4400,#4455,#4481,.T.);
#4481 = SURFACE_CURVE('',#4482,(#4487,#4494),.PCURVE_S1.);
#4482 = CIRCLE('',#4483,9.);
#4483 = AXIS2_PLACEMENT_3D('',#4484,#4485,#4486);
#4484 = CARTESIAN_POINT('',(-32.,-6.,-27.5));
#4485 = DIRECTION('',(0.,0.,1.));
#4486 = DIRECTION('',(1.,0.,-0.));
#4487 = PCURVE('',#1831,#4488);
#4488 = DEFINITIONAL_REPRESENTATION('',(#4489),#4493);
#4489 = LINE('',#4490,#4491);
#4490 = CARTESIAN_POINT('',(-6.28318530718,82.5));
#4491 = VECTOR('',#4492,1.);
#4492 = DIRECTION('',(1.,-0.));
#4493 = ( GEOMETRIC_REPRESENTATION_CONTEXT(2) 
PARAMETRIC_REPRESENTATION_CONTEXT() REPRESENTATION_CONTEXT('2D SPACE',''
  ) );
#4494 = PCURVE('',#4495,#4500);
#4495 = PLANE('',#4496);
#4496 = AXIS2_PLACEMENT_3D('',#4497,#4498,#4499);
#4497 = CARTESIAN_POINT('',(-36.85,-12.6,-27.5));
#4498 = DIRECTION('',(0.,0.,1.));
#4499 = DIRECTION('',(1.,0.,-0.));
#4500 = DEFINITIONAL_REPRESENTATION('',(#4501),#4505);
#4501 = CIRCLE('',#4502,9.);
#4502 = AXIS2_PLACEMENT_2D('',#4503,#4504);
#4503 = CARTESIAN_POINT('',(4.85,6.6));
#4504 = DIRECTION('',(1.,0.));
#4505 = ( GEOMETRIC_REPRESENTATION_CONTEXT(2) 
PARAMETRIC_REPRESENTATION_CONTEXT() REPRESENTATION_CONTEXT('2D SPACE',''
  ) );
#4506 = ADVANCED_FACE('',(#4507),#1863,.F.);
#4507 = FACE_BOUND('',#4508,.F.);
#4508 = EDGE_LOOP('',(#4509,#4538,#4562,#4589,#4618,#4637,#4638,#4639,
    #4661,#4662,#4736,#4762));
#4509 = ORIENTED_EDGE('',*,*,#4510,.F.);
#4510 = EDGE_CURVE('',#4511,#4513,#4515,.T.);
#4511 = VERTEX_POINT('',#4512);
#4512 = CARTESIAN_POINT('',(-26.25,4.808326112069,-25.80832611206));
#4513 = VERTEX_POINT('',#4514);
#4514 = CARTESIAN_POINT('',(-24.5,4.808326112069,-25.80832611206));
#4515 = SURFACE_CURVE('',#4516,(#4520,#4526),.PCURVE_S1.);
#4516 = LINE('',#4517,#4518);
#4517 = CARTESIAN_POINT('',(-26.85,4.808326112069,-25.80832611206));
#4518 = VECTOR('',#4519,1.);
#4519 = DIRECTION('',(1.,0.,0.));
#4520 = PCURVE('',#1863,#4521);
#4521 = DEFINITIONAL_REPRESENTATION('',(#4522),#4525);
#4522 = B_SPLINE_CURVE_WITH_KNOTS('',1,(#4523,#4524),.UNSPECIFIED.,.F.,
  .F.,(2,2),(0.,4.45),.PIECEWISE_BEZIER_KNOTS.);
#4523 = CARTESIAN_POINT('',(3.926990816987,0.));
#4524 = CARTESIAN_POINT('',(3.926990816987,4.45));
#4525 = ( GEOMETRIC_REPRESENTATION_CONTEXT(2) 
PARAMETRIC_REPRESENTATION_CONTEXT() REPRESENTATION_CONTEXT('2D SPACE',''
  ) );
#4526 = PCURVE('',#4527,#4532);
#4527 = PLANE('',#4528);
#4528 = AXIS2_PLACEMENT_3D('',#4529,#4530,#4531);
#4529 = CARTESIAN_POINT('',(-26.85,0.,-30.61665222413));
#4530 = DIRECTION('',(0.,-0.707106781187,0.707106781187));
#4531 = DIRECTION('',(0.,0.707106781187,0.707106781187));
#4532 = DEFINITIONAL_REPRESENTATION('',(#4533),#4537);
#4533 = LINE('',#4534,#4535);
#4534 = CARTESIAN_POINT('',(6.8,0.));
#4535 = VECTOR('',#4536,1.);
#4536 = DIRECTION('',(0.,-1.));
#4537 = ( GEOMETRIC_REPRESENTATION_CONTEXT(2) 
PARAMETRIC_REPRESENTATION_CONTEXT() REPRESENTATION_CONTEXT('2D SPACE',''
  ) );
#4538 = ORIENTED_EDGE('',*,*,#4539,.T.);
#4539 = EDGE_CURVE('',#4511,#4540,#4542,.T.);
#4540 = VERTEX_POINT('',#4541);
#4541 = CARTESIAN_POINT('',(-26.25,-4.808326112069,-25.80832611206));
#4542 = SURFACE_CURVE('',#4543,(#4548,#4555),.PCURVE_S1.);
#4543 = CIRCLE('',#4544,6.8);
#4544 = AXIS2_PLACEMENT_3D('',#4545,#4546,#4547);
#4545 = CARTESIAN_POINT('',(-26.25,0.,-21.));
#4546 = DIRECTION('',(1.,0.,0.));
#4547 = DIRECTION('',(-0.,0.,1.));
#4548 = PCURVE('',#1863,#4549);
#4549 = DEFINITIONAL_REPRESENTATION('',(#4550),#4554);
#4550 = LINE('',#4551,#4552);
#4551 = CARTESIAN_POINT('',(0.,0.6));
#4552 = VECTOR('',#4553,1.);
#4553 = DIRECTION('',(1.,0.));
#4554 = ( GEOMETRIC_REPRESENTATION_CONTEXT(2) 
PARAMETRIC_REPRESENTATION_CONTEXT() REPRESENTATION_CONTEXT('2D SPACE',''
  ) );
#4555 = PCURVE('',#3094,#4556);
#4556 = DEFINITIONAL_REPRESENTATION('',(#4557),#4561);
#4557 = CIRCLE('',#4558,6.8);
#4558 = AXIS2_PLACEMENT_2D('',#4559,#4560);
#4559 = CARTESIAN_POINT('',(-10.5,-6.25));
#4560 = DIRECTION('',(1.,0.));
#4561 = ( GEOMETRIC_REPRESENTATION_CONTEXT(2) 
PARAMETRIC_REPRESENTATION_CONTEXT() REPRESENTATION_CONTEXT('2D SPACE',''
  ) );
#4562 = ORIENTED_EDGE('',*,*,#4563,.T.);
#4563 = EDGE_CURVE('',#4540,#4564,#4566,.T.);
#4564 = VERTEX_POINT('',#4565);
#4565 = CARTESIAN_POINT('',(-24.5,-4.808326112069,-25.80832611206));
#4566 = SURFACE_CURVE('',#4567,(#4571,#4577),.PCURVE_S1.);
#4567 = LINE('',#4568,#4569);
#4568 = CARTESIAN_POINT('',(-26.85,-4.808326112069,-25.80832611206));
#4569 = VECTOR('',#4570,1.);
#4570 = DIRECTION('',(1.,0.,0.));
#4571 = PCURVE('',#1863,#4572);
#4572 = DEFINITIONAL_REPRESENTATION('',(#4573),#4576);
#4573 = B_SPLINE_CURVE_WITH_KNOTS('',1,(#4574,#4575),.UNSPECIFIED.,.F.,
  .F.,(2,2),(0.,4.45),.PIECEWISE_BEZIER_KNOTS.);
#4574 = CARTESIAN_POINT('',(8.639379797372,0.));
#4575 = CARTESIAN_POINT('',(8.639379797372,4.45));
#4576 = ( GEOMETRIC_REPRESENTATION_CONTEXT(2) 
PARAMETRIC_REPRESENTATION_CONTEXT() REPRESENTATION_CONTEXT('2D SPACE',''
  ) );
#4577 = PCURVE('',#4578,#4583);
#4578 = PLANE('',#4579);
#4579 = AXIS2_PLACEMENT_3D('',#4580,#4581,#4582);
#4580 = CARTESIAN_POINT('',(-26.85,-4.808326112069,-25.80832611206));
#4581 = DIRECTION('',(-0.,0.707106781187,0.707106781187));
#4582 = DIRECTION('',(0.,0.707106781187,-0.707106781187));
#4583 = DEFINITIONAL_REPRESENTATION('',(#4584),#4588);
#4584 = LINE('',#4585,#4586);
#4585 = CARTESIAN_POINT('',(0.,0.));
#4586 = VECTOR('',#4587,1.);
#4587 = DIRECTION('',(0.,-1.));
#4588 = ( GEOMETRIC_REPRESENTATION_CONTEXT(2) 
PARAMETRIC_REPRESENTATION_CONTEXT() REPRESENTATION_CONTEXT('2D SPACE',''
  ) );
#4589 = ORIENTED_EDGE('',*,*,#4590,.F.);
#4590 = EDGE_CURVE('',#4591,#4564,#4593,.T.);
#4591 = VERTEX_POINT('',#4592);
#4592 = CARTESIAN_POINT('',(-24.5,-6.,-24.2));
#4593 = SURFACE_CURVE('',#4594,(#4599,#4606),.PCURVE_S1.);
#4594 = CIRCLE('',#4595,6.8);
#4595 = AXIS2_PLACEMENT_3D('',#4596,#4597,#4598);
#4596 = CARTESIAN_POINT('',(-24.5,0.,-21.));
#4597 = DIRECTION('',(1.,0.,0.));
#4598 = DIRECTION('',(-0.,0.,1.));
#4599 = PCURVE('',#1863,#4600);
#4600 = DEFINITIONAL_REPRESENTATION('',(#4601),#4605);
#4601 = LINE('',#4602,#4603);
#4602 = CARTESIAN_POINT('',(0.,2.35));
#4603 = VECTOR('',#4604,1.);
#4604 = DIRECTION('',(1.,0.));
#4605 = ( GEOMETRIC_REPRESENTATION_CONTEXT(2) 
PARAMETRIC_REPRESENTATION_CONTEXT() REPRESENTATION_CONTEXT('2D SPACE',''
  ) );
#4606 = PCURVE('',#4607,#4612);
#4607 = PLANE('',#4608);
#4608 = AXIS2_PLACEMENT_3D('',#4609,#4610,#4611);
#4609 = CARTESIAN_POINT('',(-24.5,-6.,-35.));
#4610 = DIRECTION('',(1.,0.,-0.));
#4611 = DIRECTION('',(0.,0.,1.));
#4612 = DEFINITIONAL_REPRESENTATION('',(#4613),#4617);
#4613 = CIRCLE('',#4614,6.8);
#4614 = AXIS2_PLACEMENT_2D('',#4615,#4616);
#4615 = CARTESIAN_POINT('',(14.,-6.));
#4616 = DIRECTION('',(1.,0.));
#4617 = ( GEOMETRIC_REPRESENTATION_CONTEXT(2) 
PARAMETRIC_REPRESENTATION_CONTEXT() REPRESENTATION_CONTEXT('2D SPACE',''
  ) );
#4618 = ORIENTED_EDGE('',*,*,#4619,.T.);
#4619 = EDGE_CURVE('',#4591,#4296,#4620,.T.);
#4620 = SURFACE_CURVE('',#4621,(#4625,#4631),.PCURVE_S1.);
#4621 = LINE('',#4622,#4623);
#4622 = CARTESIAN_POINT('',(-26.85,-6.,-24.2));
#4623 = VECTOR('',#4624,1.);
#4624 = DIRECTION('',(1.,0.,0.));
#4625 = PCURVE('',#1863,#4626);
#4626 = DEFINITIONAL_REPRESENTATION('',(#4627),#4630);
#4627 = B_SPLINE_CURVE_WITH_KNOTS('',1,(#4628,#4629),.UNSPECIFIED.,.F.,
  .F.,(2,2),(1.8,4.4500006),.PIECEWISE_BEZIER_KNOTS.);
#4628 = CARTESIAN_POINT('',(8.343938960228,1.8));
#4629 = CARTESIAN_POINT('',(8.343938960228,4.4500006));
#4630 = ( GEOMETRIC_REPRESENTATION_CONTEXT(2) 
PARAMETRIC_REPRESENTATION_CONTEXT() REPRESENTATION_CONTEXT('2D SPACE',''
  ) );
#4631 = PCURVE('',#4383,#4632);
#4632 = DEFINITIONAL_REPRESENTATION('',(#4633),#4636);
#4633 = B_SPLINE_CURVE_WITH_KNOTS('',1,(#4634,#4635),.UNSPECIFIED.,.F.,
  .F.,(2,2),(1.8,4.4500006),.PIECEWISE_BEZIER_KNOTS.);
#4634 = CARTESIAN_POINT('',(10.8,-0.55));
#4635 = CARTESIAN_POINT('',(10.8,2.1000006));
#4636 = ( GEOMETRIC_REPRESENTATION_CONTEXT(2) 
PARAMETRIC_REPRESENTATION_CONTEXT() REPRESENTATION_CONTEXT('2D SPACE',''
  ) );
#4637 = ORIENTED_EDGE('',*,*,#4295,.F.);
#4638 = ORIENTED_EDGE('',*,*,#1846,.F.);
#4639 = ORIENTED_EDGE('',*,*,#4640,.F.);
#4640 = EDGE_CURVE('',#2027,#1847,#4641,.T.);
#4641 = SURFACE_CURVE('',#4642,(#4647,#4654),.PCURVE_S1.);
#4642 = CIRCLE('',#4643,6.8);
#4643 = AXIS2_PLACEMENT_3D('',#4644,#4645,#4646);
#4644 = CARTESIAN_POINT('',(-24.5,0.,-21.));
#4645 = DIRECTION('',(1.,0.,0.));
#4646 = DIRECTION('',(-0.,0.,1.));
#4647 = PCURVE('',#1863,#4648);
#4648 = DEFINITIONAL_REPRESENTATION('',(#4649),#4653);
#4649 = LINE('',#4650,#4651);
#4650 = CARTESIAN_POINT('',(0.,2.35));
#4651 = VECTOR('',#4652,1.);
#4652 = DIRECTION('',(1.,0.));
#4653 = ( GEOMETRIC_REPRESENTATION_CONTEXT(2) 
PARAMETRIC_REPRESENTATION_CONTEXT() REPRESENTATION_CONTEXT('2D SPACE',''
  ) );
#4654 = PCURVE('',#1890,#4655);
#4655 = DEFINITIONAL_REPRESENTATION('',(#4656),#4660);
#4656 = CIRCLE('',#4657,6.8);
#4657 = AXIS2_PLACEMENT_2D('',#4658,#4659);
#4658 = CARTESIAN_POINT('',(14.,-6.));
#4659 = DIRECTION('',(1.,0.));
#4660 = ( GEOMETRIC_REPRESENTATION_CONTEXT(2) 
PARAMETRIC_REPRESENTATION_CONTEXT() REPRESENTATION_CONTEXT('2D SPACE',''
  ) );
#4661 = ORIENTED_EDGE('',*,*,#2026,.T.);
#4662 = ORIENTED_EDGE('',*,*,#4663,.F.);
#4663 = EDGE_CURVE('',#4664,#2029,#4666,.T.);
#4664 = VERTEX_POINT('',#4665);
#4665 = CARTESIAN_POINT('',(-23.,6.,-24.2));
#4666 = SURFACE_CURVE('',#4667,(#4688,#4712),.PCURVE_S1.);
#4667 = B_SPLINE_CURVE_WITH_KNOTS('',7,(#4668,#4669,#4670,#4671,#4672,
    #4673,#4674,#4675,#4676,#4677,#4678,#4679,#4680,#4681,#4682,#4683,
    #4684,#4685,#4686,#4687),.UNSPECIFIED.,.F.,.F.,(8,6,6,8),(0.,
    0.500028194388,0.885290995969,1.),.UNSPECIFIED.);
#4668 = CARTESIAN_POINT('',(-23.,6.,-24.2));
#4669 = CARTESIAN_POINT('',(-23.,6.23266273488,-23.7637573721));
#4670 = CARTESIAN_POINT('',(-23.0070168941,6.423873298659,
    -23.31611922663));
#4671 = CARTESIAN_POINT('',(-23.01655158308,6.575161733498,
    -22.86034831332));
#4672 = CARTESIAN_POINT('',(-23.02561123356,6.687770573588,
    -22.39895216652));
#4673 = CARTESIAN_POINT('',(-23.03228568553,6.762571443552,
    -21.93394495867));
#4674 = CARTESIAN_POINT('',(-23.03562606759,6.8,-21.46707135936));
#4675 = CARTESIAN_POINT('',(-23.03562606759,6.8,-20.64012985174));
#4676 = CARTESIAN_POINT('',(-23.03364327371,6.777780673182,
    -20.28031332445));
#4677 = CARTESIAN_POINT('',(-23.02967823239,6.73335429528,
    -19.92135594157));
#4678 = CARTESIAN_POINT('',(-23.02406858622,6.666573105876,
    -19.56407671827));
#4679 = CARTESIAN_POINT('',(-23.01748554645,6.577140874615,
    -19.20936455562));
#4680 = CARTESIAN_POINT('',(-23.0109681524,6.464622346867,
    -18.85823474371));
#4681 = CARTESIAN_POINT('',(-23.00451469492,6.287906480551,
    -18.40876280105));
#4682 = CARTESIAN_POINT('',(-23.00317107333,6.245264169714,
    -18.30606033637));
#4683 = CARTESIAN_POINT('',(-23.00200324602,6.200507851577,
    -18.20380869073));
#4684 = CARTESIAN_POINT('',(-23.00105384202,6.153620975366,-18.102040646
    ));
#4685 = CARTESIAN_POINT('',(-23.00036932634,6.10458622427,-18.000791255)
  );
#4686 = CARTESIAN_POINT('',(-23.,6.053385515443,-17.90009784145));
#4687 = CARTESIAN_POINT('',(-23.,6.,-17.8));
#4688 = PCURVE('',#1863,#4689);
#4689 = DEFINITIONAL_REPRESENTATION('',(#4690),#4711);
#4690 = B_SPLINE_CURVE_WITH_KNOTS('',7,(#4691,#4692,#4693,#4694,#4695,
    #4696,#4697,#4698,#4699,#4700,#4701,#4702,#4703,#4704,#4705,#4706,
    #4707,#4708,#4709,#4710),.UNSPECIFIED.,.F.,.F.,(8,6,6,8),(0.,
    0.500028194388,0.885290995969,1.),.UNSPECIFIED.);
#4691 = CARTESIAN_POINT('',(4.222431654131,3.85));
#4692 = CARTESIAN_POINT('',(4.295138758781,3.85));
#4693 = CARTESIAN_POINT('',(4.366455862603,3.842983105898));
#4694 = CARTESIAN_POINT('',(4.436693221762,3.833448416913));
#4695 = CARTESIAN_POINT('',(4.506131399612,3.824388766434));
#4696 = CARTESIAN_POINT('',(4.575044140638,3.817714314468));
#4697 = CARTESIAN_POINT('',(4.643702015773,3.814373932406));
#4698 = CARTESIAN_POINT('',(4.76531106101,3.814373932406));
#4699 = CARTESIAN_POINT('',(4.818225282031,3.816356726289));
#4700 = CARTESIAN_POINT('',(4.87125513906,3.82032176761));
#4701 = CARTESIAN_POINT('',(4.924522278058,3.825931413776));
#4702 = CARTESIAN_POINT('',(4.978148413837,3.832514453542));
#4703 = CARTESIAN_POINT('',(5.032258875785,3.839031847591));
#4704 = CARTESIAN_POINT('',(5.103282886761,3.845485305074));
#4705 = CARTESIAN_POINT('',(5.119633390227,3.846828926668));
#4706 = CARTESIAN_POINT('',(5.136042987418,3.847996753977));
#4707 = CARTESIAN_POINT('',(5.15251537653,3.848946157979));
#4708 = CARTESIAN_POINT('',(5.169054257711,3.849630673658));
#4709 = CARTESIAN_POINT('',(5.185663333063,3.85));
#4710 = CARTESIAN_POINT('',(5.202346306638,3.85));
#4711 = ( GEOMETRIC_REPRESENTATION_CONTEXT(2) 
PARAMETRIC_REPRESENTATION_CONTEXT() REPRESENTATION_CONTEXT('2D SPACE',''
  ) );
#4712 = PCURVE('',#2136,#4713);
#4713 = DEFINITIONAL_REPRESENTATION('',(#4714),#4735);
#4714 = B_SPLINE_CURVE_WITH_KNOTS('',7,(#4715,#4716,#4717,#4718,#4719,
    #4720,#4721,#4722,#4723,#4724,#4725,#4726,#4727,#4728,#4729,#4730,
    #4731,#4732,#4733,#4734),.UNSPECIFIED.,.F.,.F.,(8,6,6,8),(0.,
    0.500028194388,0.885290995969,1.),.UNSPECIFIED.);
#4715 = CARTESIAN_POINT('',(0.,85.8));
#4716 = CARTESIAN_POINT('',(2.585141498662E-02,86.236242627899));
#4717 = CARTESIAN_POINT('',(4.709705074572E-02,86.683880773369));
#4718 = CARTESIAN_POINT('',(6.393499534483E-02,87.139651686676));
#4719 = CARTESIAN_POINT('',(7.648680699327E-02,87.601047833477));
#4720 = CARTESIAN_POINT('',(8.483112061994E-02,88.066055041322));
#4721 = CARTESIAN_POINT('',(8.900636238055E-02,88.532928640638));
#4722 = CARTESIAN_POINT('',(8.900636238055E-02,89.359870148254));
#4723 = CARTESIAN_POINT('',(8.652772593952E-02,89.719686675542));
#4724 = CARTESIAN_POINT('',(8.15718796885E-02,90.07864405843));
#4725 = CARTESIAN_POINT('',(7.412567177815E-02,90.43592328173));
#4726 = CARTESIAN_POINT('',(6.416306934468E-02,90.790635444375));
#4727 = CARTESIAN_POINT('',(5.164289657469E-02,91.141765256285));
#4728 = CARTESIAN_POINT('',(3.19947117493E-02,91.591237198945));
#4729 = CARTESIAN_POINT('',(2.72543733938E-02,91.693939663622));
#4730 = CARTESIAN_POINT('',(2.227988090273E-02,91.79619130927));
#4731 = CARTESIAN_POINT('',(1.706934483096E-02,91.897959353997));
#4732 = CARTESIAN_POINT('',(1.162070368802E-02,91.999208744997));
#4733 = CARTESIAN_POINT('',(5.931723938078E-03,92.099902158545));
#4734 = CARTESIAN_POINT('',(0.,92.2));
#4735 = ( GEOMETRIC_REPRESENTATION_CONTEXT(2) 
PARAMETRIC_REPRESENTATION_CONTEXT() REPRESENTATION_CONTEXT('2D SPACE',''
  ) );
#4736 = ORIENTED_EDGE('',*,*,#4737,.F.);
#4737 = EDGE_CURVE('',#4738,#4664,#4740,.T.);
#4738 = VERTEX_POINT('',#4739);
#4739 = CARTESIAN_POINT('',(-24.5,6.,-24.2));
#4740 = SURFACE_CURVE('',#4741,(#4745,#4751),.PCURVE_S1.);
#4741 = LINE('',#4742,#4743);
#4742 = CARTESIAN_POINT('',(-26.85,6.,-24.2));
#4743 = VECTOR('',#4744,1.);
#4744 = DIRECTION('',(1.,0.,0.));
#4745 = PCURVE('',#1863,#4746);
#4746 = DEFINITIONAL_REPRESENTATION('',(#4747),#4750);
#4747 = B_SPLINE_CURVE_WITH_KNOTS('',1,(#4748,#4749),.UNSPECIFIED.,.F.,
  .F.,(2,2),(1.8,4.4500006),.PIECEWISE_BEZIER_KNOTS.);
#4748 = CARTESIAN_POINT('',(4.222431654131,1.8));
#4749 = CARTESIAN_POINT('',(4.222431654131,4.4500006));
#4750 = ( GEOMETRIC_REPRESENTATION_CONTEXT(2) 
PARAMETRIC_REPRESENTATION_CONTEXT() REPRESENTATION_CONTEXT('2D SPACE',''
  ) );
#4751 = PCURVE('',#4752,#4757);
#4752 = PLANE('',#4753);
#4753 = AXIS2_PLACEMENT_3D('',#4754,#4755,#4756);
#4754 = CARTESIAN_POINT('',(-24.5,6.,-35.));
#4755 = DIRECTION('',(-0.,1.,0.));
#4756 = DIRECTION('',(0.,0.,1.));
#4757 = DEFINITIONAL_REPRESENTATION('',(#4758),#4761);
#4758 = B_SPLINE_CURVE_WITH_KNOTS('',1,(#4759,#4760),.UNSPECIFIED.,.F.,
  .F.,(2,2),(1.8,4.4500006),.PIECEWISE_BEZIER_KNOTS.);
#4759 = CARTESIAN_POINT('',(10.8,-0.55));
#4760 = CARTESIAN_POINT('',(10.8,2.1000006));
#4761 = ( GEOMETRIC_REPRESENTATION_CONTEXT(2) 
PARAMETRIC_REPRESENTATION_CONTEXT() REPRESENTATION_CONTEXT('2D SPACE',''
  ) );
#4762 = ORIENTED_EDGE('',*,*,#4763,.F.);
#4763 = EDGE_CURVE('',#4513,#4738,#4764,.T.);
#4764 = SURFACE_CURVE('',#4765,(#4770,#4777),.PCURVE_S1.);
#4765 = CIRCLE('',#4766,6.8);
#4766 = AXIS2_PLACEMENT_3D('',#4767,#4768,#4769);
#4767 = CARTESIAN_POINT('',(-24.5,0.,-21.));
#4768 = DIRECTION('',(1.,0.,0.));
#4769 = DIRECTION('',(-0.,0.,1.));
#4770 = PCURVE('',#1863,#4771);
#4771 = DEFINITIONAL_REPRESENTATION('',(#4772),#4776);
#4772 = LINE('',#4773,#4774);
#4773 = CARTESIAN_POINT('',(0.,2.35));
#4774 = VECTOR('',#4775,1.);
#4775 = DIRECTION('',(1.,0.));
#4776 = ( GEOMETRIC_REPRESENTATION_CONTEXT(2) 
PARAMETRIC_REPRESENTATION_CONTEXT() REPRESENTATION_CONTEXT('2D SPACE',''
  ) );
#4777 = PCURVE('',#4607,#4778);
#4778 = DEFINITIONAL_REPRESENTATION('',(#4779),#4783);
#4779 = CIRCLE('',#4780,6.8);
#4780 = AXIS2_PLACEMENT_2D('',#4781,#4782);
#4781 = CARTESIAN_POINT('',(14.,-6.));
#4782 = DIRECTION('',(1.,0.));
#4783 = ( GEOMETRIC_REPRESENTATION_CONTEXT(2) 
PARAMETRIC_REPRESENTATION_CONTEXT() REPRESENTATION_CONTEXT('2D SPACE',''
  ) );
#4784 = ADVANCED_FACE('',(#4785),#1918,.F.);
#4785 = FACE_BOUND('',#4786,.F.);
#4786 = EDGE_LOOP('',(#4787,#4808,#4809,#4810));
#4787 = ORIENTED_EDGE('',*,*,#4788,.F.);
#4788 = EDGE_CURVE('',#1875,#2050,#4789,.T.);
#4789 = SURFACE_CURVE('',#4790,(#4794,#4801),.PCURVE_S1.);
#4790 = LINE('',#4791,#4792);
#4791 = CARTESIAN_POINT('',(-24.5,-6.,-7.));
#4792 = VECTOR('',#4793,1.);
#4793 = DIRECTION('',(-0.,1.,0.));
#4794 = PCURVE('',#1918,#4795);
#4795 = DEFINITIONAL_REPRESENTATION('',(#4796),#4800);
#4796 = LINE('',#4797,#4798);
#4797 = CARTESIAN_POINT('',(0.,0.));
#4798 = VECTOR('',#4799,1.);
#4799 = DIRECTION('',(0.,1.));
#4800 = ( GEOMETRIC_REPRESENTATION_CONTEXT(2) 
PARAMETRIC_REPRESENTATION_CONTEXT() REPRESENTATION_CONTEXT('2D SPACE',''
  ) );
#4801 = PCURVE('',#1890,#4802);
#4802 = DEFINITIONAL_REPRESENTATION('',(#4803),#4807);
#4803 = LINE('',#4804,#4805);
#4804 = CARTESIAN_POINT('',(28.,0.));
#4805 = VECTOR('',#4806,1.);
#4806 = DIRECTION('',(0.,-1.));
#4807 = ( GEOMETRIC_REPRESENTATION_CONTEXT(2) 
PARAMETRIC_REPRESENTATION_CONTEXT() REPRESENTATION_CONTEXT('2D SPACE',''
  ) );
#4808 = ORIENTED_EDGE('',*,*,#1902,.T.);
#4809 = ORIENTED_EDGE('',*,*,#2002,.T.);
#4810 = ORIENTED_EDGE('',*,*,#2072,.F.);
#4811 = ADVANCED_FACE('',(#4812),#1890,.T.);
#4812 = FACE_BOUND('',#4813,.T.);
#4813 = EDGE_LOOP('',(#4814,#4815,#4816,#4817));
#4814 = ORIENTED_EDGE('',*,*,#1874,.F.);
#4815 = ORIENTED_EDGE('',*,*,#4640,.F.);
#4816 = ORIENTED_EDGE('',*,*,#2049,.T.);
#4817 = ORIENTED_EDGE('',*,*,#4788,.F.);
#4818 = ADVANCED_FACE('',(#4819,#5034),#2136,.T.);
#4819 = FACE_BOUND('',#4820,.T.);
#4820 = EDGE_LOOP('',(#4821,#4846,#4875,#4901,#4934,#4960,#4989,#5010,
    #5011,#5012,#5013));
#4821 = ORIENTED_EDGE('',*,*,#4822,.F.);
#4822 = EDGE_CURVE('',#4823,#4825,#4827,.T.);
#4823 = VERTEX_POINT('',#4824);
#4824 = CARTESIAN_POINT('',(-23.,6.,-109.));
#4825 = VERTEX_POINT('',#4826);
#4826 = CARTESIAN_POINT('',(-23.,6.,-35.));
#4827 = SURFACE_CURVE('',#4828,(#4832,#4839),.PCURVE_S1.);
#4828 = LINE('',#4829,#4830);
#4829 = CARTESIAN_POINT('',(-23.,6.,-110.));
#4830 = VECTOR('',#4831,1.);
#4831 = DIRECTION('',(0.,0.,1.));
#4832 = PCURVE('',#2136,#4833);
#4833 = DEFINITIONAL_REPRESENTATION('',(#4834),#4838);
#4834 = LINE('',#4835,#4836);
#4835 = CARTESIAN_POINT('',(0.,0.));
#4836 = VECTOR('',#4837,1.);
#4837 = DIRECTION('',(0.,1.));
#4838 = ( GEOMETRIC_REPRESENTATION_CONTEXT(2) 
PARAMETRIC_REPRESENTATION_CONTEXT() REPRESENTATION_CONTEXT('2D SPACE',''
  ) );
#4839 = PCURVE('',#4143,#4840);
#4840 = DEFINITIONAL_REPRESENTATION('',(#4841),#4845);
#4841 = LINE('',#4842,#4843);
#4842 = CARTESIAN_POINT('',(0.,-21.));
#4843 = VECTOR('',#4844,1.);
#4844 = DIRECTION('',(1.,0.));
#4845 = ( GEOMETRIC_REPRESENTATION_CONTEXT(2) 
PARAMETRIC_REPRESENTATION_CONTEXT() REPRESENTATION_CONTEXT('2D SPACE',''
  ) );
#4846 = ORIENTED_EDGE('',*,*,#4847,.F.);
#4847 = EDGE_CURVE('',#4848,#4823,#4850,.T.);
#4848 = VERTEX_POINT('',#4849);
#4849 = CARTESIAN_POINT('',(-24.14888542944,10.4,-109.));
#4850 = SURFACE_CURVE('',#4851,(#4856,#4863),.PCURVE_S1.);
#4851 = CIRCLE('',#4852,9.);
#4852 = AXIS2_PLACEMENT_3D('',#4853,#4854,#4855);
#4853 = CARTESIAN_POINT('',(-32.,6.,-109.));
#4854 = DIRECTION('',(0.,-0.,-1.));
#4855 = DIRECTION('',(0.,1.,-0.));
#4856 = PCURVE('',#2136,#4857);
#4857 = DEFINITIONAL_REPRESENTATION('',(#4858),#4862);
#4858 = LINE('',#4859,#4860);
#4859 = CARTESIAN_POINT('',(1.570796326795,1.));
#4860 = VECTOR('',#4861,1.);
#4861 = DIRECTION('',(-1.,-0.));
#4862 = ( GEOMETRIC_REPRESENTATION_CONTEXT(2) 
PARAMETRIC_REPRESENTATION_CONTEXT() REPRESENTATION_CONTEXT('2D SPACE',''
  ) );
#4863 = PCURVE('',#4864,#4869);
#4864 = CONICAL_SURFACE('',#4865,9.,0.785398163397);
#4865 = AXIS2_PLACEMENT_3D('',#4866,#4867,#4868);
#4866 = CARTESIAN_POINT('',(-32.,6.,-109.));
#4867 = DIRECTION('',(0.,0.,1.));
#4868 = DIRECTION('',(0.,1.,0.));
#4869 = DEFINITIONAL_REPRESENTATION('',(#4870),#4874);
#4870 = LINE('',#4871,#4872);
#4871 = CARTESIAN_POINT('',(-0.,-0.));
#4872 = VECTOR('',#4873,1.);
#4873 = DIRECTION('',(-1.,-0.));
#4874 = ( GEOMETRIC_REPRESENTATION_CONTEXT(2) 
PARAMETRIC_REPRESENTATION_CONTEXT() REPRESENTATION_CONTEXT('2D SPACE',''
  ) );
#4875 = ORIENTED_EDGE('',*,*,#4876,.T.);
#4876 = EDGE_CURVE('',#4848,#4877,#4879,.T.);
#4877 = VERTEX_POINT('',#4878);
#4878 = CARTESIAN_POINT('',(-24.14888542944,10.4,-105.55));
#4879 = SURFACE_CURVE('',#4880,(#4884,#4890),.PCURVE_S1.);
#4880 = LINE('',#4881,#4882);
#4881 = CARTESIAN_POINT('',(-24.14888542944,10.4,-110.));
#4882 = VECTOR('',#4883,1.);
#4883 = DIRECTION('',(0.,0.,1.));
#4884 = PCURVE('',#2136,#4885);
#4885 = DEFINITIONAL_REPRESENTATION('',(#4886),#4889);
#4886 = B_SPLINE_CURVE_WITH_KNOTS('',1,(#4887,#4888),.UNSPECIFIED.,.F.,
  .F.,(2,2),(0.9999994,4.945),.PIECEWISE_BEZIER_KNOTS.);
#4887 = CARTESIAN_POINT('',(0.51081559316,0.9999994));
#4888 = CARTESIAN_POINT('',(0.51081559316,4.945));
#4889 = ( GEOMETRIC_REPRESENTATION_CONTEXT(2) 
PARAMETRIC_REPRESENTATION_CONTEXT() REPRESENTATION_CONTEXT('2D SPACE',''
  ) );
#4890 = PCURVE('',#4891,#4896);
#4891 = PLANE('',#4892);
#4892 = AXIS2_PLACEMENT_3D('',#4893,#4894,#4895);
#4893 = CARTESIAN_POINT('',(-33.,10.4,-110.5));
#4894 = DIRECTION('',(-0.,1.,0.));
#4895 = DIRECTION('',(0.,0.,1.));
#4896 = DEFINITIONAL_REPRESENTATION('',(#4897),#4900);
#4897 = B_SPLINE_CURVE_WITH_KNOTS('',1,(#4898,#4899),.UNSPECIFIED.,.F.,
  .F.,(2,2),(0.9999994,4.945),.PIECEWISE_BEZIER_KNOTS.);
#4898 = CARTESIAN_POINT('',(1.4999994,8.851114570556));
#4899 = CARTESIAN_POINT('',(5.445,8.851114570556));
#4900 = ( GEOMETRIC_REPRESENTATION_CONTEXT(2) 
PARAMETRIC_REPRESENTATION_CONTEXT() REPRESENTATION_CONTEXT('2D SPACE',''
  ) );
#4901 = ORIENTED_EDGE('',*,*,#4902,.T.);
#4902 = EDGE_CURVE('',#4877,#4903,#4905,.T.);
#4903 = VERTEX_POINT('',#4904);
#4904 = CARTESIAN_POINT('',(-29.69565627563,14.7,-105.55));
#4905 = SURFACE_CURVE('',#4906,(#4911,#4918),.PCURVE_S1.);
#4906 = CIRCLE('',#4907,9.);
#4907 = AXIS2_PLACEMENT_3D('',#4908,#4909,#4910);
#4908 = CARTESIAN_POINT('',(-32.,6.,-105.55));
#4909 = DIRECTION('',(0.,0.,1.));
#4910 = DIRECTION('',(1.,0.,-0.));
#4911 = PCURVE('',#2136,#4912);
#4912 = DEFINITIONAL_REPRESENTATION('',(#4913),#4917);
#4913 = LINE('',#4914,#4915);
#4914 = CARTESIAN_POINT('',(0.,4.45));
#4915 = VECTOR('',#4916,1.);
#4916 = DIRECTION('',(1.,0.));
#4917 = ( GEOMETRIC_REPRESENTATION_CONTEXT(2) 
PARAMETRIC_REPRESENTATION_CONTEXT() REPRESENTATION_CONTEXT('2D SPACE',''
  ) );
#4918 = PCURVE('',#4919,#4924);
#4919 = PLANE('',#4920);
#4920 = AXIS2_PLACEMENT_3D('',#4921,#4922,#4923);
#4921 = CARTESIAN_POINT('',(-60.,13.5,-105.55));
#4922 = DIRECTION('',(0.,0.,-1.));
#4923 = DIRECTION('',(0.,-1.,0.));
#4924 = DEFINITIONAL_REPRESENTATION('',(#4925),#4933);
#4925 = ( BOUNDED_CURVE() B_SPLINE_CURVE(2,(#4926,#4927,#4928,#4929,
#4930,#4931,#4932),.UNSPECIFIED.,.T.,.F.) B_SPLINE_CURVE_WITH_KNOTS((1,2
    ,2,2,2,1),(-2.094395102393,0.,2.094395102393,4.188790204786,
6.28318530718,8.377580409573),.UNSPECIFIED.) CURVE() 
GEOMETRIC_REPRESENTATION_ITEM() RATIONAL_B_SPLINE_CURVE((1.,0.5,1.,0.5,
1.,0.5,1.)) REPRESENTATION_ITEM('') );
#4926 = CARTESIAN_POINT('',(7.5,-37.));
#4927 = CARTESIAN_POINT('',(-8.08845726812,-37.));
#4928 = CARTESIAN_POINT('',(-0.29422863406,-23.5));
#4929 = CARTESIAN_POINT('',(7.5,-10.));
#4930 = CARTESIAN_POINT('',(15.29422863406,-23.5));
#4931 = CARTESIAN_POINT('',(23.08845726812,-37.));
#4932 = CARTESIAN_POINT('',(7.5,-37.));
#4933 = ( GEOMETRIC_REPRESENTATION_CONTEXT(2) 
PARAMETRIC_REPRESENTATION_CONTEXT() REPRESENTATION_CONTEXT('2D SPACE',''
  ) );
#4934 = ORIENTED_EDGE('',*,*,#4935,.F.);
#4935 = EDGE_CURVE('',#4936,#4903,#4938,.T.);
#4936 = VERTEX_POINT('',#4937);
#4937 = CARTESIAN_POINT('',(-29.69565627563,14.7,-109.));
#4938 = SURFACE_CURVE('',#4939,(#4943,#4949),.PCURVE_S1.);
#4939 = LINE('',#4940,#4941);
#4940 = CARTESIAN_POINT('',(-29.69565627563,14.7,-110.));
#4941 = VECTOR('',#4942,1.);
#4942 = DIRECTION('',(0.,0.,1.));
#4943 = PCURVE('',#2136,#4944);
#4944 = DEFINITIONAL_REPRESENTATION('',(#4945),#4948);
#4945 = B_SPLINE_CURVE_WITH_KNOTS('',1,(#4946,#4947),.UNSPECIFIED.,.F.,
  .F.,(2,2),(0.9999994,4.945),.PIECEWISE_BEZIER_KNOTS.);
#4946 = CARTESIAN_POINT('',(1.311874784789,0.9999994));
#4947 = CARTESIAN_POINT('',(1.311874784789,4.945));
#4948 = ( GEOMETRIC_REPRESENTATION_CONTEXT(2) 
PARAMETRIC_REPRESENTATION_CONTEXT() REPRESENTATION_CONTEXT('2D SPACE',''
  ) );
#4949 = PCURVE('',#4950,#4955);
#4950 = PLANE('',#4951);
#4951 = AXIS2_PLACEMENT_3D('',#4952,#4953,#4954);
#4952 = CARTESIAN_POINT('',(-29.69565627563,10.4,-110.5));
#4953 = DIRECTION('',(1.,0.,-0.));
#4954 = DIRECTION('',(0.,0.,1.));
#4955 = DEFINITIONAL_REPRESENTATION('',(#4956),#4959);
#4956 = B_SPLINE_CURVE_WITH_KNOTS('',1,(#4957,#4958),.UNSPECIFIED.,.F.,
  .F.,(2,2),(0.9999994,4.945),.PIECEWISE_BEZIER_KNOTS.);
#4957 = CARTESIAN_POINT('',(1.4999994,-4.3));
#4958 = CARTESIAN_POINT('',(5.445,-4.3));
#4959 = ( GEOMETRIC_REPRESENTATION_CONTEXT(2) 
PARAMETRIC_REPRESENTATION_CONTEXT() REPRESENTATION_CONTEXT('2D SPACE',''
  ) );
#4960 = ORIENTED_EDGE('',*,*,#4961,.F.);
#4961 = EDGE_CURVE('',#4962,#4936,#4964,.T.);
#4962 = VERTEX_POINT('',#4963);
#4963 = CARTESIAN_POINT('',(-32.,15.,-109.));
#4964 = SURFACE_CURVE('',#4965,(#4970,#4977),.PCURVE_S1.);
#4965 = CIRCLE('',#4966,9.);
#4966 = AXIS2_PLACEMENT_3D('',#4967,#4968,#4969);
#4967 = CARTESIAN_POINT('',(-32.,6.,-109.));
#4968 = DIRECTION('',(0.,-0.,-1.));
#4969 = DIRECTION('',(0.,1.,-0.));
#4970 = PCURVE('',#2136,#4971);
#4971 = DEFINITIONAL_REPRESENTATION('',(#4972),#4976);
#4972 = LINE('',#4973,#4974);
#4973 = CARTESIAN_POINT('',(1.570796326795,1.));
#4974 = VECTOR('',#4975,1.);
#4975 = DIRECTION('',(-1.,-0.));
#4976 = ( GEOMETRIC_REPRESENTATION_CONTEXT(2) 
PARAMETRIC_REPRESENTATION_CONTEXT() REPRESENTATION_CONTEXT('2D SPACE',''
  ) );
#4977 = PCURVE('',#4978,#4983);
#4978 = CONICAL_SURFACE('',#4979,9.,0.785398163397);
#4979 = AXIS2_PLACEMENT_3D('',#4980,#4981,#4982);
#4980 = CARTESIAN_POINT('',(-32.,6.,-109.));
#4981 = DIRECTION('',(0.,0.,1.));
#4982 = DIRECTION('',(0.,1.,0.));
#4983 = DEFINITIONAL_REPRESENTATION('',(#4984),#4988);
#4984 = LINE('',#4985,#4986);
#4985 = CARTESIAN_POINT('',(-0.,-0.));
#4986 = VECTOR('',#4987,1.);
#4987 = DIRECTION('',(-1.,-0.));
#4988 = ( GEOMETRIC_REPRESENTATION_CONTEXT(2) 
PARAMETRIC_REPRESENTATION_CONTEXT() REPRESENTATION_CONTEXT('2D SPACE',''
  ) );
#4989 = ORIENTED_EDGE('',*,*,#4990,.T.);
#4990 = EDGE_CURVE('',#4962,#2154,#4991,.T.);
#4991 = SURFACE_CURVE('',#4992,(#4996,#5003),.PCURVE_S1.);
#4992 = LINE('',#4993,#4994);
#4993 = CARTESIAN_POINT('',(-32.,15.,-110.));
#4994 = VECTOR('',#4995,1.);
#4995 = DIRECTION('',(0.,0.,1.));
#4996 = PCURVE('',#2136,#4997);
#4997 = DEFINITIONAL_REPRESENTATION('',(#4998),#5002);
#4998 = LINE('',#4999,#5000);
#4999 = CARTESIAN_POINT('',(1.570796326795,0.));
#5000 = VECTOR('',#5001,1.);
#5001 = DIRECTION('',(0.,1.));
#5002 = ( GEOMETRIC_REPRESENTATION_CONTEXT(2) 
PARAMETRIC_REPRESENTATION_CONTEXT() REPRESENTATION_CONTEXT('2D SPACE',''
  ) );
#5003 = PCURVE('',#2217,#5004);
#5004 = DEFINITIONAL_REPRESENTATION('',(#5005),#5009);
#5005 = LINE('',#5006,#5007);
#5006 = CARTESIAN_POINT('',(0.,39.));
#5007 = VECTOR('',#5008,1.);
#5008 = DIRECTION('',(1.,0.));
#5009 = ( GEOMETRIC_REPRESENTATION_CONTEXT(2) 
PARAMETRIC_REPRESENTATION_CONTEXT() REPRESENTATION_CONTEXT('2D SPACE',''
  ) );
#5010 = ORIENTED_EDGE('',*,*,#2175,.F.);
#5011 = ORIENTED_EDGE('',*,*,#2122,.F.);
#5012 = ORIENTED_EDGE('',*,*,#4663,.F.);
#5013 = ORIENTED_EDGE('',*,*,#5014,.F.);
#5014 = EDGE_CURVE('',#4825,#4664,#5015,.T.);
#5015 = SURFACE_CURVE('',#5016,(#5020,#5027),.PCURVE_S1.);
#5016 = LINE('',#5017,#5018);
#5017 = CARTESIAN_POINT('',(-23.,6.,-110.));
#5018 = VECTOR('',#5019,1.);
#5019 = DIRECTION('',(0.,0.,1.));
#5020 = PCURVE('',#2136,#5021);
#5021 = DEFINITIONAL_REPRESENTATION('',(#5022),#5026);
#5022 = LINE('',#5023,#5024);
#5023 = CARTESIAN_POINT('',(0.,0.));
#5024 = VECTOR('',#5025,1.);
#5025 = DIRECTION('',(0.,1.));
#5026 = ( GEOMETRIC_REPRESENTATION_CONTEXT(2) 
PARAMETRIC_REPRESENTATION_CONTEXT() REPRESENTATION_CONTEXT('2D SPACE',''
  ) );
#5027 = PCURVE('',#4752,#5028);
#5028 = DEFINITIONAL_REPRESENTATION('',(#5029),#5033);
#5029 = LINE('',#5030,#5031);
#5030 = CARTESIAN_POINT('',(-75.,1.5));
#5031 = VECTOR('',#5032,1.);
#5032 = DIRECTION('',(1.,0.));
#5033 = ( GEOMETRIC_REPRESENTATION_CONTEXT(2) 
PARAMETRIC_REPRESENTATION_CONTEXT() REPRESENTATION_CONTEXT('2D SPACE',''
  ) );
#5034 = FACE_BOUND('',#5035,.T.);
#5035 = EDGE_LOOP('',(#5036,#5064,#5093,#5119));
#5036 = ORIENTED_EDGE('',*,*,#5037,.F.);
#5037 = EDGE_CURVE('',#5038,#5040,#5042,.T.);
#5038 = VERTEX_POINT('',#5039);
#5039 = CARTESIAN_POINT('',(-25.88117658368,12.6,-29.1));
#5040 = VERTEX_POINT('',#5041);
#5041 = CARTESIAN_POINT('',(-25.88117658368,12.6,-27.5));
#5042 = SURFACE_CURVE('',#5043,(#5047,#5053),.PCURVE_S1.);
#5043 = LINE('',#5044,#5045);
#5044 = CARTESIAN_POINT('',(-25.88117658368,12.6,-110.));
#5045 = VECTOR('',#5046,1.);
#5046 = DIRECTION('',(0.,0.,1.));
#5047 = PCURVE('',#2136,#5048);
#5048 = DEFINITIONAL_REPRESENTATION('',(#5049),#5052);
#5049 = B_SPLINE_CURVE_WITH_KNOTS('',1,(#5050,#5051),.UNSPECIFIED.,.F.,
  .F.,(2,2),(80.01,90.69),.PIECEWISE_BEZIER_KNOTS.);
#5050 = CARTESIAN_POINT('',(0.823211977126,80.01));
#5051 = CARTESIAN_POINT('',(0.823211977126,90.69));
#5052 = ( GEOMETRIC_REPRESENTATION_CONTEXT(2) 
PARAMETRIC_REPRESENTATION_CONTEXT() REPRESENTATION_CONTEXT('2D SPACE',''
  ) );
#5053 = PCURVE('',#5054,#5059);
#5054 = PLANE('',#5055);
#5055 = AXIS2_PLACEMENT_3D('',#5056,#5057,#5058);
#5056 = CARTESIAN_POINT('',(-36.85,12.6,-29.1));
#5057 = DIRECTION('',(-0.,1.,0.));
#5058 = DIRECTION('',(0.,0.,1.));
#5059 = DEFINITIONAL_REPRESENTATION('',(#5060),#5063);
#5060 = B_SPLINE_CURVE_WITH_KNOTS('',1,(#5061,#5062),.UNSPECIFIED.,.F.,
  .F.,(2,2),(80.01,90.69),.PIECEWISE_BEZIER_KNOTS.);
#5061 = CARTESIAN_POINT('',(-0.89,10.968823416311));
#5062 = CARTESIAN_POINT('',(9.79,10.968823416311));
#5063 = ( GEOMETRIC_REPRESENTATION_CONTEXT(2) 
PARAMETRIC_REPRESENTATION_CONTEXT() REPRESENTATION_CONTEXT('2D SPACE',''
  ) );
#5064 = ORIENTED_EDGE('',*,*,#5065,.F.);
#5065 = EDGE_CURVE('',#5066,#5038,#5068,.T.);
#5066 = VERTEX_POINT('',#5067);
#5067 = CARTESIAN_POINT('',(-25.4,12.118823416311,-29.1));
#5068 = SURFACE_CURVE('',#5069,(#5074,#5081),.PCURVE_S1.);
#5069 = CIRCLE('',#5070,9.);
#5070 = AXIS2_PLACEMENT_3D('',#5071,#5072,#5073);
#5071 = CARTESIAN_POINT('',(-32.,6.,-29.1));
#5072 = DIRECTION('',(0.,0.,1.));
#5073 = DIRECTION('',(1.,0.,-0.));
#5074 = PCURVE('',#2136,#5075);
#5075 = DEFINITIONAL_REPRESENTATION('',(#5076),#5080);
#5076 = LINE('',#5077,#5078);
#5077 = CARTESIAN_POINT('',(0.,80.9));
#5078 = VECTOR('',#5079,1.);
#5079 = DIRECTION('',(1.,0.));
#5080 = ( GEOMETRIC_REPRESENTATION_CONTEXT(2) 
PARAMETRIC_REPRESENTATION_CONTEXT() REPRESENTATION_CONTEXT('2D SPACE',''
  ) );
#5081 = PCURVE('',#5082,#5087);
#5082 = PLANE('',#5083);
#5083 = AXIS2_PLACEMENT_3D('',#5084,#5085,#5086);
#5084 = CARTESIAN_POINT('',(-36.85,-12.6,-29.1));
#5085 = DIRECTION('',(0.,0.,1.));
#5086 = DIRECTION('',(1.,0.,-0.));
#5087 = DEFINITIONAL_REPRESENTATION('',(#5088),#5092);
#5088 = CIRCLE('',#5089,9.);
#5089 = AXIS2_PLACEMENT_2D('',#5090,#5091);
#5090 = CARTESIAN_POINT('',(4.85,18.6));
#5091 = DIRECTION('',(1.,0.));
#5092 = ( GEOMETRIC_REPRESENTATION_CONTEXT(2) 
PARAMETRIC_REPRESENTATION_CONTEXT() REPRESENTATION_CONTEXT('2D SPACE',''
  ) );
#5093 = ORIENTED_EDGE('',*,*,#5094,.T.);
#5094 = EDGE_CURVE('',#5066,#5095,#5097,.T.);
#5095 = VERTEX_POINT('',#5096);
#5096 = CARTESIAN_POINT('',(-25.4,12.118823416311,-27.5));
#5097 = SURFACE_CURVE('',#5098,(#5102,#5108),.PCURVE_S1.);
#5098 = LINE('',#5099,#5100);
#5099 = CARTESIAN_POINT('',(-25.4,12.118823416311,-110.));
#5100 = VECTOR('',#5101,1.);
#5101 = DIRECTION('',(0.,0.,1.));
#5102 = PCURVE('',#2136,#5103);
#5103 = DEFINITIONAL_REPRESENTATION('',(#5104),#5107);
#5104 = B_SPLINE_CURVE_WITH_KNOTS('',1,(#5105,#5106),.UNSPECIFIED.,.F.,
  .F.,(2,2),(71.,99.0000006),.PIECEWISE_BEZIER_KNOTS.);
#5105 = CARTESIAN_POINT('',(0.747584349669,71.));
#5106 = CARTESIAN_POINT('',(0.747584349669,99.0000006));
#5107 = ( GEOMETRIC_REPRESENTATION_CONTEXT(2) 
PARAMETRIC_REPRESENTATION_CONTEXT() REPRESENTATION_CONTEXT('2D SPACE',''
  ) );
#5108 = PCURVE('',#5109,#5114);
#5109 = PLANE('',#5110);
#5110 = AXIS2_PLACEMENT_3D('',#5111,#5112,#5113);
#5111 = CARTESIAN_POINT('',(-25.4,-12.6,-29.1));
#5112 = DIRECTION('',(1.,0.,-0.));
#5113 = DIRECTION('',(0.,0.,1.));
#5114 = DEFINITIONAL_REPRESENTATION('',(#5115),#5118);
#5115 = B_SPLINE_CURVE_WITH_KNOTS('',1,(#5116,#5117),.UNSPECIFIED.,.F.,
  .F.,(2,2),(71.,99.0000006),.PIECEWISE_BEZIER_KNOTS.);
#5116 = CARTESIAN_POINT('',(-9.9,-24.71882341631));
#5117 = CARTESIAN_POINT('',(18.1000006,-24.71882341631));
#5118 = ( GEOMETRIC_REPRESENTATION_CONTEXT(2) 
PARAMETRIC_REPRESENTATION_CONTEXT() REPRESENTATION_CONTEXT('2D SPACE',''
  ) );
#5119 = ORIENTED_EDGE('',*,*,#5120,.T.);
#5120 = EDGE_CURVE('',#5095,#5040,#5121,.T.);
#5121 = SURFACE_CURVE('',#5122,(#5127,#5134),.PCURVE_S1.);
#5122 = CIRCLE('',#5123,9.);
#5123 = AXIS2_PLACEMENT_3D('',#5124,#5125,#5126);
#5124 = CARTESIAN_POINT('',(-32.,6.,-27.5));
#5125 = DIRECTION('',(0.,0.,1.));
#5126 = DIRECTION('',(1.,0.,-0.));
#5127 = PCURVE('',#2136,#5128);
#5128 = DEFINITIONAL_REPRESENTATION('',(#5129),#5133);
#5129 = LINE('',#5130,#5131);
#5130 = CARTESIAN_POINT('',(0.,82.5));
#5131 = VECTOR('',#5132,1.);
#5132 = DIRECTION('',(1.,0.));
#5133 = ( GEOMETRIC_REPRESENTATION_CONTEXT(2) 
PARAMETRIC_REPRESENTATION_CONTEXT() REPRESENTATION_CONTEXT('2D SPACE',''
  ) );
#5134 = PCURVE('',#5135,#5140);
#5135 = PLANE('',#5136);
#5136 = AXIS2_PLACEMENT_3D('',#5137,#5138,#5139);
#5137 = CARTESIAN_POINT('',(-36.85,-12.6,-27.5));
#5138 = DIRECTION('',(0.,0.,1.));
#5139 = DIRECTION('',(1.,0.,-0.));
#5140 = DEFINITIONAL_REPRESENTATION('',(#5141),#5145);
#5141 = CIRCLE('',#5142,9.);
#5142 = AXIS2_PLACEMENT_2D('',#5143,#5144);
#5143 = CARTESIAN_POINT('',(4.85,18.6));
#5144 = DIRECTION('',(1.,0.));
#5145 = ( GEOMETRIC_REPRESENTATION_CONTEXT(2) 
PARAMETRIC_REPRESENTATION_CONTEXT() REPRESENTATION_CONTEXT('2D SPACE',''
  ) );
#5146 = ADVANCED_FACE('',(#5147),#2217,.T.);
#5147 = FACE_BOUND('',#5148,.T.);
#5148 = EDGE_LOOP('',(#5149,#5150,#5178,#5199));
#5149 = ORIENTED_EDGE('',*,*,#4990,.F.);
#5150 = ORIENTED_EDGE('',*,*,#5151,.F.);
#5151 = EDGE_CURVE('',#5152,#4962,#5154,.T.);
#5152 = VERTEX_POINT('',#5153);
#5153 = CARTESIAN_POINT('',(-62.,15.,-109.));
#5154 = SURFACE_CURVE('',#5155,(#5159,#5166),.PCURVE_S1.);
#5155 = LINE('',#5156,#5157);
#5156 = CARTESIAN_POINT('',(-62.,15.,-109.));
#5157 = VECTOR('',#5158,1.);
#5158 = DIRECTION('',(1.,0.,0.));
#5159 = PCURVE('',#2217,#5160);
#5160 = DEFINITIONAL_REPRESENTATION('',(#5161),#5165);
#5161 = LINE('',#5162,#5163);
#5162 = CARTESIAN_POINT('',(1.,9.));
#5163 = VECTOR('',#5164,1.);
#5164 = DIRECTION('',(0.,1.));
#5165 = ( GEOMETRIC_REPRESENTATION_CONTEXT(2) 
PARAMETRIC_REPRESENTATION_CONTEXT() REPRESENTATION_CONTEXT('2D SPACE',''
  ) );
#5166 = PCURVE('',#5167,#5172);
#5167 = PLANE('',#5168);
#5168 = AXIS2_PLACEMENT_3D('',#5169,#5170,#5171);
#5169 = CARTESIAN_POINT('',(-62.,14.5,-109.5));
#5170 = DIRECTION('',(0.,-0.707106781187,0.707106781187));
#5171 = DIRECTION('',(-1.,-0.,-0.));
#5172 = DEFINITIONAL_REPRESENTATION('',(#5173),#5177);
#5173 = LINE('',#5174,#5175);
#5174 = CARTESIAN_POINT('',(-0.,-0.707106781187));
#5175 = VECTOR('',#5176,1.);
#5176 = DIRECTION('',(-1.,0.));
#5177 = ( GEOMETRIC_REPRESENTATION_CONTEXT(2) 
PARAMETRIC_REPRESENTATION_CONTEXT() REPRESENTATION_CONTEXT('2D SPACE',''
  ) );
#5178 = ORIENTED_EDGE('',*,*,#5179,.T.);
#5179 = EDGE_CURVE('',#5152,#2202,#5180,.T.);
#5180 = SURFACE_CURVE('',#5181,(#5185,#5192),.PCURVE_S1.);
#5181 = LINE('',#5182,#5183);
#5182 = CARTESIAN_POINT('',(-62.,15.,-110.));
#5183 = VECTOR('',#5184,1.);
#5184 = DIRECTION('',(0.,0.,1.));
#5185 = PCURVE('',#2217,#5186);
#5186 = DEFINITIONAL_REPRESENTATION('',(#5187),#5191);
#5187 = LINE('',#5188,#5189);
#5188 = CARTESIAN_POINT('',(0.,9.));
#5189 = VECTOR('',#5190,1.);
#5190 = DIRECTION('',(1.,0.));
#5191 = ( GEOMETRIC_REPRESENTATION_CONTEXT(2) 
PARAMETRIC_REPRESENTATION_CONTEXT() REPRESENTATION_CONTEXT('2D SPACE',''
  ) );
#5192 = PCURVE('',#2292,#5193);
#5193 = DEFINITIONAL_REPRESENTATION('',(#5194),#5198);
#5194 = LINE('',#5195,#5196);
#5195 = CARTESIAN_POINT('',(-1.570796326795,0.));
#5196 = VECTOR('',#5197,1.);
#5197 = DIRECTION('',(-0.,1.));
#5198 = ( GEOMETRIC_REPRESENTATION_CONTEXT(2) 
PARAMETRIC_REPRESENTATION_CONTEXT() REPRESENTATION_CONTEXT('2D SPACE',''
  ) );
#5199 = ORIENTED_EDGE('',*,*,#2201,.F.);
#5200 = ADVANCED_FACE('',(#5201),#2292,.T.);
#5201 = FACE_BOUND('',#5202,.F.);
#5202 = EDGE_LOOP('',(#5203,#5226,#5253,#5254));
#5203 = ORIENTED_EDGE('',*,*,#5204,.F.);
#5204 = EDGE_CURVE('',#5205,#2256,#5207,.T.);
#5205 = VERTEX_POINT('',#5206);
#5206 = CARTESIAN_POINT('',(-71.,6.,-109.));
#5207 = SURFACE_CURVE('',#5208,(#5212,#5219),.PCURVE_S1.);
#5208 = LINE('',#5209,#5210);
#5209 = CARTESIAN_POINT('',(-71.,6.,-110.));
#5210 = VECTOR('',#5211,1.);
#5211 = DIRECTION('',(0.,0.,1.));
#5212 = PCURVE('',#2292,#5213);
#5213 = DEFINITIONAL_REPRESENTATION('',(#5214),#5218);
#5214 = LINE('',#5215,#5216);
#5215 = CARTESIAN_POINT('',(-0.,0.));
#5216 = VECTOR('',#5217,1.);
#5217 = DIRECTION('',(-0.,1.));
#5218 = ( GEOMETRIC_REPRESENTATION_CONTEXT(2) 
PARAMETRIC_REPRESENTATION_CONTEXT() REPRESENTATION_CONTEXT('2D SPACE',''
  ) );
#5219 = PCURVE('',#2322,#5220);
#5220 = DEFINITIONAL_REPRESENTATION('',(#5221),#5225);
#5221 = LINE('',#5222,#5223);
#5222 = CARTESIAN_POINT('',(0.,-21.));
#5223 = VECTOR('',#5224,1.);
#5224 = DIRECTION('',(1.,0.));
#5225 = ( GEOMETRIC_REPRESENTATION_CONTEXT(2) 
PARAMETRIC_REPRESENTATION_CONTEXT() REPRESENTATION_CONTEXT('2D SPACE',''
  ) );
#5226 = ORIENTED_EDGE('',*,*,#5227,.T.);
#5227 = EDGE_CURVE('',#5205,#5152,#5228,.T.);
#5228 = SURFACE_CURVE('',#5229,(#5234,#5241),.PCURVE_S1.);
#5229 = CIRCLE('',#5230,9.);
#5230 = AXIS2_PLACEMENT_3D('',#5231,#5232,#5233);
#5231 = CARTESIAN_POINT('',(-62.,6.,-109.));
#5232 = DIRECTION('',(-0.,0.,-1.));
#5233 = DIRECTION('',(-1.,9.868649107779E-17,0.));
#5234 = PCURVE('',#2292,#5235);
#5235 = DEFINITIONAL_REPRESENTATION('',(#5236),#5240);
#5236 = LINE('',#5237,#5238);
#5237 = CARTESIAN_POINT('',(-0.,1.));
#5238 = VECTOR('',#5239,1.);
#5239 = DIRECTION('',(-1.,0.));
#5240 = ( GEOMETRIC_REPRESENTATION_CONTEXT(2) 
PARAMETRIC_REPRESENTATION_CONTEXT() REPRESENTATION_CONTEXT('2D SPACE',''
  ) );
#5241 = PCURVE('',#5242,#5247);
#5242 = CONICAL_SURFACE('',#5243,9.,0.785398163397);
#5243 = AXIS2_PLACEMENT_3D('',#5244,#5245,#5246);
#5244 = CARTESIAN_POINT('',(-62.,6.,-109.));
#5245 = DIRECTION('',(0.,0.,1.));
#5246 = DIRECTION('',(-1.,9.868649107779E-17,0.));
#5247 = DEFINITIONAL_REPRESENTATION('',(#5248),#5252);
#5248 = LINE('',#5249,#5250);
#5249 = CARTESIAN_POINT('',(-0.,-0.));
#5250 = VECTOR('',#5251,1.);
#5251 = DIRECTION('',(-1.,-0.));
#5252 = ( GEOMETRIC_REPRESENTATION_CONTEXT(2) 
PARAMETRIC_REPRESENTATION_CONTEXT() REPRESENTATION_CONTEXT('2D SPACE',''
  ) );
#5253 = ORIENTED_EDGE('',*,*,#5179,.T.);
#5254 = ORIENTED_EDGE('',*,*,#2277,.T.);
#5255 = ADVANCED_FACE('',(#5256),#2322,.F.);
#5256 = FACE_BOUND('',#5257,.F.);
#5257 = EDGE_LOOP('',(#5258,#5259,#5285,#5286,#5287,#5288,#5309,#5335,
    #5354,#5355,#5376,#5402));
#5258 = ORIENTED_EDGE('',*,*,#3780,.F.);
#5259 = ORIENTED_EDGE('',*,*,#5260,.T.);
#5260 = EDGE_CURVE('',#3781,#5205,#5261,.T.);
#5261 = SURFACE_CURVE('',#5262,(#5266,#5273),.PCURVE_S1.);
#5262 = LINE('',#5263,#5264);
#5263 = CARTESIAN_POINT('',(-71.,-6.,-109.));
#5264 = VECTOR('',#5265,1.);
#5265 = DIRECTION('',(0.,1.,0.));
#5266 = PCURVE('',#2322,#5267);
#5267 = DEFINITIONAL_REPRESENTATION('',(#5268),#5272);
#5268 = LINE('',#5269,#5270);
#5269 = CARTESIAN_POINT('',(1.,-9.));
#5270 = VECTOR('',#5271,1.);
#5271 = DIRECTION('',(0.,-1.));
#5272 = ( GEOMETRIC_REPRESENTATION_CONTEXT(2) 
PARAMETRIC_REPRESENTATION_CONTEXT() REPRESENTATION_CONTEXT('2D SPACE',''
  ) );
#5273 = PCURVE('',#5274,#5279);
#5274 = PLANE('',#5275);
#5275 = AXIS2_PLACEMENT_3D('',#5276,#5277,#5278);
#5276 = CARTESIAN_POINT('',(-70.5,-6.,-109.5));
#5277 = DIRECTION('',(-0.707106781187,0.,-0.707106781187));
#5278 = DIRECTION('',(0.,1.,0.));
#5279 = DEFINITIONAL_REPRESENTATION('',(#5280),#5284);
#5280 = LINE('',#5281,#5282);
#5281 = CARTESIAN_POINT('',(0.,-0.707106781187));
#5282 = VECTOR('',#5283,1.);
#5283 = DIRECTION('',(1.,0.));
#5284 = ( GEOMETRIC_REPRESENTATION_CONTEXT(2) 
PARAMETRIC_REPRESENTATION_CONTEXT() REPRESENTATION_CONTEXT('2D SPACE',''
  ) );
#5285 = ORIENTED_EDGE('',*,*,#5204,.T.);
#5286 = ORIENTED_EDGE('',*,*,#2308,.T.);
#5287 = ORIENTED_EDGE('',*,*,#3856,.F.);
#5288 = ORIENTED_EDGE('',*,*,#5289,.F.);
#5289 = EDGE_CURVE('',#5290,#3857,#5292,.T.);
#5290 = VERTEX_POINT('',#5291);
#5291 = CARTESIAN_POINT('',(-71.,4.5,-95.25));
#5292 = SURFACE_CURVE('',#5293,(#5297,#5303),.PCURVE_S1.);
#5293 = LINE('',#5294,#5295);
#5294 = CARTESIAN_POINT('',(-71.,-11.75,-95.25));
#5295 = VECTOR('',#5296,1.);
#5296 = DIRECTION('',(0.,-1.,0.));
#5297 = PCURVE('',#2322,#5298);
#5298 = DEFINITIONAL_REPRESENTATION('',(#5299),#5302);
#5299 = B_SPLINE_CURVE_WITH_KNOTS('',1,(#5300,#5301),.UNSPECIFIED.,.F.,
  .F.,(2,2),(-16.25,-5.75),.PIECEWISE_BEZIER_KNOTS.);
#5300 = CARTESIAN_POINT('',(14.75,-19.5));
#5301 = CARTESIAN_POINT('',(14.75,-9.));
#5302 = ( GEOMETRIC_REPRESENTATION_CONTEXT(2) 
PARAMETRIC_REPRESENTATION_CONTEXT() REPRESENTATION_CONTEXT('2D SPACE',''
  ) );
#5303 = PCURVE('',#3896,#5304);
#5304 = DEFINITIONAL_REPRESENTATION('',(#5305),#5308);
#5305 = B_SPLINE_CURVE_WITH_KNOTS('',1,(#5306,#5307),.UNSPECIFIED.,.F.,
  .F.,(2,2),(-16.25,-5.75),.PIECEWISE_BEZIER_KNOTS.);
#5306 = CARTESIAN_POINT('',(1.,13.));
#5307 = CARTESIAN_POINT('',(1.,2.5));
#5308 = ( GEOMETRIC_REPRESENTATION_CONTEXT(2) 
PARAMETRIC_REPRESENTATION_CONTEXT() REPRESENTATION_CONTEXT('2D SPACE',''
  ) );
#5309 = ORIENTED_EDGE('',*,*,#5310,.F.);
#5310 = EDGE_CURVE('',#5311,#5290,#5313,.T.);
#5311 = VERTEX_POINT('',#5312);
#5312 = CARTESIAN_POINT('',(-71.,4.5,-98.75));
#5313 = SURFACE_CURVE('',#5314,(#5318,#5324),.PCURVE_S1.);
#5314 = LINE('',#5315,#5316);
#5315 = CARTESIAN_POINT('',(-71.,4.5,-104.375));
#5316 = VECTOR('',#5317,1.);
#5317 = DIRECTION('',(0.,-0.,1.));
#5318 = PCURVE('',#2322,#5319);
#5319 = DEFINITIONAL_REPRESENTATION('',(#5320),#5323);
#5320 = B_SPLINE_CURVE_WITH_KNOTS('',1,(#5321,#5322),.UNSPECIFIED.,.F.,
  .F.,(2,2),(5.625,9.125),.PIECEWISE_BEZIER_KNOTS.);
#5321 = CARTESIAN_POINT('',(11.25,-19.5));
#5322 = CARTESIAN_POINT('',(14.75,-19.5));
#5323 = ( GEOMETRIC_REPRESENTATION_CONTEXT(2) 
PARAMETRIC_REPRESENTATION_CONTEXT() REPRESENTATION_CONTEXT('2D SPACE',''
  ) );
#5324 = PCURVE('',#5325,#5330);
#5325 = PLANE('',#5326);
#5326 = AXIS2_PLACEMENT_3D('',#5327,#5328,#5329);
#5327 = CARTESIAN_POINT('',(-72.,4.5,-98.75));
#5328 = DIRECTION('',(-0.,1.,0.));
#5329 = DIRECTION('',(0.,0.,1.));
#5330 = DEFINITIONAL_REPRESENTATION('',(#5331),#5334);
#5331 = B_SPLINE_CURVE_WITH_KNOTS('',1,(#5332,#5333),.UNSPECIFIED.,.F.,
  .F.,(2,2),(5.625,9.125),.PIECEWISE_BEZIER_KNOTS.);
#5332 = CARTESIAN_POINT('',(0.,1.));
#5333 = CARTESIAN_POINT('',(3.5,1.));
#5334 = ( GEOMETRIC_REPRESENTATION_CONTEXT(2) 
PARAMETRIC_REPRESENTATION_CONTEXT() REPRESENTATION_CONTEXT('2D SPACE',''
  ) );
#5335 = ORIENTED_EDGE('',*,*,#5336,.T.);
#5336 = EDGE_CURVE('',#5311,#3935,#5337,.T.);
#5337 = SURFACE_CURVE('',#5338,(#5342,#5348),.PCURVE_S1.);
#5338 = LINE('',#5339,#5340);
#5339 = CARTESIAN_POINT('',(-71.,-11.75,-98.75));
#5340 = VECTOR('',#5341,1.);
#5341 = DIRECTION('',(0.,-1.,0.));
#5342 = PCURVE('',#2322,#5343);
#5343 = DEFINITIONAL_REPRESENTATION('',(#5344),#5347);
#5344 = B_SPLINE_CURVE_WITH_KNOTS('',1,(#5345,#5346),.UNSPECIFIED.,.F.,
  .F.,(2,2),(-16.25,-5.75),.PIECEWISE_BEZIER_KNOTS.);
#5345 = CARTESIAN_POINT('',(11.25,-19.5));
#5346 = CARTESIAN_POINT('',(11.25,-9.));
#5347 = ( GEOMETRIC_REPRESENTATION_CONTEXT(2) 
PARAMETRIC_REPRESENTATION_CONTEXT() REPRESENTATION_CONTEXT('2D SPACE',''
  ) );
#5348 = PCURVE('',#3951,#5349);
#5349 = DEFINITIONAL_REPRESENTATION('',(#5350),#5353);
#5350 = B_SPLINE_CURVE_WITH_KNOTS('',1,(#5351,#5352),.UNSPECIFIED.,.F.,
  .F.,(2,2),(-16.25,-5.75),.PIECEWISE_BEZIER_KNOTS.);
#5351 = CARTESIAN_POINT('',(1.,13.));
#5352 = CARTESIAN_POINT('',(1.,2.5));
#5353 = ( GEOMETRIC_REPRESENTATION_CONTEXT(2) 
PARAMETRIC_REPRESENTATION_CONTEXT() REPRESENTATION_CONTEXT('2D SPACE',''
  ) );
#5354 = ORIENTED_EDGE('',*,*,#3963,.F.);
#5355 = ORIENTED_EDGE('',*,*,#5356,.F.);
#5356 = EDGE_CURVE('',#5357,#3964,#5359,.T.);
#5357 = VERTEX_POINT('',#5358);
#5358 = CARTESIAN_POINT('',(-71.,4.5,-102.25));
#5359 = SURFACE_CURVE('',#5360,(#5364,#5370),.PCURVE_S1.);
#5360 = LINE('',#5361,#5362);
#5361 = CARTESIAN_POINT('',(-71.,-11.75,-102.25));
#5362 = VECTOR('',#5363,1.);
#5363 = DIRECTION('',(0.,-1.,0.));
#5364 = PCURVE('',#2322,#5365);
#5365 = DEFINITIONAL_REPRESENTATION('',(#5366),#5369);
#5366 = B_SPLINE_CURVE_WITH_KNOTS('',1,(#5367,#5368),.UNSPECIFIED.,.F.,
  .F.,(2,2),(-16.25,-5.75),.PIECEWISE_BEZIER_KNOTS.);
#5367 = CARTESIAN_POINT('',(7.75,-19.5));
#5368 = CARTESIAN_POINT('',(7.75,-9.));
#5369 = ( GEOMETRIC_REPRESENTATION_CONTEXT(2) 
PARAMETRIC_REPRESENTATION_CONTEXT() REPRESENTATION_CONTEXT('2D SPACE',''
  ) );
#5370 = PCURVE('',#4003,#5371);
#5371 = DEFINITIONAL_REPRESENTATION('',(#5372),#5375);
#5372 = B_SPLINE_CURVE_WITH_KNOTS('',1,(#5373,#5374),.UNSPECIFIED.,.F.,
  .F.,(2,2),(-16.25,-5.75),.PIECEWISE_BEZIER_KNOTS.);
#5373 = CARTESIAN_POINT('',(1.,13.));
#5374 = CARTESIAN_POINT('',(1.,2.5));
#5375 = ( GEOMETRIC_REPRESENTATION_CONTEXT(2) 
PARAMETRIC_REPRESENTATION_CONTEXT() REPRESENTATION_CONTEXT('2D SPACE',''
  ) );
#5376 = ORIENTED_EDGE('',*,*,#5377,.F.);
#5377 = EDGE_CURVE('',#5378,#5357,#5380,.T.);
#5378 = VERTEX_POINT('',#5379);
#5379 = CARTESIAN_POINT('',(-71.,4.5,-105.75));
#5380 = SURFACE_CURVE('',#5381,(#5385,#5391),.PCURVE_S1.);
#5381 = LINE('',#5382,#5383);
#5382 = CARTESIAN_POINT('',(-71.,4.5,-107.875));
#5383 = VECTOR('',#5384,1.);
#5384 = DIRECTION('',(0.,-0.,1.));
#5385 = PCURVE('',#2322,#5386);
#5386 = DEFINITIONAL_REPRESENTATION('',(#5387),#5390);
#5387 = B_SPLINE_CURVE_WITH_KNOTS('',1,(#5388,#5389),.UNSPECIFIED.,.F.,
  .F.,(2,2),(2.125,5.625),.PIECEWISE_BEZIER_KNOTS.);
#5388 = CARTESIAN_POINT('',(4.25,-19.5));
#5389 = CARTESIAN_POINT('',(7.75,-19.5));
#5390 = ( GEOMETRIC_REPRESENTATION_CONTEXT(2) 
PARAMETRIC_REPRESENTATION_CONTEXT() REPRESENTATION_CONTEXT('2D SPACE',''
  ) );
#5391 = PCURVE('',#5392,#5397);
#5392 = PLANE('',#5393);
#5393 = AXIS2_PLACEMENT_3D('',#5394,#5395,#5396);
#5394 = CARTESIAN_POINT('',(-72.,4.5,-105.75));
#5395 = DIRECTION('',(-0.,1.,0.));
#5396 = DIRECTION('',(0.,0.,1.));
#5397 = DEFINITIONAL_REPRESENTATION('',(#5398),#5401);
#5398 = B_SPLINE_CURVE_WITH_KNOTS('',1,(#5399,#5400),.UNSPECIFIED.,.F.,
  .F.,(2,2),(2.125,5.625),.PIECEWISE_BEZIER_KNOTS.);
#5399 = CARTESIAN_POINT('',(0.,1.));
#5400 = CARTESIAN_POINT('',(3.5,1.));
#5401 = ( GEOMETRIC_REPRESENTATION_CONTEXT(2) 
PARAMETRIC_REPRESENTATION_CONTEXT() REPRESENTATION_CONTEXT('2D SPACE',''
  ) );
#5402 = ORIENTED_EDGE('',*,*,#5403,.T.);
#5403 = EDGE_CURVE('',#5378,#3783,#5404,.T.);
#5404 = SURFACE_CURVE('',#5405,(#5409,#5415),.PCURVE_S1.);
#5405 = LINE('',#5406,#5407);
#5406 = CARTESIAN_POINT('',(-71.,-11.75,-105.75));
#5407 = VECTOR('',#5408,1.);
#5408 = DIRECTION('',(0.,-1.,0.));
#5409 = PCURVE('',#2322,#5410);
#5410 = DEFINITIONAL_REPRESENTATION('',(#5411),#5414);
#5411 = B_SPLINE_CURVE_WITH_KNOTS('',1,(#5412,#5413),.UNSPECIFIED.,.F.,
  .F.,(2,2),(-16.25,-5.75),.PIECEWISE_BEZIER_KNOTS.);
#5412 = CARTESIAN_POINT('',(4.25,-19.5));
#5413 = CARTESIAN_POINT('',(4.25,-9.));
#5414 = ( GEOMETRIC_REPRESENTATION_CONTEXT(2) 
PARAMETRIC_REPRESENTATION_CONTEXT() REPRESENTATION_CONTEXT('2D SPACE',''
  ) );
#5415 = PCURVE('',#4056,#5416);
#5416 = DEFINITIONAL_REPRESENTATION('',(#5417),#5420);
#5417 = B_SPLINE_CURVE_WITH_KNOTS('',1,(#5418,#5419),.UNSPECIFIED.,.F.,
  .F.,(2,2),(-16.25,-5.75),.PIECEWISE_BEZIER_KNOTS.);
#5418 = CARTESIAN_POINT('',(1.,13.));
#5419 = CARTESIAN_POINT('',(1.,2.5));
#5420 = ( GEOMETRIC_REPRESENTATION_CONTEXT(2) 
PARAMETRIC_REPRESENTATION_CONTEXT() REPRESENTATION_CONTEXT('2D SPACE',''
  ) );
#5421 = ADVANCED_FACE('',(#5422),#2353,.F.);
#5422 = FACE_BOUND('',#5423,.F.);
#5423 = EDGE_LOOP('',(#5424,#5425,#5426,#5427));
#5424 = ORIENTED_EDGE('',*,*,#2609,.T.);
#5425 = ORIENTED_EDGE('',*,*,#2520,.T.);
#5426 = ORIENTED_EDGE('',*,*,#2339,.F.);
#5427 = ORIENTED_EDGE('',*,*,#2422,.F.);
#5428 = ADVANCED_FACE('',(#5429),#2387,.F.);
#5429 = FACE_BOUND('',#5430,.F.);
#5430 = EDGE_LOOP('',(#5431,#5432,#5433,#5434));
#5431 = ORIENTED_EDGE('',*,*,#2587,.F.);
#5432 = ORIENTED_EDGE('',*,*,#2371,.T.);
#5433 = ORIENTED_EDGE('',*,*,#2449,.T.);
#5434 = ORIENTED_EDGE('',*,*,#2474,.F.);
#5435 = ADVANCED_FACE('',(#5436),#2565,.F.);
#5436 = FACE_BOUND('',#5437,.F.);
#5437 = EDGE_LOOP('',(#5438,#5439,#5460,#5461));
#5438 = ORIENTED_EDGE('',*,*,#2548,.T.);
#5439 = ORIENTED_EDGE('',*,*,#5440,.T.);
#5440 = EDGE_CURVE('',#2549,#2640,#5441,.T.);
#5441 = SEAM_CURVE('',#5442,(#5446,#5453),.PCURVE_S1.);
#5442 = LINE('',#5443,#5444);
#5443 = CARTESIAN_POINT('',(-109.3,-20.,-2.01));
#5444 = VECTOR('',#5445,1.);
#5445 = DIRECTION('',(0.,0.,1.));
#5446 = PCURVE('',#2565,#5447);
#5447 = DEFINITIONAL_REPRESENTATION('',(#5448),#5452);
#5448 = LINE('',#5449,#5450);
#5449 = CARTESIAN_POINT('',(0.,-0.));
#5450 = VECTOR('',#5451,1.);
#5451 = DIRECTION('',(0.,1.));
#5452 = ( GEOMETRIC_REPRESENTATION_CONTEXT(2) 
PARAMETRIC_REPRESENTATION_CONTEXT() REPRESENTATION_CONTEXT('2D SPACE',''
  ) );
#5453 = PCURVE('',#2565,#5454);
#5454 = DEFINITIONAL_REPRESENTATION('',(#5455),#5459);
#5455 = LINE('',#5456,#5457);
#5456 = CARTESIAN_POINT('',(6.28318530718,-0.));
#5457 = VECTOR('',#5458,1.);
#5458 = DIRECTION('',(0.,1.));
#5459 = ( GEOMETRIC_REPRESENTATION_CONTEXT(2) 
PARAMETRIC_REPRESENTATION_CONTEXT() REPRESENTATION_CONTEXT('2D SPACE',''
  ) );
#5460 = ORIENTED_EDGE('',*,*,#2639,.F.);
#5461 = ORIENTED_EDGE('',*,*,#5440,.F.);
#5462 = ADVANCED_FACE('',(#5463),#2687,.T.);
#5463 = FACE_BOUND('',#5464,.T.);
#5464 = EDGE_LOOP('',(#5465,#5466,#5489,#5517));
#5465 = ORIENTED_EDGE('',*,*,#2669,.F.);
#5466 = ORIENTED_EDGE('',*,*,#5467,.F.);
#5467 = EDGE_CURVE('',#5468,#2670,#5470,.T.);
#5468 = VERTEX_POINT('',#5469);
#5469 = CARTESIAN_POINT('',(-12.25,-18.25,-1.6));
#5470 = SURFACE_CURVE('',#5471,(#5475,#5482),.PCURVE_S1.);
#5471 = LINE('',#5472,#5473);
#5472 = CARTESIAN_POINT('',(-12.25,-18.25,-1.6));
#5473 = VECTOR('',#5474,1.);
#5474 = DIRECTION('',(0.,0.,1.));
#5475 = PCURVE('',#2687,#5476);
#5476 = DEFINITIONAL_REPRESENTATION('',(#5477),#5481);
#5477 = LINE('',#5478,#5479);
#5478 = CARTESIAN_POINT('',(0.,0.));
#5479 = VECTOR('',#5480,1.);
#5480 = DIRECTION('',(1.,0.));
#5481 = ( GEOMETRIC_REPRESENTATION_CONTEXT(2) 
PARAMETRIC_REPRESENTATION_CONTEXT() REPRESENTATION_CONTEXT('2D SPACE',''
  ) );
#5482 = PCURVE('',#2715,#5483);
#5483 = DEFINITIONAL_REPRESENTATION('',(#5484),#5488);
#5484 = LINE('',#5485,#5486);
#5485 = CARTESIAN_POINT('',(0.,0.));
#5486 = VECTOR('',#5487,1.);
#5487 = DIRECTION('',(1.,0.));
#5488 = ( GEOMETRIC_REPRESENTATION_CONTEXT(2) 
PARAMETRIC_REPRESENTATION_CONTEXT() REPRESENTATION_CONTEXT('2D SPACE',''
  ) );
#5489 = ORIENTED_EDGE('',*,*,#5490,.T.);
#5490 = EDGE_CURVE('',#5468,#5491,#5493,.T.);
#5491 = VERTEX_POINT('',#5492);
#5492 = CARTESIAN_POINT('',(-12.25,-13.25,-1.6));
#5493 = SURFACE_CURVE('',#5494,(#5498,#5505),.PCURVE_S1.);
#5494 = LINE('',#5495,#5496);
#5495 = CARTESIAN_POINT('',(-12.25,-18.25,-1.6));
#5496 = VECTOR('',#5497,1.);
#5497 = DIRECTION('',(-0.,1.,0.));
#5498 = PCURVE('',#2687,#5499);
#5499 = DEFINITIONAL_REPRESENTATION('',(#5500),#5504);
#5500 = LINE('',#5501,#5502);
#5501 = CARTESIAN_POINT('',(0.,0.));
#5502 = VECTOR('',#5503,1.);
#5503 = DIRECTION('',(0.,-1.));
#5504 = ( GEOMETRIC_REPRESENTATION_CONTEXT(2) 
PARAMETRIC_REPRESENTATION_CONTEXT() REPRESENTATION_CONTEXT('2D SPACE',''
  ) );
#5505 = PCURVE('',#5506,#5511);
#5506 = PLANE('',#5507);
#5507 = AXIS2_PLACEMENT_3D('',#5508,#5509,#5510);
#5508 = CARTESIAN_POINT('',(-22.25,-18.25,-1.6));
#5509 = DIRECTION('',(0.,0.,1.));
#5510 = DIRECTION('',(1.,0.,-0.));
#5511 = DEFINITIONAL_REPRESENTATION('',(#5512),#5516);
#5512 = LINE('',#5513,#5514);
#5513 = CARTESIAN_POINT('',(10.,0.));
#5514 = VECTOR('',#5515,1.);
#5515 = DIRECTION('',(0.,1.));
#5516 = ( GEOMETRIC_REPRESENTATION_CONTEXT(2) 
PARAMETRIC_REPRESENTATION_CONTEXT() REPRESENTATION_CONTEXT('2D SPACE',''
  ) );
#5517 = ORIENTED_EDGE('',*,*,#5518,.T.);
#5518 = EDGE_CURVE('',#5491,#2672,#5519,.T.);
#5519 = SURFACE_CURVE('',#5520,(#5524,#5530),.PCURVE_S1.);
#5520 = LINE('',#5521,#5522);
#5521 = CARTESIAN_POINT('',(-12.25,-13.25,-1.6));
#5522 = VECTOR('',#5523,1.);
#5523 = DIRECTION('',(0.,0.,1.));
#5524 = PCURVE('',#2687,#5525);
#5525 = DEFINITIONAL_REPRESENTATION('',(#5526),#5529);
#5526 = B_SPLINE_CURVE_WITH_KNOTS('',1,(#5527,#5528),.UNSPECIFIED.,.F.,
  .F.,(2,2),(0.,1.6),.PIECEWISE_BEZIER_KNOTS.);
#5527 = CARTESIAN_POINT('',(0.,-5.));
#5528 = CARTESIAN_POINT('',(1.6,-5.));
#5529 = ( GEOMETRIC_REPRESENTATION_CONTEXT(2) 
PARAMETRIC_REPRESENTATION_CONTEXT() REPRESENTATION_CONTEXT('2D SPACE',''
  ) );
#5530 = PCURVE('',#2881,#5531);
#5531 = DEFINITIONAL_REPRESENTATION('',(#5532),#5535);
#5532 = B_SPLINE_CURVE_WITH_KNOTS('',1,(#5533,#5534),.UNSPECIFIED.,.F.,
  .F.,(2,2),(0.,1.6),.PIECEWISE_BEZIER_KNOTS.);
#5533 = CARTESIAN_POINT('',(0.,10.));
#5534 = CARTESIAN_POINT('',(1.6,10.));
#5535 = ( GEOMETRIC_REPRESENTATION_CONTEXT(2) 
PARAMETRIC_REPRESENTATION_CONTEXT() REPRESENTATION_CONTEXT('2D SPACE',''
  ) );
#5536 = ADVANCED_FACE('',(#5537),#2881,.T.);
#5537 = FACE_BOUND('',#5538,.T.);
#5538 = EDGE_LOOP('',(#5539,#5562,#5583,#5584));
#5539 = ORIENTED_EDGE('',*,*,#5540,.F.);
#5540 = EDGE_CURVE('',#5541,#5491,#5543,.T.);
#5541 = VERTEX_POINT('',#5542);
#5542 = CARTESIAN_POINT('',(-22.25,-13.25,-1.6));
#5543 = SURFACE_CURVE('',#5544,(#5548,#5555),.PCURVE_S1.);
#5544 = LINE('',#5545,#5546);
#5545 = CARTESIAN_POINT('',(-22.25,-13.25,-1.6));
#5546 = VECTOR('',#5547,1.);
#5547 = DIRECTION('',(1.,0.,-0.));
#5548 = PCURVE('',#2881,#5549);
#5549 = DEFINITIONAL_REPRESENTATION('',(#5550),#5554);
#5550 = LINE('',#5551,#5552);
#5551 = CARTESIAN_POINT('',(0.,0.));
#5552 = VECTOR('',#5553,1.);
#5553 = DIRECTION('',(0.,1.));
#5554 = ( GEOMETRIC_REPRESENTATION_CONTEXT(2) 
PARAMETRIC_REPRESENTATION_CONTEXT() REPRESENTATION_CONTEXT('2D SPACE',''
  ) );
#5555 = PCURVE('',#5506,#5556);
#5556 = DEFINITIONAL_REPRESENTATION('',(#5557),#5561);
#5557 = LINE('',#5558,#5559);
#5558 = CARTESIAN_POINT('',(0.,5.));
#5559 = VECTOR('',#5560,1.);
#5560 = DIRECTION('',(1.,0.));
#5561 = ( GEOMETRIC_REPRESENTATION_CONTEXT(2) 
PARAMETRIC_REPRESENTATION_CONTEXT() REPRESENTATION_CONTEXT('2D SPACE',''
  ) );
#5562 = ORIENTED_EDGE('',*,*,#5563,.T.);
#5563 = EDGE_CURVE('',#5541,#2840,#5564,.T.);
#5564 = SURFACE_CURVE('',#5565,(#5569,#5576),.PCURVE_S1.);
#5565 = LINE('',#5566,#5567);
#5566 = CARTESIAN_POINT('',(-22.25,-13.25,-1.6));
#5567 = VECTOR('',#5568,1.);
#5568 = DIRECTION('',(0.,0.,1.));
#5569 = PCURVE('',#2881,#5570);
#5570 = DEFINITIONAL_REPRESENTATION('',(#5571),#5575);
#5571 = LINE('',#5572,#5573);
#5572 = CARTESIAN_POINT('',(0.,0.));
#5573 = VECTOR('',#5574,1.);
#5574 = DIRECTION('',(1.,0.));
#5575 = ( GEOMETRIC_REPRESENTATION_CONTEXT(2) 
PARAMETRIC_REPRESENTATION_CONTEXT() REPRESENTATION_CONTEXT('2D SPACE',''
  ) );
#5576 = PCURVE('',#2855,#5577);
#5577 = DEFINITIONAL_REPRESENTATION('',(#5578),#5582);
#5578 = LINE('',#5579,#5580);
#5579 = CARTESIAN_POINT('',(0.,0.));
#5580 = VECTOR('',#5581,1.);
#5581 = DIRECTION('',(1.,0.));
#5582 = ( GEOMETRIC_REPRESENTATION_CONTEXT(2) 
PARAMETRIC_REPRESENTATION_CONTEXT() REPRESENTATION_CONTEXT('2D SPACE',''
  ) );
#5583 = ORIENTED_EDGE('',*,*,#2867,.T.);
#5584 = ORIENTED_EDGE('',*,*,#5518,.F.);
#5585 = ADVANCED_FACE('',(#5586),#2855,.T.);
#5586 = FACE_BOUND('',#5587,.T.);
#5587 = EDGE_LOOP('',(#5588,#5589,#5612,#5635,#5663,#5686,#5714,#5735));
#5588 = ORIENTED_EDGE('',*,*,#5563,.F.);
#5589 = ORIENTED_EDGE('',*,*,#5590,.F.);
#5590 = EDGE_CURVE('',#5591,#5541,#5593,.T.);
#5591 = VERTEX_POINT('',#5592);
#5592 = CARTESIAN_POINT('',(-22.25,-18.25,-1.6));
#5593 = SURFACE_CURVE('',#5594,(#5598,#5605),.PCURVE_S1.);
#5594 = LINE('',#5595,#5596);
#5595 = CARTESIAN_POINT('',(-22.25,-18.25,-1.6));
#5596 = VECTOR('',#5597,1.);
#5597 = DIRECTION('',(-0.,1.,0.));
#5598 = PCURVE('',#2855,#5599);
#5599 = DEFINITIONAL_REPRESENTATION('',(#5600),#5604);
#5600 = LINE('',#5601,#5602);
#5601 = CARTESIAN_POINT('',(0.,5.));
#5602 = VECTOR('',#5603,1.);
#5603 = DIRECTION('',(0.,-1.));
#5604 = ( GEOMETRIC_REPRESENTATION_CONTEXT(2) 
PARAMETRIC_REPRESENTATION_CONTEXT() REPRESENTATION_CONTEXT('2D SPACE',''
  ) );
#5605 = PCURVE('',#5506,#5606);
#5606 = DEFINITIONAL_REPRESENTATION('',(#5607),#5611);
#5607 = LINE('',#5608,#5609);
#5608 = CARTESIAN_POINT('',(0.,0.));
#5609 = VECTOR('',#5610,1.);
#5610 = DIRECTION('',(0.,1.));
#5611 = ( GEOMETRIC_REPRESENTATION_CONTEXT(2) 
PARAMETRIC_REPRESENTATION_CONTEXT() REPRESENTATION_CONTEXT('2D SPACE',''
  ) );
#5612 = ORIENTED_EDGE('',*,*,#5613,.F.);
#5613 = EDGE_CURVE('',#5614,#5591,#5616,.T.);
#5614 = VERTEX_POINT('',#5615);
#5615 = CARTESIAN_POINT('',(-22.25,-18.25,-3.9));
#5616 = SURFACE_CURVE('',#5617,(#5621,#5628),.PCURVE_S1.);
#5617 = LINE('',#5618,#5619);
#5618 = CARTESIAN_POINT('',(-22.25,-18.25,-3.9));
#5619 = VECTOR('',#5620,1.);
#5620 = DIRECTION('',(0.,0.,1.));
#5621 = PCURVE('',#2855,#5622);
#5622 = DEFINITIONAL_REPRESENTATION('',(#5623),#5627);
#5623 = LINE('',#5624,#5625);
#5624 = CARTESIAN_POINT('',(-2.3,5.));
#5625 = VECTOR('',#5626,1.);
#5626 = DIRECTION('',(1.,0.));
#5627 = ( GEOMETRIC_REPRESENTATION_CONTEXT(2) 
PARAMETRIC_REPRESENTATION_CONTEXT() REPRESENTATION_CONTEXT('2D SPACE',''
  ) );
#5628 = PCURVE('',#2715,#5629);
#5629 = DEFINITIONAL_REPRESENTATION('',(#5630),#5634);
#5630 = LINE('',#5631,#5632);
#5631 = CARTESIAN_POINT('',(-2.3,-10.));
#5632 = VECTOR('',#5633,1.);
#5633 = DIRECTION('',(1.,0.));
#5634 = ( GEOMETRIC_REPRESENTATION_CONTEXT(2) 
PARAMETRIC_REPRESENTATION_CONTEXT() REPRESENTATION_CONTEXT('2D SPACE',''
  ) );
#5635 = ORIENTED_EDGE('',*,*,#5636,.T.);
#5636 = EDGE_CURVE('',#5614,#5637,#5639,.T.);
#5637 = VERTEX_POINT('',#5638);
#5638 = CARTESIAN_POINT('',(-22.25,18.25,-3.9));
#5639 = SURFACE_CURVE('',#5640,(#5644,#5651),.PCURVE_S1.);
#5640 = LINE('',#5641,#5642);
#5641 = CARTESIAN_POINT('',(-22.25,-18.25,-3.9));
#5642 = VECTOR('',#5643,1.);
#5643 = DIRECTION('',(-0.,1.,0.));
#5644 = PCURVE('',#2855,#5645);
#5645 = DEFINITIONAL_REPRESENTATION('',(#5646),#5650);
#5646 = LINE('',#5647,#5648);
#5647 = CARTESIAN_POINT('',(-2.3,5.));
#5648 = VECTOR('',#5649,1.);
#5649 = DIRECTION('',(0.,-1.));
#5650 = ( GEOMETRIC_REPRESENTATION_CONTEXT(2) 
PARAMETRIC_REPRESENTATION_CONTEXT() REPRESENTATION_CONTEXT('2D SPACE',''
  ) );
#5651 = PCURVE('',#5652,#5657);
#5652 = PLANE('',#5653);
#5653 = AXIS2_PLACEMENT_3D('',#5654,#5655,#5656);
#5654 = CARTESIAN_POINT('',(-22.25,-18.25,-3.9));
#5655 = DIRECTION('',(0.,0.,1.));
#5656 = DIRECTION('',(1.,0.,-0.));
#5657 = DEFINITIONAL_REPRESENTATION('',(#5658),#5662);
#5658 = LINE('',#5659,#5660);
#5659 = CARTESIAN_POINT('',(0.,0.));
#5660 = VECTOR('',#5661,1.);
#5661 = DIRECTION('',(0.,1.));
#5662 = ( GEOMETRIC_REPRESENTATION_CONTEXT(2) 
PARAMETRIC_REPRESENTATION_CONTEXT() REPRESENTATION_CONTEXT('2D SPACE',''
  ) );
#5663 = ORIENTED_EDGE('',*,*,#5664,.T.);
#5664 = EDGE_CURVE('',#5637,#5665,#5667,.T.);
#5665 = VERTEX_POINT('',#5666);
#5666 = CARTESIAN_POINT('',(-22.25,18.25,-1.6));
#5667 = SURFACE_CURVE('',#5668,(#5672,#5679),.PCURVE_S1.);
#5668 = LINE('',#5669,#5670);
#5669 = CARTESIAN_POINT('',(-22.25,18.25,-3.9));
#5670 = VECTOR('',#5671,1.);
#5671 = DIRECTION('',(0.,0.,1.));
#5672 = PCURVE('',#2855,#5673);
#5673 = DEFINITIONAL_REPRESENTATION('',(#5674),#5678);
#5674 = LINE('',#5675,#5676);
#5675 = CARTESIAN_POINT('',(-2.3,-31.5));
#5676 = VECTOR('',#5677,1.);
#5677 = DIRECTION('',(1.,0.));
#5678 = ( GEOMETRIC_REPRESENTATION_CONTEXT(2) 
PARAMETRIC_REPRESENTATION_CONTEXT() REPRESENTATION_CONTEXT('2D SPACE',''
  ) );
#5679 = PCURVE('',#2771,#5680);
#5680 = DEFINITIONAL_REPRESENTATION('',(#5681),#5685);
#5681 = LINE('',#5682,#5683);
#5682 = CARTESIAN_POINT('',(0.,0.));
#5683 = VECTOR('',#5684,1.);
#5684 = DIRECTION('',(1.,0.));
#5685 = ( GEOMETRIC_REPRESENTATION_CONTEXT(2) 
PARAMETRIC_REPRESENTATION_CONTEXT() REPRESENTATION_CONTEXT('2D SPACE',''
  ) );
#5686 = ORIENTED_EDGE('',*,*,#5687,.F.);
#5687 = EDGE_CURVE('',#5688,#5665,#5690,.T.);
#5688 = VERTEX_POINT('',#5689);
#5689 = CARTESIAN_POINT('',(-22.25,13.25,-1.6));
#5690 = SURFACE_CURVE('',#5691,(#5695,#5702),.PCURVE_S1.);
#5691 = LINE('',#5692,#5693);
#5692 = CARTESIAN_POINT('',(-22.25,-18.25,-1.6));
#5693 = VECTOR('',#5694,1.);
#5694 = DIRECTION('',(-0.,1.,0.));
#5695 = PCURVE('',#2855,#5696);
#5696 = DEFINITIONAL_REPRESENTATION('',(#5697),#5701);
#5697 = LINE('',#5698,#5699);
#5698 = CARTESIAN_POINT('',(0.,5.));
#5699 = VECTOR('',#5700,1.);
#5700 = DIRECTION('',(0.,-1.));
#5701 = ( GEOMETRIC_REPRESENTATION_CONTEXT(2) 
PARAMETRIC_REPRESENTATION_CONTEXT() REPRESENTATION_CONTEXT('2D SPACE',''
  ) );
#5702 = PCURVE('',#5703,#5708);
#5703 = PLANE('',#5704);
#5704 = AXIS2_PLACEMENT_3D('',#5705,#5706,#5707);
#5705 = CARTESIAN_POINT('',(-22.25,-18.25,-1.6));
#5706 = DIRECTION('',(0.,0.,1.));
#5707 = DIRECTION('',(1.,0.,-0.));
#5708 = DEFINITIONAL_REPRESENTATION('',(#5709),#5713);
#5709 = LINE('',#5710,#5711);
#5710 = CARTESIAN_POINT('',(0.,0.));
#5711 = VECTOR('',#5712,1.);
#5712 = DIRECTION('',(0.,1.));
#5713 = ( GEOMETRIC_REPRESENTATION_CONTEXT(2) 
PARAMETRIC_REPRESENTATION_CONTEXT() REPRESENTATION_CONTEXT('2D SPACE',''
  ) );
#5714 = ORIENTED_EDGE('',*,*,#5715,.T.);
#5715 = EDGE_CURVE('',#5688,#2812,#5716,.T.);
#5716 = SURFACE_CURVE('',#5717,(#5721,#5728),.PCURVE_S1.);
#5717 = LINE('',#5718,#5719);
#5718 = CARTESIAN_POINT('',(-22.25,13.25,-1.6));
#5719 = VECTOR('',#5720,1.);
#5720 = DIRECTION('',(0.,0.,1.));
#5721 = PCURVE('',#2855,#5722);
#5722 = DEFINITIONAL_REPRESENTATION('',(#5723),#5727);
#5723 = LINE('',#5724,#5725);
#5724 = CARTESIAN_POINT('',(0.,-26.5));
#5725 = VECTOR('',#5726,1.);
#5726 = DIRECTION('',(1.,0.));
#5727 = ( GEOMETRIC_REPRESENTATION_CONTEXT(2) 
PARAMETRIC_REPRESENTATION_CONTEXT() REPRESENTATION_CONTEXT('2D SPACE',''
  ) );
#5728 = PCURVE('',#2827,#5729);
#5729 = DEFINITIONAL_REPRESENTATION('',(#5730),#5734);
#5730 = LINE('',#5731,#5732);
#5731 = CARTESIAN_POINT('',(0.,0.));
#5732 = VECTOR('',#5733,1.);
#5733 = DIRECTION('',(1.,0.));
#5734 = ( GEOMETRIC_REPRESENTATION_CONTEXT(2) 
PARAMETRIC_REPRESENTATION_CONTEXT() REPRESENTATION_CONTEXT('2D SPACE',''
  ) );
#5735 = ORIENTED_EDGE('',*,*,#2839,.F.);
#5736 = ADVANCED_FACE('',(#5737),#2827,.F.);
#5737 = FACE_BOUND('',#5738,.F.);
#5738 = EDGE_LOOP('',(#5739,#5762,#5763,#5764));
#5739 = ORIENTED_EDGE('',*,*,#5740,.F.);
#5740 = EDGE_CURVE('',#5688,#5741,#5743,.T.);
#5741 = VERTEX_POINT('',#5742);
#5742 = CARTESIAN_POINT('',(-12.25,13.25,-1.6));
#5743 = SURFACE_CURVE('',#5744,(#5748,#5755),.PCURVE_S1.);
#5744 = LINE('',#5745,#5746);
#5745 = CARTESIAN_POINT('',(-22.25,13.25,-1.6));
#5746 = VECTOR('',#5747,1.);
#5747 = DIRECTION('',(1.,0.,-0.));
#5748 = PCURVE('',#2827,#5749);
#5749 = DEFINITIONAL_REPRESENTATION('',(#5750),#5754);
#5750 = LINE('',#5751,#5752);
#5751 = CARTESIAN_POINT('',(0.,0.));
#5752 = VECTOR('',#5753,1.);
#5753 = DIRECTION('',(0.,1.));
#5754 = ( GEOMETRIC_REPRESENTATION_CONTEXT(2) 
PARAMETRIC_REPRESENTATION_CONTEXT() REPRESENTATION_CONTEXT('2D SPACE',''
  ) );
#5755 = PCURVE('',#5703,#5756);
#5756 = DEFINITIONAL_REPRESENTATION('',(#5757),#5761);
#5757 = LINE('',#5758,#5759);
#5758 = CARTESIAN_POINT('',(0.,31.5));
#5759 = VECTOR('',#5760,1.);
#5760 = DIRECTION('',(1.,0.));
#5761 = ( GEOMETRIC_REPRESENTATION_CONTEXT(2) 
PARAMETRIC_REPRESENTATION_CONTEXT() REPRESENTATION_CONTEXT('2D SPACE',''
  ) );
#5762 = ORIENTED_EDGE('',*,*,#5715,.T.);
#5763 = ORIENTED_EDGE('',*,*,#2811,.T.);
#5764 = ORIENTED_EDGE('',*,*,#5765,.F.);
#5765 = EDGE_CURVE('',#5741,#2784,#5766,.T.);
#5766 = SURFACE_CURVE('',#5767,(#5771,#5777),.PCURVE_S1.);
#5767 = LINE('',#5768,#5769);
#5768 = CARTESIAN_POINT('',(-12.25,13.25,-1.6));
#5769 = VECTOR('',#5770,1.);
#5770 = DIRECTION('',(0.,0.,1.));
#5771 = PCURVE('',#2827,#5772);
#5772 = DEFINITIONAL_REPRESENTATION('',(#5773),#5776);
#5773 = B_SPLINE_CURVE_WITH_KNOTS('',1,(#5774,#5775),.UNSPECIFIED.,.F.,
  .F.,(2,2),(0.,1.6),.PIECEWISE_BEZIER_KNOTS.);
#5774 = CARTESIAN_POINT('',(0.,10.));
#5775 = CARTESIAN_POINT('',(1.6,10.));
#5776 = ( GEOMETRIC_REPRESENTATION_CONTEXT(2) 
PARAMETRIC_REPRESENTATION_CONTEXT() REPRESENTATION_CONTEXT('2D SPACE',''
  ) );
#5777 = PCURVE('',#2799,#5778);
#5778 = DEFINITIONAL_REPRESENTATION('',(#5779),#5782);
#5779 = B_SPLINE_CURVE_WITH_KNOTS('',1,(#5780,#5781),.UNSPECIFIED.,.F.,
  .F.,(2,2),(0.,1.6),.PIECEWISE_BEZIER_KNOTS.);
#5780 = CARTESIAN_POINT('',(0.,-31.5));
#5781 = CARTESIAN_POINT('',(1.6,-31.5));
#5782 = ( GEOMETRIC_REPRESENTATION_CONTEXT(2) 
PARAMETRIC_REPRESENTATION_CONTEXT() REPRESENTATION_CONTEXT('2D SPACE',''
  ) );
#5783 = ADVANCED_FACE('',(#5784),#2799,.T.);
#5784 = FACE_BOUND('',#5785,.T.);
#5785 = EDGE_LOOP('',(#5786,#5787,#5788,#5811));
#5786 = ORIENTED_EDGE('',*,*,#2783,.F.);
#5787 = ORIENTED_EDGE('',*,*,#5765,.F.);
#5788 = ORIENTED_EDGE('',*,*,#5789,.T.);
#5789 = EDGE_CURVE('',#5741,#5790,#5792,.T.);
#5790 = VERTEX_POINT('',#5791);
#5791 = CARTESIAN_POINT('',(-12.25,18.25,-1.6));
#5792 = SURFACE_CURVE('',#5793,(#5797,#5804),.PCURVE_S1.);
#5793 = LINE('',#5794,#5795);
#5794 = CARTESIAN_POINT('',(-12.25,-18.25,-1.6));
#5795 = VECTOR('',#5796,1.);
#5796 = DIRECTION('',(-0.,1.,0.));
#5797 = PCURVE('',#2799,#5798);
#5798 = DEFINITIONAL_REPRESENTATION('',(#5799),#5803);
#5799 = LINE('',#5800,#5801);
#5800 = CARTESIAN_POINT('',(0.,0.));
#5801 = VECTOR('',#5802,1.);
#5802 = DIRECTION('',(0.,-1.));
#5803 = ( GEOMETRIC_REPRESENTATION_CONTEXT(2) 
PARAMETRIC_REPRESENTATION_CONTEXT() REPRESENTATION_CONTEXT('2D SPACE',''
  ) );
#5804 = PCURVE('',#5703,#5805);
#5805 = DEFINITIONAL_REPRESENTATION('',(#5806),#5810);
#5806 = LINE('',#5807,#5808);
#5807 = CARTESIAN_POINT('',(10.,0.));
#5808 = VECTOR('',#5809,1.);
#5809 = DIRECTION('',(0.,1.));
#5810 = ( GEOMETRIC_REPRESENTATION_CONTEXT(2) 
PARAMETRIC_REPRESENTATION_CONTEXT() REPRESENTATION_CONTEXT('2D SPACE',''
  ) );
#5811 = ORIENTED_EDGE('',*,*,#5812,.T.);
#5812 = EDGE_CURVE('',#5790,#2756,#5813,.T.);
#5813 = SURFACE_CURVE('',#5814,(#5818,#5825),.PCURVE_S1.);
#5814 = LINE('',#5815,#5816);
#5815 = CARTESIAN_POINT('',(-12.25,18.25,-1.6));
#5816 = VECTOR('',#5817,1.);
#5817 = DIRECTION('',(0.,0.,1.));
#5818 = PCURVE('',#2799,#5819);
#5819 = DEFINITIONAL_REPRESENTATION('',(#5820),#5824);
#5820 = LINE('',#5821,#5822);
#5821 = CARTESIAN_POINT('',(0.,-36.5));
#5822 = VECTOR('',#5823,1.);
#5823 = DIRECTION('',(1.,0.));
#5824 = ( GEOMETRIC_REPRESENTATION_CONTEXT(2) 
PARAMETRIC_REPRESENTATION_CONTEXT() REPRESENTATION_CONTEXT('2D SPACE',''
  ) );
#5825 = PCURVE('',#2771,#5826);
#5826 = DEFINITIONAL_REPRESENTATION('',(#5827),#5831);
#5827 = LINE('',#5828,#5829);
#5828 = CARTESIAN_POINT('',(2.3,10.));
#5829 = VECTOR('',#5830,1.);
#5830 = DIRECTION('',(1.,0.));
#5831 = ( GEOMETRIC_REPRESENTATION_CONTEXT(2) 
PARAMETRIC_REPRESENTATION_CONTEXT() REPRESENTATION_CONTEXT('2D SPACE',''
  ) );
#5832 = ADVANCED_FACE('',(#5833),#2771,.F.);
#5833 = FACE_BOUND('',#5834,.F.);
#5834 = EDGE_LOOP('',(#5835,#5858,#5859,#5880,#5881,#5882));
#5835 = ORIENTED_EDGE('',*,*,#5836,.F.);
#5836 = EDGE_CURVE('',#5637,#5837,#5839,.T.);
#5837 = VERTEX_POINT('',#5838);
#5838 = CARTESIAN_POINT('',(-3.75,18.25,-3.9));
#5839 = SURFACE_CURVE('',#5840,(#5844,#5851),.PCURVE_S1.);
#5840 = LINE('',#5841,#5842);
#5841 = CARTESIAN_POINT('',(-22.25,18.25,-3.9));
#5842 = VECTOR('',#5843,1.);
#5843 = DIRECTION('',(1.,0.,-0.));
#5844 = PCURVE('',#2771,#5845);
#5845 = DEFINITIONAL_REPRESENTATION('',(#5846),#5850);
#5846 = LINE('',#5847,#5848);
#5847 = CARTESIAN_POINT('',(0.,0.));
#5848 = VECTOR('',#5849,1.);
#5849 = DIRECTION('',(0.,1.));
#5850 = ( GEOMETRIC_REPRESENTATION_CONTEXT(2) 
PARAMETRIC_REPRESENTATION_CONTEXT() REPRESENTATION_CONTEXT('2D SPACE',''
  ) );
#5851 = PCURVE('',#5652,#5852);
#5852 = DEFINITIONAL_REPRESENTATION('',(#5853),#5857);
#5853 = LINE('',#5854,#5855);
#5854 = CARTESIAN_POINT('',(0.,36.5));
#5855 = VECTOR('',#5856,1.);
#5856 = DIRECTION('',(1.,0.));
#5857 = ( GEOMETRIC_REPRESENTATION_CONTEXT(2) 
PARAMETRIC_REPRESENTATION_CONTEXT() REPRESENTATION_CONTEXT('2D SPACE',''
  ) );
#5858 = ORIENTED_EDGE('',*,*,#5664,.T.);
#5859 = ORIENTED_EDGE('',*,*,#5860,.T.);
#5860 = EDGE_CURVE('',#5665,#5790,#5861,.T.);
#5861 = SURFACE_CURVE('',#5862,(#5866,#5873),.PCURVE_S1.);
#5862 = LINE('',#5863,#5864);
#5863 = CARTESIAN_POINT('',(-22.25,18.25,-1.6));
#5864 = VECTOR('',#5865,1.);
#5865 = DIRECTION('',(1.,0.,-0.));
#5866 = PCURVE('',#2771,#5867);
#5867 = DEFINITIONAL_REPRESENTATION('',(#5868),#5872);
#5868 = LINE('',#5869,#5870);
#5869 = CARTESIAN_POINT('',(2.3,0.));
#5870 = VECTOR('',#5871,1.);
#5871 = DIRECTION('',(0.,1.));
#5872 = ( GEOMETRIC_REPRESENTATION_CONTEXT(2) 
PARAMETRIC_REPRESENTATION_CONTEXT() REPRESENTATION_CONTEXT('2D SPACE',''
  ) );
#5873 = PCURVE('',#5703,#5874);
#5874 = DEFINITIONAL_REPRESENTATION('',(#5875),#5879);
#5875 = LINE('',#5876,#5877);
#5876 = CARTESIAN_POINT('',(0.,36.5));
#5877 = VECTOR('',#5878,1.);
#5878 = DIRECTION('',(1.,0.));
#5879 = ( GEOMETRIC_REPRESENTATION_CONTEXT(2) 
PARAMETRIC_REPRESENTATION_CONTEXT() REPRESENTATION_CONTEXT('2D SPACE',''
  ) );
#5880 = ORIENTED_EDGE('',*,*,#5812,.T.);
#5881 = ORIENTED_EDGE('',*,*,#2755,.T.);
#5882 = ORIENTED_EDGE('',*,*,#5883,.F.);
#5883 = EDGE_CURVE('',#5837,#2728,#5884,.T.);
#5884 = SURFACE_CURVE('',#5885,(#5889,#5896),.PCURVE_S1.);
#5885 = LINE('',#5886,#5887);
#5886 = CARTESIAN_POINT('',(-3.75,18.25,-3.9));
#5887 = VECTOR('',#5888,1.);
#5888 = DIRECTION('',(0.,0.,1.));
#5889 = PCURVE('',#2771,#5890);
#5890 = DEFINITIONAL_REPRESENTATION('',(#5891),#5895);
#5891 = LINE('',#5892,#5893);
#5892 = CARTESIAN_POINT('',(0.,18.5));
#5893 = VECTOR('',#5894,1.);
#5894 = DIRECTION('',(1.,0.));
#5895 = ( GEOMETRIC_REPRESENTATION_CONTEXT(2) 
PARAMETRIC_REPRESENTATION_CONTEXT() REPRESENTATION_CONTEXT('2D SPACE',''
  ) );
#5896 = PCURVE('',#2743,#5897);
#5897 = DEFINITIONAL_REPRESENTATION('',(#5898),#5902);
#5898 = LINE('',#5899,#5900);
#5899 = CARTESIAN_POINT('',(-2.3,-36.5));
#5900 = VECTOR('',#5901,1.);
#5901 = DIRECTION('',(1.,0.));
#5902 = ( GEOMETRIC_REPRESENTATION_CONTEXT(2) 
PARAMETRIC_REPRESENTATION_CONTEXT() REPRESENTATION_CONTEXT('2D SPACE',''
  ) );
#5903 = ADVANCED_FACE('',(#5904),#2743,.F.);
#5904 = FACE_BOUND('',#5905,.F.);
#5905 = EDGE_LOOP('',(#5906,#5907,#5930,#5951));
#5906 = ORIENTED_EDGE('',*,*,#2727,.F.);
#5907 = ORIENTED_EDGE('',*,*,#5908,.F.);
#5908 = EDGE_CURVE('',#5909,#2700,#5911,.T.);
#5909 = VERTEX_POINT('',#5910);
#5910 = CARTESIAN_POINT('',(-3.75,-18.25,-3.9));
#5911 = SURFACE_CURVE('',#5912,(#5916,#5923),.PCURVE_S1.);
#5912 = LINE('',#5913,#5914);
#5913 = CARTESIAN_POINT('',(-3.75,-18.25,-3.9));
#5914 = VECTOR('',#5915,1.);
#5915 = DIRECTION('',(0.,0.,1.));
#5916 = PCURVE('',#2743,#5917);
#5917 = DEFINITIONAL_REPRESENTATION('',(#5918),#5922);
#5918 = LINE('',#5919,#5920);
#5919 = CARTESIAN_POINT('',(-2.3,0.));
#5920 = VECTOR('',#5921,1.);
#5921 = DIRECTION('',(1.,0.));
#5922 = ( GEOMETRIC_REPRESENTATION_CONTEXT(2) 
PARAMETRIC_REPRESENTATION_CONTEXT() REPRESENTATION_CONTEXT('2D SPACE',''
  ) );
#5923 = PCURVE('',#2715,#5924);
#5924 = DEFINITIONAL_REPRESENTATION('',(#5925),#5929);
#5925 = LINE('',#5926,#5927);
#5926 = CARTESIAN_POINT('',(-2.3,8.5));
#5927 = VECTOR('',#5928,1.);
#5928 = DIRECTION('',(1.,0.));
#5929 = ( GEOMETRIC_REPRESENTATION_CONTEXT(2) 
PARAMETRIC_REPRESENTATION_CONTEXT() REPRESENTATION_CONTEXT('2D SPACE',''
  ) );
#5930 = ORIENTED_EDGE('',*,*,#5931,.T.);
#5931 = EDGE_CURVE('',#5909,#5837,#5932,.T.);
#5932 = SURFACE_CURVE('',#5933,(#5937,#5944),.PCURVE_S1.);
#5933 = LINE('',#5934,#5935);
#5934 = CARTESIAN_POINT('',(-3.75,-18.25,-3.9));
#5935 = VECTOR('',#5936,1.);
#5936 = DIRECTION('',(-0.,1.,0.));
#5937 = PCURVE('',#2743,#5938);
#5938 = DEFINITIONAL_REPRESENTATION('',(#5939),#5943);
#5939 = LINE('',#5940,#5941);
#5940 = CARTESIAN_POINT('',(-2.3,0.));
#5941 = VECTOR('',#5942,1.);
#5942 = DIRECTION('',(0.,-1.));
#5943 = ( GEOMETRIC_REPRESENTATION_CONTEXT(2) 
PARAMETRIC_REPRESENTATION_CONTEXT() REPRESENTATION_CONTEXT('2D SPACE',''
  ) );
#5944 = PCURVE('',#5652,#5945);
#5945 = DEFINITIONAL_REPRESENTATION('',(#5946),#5950);
#5946 = LINE('',#5947,#5948);
#5947 = CARTESIAN_POINT('',(18.5,0.));
#5948 = VECTOR('',#5949,1.);
#5949 = DIRECTION('',(0.,1.));
#5950 = ( GEOMETRIC_REPRESENTATION_CONTEXT(2) 
PARAMETRIC_REPRESENTATION_CONTEXT() REPRESENTATION_CONTEXT('2D SPACE',''
  ) );
#5951 = ORIENTED_EDGE('',*,*,#5883,.T.);
#5952 = ADVANCED_FACE('',(#5953),#2715,.T.);
#5953 = FACE_BOUND('',#5954,.T.);
#5954 = EDGE_LOOP('',(#5955,#5956,#5977,#5978,#5999,#6000));
#5955 = ORIENTED_EDGE('',*,*,#5908,.F.);
#5956 = ORIENTED_EDGE('',*,*,#5957,.F.);
#5957 = EDGE_CURVE('',#5614,#5909,#5958,.T.);
#5958 = SURFACE_CURVE('',#5959,(#5963,#5970),.PCURVE_S1.);
#5959 = LINE('',#5960,#5961);
#5960 = CARTESIAN_POINT('',(-22.25,-18.25,-3.9));
#5961 = VECTOR('',#5962,1.);
#5962 = DIRECTION('',(1.,0.,-0.));
#5963 = PCURVE('',#2715,#5964);
#5964 = DEFINITIONAL_REPRESENTATION('',(#5965),#5969);
#5965 = LINE('',#5966,#5967);
#5966 = CARTESIAN_POINT('',(-2.3,-10.));
#5967 = VECTOR('',#5968,1.);
#5968 = DIRECTION('',(0.,1.));
#5969 = ( GEOMETRIC_REPRESENTATION_CONTEXT(2) 
PARAMETRIC_REPRESENTATION_CONTEXT() REPRESENTATION_CONTEXT('2D SPACE',''
  ) );
#5970 = PCURVE('',#5652,#5971);
#5971 = DEFINITIONAL_REPRESENTATION('',(#5972),#5976);
#5972 = LINE('',#5973,#5974);
#5973 = CARTESIAN_POINT('',(0.,0.));
#5974 = VECTOR('',#5975,1.);
#5975 = DIRECTION('',(1.,0.));
#5976 = ( GEOMETRIC_REPRESENTATION_CONTEXT(2) 
PARAMETRIC_REPRESENTATION_CONTEXT() REPRESENTATION_CONTEXT('2D SPACE',''
  ) );
#5977 = ORIENTED_EDGE('',*,*,#5613,.T.);
#5978 = ORIENTED_EDGE('',*,*,#5979,.T.);
#5979 = EDGE_CURVE('',#5591,#5468,#5980,.T.);
#5980 = SURFACE_CURVE('',#5981,(#5985,#5992),.PCURVE_S1.);
#5981 = LINE('',#5982,#5983);
#5982 = CARTESIAN_POINT('',(-22.25,-18.25,-1.6));
#5983 = VECTOR('',#5984,1.);
#5984 = DIRECTION('',(1.,0.,-0.));
#5985 = PCURVE('',#2715,#5986);
#5986 = DEFINITIONAL_REPRESENTATION('',(#5987),#5991);
#5987 = LINE('',#5988,#5989);
#5988 = CARTESIAN_POINT('',(0.,-10.));
#5989 = VECTOR('',#5990,1.);
#5990 = DIRECTION('',(0.,1.));
#5991 = ( GEOMETRIC_REPRESENTATION_CONTEXT(2) 
PARAMETRIC_REPRESENTATION_CONTEXT() REPRESENTATION_CONTEXT('2D SPACE',''
  ) );
#5992 = PCURVE('',#5506,#5993);
#5993 = DEFINITIONAL_REPRESENTATION('',(#5994),#5998);
#5994 = LINE('',#5995,#5996);
#5995 = CARTESIAN_POINT('',(0.,0.));
#5996 = VECTOR('',#5997,1.);
#5997 = DIRECTION('',(1.,0.));
#5998 = ( GEOMETRIC_REPRESENTATION_CONTEXT(2) 
PARAMETRIC_REPRESENTATION_CONTEXT() REPRESENTATION_CONTEXT('2D SPACE',''
  ) );
#5999 = ORIENTED_EDGE('',*,*,#5467,.T.);
#6000 = ORIENTED_EDGE('',*,*,#2699,.T.);
#6001 = ADVANCED_FACE('',(#6002),#2912,.F.);
#6002 = FACE_BOUND('',#6003,.F.);
#6003 = EDGE_LOOP('',(#6004,#6032,#6053,#6054));
#6004 = ORIENTED_EDGE('',*,*,#6005,.T.);
#6005 = EDGE_CURVE('',#6006,#6008,#6010,.T.);
#6006 = VERTEX_POINT('',#6007);
#6007 = CARTESIAN_POINT('',(-34.,6.25,-10.));
#6008 = VERTEX_POINT('',#6009);
#6009 = CARTESIAN_POINT('',(-35.25,6.25,-10.));
#6010 = SURFACE_CURVE('',#6011,(#6015,#6021),.PCURVE_S1.);
#6011 = LINE('',#6012,#6013);
#6012 = CARTESIAN_POINT('',(-51.875,6.25,-10.));
#6013 = VECTOR('',#6014,1.);
#6014 = DIRECTION('',(-1.,-0.,0.));
#6015 = PCURVE('',#2912,#6016);
#6016 = DEFINITIONAL_REPRESENTATION('',(#6017),#6020);
#6017 = B_SPLINE_CURVE_WITH_KNOTS('',1,(#6018,#6019),.UNSPECIFIED.,.F.,
  .F.,(2,2),(-17.875,-16.625),.PIECEWISE_BEZIER_KNOTS.);
#6018 = CARTESIAN_POINT('',(0.5,1.25));
#6019 = CARTESIAN_POINT('',(0.5,0.));
#6020 = ( GEOMETRIC_REPRESENTATION_CONTEXT(2) 
PARAMETRIC_REPRESENTATION_CONTEXT() REPRESENTATION_CONTEXT('2D SPACE',''
  ) );
#6021 = PCURVE('',#6022,#6027);
#6022 = PLANE('',#6023);
#6023 = AXIS2_PLACEMENT_3D('',#6024,#6025,#6026);
#6024 = CARTESIAN_POINT('',(-68.5,-12.5,-10.));
#6025 = DIRECTION('',(0.,0.,1.));
#6026 = DIRECTION('',(1.,0.,0.));
#6027 = DEFINITIONAL_REPRESENTATION('',(#6028),#6031);
#6028 = B_SPLINE_CURVE_WITH_KNOTS('',1,(#6029,#6030),.UNSPECIFIED.,.F.,
  .F.,(2,2),(-17.875,-16.625),.PIECEWISE_BEZIER_KNOTS.);
#6029 = CARTESIAN_POINT('',(34.5,18.75));
#6030 = CARTESIAN_POINT('',(33.25,18.75));
#6031 = ( GEOMETRIC_REPRESENTATION_CONTEXT(2) 
PARAMETRIC_REPRESENTATION_CONTEXT() REPRESENTATION_CONTEXT('2D SPACE',''
  ) );
#6032 = ORIENTED_EDGE('',*,*,#6033,.T.);
#6033 = EDGE_CURVE('',#6008,#2896,#6034,.T.);
#6034 = SURFACE_CURVE('',#6035,(#6039,#6046),.PCURVE_S1.);
#6035 = LINE('',#6036,#6037);
#6036 = CARTESIAN_POINT('',(-35.25,6.25,-10.5));
#6037 = VECTOR('',#6038,1.);
#6038 = DIRECTION('',(0.,0.,1.));
#6039 = PCURVE('',#2912,#6040);
#6040 = DEFINITIONAL_REPRESENTATION('',(#6041),#6045);
#6041 = LINE('',#6042,#6043);
#6042 = CARTESIAN_POINT('',(0.,0.));
#6043 = VECTOR('',#6044,1.);
#6044 = DIRECTION('',(1.,0.));
#6045 = ( GEOMETRIC_REPRESENTATION_CONTEXT(2) 
PARAMETRIC_REPRESENTATION_CONTEXT() REPRESENTATION_CONTEXT('2D SPACE',''
  ) );
#6046 = PCURVE('',#2938,#6047);
#6047 = DEFINITIONAL_REPRESENTATION('',(#6048),#6052);
#6048 = LINE('',#6049,#6050);
#6049 = CARTESIAN_POINT('',(0.,-12.5));
#6050 = VECTOR('',#6051,1.);
#6051 = DIRECTION('',(1.,0.));
#6052 = ( GEOMETRIC_REPRESENTATION_CONTEXT(2) 
PARAMETRIC_REPRESENTATION_CONTEXT() REPRESENTATION_CONTEXT('2D SPACE',''
  ) );
#6053 = ORIENTED_EDGE('',*,*,#2895,.T.);
#6054 = ORIENTED_EDGE('',*,*,#6055,.T.);
#6055 = EDGE_CURVE('',#2898,#6006,#6056,.T.);
#6056 = SURFACE_CURVE('',#6057,(#6061,#6067),.PCURVE_S1.);
#6057 = LINE('',#6058,#6059);
#6058 = CARTESIAN_POINT('',(-34.,6.25,-10.5));
#6059 = VECTOR('',#6060,1.);
#6060 = DIRECTION('',(-0.,0.,-1.));
#6061 = PCURVE('',#2912,#6062);
#6062 = DEFINITIONAL_REPRESENTATION('',(#6063),#6066);
#6063 = B_SPLINE_CURVE_WITH_KNOTS('',1,(#6064,#6065),.UNSPECIFIED.,.F.,
  .F.,(2,2),(-11.,-0.),.PIECEWISE_BEZIER_KNOTS.);
#6064 = CARTESIAN_POINT('',(11.,1.25));
#6065 = CARTESIAN_POINT('',(0.,1.25));
#6066 = ( GEOMETRIC_REPRESENTATION_CONTEXT(2) 
PARAMETRIC_REPRESENTATION_CONTEXT() REPRESENTATION_CONTEXT('2D SPACE',''
  ) );
#6067 = PCURVE('',#3197,#6068);
#6068 = DEFINITIONAL_REPRESENTATION('',(#6069),#6072);
#6069 = B_SPLINE_CURVE_WITH_KNOTS('',1,(#6070,#6071),.UNSPECIFIED.,.F.,
  .F.,(2,2),(-11.,-0.),.PIECEWISE_BEZIER_KNOTS.);
#6070 = CARTESIAN_POINT('',(11.,-4.75));
#6071 = CARTESIAN_POINT('',(0.,-4.75));
#6072 = ( GEOMETRIC_REPRESENTATION_CONTEXT(2) 
PARAMETRIC_REPRESENTATION_CONTEXT() REPRESENTATION_CONTEXT('2D SPACE',''
  ) );
#6073 = ADVANCED_FACE('',(#6074),#3197,.T.);
#6074 = FACE_BOUND('',#6075,.T.);
#6075 = EDGE_LOOP('',(#6076,#6077,#6078,#6099));
#6076 = ORIENTED_EDGE('',*,*,#3184,.T.);
#6077 = ORIENTED_EDGE('',*,*,#6055,.T.);
#6078 = ORIENTED_EDGE('',*,*,#6079,.T.);
#6079 = EDGE_CURVE('',#6006,#6080,#6082,.T.);
#6080 = VERTEX_POINT('',#6081);
#6081 = CARTESIAN_POINT('',(-34.,9.,-10.));
#6082 = SURFACE_CURVE('',#6083,(#6087,#6093),.PCURVE_S1.);
#6083 = LINE('',#6084,#6085);
#6084 = CARTESIAN_POINT('',(-34.,-5.5,-10.));
#6085 = VECTOR('',#6086,1.);
#6086 = DIRECTION('',(-0.,1.,0.));
#6087 = PCURVE('',#3197,#6088);
#6088 = DEFINITIONAL_REPRESENTATION('',(#6089),#6092);
#6089 = B_SPLINE_CURVE_WITH_KNOTS('',1,(#6090,#6091),.UNSPECIFIED.,.F.,
  .F.,(2,2),(11.75,14.5),.PIECEWISE_BEZIER_KNOTS.);
#6090 = CARTESIAN_POINT('',(0.5,-4.75));
#6091 = CARTESIAN_POINT('',(0.5,-7.5));
#6092 = ( GEOMETRIC_REPRESENTATION_CONTEXT(2) 
PARAMETRIC_REPRESENTATION_CONTEXT() REPRESENTATION_CONTEXT('2D SPACE',''
  ) );
#6093 = PCURVE('',#6022,#6094);
#6094 = DEFINITIONAL_REPRESENTATION('',(#6095),#6098);
#6095 = B_SPLINE_CURVE_WITH_KNOTS('',1,(#6096,#6097),.UNSPECIFIED.,.F.,
  .F.,(2,2),(11.75,14.5),.PIECEWISE_BEZIER_KNOTS.);
#6096 = CARTESIAN_POINT('',(34.5,18.75));
#6097 = CARTESIAN_POINT('',(34.5,21.5));
#6098 = ( GEOMETRIC_REPRESENTATION_CONTEXT(2) 
PARAMETRIC_REPRESENTATION_CONTEXT() REPRESENTATION_CONTEXT('2D SPACE',''
  ) );
#6099 = ORIENTED_EDGE('',*,*,#6100,.T.);
#6100 = EDGE_CURVE('',#6080,#3159,#6101,.T.);
#6101 = SURFACE_CURVE('',#6102,(#6106,#6113),.PCURVE_S1.);
#6102 = LINE('',#6103,#6104);
#6103 = CARTESIAN_POINT('',(-34.,9.,-10.5));
#6104 = VECTOR('',#6105,1.);
#6105 = DIRECTION('',(0.,0.,1.));
#6106 = PCURVE('',#3197,#6107);
#6107 = DEFINITIONAL_REPRESENTATION('',(#6108),#6112);
#6108 = LINE('',#6109,#6110);
#6109 = CARTESIAN_POINT('',(0.,-7.5));
#6110 = VECTOR('',#6111,1.);
#6111 = DIRECTION('',(1.,0.));
#6112 = ( GEOMETRIC_REPRESENTATION_CONTEXT(2) 
PARAMETRIC_REPRESENTATION_CONTEXT() REPRESENTATION_CONTEXT('2D SPACE',''
  ) );
#6113 = PCURVE('',#3173,#6114);
#6114 = DEFINITIONAL_REPRESENTATION('',(#6115),#6119);
#6115 = LINE('',#6116,#6117);
#6116 = CARTESIAN_POINT('',(0.,0.));
#6117 = VECTOR('',#6118,1.);
#6118 = DIRECTION('',(1.,0.));
#6119 = ( GEOMETRIC_REPRESENTATION_CONTEXT(2) 
PARAMETRIC_REPRESENTATION_CONTEXT() REPRESENTATION_CONTEXT('2D SPACE',''
  ) );
#6120 = ADVANCED_FACE('',(#6121),#3173,.F.);
#6121 = FACE_BOUND('',#6122,.F.);
#6122 = EDGE_LOOP('',(#6123,#6146,#6165,#6166));
#6123 = ORIENTED_EDGE('',*,*,#6124,.F.);
#6124 = EDGE_CURVE('',#6125,#3133,#6127,.T.);
#6125 = VERTEX_POINT('',#6126);
#6126 = CARTESIAN_POINT('',(-28.,9.,-10.));
#6127 = SURFACE_CURVE('',#6128,(#6132,#6139),.PCURVE_S1.);
#6128 = LINE('',#6129,#6130);
#6129 = CARTESIAN_POINT('',(-28.,9.,-10.5));
#6130 = VECTOR('',#6131,1.);
#6131 = DIRECTION('',(0.,0.,1.));
#6132 = PCURVE('',#3173,#6133);
#6133 = DEFINITIONAL_REPRESENTATION('',(#6134),#6138);
#6134 = LINE('',#6135,#6136);
#6135 = CARTESIAN_POINT('',(0.,6.));
#6136 = VECTOR('',#6137,1.);
#6137 = DIRECTION('',(1.,0.));
#6138 = ( GEOMETRIC_REPRESENTATION_CONTEXT(2) 
PARAMETRIC_REPRESENTATION_CONTEXT() REPRESENTATION_CONTEXT('2D SPACE',''
  ) );
#6139 = PCURVE('',#3147,#6140);
#6140 = DEFINITIONAL_REPRESENTATION('',(#6141),#6145);
#6141 = LINE('',#6142,#6143);
#6142 = CARTESIAN_POINT('',(0.,-7.5));
#6143 = VECTOR('',#6144,1.);
#6144 = DIRECTION('',(1.,0.));
#6145 = ( GEOMETRIC_REPRESENTATION_CONTEXT(2) 
PARAMETRIC_REPRESENTATION_CONTEXT() REPRESENTATION_CONTEXT('2D SPACE',''
  ) );
#6146 = ORIENTED_EDGE('',*,*,#6147,.T.);
#6147 = EDGE_CURVE('',#6125,#6080,#6148,.T.);
#6148 = SURFACE_CURVE('',#6149,(#6153,#6159),.PCURVE_S1.);
#6149 = LINE('',#6150,#6151);
#6150 = CARTESIAN_POINT('',(-51.25,9.,-10.));
#6151 = VECTOR('',#6152,1.);
#6152 = DIRECTION('',(-1.,-0.,0.));
#6153 = PCURVE('',#3173,#6154);
#6154 = DEFINITIONAL_REPRESENTATION('',(#6155),#6158);
#6155 = B_SPLINE_CURVE_WITH_KNOTS('',1,(#6156,#6157),.UNSPECIFIED.,.F.,
  .F.,(2,2),(-23.25,-17.25),.PIECEWISE_BEZIER_KNOTS.);
#6156 = CARTESIAN_POINT('',(0.5,6.));
#6157 = CARTESIAN_POINT('',(0.5,0.));
#6158 = ( GEOMETRIC_REPRESENTATION_CONTEXT(2) 
PARAMETRIC_REPRESENTATION_CONTEXT() REPRESENTATION_CONTEXT('2D SPACE',''
  ) );
#6159 = PCURVE('',#6022,#6160);
#6160 = DEFINITIONAL_REPRESENTATION('',(#6161),#6164);
#6161 = B_SPLINE_CURVE_WITH_KNOTS('',1,(#6162,#6163),.UNSPECIFIED.,.F.,
  .F.,(2,2),(-23.25,-17.25),.PIECEWISE_BEZIER_KNOTS.);
#6162 = CARTESIAN_POINT('',(40.5,21.5));
#6163 = CARTESIAN_POINT('',(34.5,21.5));
#6164 = ( GEOMETRIC_REPRESENTATION_CONTEXT(2) 
PARAMETRIC_REPRESENTATION_CONTEXT() REPRESENTATION_CONTEXT('2D SPACE',''
  ) );
#6165 = ORIENTED_EDGE('',*,*,#6100,.T.);
#6166 = ORIENTED_EDGE('',*,*,#3158,.T.);
#6167 = ADVANCED_FACE('',(#6168),#3147,.F.);
#6168 = FACE_BOUND('',#6169,.F.);
#6169 = EDGE_LOOP('',(#6170,#6171,#6192,#6211));
#6170 = ORIENTED_EDGE('',*,*,#3132,.T.);
#6171 = ORIENTED_EDGE('',*,*,#6172,.T.);
#6172 = EDGE_CURVE('',#3107,#6173,#6175,.T.);
#6173 = VERTEX_POINT('',#6174);
#6174 = CARTESIAN_POINT('',(-28.,6.25,-10.));
#6175 = SURFACE_CURVE('',#6176,(#6180,#6186),.PCURVE_S1.);
#6176 = LINE('',#6177,#6178);
#6177 = CARTESIAN_POINT('',(-28.,6.25,-10.5));
#6178 = VECTOR('',#6179,1.);
#6179 = DIRECTION('',(-0.,0.,-1.));
#6180 = PCURVE('',#3147,#6181);
#6181 = DEFINITIONAL_REPRESENTATION('',(#6182),#6185);
#6182 = B_SPLINE_CURVE_WITH_KNOTS('',1,(#6183,#6184),.UNSPECIFIED.,.F.,
  .F.,(2,2),(-11.,-0.),.PIECEWISE_BEZIER_KNOTS.);
#6183 = CARTESIAN_POINT('',(11.,-4.75));
#6184 = CARTESIAN_POINT('',(0.,-4.75));
#6185 = ( GEOMETRIC_REPRESENTATION_CONTEXT(2) 
PARAMETRIC_REPRESENTATION_CONTEXT() REPRESENTATION_CONTEXT('2D SPACE',''
  ) );
#6186 = PCURVE('',#3121,#6187);
#6187 = DEFINITIONAL_REPRESENTATION('',(#6188),#6191);
#6188 = B_SPLINE_CURVE_WITH_KNOTS('',1,(#6189,#6190),.UNSPECIFIED.,.F.,
  .F.,(2,2),(-11.,-0.),.PIECEWISE_BEZIER_KNOTS.);
#6189 = CARTESIAN_POINT('',(11.,7.25));
#6190 = CARTESIAN_POINT('',(0.,7.25));
#6191 = ( GEOMETRIC_REPRESENTATION_CONTEXT(2) 
PARAMETRIC_REPRESENTATION_CONTEXT() REPRESENTATION_CONTEXT('2D SPACE',''
  ) );
#6192 = ORIENTED_EDGE('',*,*,#6193,.T.);
#6193 = EDGE_CURVE('',#6173,#6125,#6194,.T.);
#6194 = SURFACE_CURVE('',#6195,(#6199,#6205),.PCURVE_S1.);
#6195 = LINE('',#6196,#6197);
#6196 = CARTESIAN_POINT('',(-28.,-5.5,-10.));
#6197 = VECTOR('',#6198,1.);
#6198 = DIRECTION('',(-0.,1.,0.));
#6199 = PCURVE('',#3147,#6200);
#6200 = DEFINITIONAL_REPRESENTATION('',(#6201),#6204);
#6201 = B_SPLINE_CURVE_WITH_KNOTS('',1,(#6202,#6203),.UNSPECIFIED.,.F.,
  .F.,(2,2),(11.75,14.5),.PIECEWISE_BEZIER_KNOTS.);
#6202 = CARTESIAN_POINT('',(0.5,-4.75));
#6203 = CARTESIAN_POINT('',(0.5,-7.5));
#6204 = ( GEOMETRIC_REPRESENTATION_CONTEXT(2) 
PARAMETRIC_REPRESENTATION_CONTEXT() REPRESENTATION_CONTEXT('2D SPACE',''
  ) );
#6205 = PCURVE('',#6022,#6206);
#6206 = DEFINITIONAL_REPRESENTATION('',(#6207),#6210);
#6207 = B_SPLINE_CURVE_WITH_KNOTS('',1,(#6208,#6209),.UNSPECIFIED.,.F.,
  .F.,(2,2),(11.75,14.5),.PIECEWISE_BEZIER_KNOTS.);
#6208 = CARTESIAN_POINT('',(40.5,18.75));
#6209 = CARTESIAN_POINT('',(40.5,21.5));
#6210 = ( GEOMETRIC_REPRESENTATION_CONTEXT(2) 
PARAMETRIC_REPRESENTATION_CONTEXT() REPRESENTATION_CONTEXT('2D SPACE',''
  ) );
#6211 = ORIENTED_EDGE('',*,*,#6124,.T.);
#6212 = ADVANCED_FACE('',(#6213),#3121,.F.);
#6213 = FACE_BOUND('',#6214,.F.);
#6214 = EDGE_LOOP('',(#6215,#6236,#6237,#6238));
#6215 = ORIENTED_EDGE('',*,*,#6216,.T.);
#6216 = EDGE_CURVE('',#6217,#6173,#6219,.T.);
#6217 = VERTEX_POINT('',#6218);
#6218 = CARTESIAN_POINT('',(-26.25,6.25,-10.));
#6219 = SURFACE_CURVE('',#6220,(#6224,#6230),.PCURVE_S1.);
#6220 = LINE('',#6221,#6222);
#6221 = CARTESIAN_POINT('',(-51.875,6.25,-10.));
#6222 = VECTOR('',#6223,1.);
#6223 = DIRECTION('',(-1.,-0.,0.));
#6224 = PCURVE('',#3121,#6225);
#6225 = DEFINITIONAL_REPRESENTATION('',(#6226),#6229);
#6226 = B_SPLINE_CURVE_WITH_KNOTS('',1,(#6227,#6228),.UNSPECIFIED.,.F.,
  .F.,(2,2),(-25.625,-23.875),.PIECEWISE_BEZIER_KNOTS.);
#6227 = CARTESIAN_POINT('',(0.5,9.));
#6228 = CARTESIAN_POINT('',(0.5,7.25));
#6229 = ( GEOMETRIC_REPRESENTATION_CONTEXT(2) 
PARAMETRIC_REPRESENTATION_CONTEXT() REPRESENTATION_CONTEXT('2D SPACE',''
  ) );
#6230 = PCURVE('',#6022,#6231);
#6231 = DEFINITIONAL_REPRESENTATION('',(#6232),#6235);
#6232 = B_SPLINE_CURVE_WITH_KNOTS('',1,(#6233,#6234),.UNSPECIFIED.,.F.,
  .F.,(2,2),(-25.625,-23.875),.PIECEWISE_BEZIER_KNOTS.);
#6233 = CARTESIAN_POINT('',(42.25,18.75));
#6234 = CARTESIAN_POINT('',(40.5,18.75));
#6235 = ( GEOMETRIC_REPRESENTATION_CONTEXT(2) 
PARAMETRIC_REPRESENTATION_CONTEXT() REPRESENTATION_CONTEXT('2D SPACE',''
  ) );
#6236 = ORIENTED_EDGE('',*,*,#6172,.F.);
#6237 = ORIENTED_EDGE('',*,*,#3106,.T.);
#6238 = ORIENTED_EDGE('',*,*,#6239,.F.);
#6239 = EDGE_CURVE('',#6217,#3080,#6240,.T.);
#6240 = SURFACE_CURVE('',#6241,(#6245,#6252),.PCURVE_S1.);
#6241 = LINE('',#6242,#6243);
#6242 = CARTESIAN_POINT('',(-26.25,6.25,-10.5));
#6243 = VECTOR('',#6244,1.);
#6244 = DIRECTION('',(0.,0.,1.));
#6245 = PCURVE('',#3121,#6246);
#6246 = DEFINITIONAL_REPRESENTATION('',(#6247),#6251);
#6247 = LINE('',#6248,#6249);
#6248 = CARTESIAN_POINT('',(0.,9.));
#6249 = VECTOR('',#6250,1.);
#6250 = DIRECTION('',(1.,0.));
#6251 = ( GEOMETRIC_REPRESENTATION_CONTEXT(2) 
PARAMETRIC_REPRESENTATION_CONTEXT() REPRESENTATION_CONTEXT('2D SPACE',''
  ) );
#6252 = PCURVE('',#3094,#6253);
#6253 = DEFINITIONAL_REPRESENTATION('',(#6254),#6258);
#6254 = LINE('',#6255,#6256);
#6255 = CARTESIAN_POINT('',(0.,-12.5));
#6256 = VECTOR('',#6257,1.);
#6257 = DIRECTION('',(1.,0.));
#6258 = ( GEOMETRIC_REPRESENTATION_CONTEXT(2) 
PARAMETRIC_REPRESENTATION_CONTEXT() REPRESENTATION_CONTEXT('2D SPACE',''
  ) );
#6259 = ADVANCED_FACE('',(#6260),#3094,.F.);
#6260 = FACE_BOUND('',#6261,.F.);
#6261 = EDGE_LOOP('',(#6262,#6285,#6312,#6340,#6367,#6386,#6387,#6408,
    #6430,#6458,#6478,#6479));
#6262 = ORIENTED_EDGE('',*,*,#6263,.F.);
#6263 = EDGE_CURVE('',#6264,#3054,#6266,.T.);
#6264 = VERTEX_POINT('',#6265);
#6265 = CARTESIAN_POINT('',(-26.25,-6.25,-10.));
#6266 = SURFACE_CURVE('',#6267,(#6271,#6278),.PCURVE_S1.);
#6267 = LINE('',#6268,#6269);
#6268 = CARTESIAN_POINT('',(-26.25,-6.25,-10.5));
#6269 = VECTOR('',#6270,1.);
#6270 = DIRECTION('',(0.,0.,1.));
#6271 = PCURVE('',#3094,#6272);
#6272 = DEFINITIONAL_REPRESENTATION('',(#6273),#6277);
#6273 = LINE('',#6274,#6275);
#6274 = CARTESIAN_POINT('',(0.,0.));
#6275 = VECTOR('',#6276,1.);
#6276 = DIRECTION('',(1.,0.));
#6277 = ( GEOMETRIC_REPRESENTATION_CONTEXT(2) 
PARAMETRIC_REPRESENTATION_CONTEXT() REPRESENTATION_CONTEXT('2D SPACE',''
  ) );
#6278 = PCURVE('',#3068,#6279);
#6279 = DEFINITIONAL_REPRESENTATION('',(#6280),#6284);
#6280 = LINE('',#6281,#6282);
#6281 = CARTESIAN_POINT('',(0.,9.));
#6282 = VECTOR('',#6283,1.);
#6283 = DIRECTION('',(1.,0.));
#6284 = ( GEOMETRIC_REPRESENTATION_CONTEXT(2) 
PARAMETRIC_REPRESENTATION_CONTEXT() REPRESENTATION_CONTEXT('2D SPACE',''
  ) );
#6285 = ORIENTED_EDGE('',*,*,#6286,.F.);
#6286 = EDGE_CURVE('',#6287,#6264,#6289,.T.);
#6287 = VERTEX_POINT('',#6288);
#6288 = CARTESIAN_POINT('',(-26.25,-8.3,-10.));
#6289 = SURFACE_CURVE('',#6290,(#6294,#6301),.PCURVE_S1.);
#6290 = LINE('',#6291,#6292);
#6291 = CARTESIAN_POINT('',(-26.25,-10.4,-10.));
#6292 = VECTOR('',#6293,1.);
#6293 = DIRECTION('',(-0.,1.,0.));
#6294 = PCURVE('',#3094,#6295);
#6295 = DEFINITIONAL_REPRESENTATION('',(#6296),#6300);
#6296 = LINE('',#6297,#6298);
#6297 = CARTESIAN_POINT('',(0.5,4.15));
#6298 = VECTOR('',#6299,1.);
#6299 = DIRECTION('',(0.,-1.));
#6300 = ( GEOMETRIC_REPRESENTATION_CONTEXT(2) 
PARAMETRIC_REPRESENTATION_CONTEXT() REPRESENTATION_CONTEXT('2D SPACE',''
  ) );
#6301 = PCURVE('',#6302,#6307);
#6302 = PLANE('',#6303);
#6303 = AXIS2_PLACEMENT_3D('',#6304,#6305,#6306);
#6304 = CARTESIAN_POINT('',(-68.5,-12.5,-10.));
#6305 = DIRECTION('',(0.,0.,1.));
#6306 = DIRECTION('',(1.,0.,0.));
#6307 = DEFINITIONAL_REPRESENTATION('',(#6308),#6311);
#6308 = B_SPLINE_CURVE_WITH_KNOTS('',1,(#6309,#6310),.UNSPECIFIED.,.F.,
  .F.,(2,2),(2.1,18.7),.PIECEWISE_BEZIER_KNOTS.);
#6309 = CARTESIAN_POINT('',(42.25,4.2));
#6310 = CARTESIAN_POINT('',(42.25,20.8));
#6311 = ( GEOMETRIC_REPRESENTATION_CONTEXT(2) 
PARAMETRIC_REPRESENTATION_CONTEXT() REPRESENTATION_CONTEXT('2D SPACE',''
  ) );
#6312 = ORIENTED_EDGE('',*,*,#6313,.F.);
#6313 = EDGE_CURVE('',#6314,#6287,#6316,.T.);
#6314 = VERTEX_POINT('',#6315);
#6315 = CARTESIAN_POINT('',(-26.25,-8.3,-27.5));
#6316 = SURFACE_CURVE('',#6317,(#6321,#6328),.PCURVE_S1.);
#6317 = LINE('',#6318,#6319);
#6318 = CARTESIAN_POINT('',(-26.25,-8.3,-36.));
#6319 = VECTOR('',#6320,1.);
#6320 = DIRECTION('',(0.,0.,1.));
#6321 = PCURVE('',#3094,#6322);
#6322 = DEFINITIONAL_REPRESENTATION('',(#6323),#6327);
#6323 = LINE('',#6324,#6325);
#6324 = CARTESIAN_POINT('',(-25.5,2.05));
#6325 = VECTOR('',#6326,1.);
#6326 = DIRECTION('',(1.,0.));
#6327 = ( GEOMETRIC_REPRESENTATION_CONTEXT(2) 
PARAMETRIC_REPRESENTATION_CONTEXT() REPRESENTATION_CONTEXT('2D SPACE',''
  ) );
#6328 = PCURVE('',#6329,#6334);
#6329 = PLANE('',#6330);
#6330 = AXIS2_PLACEMENT_3D('',#6331,#6332,#6333);
#6331 = CARTESIAN_POINT('',(-26.25,-8.3,-36.));
#6332 = DIRECTION('',(-0.,1.,0.));
#6333 = DIRECTION('',(0.,0.,1.));
#6334 = DEFINITIONAL_REPRESENTATION('',(#6335),#6339);
#6335 = LINE('',#6336,#6337);
#6336 = CARTESIAN_POINT('',(0.,0.));
#6337 = VECTOR('',#6338,1.);
#6338 = DIRECTION('',(1.,0.));
#6339 = ( GEOMETRIC_REPRESENTATION_CONTEXT(2) 
PARAMETRIC_REPRESENTATION_CONTEXT() REPRESENTATION_CONTEXT('2D SPACE',''
  ) );
#6340 = ORIENTED_EDGE('',*,*,#6341,.T.);
#6341 = EDGE_CURVE('',#6314,#6342,#6344,.T.);
#6342 = VERTEX_POINT('',#6343);
#6343 = CARTESIAN_POINT('',(-26.25,-3.116652224137,-27.5));
#6344 = SURFACE_CURVE('',#6345,(#6349,#6356),.PCURVE_S1.);
#6345 = LINE('',#6346,#6347);
#6346 = CARTESIAN_POINT('',(-26.25,-10.45,-27.5));
#6347 = VECTOR('',#6348,1.);
#6348 = DIRECTION('',(-0.,1.,0.));
#6349 = PCURVE('',#3094,#6350);
#6350 = DEFINITIONAL_REPRESENTATION('',(#6351),#6355);
#6351 = LINE('',#6352,#6353);
#6352 = CARTESIAN_POINT('',(-17.,4.2));
#6353 = VECTOR('',#6354,1.);
#6354 = DIRECTION('',(0.,-1.));
#6355 = ( GEOMETRIC_REPRESENTATION_CONTEXT(2) 
PARAMETRIC_REPRESENTATION_CONTEXT() REPRESENTATION_CONTEXT('2D SPACE',''
  ) );
#6356 = PCURVE('',#6357,#6362);
#6357 = PLANE('',#6358);
#6358 = AXIS2_PLACEMENT_3D('',#6359,#6360,#6361);
#6359 = CARTESIAN_POINT('',(-36.85,-12.6,-27.5));
#6360 = DIRECTION('',(0.,0.,1.));
#6361 = DIRECTION('',(1.,0.,-0.));
#6362 = DEFINITIONAL_REPRESENTATION('',(#6363),#6366);
#6363 = B_SPLINE_CURVE_WITH_KNOTS('',1,(#6364,#6365),.UNSPECIFIED.,.F.,
  .F.,(2,2),(2.15,18.75),.PIECEWISE_BEZIER_KNOTS.);
#6364 = CARTESIAN_POINT('',(10.6,4.3));
#6365 = CARTESIAN_POINT('',(10.6,20.9));
#6366 = ( GEOMETRIC_REPRESENTATION_CONTEXT(2) 
PARAMETRIC_REPRESENTATION_CONTEXT() REPRESENTATION_CONTEXT('2D SPACE',''
  ) );
#6367 = ORIENTED_EDGE('',*,*,#6368,.T.);
#6368 = EDGE_CURVE('',#6342,#4540,#6369,.T.);
#6369 = SURFACE_CURVE('',#6370,(#6374,#6380),.PCURVE_S1.);
#6370 = LINE('',#6371,#6372);
#6371 = CARTESIAN_POINT('',(-26.25,-8.995826112069,-21.62082611206));
#6372 = VECTOR('',#6373,1.);
#6373 = DIRECTION('',(0.,-0.707106781187,0.707106781187));
#6374 = PCURVE('',#3094,#6375);
#6375 = DEFINITIONAL_REPRESENTATION('',(#6376),#6379);
#6376 = B_SPLINE_CURVE_WITH_KNOTS('',1,(#6377,#6378),.UNSPECIFIED.,.F.,
  .F.,(2,2),(-8.314407447862,-5.922019292437),.PIECEWISE_BEZIER_KNOTS.);
#6377 = CARTESIAN_POINT('',(-17.,-3.133347775863));
#6378 = CARTESIAN_POINT('',(-15.30832611206,-1.441673887931));
#6379 = ( GEOMETRIC_REPRESENTATION_CONTEXT(2) 
PARAMETRIC_REPRESENTATION_CONTEXT() REPRESENTATION_CONTEXT('2D SPACE',''
  ) );
#6380 = PCURVE('',#4578,#6381);
#6381 = DEFINITIONAL_REPRESENTATION('',(#6382),#6385);
#6382 = B_SPLINE_CURVE_WITH_KNOTS('',1,(#6383,#6384),.UNSPECIFIED.,.F.,
  .F.,(2,2),(-8.314407447862,-5.922019292437),.PIECEWISE_BEZIER_KNOTS.);
#6383 = CARTESIAN_POINT('',(2.392388155425,-0.6));
#6384 = CARTESIAN_POINT('',(0.,-0.6));
#6385 = ( GEOMETRIC_REPRESENTATION_CONTEXT(2) 
PARAMETRIC_REPRESENTATION_CONTEXT() REPRESENTATION_CONTEXT('2D SPACE',''
  ) );
#6386 = ORIENTED_EDGE('',*,*,#4539,.F.);
#6387 = ORIENTED_EDGE('',*,*,#6388,.T.);
#6388 = EDGE_CURVE('',#4511,#6389,#6391,.T.);
#6389 = VERTEX_POINT('',#6390);
#6390 = CARTESIAN_POINT('',(-26.25,3.116652224137,-27.5));
#6391 = SURFACE_CURVE('',#6392,(#6396,#6402),.PCURVE_S1.);
#6392 = LINE('',#6393,#6394);
#6393 = CARTESIAN_POINT('',(-26.25,3.466663056034,-27.1499891681));
#6394 = VECTOR('',#6395,1.);
#6395 = DIRECTION('',(0.,-0.707106781187,-0.707106781187));
#6396 = PCURVE('',#3094,#6397);
#6397 = DEFINITIONAL_REPRESENTATION('',(#6398),#6401);
#6398 = B_SPLINE_CURVE_WITH_KNOTS('',1,(#6399,#6400),.UNSPECIFIED.,.F.,
  .F.,(2,2),(-1.897398089979,0.494990065447),.PIECEWISE_BEZIER_KNOTS.);
#6399 = CARTESIAN_POINT('',(-15.30832611206,-11.05832611206));
#6400 = CARTESIAN_POINT('',(-17.,-9.366652224137));
#6401 = ( GEOMETRIC_REPRESENTATION_CONTEXT(2) 
PARAMETRIC_REPRESENTATION_CONTEXT() REPRESENTATION_CONTEXT('2D SPACE',''
  ) );
#6402 = PCURVE('',#4527,#6403);
#6403 = DEFINITIONAL_REPRESENTATION('',(#6404),#6407);
#6404 = B_SPLINE_CURVE_WITH_KNOTS('',1,(#6405,#6406),.UNSPECIFIED.,.F.,
  .F.,(2,2),(-1.897398089979,0.494990065447),.PIECEWISE_BEZIER_KNOTS.);
#6405 = CARTESIAN_POINT('',(6.8,-0.6));
#6406 = CARTESIAN_POINT('',(4.407611844575,-0.6));
#6407 = ( GEOMETRIC_REPRESENTATION_CONTEXT(2) 
PARAMETRIC_REPRESENTATION_CONTEXT() REPRESENTATION_CONTEXT('2D SPACE',''
  ) );
#6408 = ORIENTED_EDGE('',*,*,#6409,.T.);
#6409 = EDGE_CURVE('',#6389,#6410,#6412,.T.);
#6410 = VERTEX_POINT('',#6411);
#6411 = CARTESIAN_POINT('',(-26.25,8.3,-27.5));
#6412 = SURFACE_CURVE('',#6413,(#6417,#6424),.PCURVE_S1.);
#6413 = LINE('',#6414,#6415);
#6414 = CARTESIAN_POINT('',(-26.25,-10.45,-27.5));
#6415 = VECTOR('',#6416,1.);
#6416 = DIRECTION('',(-0.,1.,0.));
#6417 = PCURVE('',#3094,#6418);
#6418 = DEFINITIONAL_REPRESENTATION('',(#6419),#6423);
#6419 = LINE('',#6420,#6421);
#6420 = CARTESIAN_POINT('',(-17.,4.2));
#6421 = VECTOR('',#6422,1.);
#6422 = DIRECTION('',(0.,-1.));
#6423 = ( GEOMETRIC_REPRESENTATION_CONTEXT(2) 
PARAMETRIC_REPRESENTATION_CONTEXT() REPRESENTATION_CONTEXT('2D SPACE',''
  ) );
#6424 = PCURVE('',#6357,#6425);
#6425 = DEFINITIONAL_REPRESENTATION('',(#6426),#6429);
#6426 = B_SPLINE_CURVE_WITH_KNOTS('',1,(#6427,#6428),.UNSPECIFIED.,.F.,
  .F.,(2,2),(2.15,18.75),.PIECEWISE_BEZIER_KNOTS.);
#6427 = CARTESIAN_POINT('',(10.6,4.3));
#6428 = CARTESIAN_POINT('',(10.6,20.9));
#6429 = ( GEOMETRIC_REPRESENTATION_CONTEXT(2) 
PARAMETRIC_REPRESENTATION_CONTEXT() REPRESENTATION_CONTEXT('2D SPACE',''
  ) );
#6430 = ORIENTED_EDGE('',*,*,#6431,.T.);
#6431 = EDGE_CURVE('',#6410,#6432,#6434,.T.);
#6432 = VERTEX_POINT('',#6433);
#6433 = CARTESIAN_POINT('',(-26.25,8.3,-10.));
#6434 = SURFACE_CURVE('',#6435,(#6439,#6446),.PCURVE_S1.);
#6435 = LINE('',#6436,#6437);
#6436 = CARTESIAN_POINT('',(-26.25,8.3,-36.));
#6437 = VECTOR('',#6438,1.);
#6438 = DIRECTION('',(0.,0.,1.));
#6439 = PCURVE('',#3094,#6440);
#6440 = DEFINITIONAL_REPRESENTATION('',(#6441),#6445);
#6441 = LINE('',#6442,#6443);
#6442 = CARTESIAN_POINT('',(-25.5,-14.55));
#6443 = VECTOR('',#6444,1.);
#6444 = DIRECTION('',(1.,0.));
#6445 = ( GEOMETRIC_REPRESENTATION_CONTEXT(2) 
PARAMETRIC_REPRESENTATION_CONTEXT() REPRESENTATION_CONTEXT('2D SPACE',''
  ) );
#6446 = PCURVE('',#6447,#6452);
#6447 = PLANE('',#6448);
#6448 = AXIS2_PLACEMENT_3D('',#6449,#6450,#6451);
#6449 = CARTESIAN_POINT('',(-26.25,8.3,-36.));
#6450 = DIRECTION('',(-0.,1.,0.));
#6451 = DIRECTION('',(0.,0.,1.));
#6452 = DEFINITIONAL_REPRESENTATION('',(#6453),#6457);
#6453 = LINE('',#6454,#6455);
#6454 = CARTESIAN_POINT('',(0.,0.));
#6455 = VECTOR('',#6456,1.);
#6456 = DIRECTION('',(1.,0.));
#6457 = ( GEOMETRIC_REPRESENTATION_CONTEXT(2) 
PARAMETRIC_REPRESENTATION_CONTEXT() REPRESENTATION_CONTEXT('2D SPACE',''
  ) );
#6458 = ORIENTED_EDGE('',*,*,#6459,.F.);
#6459 = EDGE_CURVE('',#6217,#6432,#6460,.T.);
#6460 = SURFACE_CURVE('',#6461,(#6465,#6472),.PCURVE_S1.);
#6461 = LINE('',#6462,#6463);
#6462 = CARTESIAN_POINT('',(-26.25,-10.4,-10.));
#6463 = VECTOR('',#6464,1.);
#6464 = DIRECTION('',(-0.,1.,0.));
#6465 = PCURVE('',#3094,#6466);
#6466 = DEFINITIONAL_REPRESENTATION('',(#6467),#6471);
#6467 = LINE('',#6468,#6469);
#6468 = CARTESIAN_POINT('',(0.5,4.15));
#6469 = VECTOR('',#6470,1.);
#6470 = DIRECTION('',(0.,-1.));
#6471 = ( GEOMETRIC_REPRESENTATION_CONTEXT(2) 
PARAMETRIC_REPRESENTATION_CONTEXT() REPRESENTATION_CONTEXT('2D SPACE',''
  ) );
#6472 = PCURVE('',#6022,#6473);
#6473 = DEFINITIONAL_REPRESENTATION('',(#6474),#6477);
#6474 = B_SPLINE_CURVE_WITH_KNOTS('',1,(#6475,#6476),.UNSPECIFIED.,.F.,
  .F.,(2,2),(2.1,18.7),.PIECEWISE_BEZIER_KNOTS.);
#6475 = CARTESIAN_POINT('',(42.25,4.2));
#6476 = CARTESIAN_POINT('',(42.25,20.8));
#6477 = ( GEOMETRIC_REPRESENTATION_CONTEXT(2) 
PARAMETRIC_REPRESENTATION_CONTEXT() REPRESENTATION_CONTEXT('2D SPACE',''
  ) );
#6478 = ORIENTED_EDGE('',*,*,#6239,.T.);
#6479 = ORIENTED_EDGE('',*,*,#3079,.T.);
#6480 = ADVANCED_FACE('',(#6481),#3068,.T.);
#6481 = FACE_BOUND('',#6482,.T.);
#6482 = EDGE_LOOP('',(#6483,#6504,#6523,#6524));
#6483 = ORIENTED_EDGE('',*,*,#6484,.T.);
#6484 = EDGE_CURVE('',#6264,#6485,#6487,.T.);
#6485 = VERTEX_POINT('',#6486);
#6486 = CARTESIAN_POINT('',(-34.,-6.25,-10.));
#6487 = SURFACE_CURVE('',#6488,(#6492,#6498),.PCURVE_S1.);
#6488 = LINE('',#6489,#6490);
#6489 = CARTESIAN_POINT('',(-51.875,-6.25,-10.));
#6490 = VECTOR('',#6491,1.);
#6491 = DIRECTION('',(-1.,-0.,0.));
#6492 = PCURVE('',#3068,#6493);
#6493 = DEFINITIONAL_REPRESENTATION('',(#6494),#6497);
#6494 = B_SPLINE_CURVE_WITH_KNOTS('',1,(#6495,#6496),.UNSPECIFIED.,.F.,
  .F.,(2,2),(-25.625,-17.875),.PIECEWISE_BEZIER_KNOTS.);
#6495 = CARTESIAN_POINT('',(0.5,9.));
#6496 = CARTESIAN_POINT('',(0.5,1.25));
#6497 = ( GEOMETRIC_REPRESENTATION_CONTEXT(2) 
PARAMETRIC_REPRESENTATION_CONTEXT() REPRESENTATION_CONTEXT('2D SPACE',''
  ) );
#6498 = PCURVE('',#6302,#6499);
#6499 = DEFINITIONAL_REPRESENTATION('',(#6500),#6503);
#6500 = B_SPLINE_CURVE_WITH_KNOTS('',1,(#6501,#6502),.UNSPECIFIED.,.F.,
  .F.,(2,2),(-25.625,-17.875),.PIECEWISE_BEZIER_KNOTS.);
#6501 = CARTESIAN_POINT('',(42.25,6.25));
#6502 = CARTESIAN_POINT('',(34.5,6.25));
#6503 = ( GEOMETRIC_REPRESENTATION_CONTEXT(2) 
PARAMETRIC_REPRESENTATION_CONTEXT() REPRESENTATION_CONTEXT('2D SPACE',''
  ) );
#6504 = ORIENTED_EDGE('',*,*,#6505,.F.);
#6505 = EDGE_CURVE('',#3028,#6485,#6506,.T.);
#6506 = SURFACE_CURVE('',#6507,(#6511,#6517),.PCURVE_S1.);
#6507 = LINE('',#6508,#6509);
#6508 = CARTESIAN_POINT('',(-34.,-6.25,-10.5));
#6509 = VECTOR('',#6510,1.);
#6510 = DIRECTION('',(-0.,0.,-1.));
#6511 = PCURVE('',#3068,#6512);
#6512 = DEFINITIONAL_REPRESENTATION('',(#6513),#6516);
#6513 = B_SPLINE_CURVE_WITH_KNOTS('',1,(#6514,#6515),.UNSPECIFIED.,.F.,
  .F.,(2,2),(-11.,-0.),.PIECEWISE_BEZIER_KNOTS.);
#6514 = CARTESIAN_POINT('',(11.,1.25));
#6515 = CARTESIAN_POINT('',(0.,1.25));
#6516 = ( GEOMETRIC_REPRESENTATION_CONTEXT(2) 
PARAMETRIC_REPRESENTATION_CONTEXT() REPRESENTATION_CONTEXT('2D SPACE',''
  ) );
#6517 = PCURVE('',#3042,#6518);
#6518 = DEFINITIONAL_REPRESENTATION('',(#6519),#6522);
#6519 = B_SPLINE_CURVE_WITH_KNOTS('',1,(#6520,#6521),.UNSPECIFIED.,.F.,
  .F.,(2,2),(-11.,-0.),.PIECEWISE_BEZIER_KNOTS.);
#6520 = CARTESIAN_POINT('',(11.,-6.75));
#6521 = CARTESIAN_POINT('',(0.,-6.75));
#6522 = ( GEOMETRIC_REPRESENTATION_CONTEXT(2) 
PARAMETRIC_REPRESENTATION_CONTEXT() REPRESENTATION_CONTEXT('2D SPACE',''
  ) );
#6523 = ORIENTED_EDGE('',*,*,#3053,.T.);
#6524 = ORIENTED_EDGE('',*,*,#6263,.F.);
#6525 = ADVANCED_FACE('',(#6526),#3042,.F.);
#6526 = FACE_BOUND('',#6527,.F.);
#6527 = EDGE_LOOP('',(#6528,#6529,#6552,#6580,#6607,#6626));
#6528 = ORIENTED_EDGE('',*,*,#3027,.T.);
#6529 = ORIENTED_EDGE('',*,*,#6530,.F.);
#6530 = EDGE_CURVE('',#6531,#3002,#6533,.T.);
#6531 = VERTEX_POINT('',#6532);
#6532 = CARTESIAN_POINT('',(-34.,-13.,-10.5));
#6533 = SURFACE_CURVE('',#6534,(#6538,#6545),.PCURVE_S1.);
#6534 = LINE('',#6535,#6536);
#6535 = CARTESIAN_POINT('',(-34.,-13.,-10.5));
#6536 = VECTOR('',#6537,1.);
#6537 = DIRECTION('',(0.,0.,1.));
#6538 = PCURVE('',#3042,#6539);
#6539 = DEFINITIONAL_REPRESENTATION('',(#6540),#6544);
#6540 = LINE('',#6541,#6542);
#6541 = CARTESIAN_POINT('',(0.,0.));
#6542 = VECTOR('',#6543,1.);
#6543 = DIRECTION('',(1.,0.));
#6544 = ( GEOMETRIC_REPRESENTATION_CONTEXT(2) 
PARAMETRIC_REPRESENTATION_CONTEXT() REPRESENTATION_CONTEXT('2D SPACE',''
  ) );
#6545 = PCURVE('',#3016,#6546);
#6546 = DEFINITIONAL_REPRESENTATION('',(#6547),#6551);
#6547 = LINE('',#6548,#6549);
#6548 = CARTESIAN_POINT('',(0.,11.));
#6549 = VECTOR('',#6550,1.);
#6550 = DIRECTION('',(1.,0.));
#6551 = ( GEOMETRIC_REPRESENTATION_CONTEXT(2) 
PARAMETRIC_REPRESENTATION_CONTEXT() REPRESENTATION_CONTEXT('2D SPACE',''
  ) );
#6552 = ORIENTED_EDGE('',*,*,#6553,.T.);
#6553 = EDGE_CURVE('',#6531,#6554,#6556,.T.);
#6554 = VERTEX_POINT('',#6555);
#6555 = CARTESIAN_POINT('',(-34.,-12.5,-10.5));
#6556 = SURFACE_CURVE('',#6557,(#6561,#6568),.PCURVE_S1.);
#6557 = LINE('',#6558,#6559);
#6558 = CARTESIAN_POINT('',(-34.,-13.,-10.5));
#6559 = VECTOR('',#6560,1.);
#6560 = DIRECTION('',(-0.,1.,0.));
#6561 = PCURVE('',#3042,#6562);
#6562 = DEFINITIONAL_REPRESENTATION('',(#6563),#6567);
#6563 = LINE('',#6564,#6565);
#6564 = CARTESIAN_POINT('',(0.,0.));
#6565 = VECTOR('',#6566,1.);
#6566 = DIRECTION('',(0.,-1.));
#6567 = ( GEOMETRIC_REPRESENTATION_CONTEXT(2) 
PARAMETRIC_REPRESENTATION_CONTEXT() REPRESENTATION_CONTEXT('2D SPACE',''
  ) );
#6568 = PCURVE('',#6569,#6574);
#6569 = PLANE('',#6570);
#6570 = AXIS2_PLACEMENT_3D('',#6571,#6572,#6573);
#6571 = CARTESIAN_POINT('',(-35.25,-6.25,-10.5));
#6572 = DIRECTION('',(0.,0.,1.));
#6573 = DIRECTION('',(1.,0.,-0.));
#6574 = DEFINITIONAL_REPRESENTATION('',(#6575),#6579);
#6575 = LINE('',#6576,#6577);
#6576 = CARTESIAN_POINT('',(1.25,-6.75));
#6577 = VECTOR('',#6578,1.);
#6578 = DIRECTION('',(0.,1.));
#6579 = ( GEOMETRIC_REPRESENTATION_CONTEXT(2) 
PARAMETRIC_REPRESENTATION_CONTEXT() REPRESENTATION_CONTEXT('2D SPACE',''
  ) );
#6580 = ORIENTED_EDGE('',*,*,#6581,.F.);
#6581 = EDGE_CURVE('',#6582,#6554,#6584,.T.);
#6582 = VERTEX_POINT('',#6583);
#6583 = CARTESIAN_POINT('',(-34.,-12.5,-10.));
#6584 = SURFACE_CURVE('',#6585,(#6589,#6595),.PCURVE_S1.);
#6585 = LINE('',#6586,#6587);
#6586 = CARTESIAN_POINT('',(-34.,-12.5,-60.5));
#6587 = VECTOR('',#6588,1.);
#6588 = DIRECTION('',(-0.,0.,-1.));
#6589 = PCURVE('',#3042,#6590);
#6590 = DEFINITIONAL_REPRESENTATION('',(#6591),#6594);
#6591 = B_SPLINE_CURVE_WITH_KNOTS('',1,(#6592,#6593),.UNSPECIFIED.,.F.,
  .F.,(2,2),(-50.5,-50.),.PIECEWISE_BEZIER_KNOTS.);
#6592 = CARTESIAN_POINT('',(0.5,-0.5));
#6593 = CARTESIAN_POINT('',(0.,-0.5));
#6594 = ( GEOMETRIC_REPRESENTATION_CONTEXT(2) 
PARAMETRIC_REPRESENTATION_CONTEXT() REPRESENTATION_CONTEXT('2D SPACE',''
  ) );
#6595 = PCURVE('',#6596,#6601);
#6596 = PLANE('',#6597);
#6597 = AXIS2_PLACEMENT_3D('',#6598,#6599,#6600);
#6598 = CARTESIAN_POINT('',(-68.5,-12.5,-110.5));
#6599 = DIRECTION('',(0.,1.,0.));
#6600 = DIRECTION('',(0.,0.,1.));
#6601 = DEFINITIONAL_REPRESENTATION('',(#6602),#6606);
#6602 = LINE('',#6603,#6604);
#6603 = CARTESIAN_POINT('',(50.,34.5));
#6604 = VECTOR('',#6605,1.);
#6605 = DIRECTION('',(-1.,0.));
#6606 = ( GEOMETRIC_REPRESENTATION_CONTEXT(2) 
PARAMETRIC_REPRESENTATION_CONTEXT() REPRESENTATION_CONTEXT('2D SPACE',''
  ) );
#6607 = ORIENTED_EDGE('',*,*,#6608,.T.);
#6608 = EDGE_CURVE('',#6582,#6485,#6609,.T.);
#6609 = SURFACE_CURVE('',#6610,(#6614,#6620),.PCURVE_S1.);
#6610 = LINE('',#6611,#6612);
#6611 = CARTESIAN_POINT('',(-34.,-12.75,-10.));
#6612 = VECTOR('',#6613,1.);
#6613 = DIRECTION('',(-0.,1.,0.));
#6614 = PCURVE('',#3042,#6615);
#6615 = DEFINITIONAL_REPRESENTATION('',(#6616),#6619);
#6616 = B_SPLINE_CURVE_WITH_KNOTS('',1,(#6617,#6618),.UNSPECIFIED.,.F.,
  .F.,(2,2),(0.25,6.5),.PIECEWISE_BEZIER_KNOTS.);
#6617 = CARTESIAN_POINT('',(0.5,-0.5));
#6618 = CARTESIAN_POINT('',(0.5,-6.75));
#6619 = ( GEOMETRIC_REPRESENTATION_CONTEXT(2) 
PARAMETRIC_REPRESENTATION_CONTEXT() REPRESENTATION_CONTEXT('2D SPACE',''
  ) );
#6620 = PCURVE('',#6302,#6621);
#6621 = DEFINITIONAL_REPRESENTATION('',(#6622),#6625);
#6622 = B_SPLINE_CURVE_WITH_KNOTS('',1,(#6623,#6624),.UNSPECIFIED.,.F.,
  .F.,(2,2),(0.25,6.5),.PIECEWISE_BEZIER_KNOTS.);
#6623 = CARTESIAN_POINT('',(34.5,-8.881784197001E-16));
#6624 = CARTESIAN_POINT('',(34.5,6.25));
#6625 = ( GEOMETRIC_REPRESENTATION_CONTEXT(2) 
PARAMETRIC_REPRESENTATION_CONTEXT() REPRESENTATION_CONTEXT('2D SPACE',''
  ) );
#6626 = ORIENTED_EDGE('',*,*,#6505,.F.);
#6627 = ADVANCED_FACE('',(#6628),#3016,.T.);
#6628 = FACE_BOUND('',#6629,.T.);
#6629 = EDGE_LOOP('',(#6630,#6631,#6654,#6675));
#6630 = ORIENTED_EDGE('',*,*,#6530,.F.);
#6631 = ORIENTED_EDGE('',*,*,#6632,.F.);
#6632 = EDGE_CURVE('',#6633,#6531,#6635,.T.);
#6633 = VERTEX_POINT('',#6634);
#6634 = CARTESIAN_POINT('',(-45.,-13.,-10.5));
#6635 = SURFACE_CURVE('',#6636,(#6640,#6647),.PCURVE_S1.);
#6636 = LINE('',#6637,#6638);
#6637 = CARTESIAN_POINT('',(-45.,-13.,-10.5));
#6638 = VECTOR('',#6639,1.);
#6639 = DIRECTION('',(1.,0.,-0.));
#6640 = PCURVE('',#3016,#6641);
#6641 = DEFINITIONAL_REPRESENTATION('',(#6642),#6646);
#6642 = LINE('',#6643,#6644);
#6643 = CARTESIAN_POINT('',(0.,0.));
#6644 = VECTOR('',#6645,1.);
#6645 = DIRECTION('',(0.,1.));
#6646 = ( GEOMETRIC_REPRESENTATION_CONTEXT(2) 
PARAMETRIC_REPRESENTATION_CONTEXT() REPRESENTATION_CONTEXT('2D SPACE',''
  ) );
#6647 = PCURVE('',#6569,#6648);
#6648 = DEFINITIONAL_REPRESENTATION('',(#6649),#6653);
#6649 = LINE('',#6650,#6651);
#6650 = CARTESIAN_POINT('',(-9.75,-6.75));
#6651 = VECTOR('',#6652,1.);
#6652 = DIRECTION('',(1.,0.));
#6653 = ( GEOMETRIC_REPRESENTATION_CONTEXT(2) 
PARAMETRIC_REPRESENTATION_CONTEXT() REPRESENTATION_CONTEXT('2D SPACE',''
  ) );
#6654 = ORIENTED_EDGE('',*,*,#6655,.T.);
#6655 = EDGE_CURVE('',#6633,#2976,#6656,.T.);
#6656 = SURFACE_CURVE('',#6657,(#6661,#6668),.PCURVE_S1.);
#6657 = LINE('',#6658,#6659);
#6658 = CARTESIAN_POINT('',(-45.,-13.,-10.5));
#6659 = VECTOR('',#6660,1.);
#6660 = DIRECTION('',(0.,0.,1.));
#6661 = PCURVE('',#3016,#6662);
#6662 = DEFINITIONAL_REPRESENTATION('',(#6663),#6667);
#6663 = LINE('',#6664,#6665);
#6664 = CARTESIAN_POINT('',(0.,0.));
#6665 = VECTOR('',#6666,1.);
#6666 = DIRECTION('',(1.,0.));
#6667 = ( GEOMETRIC_REPRESENTATION_CONTEXT(2) 
PARAMETRIC_REPRESENTATION_CONTEXT() REPRESENTATION_CONTEXT('2D SPACE',''
  ) );
#6668 = PCURVE('',#2990,#6669);
#6669 = DEFINITIONAL_REPRESENTATION('',(#6670),#6674);
#6670 = LINE('',#6671,#6672);
#6671 = CARTESIAN_POINT('',(0.,0.));
#6672 = VECTOR('',#6673,1.);
#6673 = DIRECTION('',(1.,0.));
#6674 = ( GEOMETRIC_REPRESENTATION_CONTEXT(2) 
PARAMETRIC_REPRESENTATION_CONTEXT() REPRESENTATION_CONTEXT('2D SPACE',''
  ) );
#6675 = ORIENTED_EDGE('',*,*,#3001,.T.);
#6676 = ADVANCED_FACE('',(#6677),#2990,.T.);
#6677 = FACE_BOUND('',#6678,.T.);
#6678 = EDGE_LOOP('',(#6679,#6680,#6703,#6725,#6746,#6767));
#6679 = ORIENTED_EDGE('',*,*,#6655,.F.);
#6680 = ORIENTED_EDGE('',*,*,#6681,.T.);
#6681 = EDGE_CURVE('',#6633,#6682,#6684,.T.);
#6682 = VERTEX_POINT('',#6683);
#6683 = CARTESIAN_POINT('',(-45.,-12.5,-10.5));
#6684 = SURFACE_CURVE('',#6685,(#6689,#6696),.PCURVE_S1.);
#6685 = LINE('',#6686,#6687);
#6686 = CARTESIAN_POINT('',(-45.,-13.,-10.5));
#6687 = VECTOR('',#6688,1.);
#6688 = DIRECTION('',(-0.,1.,0.));
#6689 = PCURVE('',#2990,#6690);
#6690 = DEFINITIONAL_REPRESENTATION('',(#6691),#6695);
#6691 = LINE('',#6692,#6693);
#6692 = CARTESIAN_POINT('',(0.,0.));
#6693 = VECTOR('',#6694,1.);
#6694 = DIRECTION('',(0.,-1.));
#6695 = ( GEOMETRIC_REPRESENTATION_CONTEXT(2) 
PARAMETRIC_REPRESENTATION_CONTEXT() REPRESENTATION_CONTEXT('2D SPACE',''
  ) );
#6696 = PCURVE('',#6569,#6697);
#6697 = DEFINITIONAL_REPRESENTATION('',(#6698),#6702);
#6698 = LINE('',#6699,#6700);
#6699 = CARTESIAN_POINT('',(-9.75,-6.75));
#6700 = VECTOR('',#6701,1.);
#6701 = DIRECTION('',(0.,1.));
#6702 = ( GEOMETRIC_REPRESENTATION_CONTEXT(2) 
PARAMETRIC_REPRESENTATION_CONTEXT() REPRESENTATION_CONTEXT('2D SPACE',''
  ) );
#6703 = ORIENTED_EDGE('',*,*,#6704,.F.);
#6704 = EDGE_CURVE('',#6705,#6682,#6707,.T.);
#6705 = VERTEX_POINT('',#6706);
#6706 = CARTESIAN_POINT('',(-45.,-12.5,-10.));
#6707 = SURFACE_CURVE('',#6708,(#6712,#6718),.PCURVE_S1.);
#6708 = LINE('',#6709,#6710);
#6709 = CARTESIAN_POINT('',(-45.,-12.5,-60.5));
#6710 = VECTOR('',#6711,1.);
#6711 = DIRECTION('',(-0.,0.,-1.));
#6712 = PCURVE('',#2990,#6713);
#6713 = DEFINITIONAL_REPRESENTATION('',(#6714),#6717);
#6714 = B_SPLINE_CURVE_WITH_KNOTS('',1,(#6715,#6716),.UNSPECIFIED.,.F.,
  .F.,(2,2),(-50.5,-50.),.PIECEWISE_BEZIER_KNOTS.);
#6715 = CARTESIAN_POINT('',(0.5,-0.5));
#6716 = CARTESIAN_POINT('',(0.,-0.5));
#6717 = ( GEOMETRIC_REPRESENTATION_CONTEXT(2) 
PARAMETRIC_REPRESENTATION_CONTEXT() REPRESENTATION_CONTEXT('2D SPACE',''
  ) );
#6718 = PCURVE('',#6596,#6719);
#6719 = DEFINITIONAL_REPRESENTATION('',(#6720),#6724);
#6720 = LINE('',#6721,#6722);
#6721 = CARTESIAN_POINT('',(50.,23.5));
#6722 = VECTOR('',#6723,1.);
#6723 = DIRECTION('',(-1.,0.));
#6724 = ( GEOMETRIC_REPRESENTATION_CONTEXT(2) 
PARAMETRIC_REPRESENTATION_CONTEXT() REPRESENTATION_CONTEXT('2D SPACE',''
  ) );
#6725 = ORIENTED_EDGE('',*,*,#6726,.T.);
#6726 = EDGE_CURVE('',#6705,#6727,#6729,.T.);
#6727 = VERTEX_POINT('',#6728);
#6728 = CARTESIAN_POINT('',(-45.,-4.,-10.));
#6729 = SURFACE_CURVE('',#6730,(#6734,#6740),.PCURVE_S1.);
#6730 = LINE('',#6731,#6732);
#6731 = CARTESIAN_POINT('',(-45.,-12.75,-10.));
#6732 = VECTOR('',#6733,1.);
#6733 = DIRECTION('',(-0.,1.,0.));
#6734 = PCURVE('',#2990,#6735);
#6735 = DEFINITIONAL_REPRESENTATION('',(#6736),#6739);
#6736 = B_SPLINE_CURVE_WITH_KNOTS('',1,(#6737,#6738),.UNSPECIFIED.,.F.,
  .F.,(2,2),(0.25,8.75),.PIECEWISE_BEZIER_KNOTS.);
#6737 = CARTESIAN_POINT('',(0.5,-0.5));
#6738 = CARTESIAN_POINT('',(0.5,-9.));
#6739 = ( GEOMETRIC_REPRESENTATION_CONTEXT(2) 
PARAMETRIC_REPRESENTATION_CONTEXT() REPRESENTATION_CONTEXT('2D SPACE',''
  ) );
#6740 = PCURVE('',#6022,#6741);
#6741 = DEFINITIONAL_REPRESENTATION('',(#6742),#6745);
#6742 = B_SPLINE_CURVE_WITH_KNOTS('',1,(#6743,#6744),.UNSPECIFIED.,.F.,
  .F.,(2,2),(0.25,8.75),.PIECEWISE_BEZIER_KNOTS.);
#6743 = CARTESIAN_POINT('',(23.5,-8.881784197001E-16));
#6744 = CARTESIAN_POINT('',(23.5,8.5));
#6745 = ( GEOMETRIC_REPRESENTATION_CONTEXT(2) 
PARAMETRIC_REPRESENTATION_CONTEXT() REPRESENTATION_CONTEXT('2D SPACE',''
  ) );
#6746 = ORIENTED_EDGE('',*,*,#6747,.T.);
#6747 = EDGE_CURVE('',#6727,#2950,#6748,.T.);
#6748 = SURFACE_CURVE('',#6749,(#6753,#6760),.PCURVE_S1.);
#6749 = LINE('',#6750,#6751);
#6750 = CARTESIAN_POINT('',(-45.,-4.,-10.5));
#6751 = VECTOR('',#6752,1.);
#6752 = DIRECTION('',(0.,0.,1.));
#6753 = PCURVE('',#2990,#6754);
#6754 = DEFINITIONAL_REPRESENTATION('',(#6755),#6759);
#6755 = LINE('',#6756,#6757);
#6756 = CARTESIAN_POINT('',(0.,-9.));
#6757 = VECTOR('',#6758,1.);
#6758 = DIRECTION('',(1.,0.));
#6759 = ( GEOMETRIC_REPRESENTATION_CONTEXT(2) 
PARAMETRIC_REPRESENTATION_CONTEXT() REPRESENTATION_CONTEXT('2D SPACE',''
  ) );
#6760 = PCURVE('',#2964,#6761);
#6761 = DEFINITIONAL_REPRESENTATION('',(#6762),#6766);
#6762 = LINE('',#6763,#6764);
#6763 = CARTESIAN_POINT('',(0.,0.));
#6764 = VECTOR('',#6765,1.);
#6765 = DIRECTION('',(1.,0.));
#6766 = ( GEOMETRIC_REPRESENTATION_CONTEXT(2) 
PARAMETRIC_REPRESENTATION_CONTEXT() REPRESENTATION_CONTEXT('2D SPACE',''
  ) );
#6767 = ORIENTED_EDGE('',*,*,#2975,.T.);
#6768 = ADVANCED_FACE('',(#6769),#2964,.F.);
#6769 = FACE_BOUND('',#6770,.F.);
#6770 = EDGE_LOOP('',(#6771,#6792,#6793,#6794));
#6771 = ORIENTED_EDGE('',*,*,#6772,.T.);
#6772 = EDGE_CURVE('',#6773,#6727,#6775,.T.);
#6773 = VERTEX_POINT('',#6774);
#6774 = CARTESIAN_POINT('',(-35.25,-4.,-10.));
#6775 = SURFACE_CURVE('',#6776,(#6780,#6786),.PCURVE_S1.);
#6776 = LINE('',#6777,#6778);
#6777 = CARTESIAN_POINT('',(-56.75,-4.,-10.));
#6778 = VECTOR('',#6779,1.);
#6779 = DIRECTION('',(-1.,-0.,0.));
#6780 = PCURVE('',#2964,#6781);
#6781 = DEFINITIONAL_REPRESENTATION('',(#6782),#6785);
#6782 = B_SPLINE_CURVE_WITH_KNOTS('',1,(#6783,#6784),.UNSPECIFIED.,.F.,
  .F.,(2,2),(-21.5,-11.75),.PIECEWISE_BEZIER_KNOTS.);
#6783 = CARTESIAN_POINT('',(0.5,9.75));
#6784 = CARTESIAN_POINT('',(0.5,0.));
#6785 = ( GEOMETRIC_REPRESENTATION_CONTEXT(2) 
PARAMETRIC_REPRESENTATION_CONTEXT() REPRESENTATION_CONTEXT('2D SPACE',''
  ) );
#6786 = PCURVE('',#6022,#6787);
#6787 = DEFINITIONAL_REPRESENTATION('',(#6788),#6791);
#6788 = B_SPLINE_CURVE_WITH_KNOTS('',1,(#6789,#6790),.UNSPECIFIED.,.F.,
  .F.,(2,2),(-21.5,-11.75),.PIECEWISE_BEZIER_KNOTS.);
#6789 = CARTESIAN_POINT('',(33.25,8.5));
#6790 = CARTESIAN_POINT('',(23.5,8.5));
#6791 = ( GEOMETRIC_REPRESENTATION_CONTEXT(2) 
PARAMETRIC_REPRESENTATION_CONTEXT() REPRESENTATION_CONTEXT('2D SPACE',''
  ) );
#6792 = ORIENTED_EDGE('',*,*,#6747,.T.);
#6793 = ORIENTED_EDGE('',*,*,#2949,.T.);
#6794 = ORIENTED_EDGE('',*,*,#6795,.F.);
#6795 = EDGE_CURVE('',#6773,#2924,#6796,.T.);
#6796 = SURFACE_CURVE('',#6797,(#6801,#6807),.PCURVE_S1.);
#6797 = LINE('',#6798,#6799);
#6798 = CARTESIAN_POINT('',(-35.25,-4.,-10.5));
#6799 = VECTOR('',#6800,1.);
#6800 = DIRECTION('',(0.,0.,1.));
#6801 = PCURVE('',#2964,#6802);
#6802 = DEFINITIONAL_REPRESENTATION('',(#6803),#6806);
#6803 = B_SPLINE_CURVE_WITH_KNOTS('',1,(#6804,#6805),.UNSPECIFIED.,.F.,
  .F.,(2,2),(0.,11.),.PIECEWISE_BEZIER_KNOTS.);
#6804 = CARTESIAN_POINT('',(0.,9.75));
#6805 = CARTESIAN_POINT('',(11.,9.75));
#6806 = ( GEOMETRIC_REPRESENTATION_CONTEXT(2) 
PARAMETRIC_REPRESENTATION_CONTEXT() REPRESENTATION_CONTEXT('2D SPACE',''
  ) );
#6807 = PCURVE('',#2938,#6808);
#6808 = DEFINITIONAL_REPRESENTATION('',(#6809),#6812);
#6809 = B_SPLINE_CURVE_WITH_KNOTS('',1,(#6810,#6811),.UNSPECIFIED.,.F.,
  .F.,(2,2),(0.,11.),.PIECEWISE_BEZIER_KNOTS.);
#6810 = CARTESIAN_POINT('',(0.,-2.25));
#6811 = CARTESIAN_POINT('',(11.,-2.25));
#6812 = ( GEOMETRIC_REPRESENTATION_CONTEXT(2) 
PARAMETRIC_REPRESENTATION_CONTEXT() REPRESENTATION_CONTEXT('2D SPACE',''
  ) );
#6813 = ADVANCED_FACE('',(#6814),#2938,.T.);
#6814 = FACE_BOUND('',#6815,.T.);
#6815 = EDGE_LOOP('',(#6816,#6817,#6818,#6837));
#6816 = ORIENTED_EDGE('',*,*,#2923,.T.);
#6817 = ORIENTED_EDGE('',*,*,#6795,.F.);
#6818 = ORIENTED_EDGE('',*,*,#6819,.T.);
#6819 = EDGE_CURVE('',#6773,#6008,#6820,.T.);
#6820 = SURFACE_CURVE('',#6821,(#6825,#6831),.PCURVE_S1.);
#6821 = LINE('',#6822,#6823);
#6822 = CARTESIAN_POINT('',(-35.25,-9.375,-10.));
#6823 = VECTOR('',#6824,1.);
#6824 = DIRECTION('',(-0.,1.,0.));
#6825 = PCURVE('',#2938,#6826);
#6826 = DEFINITIONAL_REPRESENTATION('',(#6827),#6830);
#6827 = B_SPLINE_CURVE_WITH_KNOTS('',1,(#6828,#6829),.UNSPECIFIED.,.F.,
  .F.,(2,2),(5.375,15.625),.PIECEWISE_BEZIER_KNOTS.);
#6828 = CARTESIAN_POINT('',(0.5,-2.25));
#6829 = CARTESIAN_POINT('',(0.5,-12.5));
#6830 = ( GEOMETRIC_REPRESENTATION_CONTEXT(2) 
PARAMETRIC_REPRESENTATION_CONTEXT() REPRESENTATION_CONTEXT('2D SPACE',''
  ) );
#6831 = PCURVE('',#6022,#6832);
#6832 = DEFINITIONAL_REPRESENTATION('',(#6833),#6836);
#6833 = B_SPLINE_CURVE_WITH_KNOTS('',1,(#6834,#6835),.UNSPECIFIED.,.F.,
  .F.,(2,2),(5.375,15.625),.PIECEWISE_BEZIER_KNOTS.);
#6834 = CARTESIAN_POINT('',(33.25,8.5));
#6835 = CARTESIAN_POINT('',(33.25,18.75));
#6836 = ( GEOMETRIC_REPRESENTATION_CONTEXT(2) 
PARAMETRIC_REPRESENTATION_CONTEXT() REPRESENTATION_CONTEXT('2D SPACE',''
  ) );
#6837 = ORIENTED_EDGE('',*,*,#6033,.T.);
#6838 = ADVANCED_FACE('',(#6839),#3228,.T.);
#6839 = FACE_BOUND('',#6840,.T.);
#6840 = EDGE_LOOP('',(#6841,#6842,#6865,#6893));
#6841 = ORIENTED_EDGE('',*,*,#3210,.F.);
#6842 = ORIENTED_EDGE('',*,*,#6843,.F.);
#6843 = EDGE_CURVE('',#6844,#3211,#6846,.T.);
#6844 = VERTEX_POINT('',#6845);
#6845 = CARTESIAN_POINT('',(-73.25,-18.25,-1.6));
#6846 = SURFACE_CURVE('',#6847,(#6851,#6858),.PCURVE_S1.);
#6847 = LINE('',#6848,#6849);
#6848 = CARTESIAN_POINT('',(-73.25,-18.25,-1.6));
#6849 = VECTOR('',#6850,1.);
#6850 = DIRECTION('',(0.,0.,1.));
#6851 = PCURVE('',#3228,#6852);
#6852 = DEFINITIONAL_REPRESENTATION('',(#6853),#6857);
#6853 = LINE('',#6854,#6855);
#6854 = CARTESIAN_POINT('',(0.,0.));
#6855 = VECTOR('',#6856,1.);
#6856 = DIRECTION('',(1.,0.));
#6857 = ( GEOMETRIC_REPRESENTATION_CONTEXT(2) 
PARAMETRIC_REPRESENTATION_CONTEXT() REPRESENTATION_CONTEXT('2D SPACE',''
  ) );
#6858 = PCURVE('',#3256,#6859);
#6859 = DEFINITIONAL_REPRESENTATION('',(#6860),#6864);
#6860 = LINE('',#6861,#6862);
#6861 = CARTESIAN_POINT('',(0.,0.));
#6862 = VECTOR('',#6863,1.);
#6863 = DIRECTION('',(1.,0.));
#6864 = ( GEOMETRIC_REPRESENTATION_CONTEXT(2) 
PARAMETRIC_REPRESENTATION_CONTEXT() REPRESENTATION_CONTEXT('2D SPACE',''
  ) );
#6865 = ORIENTED_EDGE('',*,*,#6866,.T.);
#6866 = EDGE_CURVE('',#6844,#6867,#6869,.T.);
#6867 = VERTEX_POINT('',#6868);
#6868 = CARTESIAN_POINT('',(-73.25,-13.25,-1.6));
#6869 = SURFACE_CURVE('',#6870,(#6874,#6881),.PCURVE_S1.);
#6870 = LINE('',#6871,#6872);
#6871 = CARTESIAN_POINT('',(-73.25,-18.25,-1.6));
#6872 = VECTOR('',#6873,1.);
#6873 = DIRECTION('',(-0.,1.,0.));
#6874 = PCURVE('',#3228,#6875);
#6875 = DEFINITIONAL_REPRESENTATION('',(#6876),#6880);
#6876 = LINE('',#6877,#6878);
#6877 = CARTESIAN_POINT('',(0.,0.));
#6878 = VECTOR('',#6879,1.);
#6879 = DIRECTION('',(0.,-1.));
#6880 = ( GEOMETRIC_REPRESENTATION_CONTEXT(2) 
PARAMETRIC_REPRESENTATION_CONTEXT() REPRESENTATION_CONTEXT('2D SPACE',''
  ) );
#6881 = PCURVE('',#6882,#6887);
#6882 = PLANE('',#6883);
#6883 = AXIS2_PLACEMENT_3D('',#6884,#6885,#6886);
#6884 = CARTESIAN_POINT('',(-83.25,-18.25,-1.6));
#6885 = DIRECTION('',(0.,0.,1.));
#6886 = DIRECTION('',(1.,0.,-0.));
#6887 = DEFINITIONAL_REPRESENTATION('',(#6888),#6892);
#6888 = LINE('',#6889,#6890);
#6889 = CARTESIAN_POINT('',(10.,0.));
#6890 = VECTOR('',#6891,1.);
#6891 = DIRECTION('',(0.,1.));
#6892 = ( GEOMETRIC_REPRESENTATION_CONTEXT(2) 
PARAMETRIC_REPRESENTATION_CONTEXT() REPRESENTATION_CONTEXT('2D SPACE',''
  ) );
#6893 = ORIENTED_EDGE('',*,*,#6894,.T.);
#6894 = EDGE_CURVE('',#6867,#3213,#6895,.T.);
#6895 = SURFACE_CURVE('',#6896,(#6900,#6906),.PCURVE_S1.);
#6896 = LINE('',#6897,#6898);
#6897 = CARTESIAN_POINT('',(-73.25,-13.25,-1.6));
#6898 = VECTOR('',#6899,1.);
#6899 = DIRECTION('',(0.,0.,1.));
#6900 = PCURVE('',#3228,#6901);
#6901 = DEFINITIONAL_REPRESENTATION('',(#6902),#6905);
#6902 = B_SPLINE_CURVE_WITH_KNOTS('',1,(#6903,#6904),.UNSPECIFIED.,.F.,
  .F.,(2,2),(0.,1.6),.PIECEWISE_BEZIER_KNOTS.);
#6903 = CARTESIAN_POINT('',(0.,-5.));
#6904 = CARTESIAN_POINT('',(1.6,-5.));
#6905 = ( GEOMETRIC_REPRESENTATION_CONTEXT(2) 
PARAMETRIC_REPRESENTATION_CONTEXT() REPRESENTATION_CONTEXT('2D SPACE',''
  ) );
#6906 = PCURVE('',#3422,#6907);
#6907 = DEFINITIONAL_REPRESENTATION('',(#6908),#6911);
#6908 = B_SPLINE_CURVE_WITH_KNOTS('',1,(#6909,#6910),.UNSPECIFIED.,.F.,
  .F.,(2,2),(0.,1.6),.PIECEWISE_BEZIER_KNOTS.);
#6909 = CARTESIAN_POINT('',(0.,10.));
#6910 = CARTESIAN_POINT('',(1.6,10.));
#6911 = ( GEOMETRIC_REPRESENTATION_CONTEXT(2) 
PARAMETRIC_REPRESENTATION_CONTEXT() REPRESENTATION_CONTEXT('2D SPACE',''
  ) );
#6912 = ADVANCED_FACE('',(#6913),#3422,.T.);
#6913 = FACE_BOUND('',#6914,.T.);
#6914 = EDGE_LOOP('',(#6915,#6938,#6959,#6960));
#6915 = ORIENTED_EDGE('',*,*,#6916,.F.);
#6916 = EDGE_CURVE('',#6917,#6867,#6919,.T.);
#6917 = VERTEX_POINT('',#6918);
#6918 = CARTESIAN_POINT('',(-83.25,-13.25,-1.6));
#6919 = SURFACE_CURVE('',#6920,(#6924,#6931),.PCURVE_S1.);
#6920 = LINE('',#6921,#6922);
#6921 = CARTESIAN_POINT('',(-83.25,-13.25,-1.6));
#6922 = VECTOR('',#6923,1.);
#6923 = DIRECTION('',(1.,0.,-0.));
#6924 = PCURVE('',#3422,#6925);
#6925 = DEFINITIONAL_REPRESENTATION('',(#6926),#6930);
#6926 = LINE('',#6927,#6928);
#6927 = CARTESIAN_POINT('',(0.,0.));
#6928 = VECTOR('',#6929,1.);
#6929 = DIRECTION('',(0.,1.));
#6930 = ( GEOMETRIC_REPRESENTATION_CONTEXT(2) 
PARAMETRIC_REPRESENTATION_CONTEXT() REPRESENTATION_CONTEXT('2D SPACE',''
  ) );
#6931 = PCURVE('',#6882,#6932);
#6932 = DEFINITIONAL_REPRESENTATION('',(#6933),#6937);
#6933 = LINE('',#6934,#6935);
#6934 = CARTESIAN_POINT('',(0.,5.));
#6935 = VECTOR('',#6936,1.);
#6936 = DIRECTION('',(1.,0.));
#6937 = ( GEOMETRIC_REPRESENTATION_CONTEXT(2) 
PARAMETRIC_REPRESENTATION_CONTEXT() REPRESENTATION_CONTEXT('2D SPACE',''
  ) );
#6938 = ORIENTED_EDGE('',*,*,#6939,.T.);
#6939 = EDGE_CURVE('',#6917,#3381,#6940,.T.);
#6940 = SURFACE_CURVE('',#6941,(#6945,#6952),.PCURVE_S1.);
#6941 = LINE('',#6942,#6943);
#6942 = CARTESIAN_POINT('',(-83.25,-13.25,-1.6));
#6943 = VECTOR('',#6944,1.);
#6944 = DIRECTION('',(0.,0.,1.));
#6945 = PCURVE('',#3422,#6946);
#6946 = DEFINITIONAL_REPRESENTATION('',(#6947),#6951);
#6947 = LINE('',#6948,#6949);
#6948 = CARTESIAN_POINT('',(0.,0.));
#6949 = VECTOR('',#6950,1.);
#6950 = DIRECTION('',(1.,0.));
#6951 = ( GEOMETRIC_REPRESENTATION_CONTEXT(2) 
PARAMETRIC_REPRESENTATION_CONTEXT() REPRESENTATION_CONTEXT('2D SPACE',''
  ) );
#6952 = PCURVE('',#3396,#6953);
#6953 = DEFINITIONAL_REPRESENTATION('',(#6954),#6958);
#6954 = LINE('',#6955,#6956);
#6955 = CARTESIAN_POINT('',(0.,0.));
#6956 = VECTOR('',#6957,1.);
#6957 = DIRECTION('',(1.,0.));
#6958 = ( GEOMETRIC_REPRESENTATION_CONTEXT(2) 
PARAMETRIC_REPRESENTATION_CONTEXT() REPRESENTATION_CONTEXT('2D SPACE',''
  ) );
#6959 = ORIENTED_EDGE('',*,*,#3408,.T.);
#6960 = ORIENTED_EDGE('',*,*,#6894,.F.);
#6961 = ADVANCED_FACE('',(#6962),#3396,.T.);
#6962 = FACE_BOUND('',#6963,.T.);
#6963 = EDGE_LOOP('',(#6964,#6965,#6988,#7011,#7039,#7062,#7090,#7111));
#6964 = ORIENTED_EDGE('',*,*,#6939,.F.);
#6965 = ORIENTED_EDGE('',*,*,#6966,.F.);
#6966 = EDGE_CURVE('',#6967,#6917,#6969,.T.);
#6967 = VERTEX_POINT('',#6968);
#6968 = CARTESIAN_POINT('',(-83.25,-18.25,-1.6));
#6969 = SURFACE_CURVE('',#6970,(#6974,#6981),.PCURVE_S1.);
#6970 = LINE('',#6971,#6972);
#6971 = CARTESIAN_POINT('',(-83.25,-18.25,-1.6));
#6972 = VECTOR('',#6973,1.);
#6973 = DIRECTION('',(-0.,1.,0.));
#6974 = PCURVE('',#3396,#6975);
#6975 = DEFINITIONAL_REPRESENTATION('',(#6976),#6980);
#6976 = LINE('',#6977,#6978);
#6977 = CARTESIAN_POINT('',(0.,5.));
#6978 = VECTOR('',#6979,1.);
#6979 = DIRECTION('',(0.,-1.));
#6980 = ( GEOMETRIC_REPRESENTATION_CONTEXT(2) 
PARAMETRIC_REPRESENTATION_CONTEXT() REPRESENTATION_CONTEXT('2D SPACE',''
  ) );
#6981 = PCURVE('',#6882,#6982);
#6982 = DEFINITIONAL_REPRESENTATION('',(#6983),#6987);
#6983 = LINE('',#6984,#6985);
#6984 = CARTESIAN_POINT('',(0.,0.));
#6985 = VECTOR('',#6986,1.);
#6986 = DIRECTION('',(0.,1.));
#6987 = ( GEOMETRIC_REPRESENTATION_CONTEXT(2) 
PARAMETRIC_REPRESENTATION_CONTEXT() REPRESENTATION_CONTEXT('2D SPACE',''
  ) );
#6988 = ORIENTED_EDGE('',*,*,#6989,.F.);
#6989 = EDGE_CURVE('',#6990,#6967,#6992,.T.);
#6990 = VERTEX_POINT('',#6991);
#6991 = CARTESIAN_POINT('',(-83.25,-18.25,-3.9));
#6992 = SURFACE_CURVE('',#6993,(#6997,#7004),.PCURVE_S1.);
#6993 = LINE('',#6994,#6995);
#6994 = CARTESIAN_POINT('',(-83.25,-18.25,-3.9));
#6995 = VECTOR('',#6996,1.);
#6996 = DIRECTION('',(0.,0.,1.));
#6997 = PCURVE('',#3396,#6998);
#6998 = DEFINITIONAL_REPRESENTATION('',(#6999),#7003);
#6999 = LINE('',#7000,#7001);
#7000 = CARTESIAN_POINT('',(-2.3,5.));
#7001 = VECTOR('',#7002,1.);
#7002 = DIRECTION('',(1.,0.));
#7003 = ( GEOMETRIC_REPRESENTATION_CONTEXT(2) 
PARAMETRIC_REPRESENTATION_CONTEXT() REPRESENTATION_CONTEXT('2D SPACE',''
  ) );
#7004 = PCURVE('',#3256,#7005);
#7005 = DEFINITIONAL_REPRESENTATION('',(#7006),#7010);
#7006 = LINE('',#7007,#7008);
#7007 = CARTESIAN_POINT('',(-2.3,-10.));
#7008 = VECTOR('',#7009,1.);
#7009 = DIRECTION('',(1.,0.));
#7010 = ( GEOMETRIC_REPRESENTATION_CONTEXT(2) 
PARAMETRIC_REPRESENTATION_CONTEXT() REPRESENTATION_CONTEXT('2D SPACE',''
  ) );
#7011 = ORIENTED_EDGE('',*,*,#7012,.T.);
#7012 = EDGE_CURVE('',#6990,#7013,#7015,.T.);
#7013 = VERTEX_POINT('',#7014);
#7014 = CARTESIAN_POINT('',(-83.25,18.25,-3.9));
#7015 = SURFACE_CURVE('',#7016,(#7020,#7027),.PCURVE_S1.);
#7016 = LINE('',#7017,#7018);
#7017 = CARTESIAN_POINT('',(-83.25,-18.25,-3.9));
#7018 = VECTOR('',#7019,1.);
#7019 = DIRECTION('',(-0.,1.,0.));
#7020 = PCURVE('',#3396,#7021);
#7021 = DEFINITIONAL_REPRESENTATION('',(#7022),#7026);
#7022 = LINE('',#7023,#7024);
#7023 = CARTESIAN_POINT('',(-2.3,5.));
#7024 = VECTOR('',#7025,1.);
#7025 = DIRECTION('',(0.,-1.));
#7026 = ( GEOMETRIC_REPRESENTATION_CONTEXT(2) 
PARAMETRIC_REPRESENTATION_CONTEXT() REPRESENTATION_CONTEXT('2D SPACE',''
  ) );
#7027 = PCURVE('',#7028,#7033);
#7028 = PLANE('',#7029);
#7029 = AXIS2_PLACEMENT_3D('',#7030,#7031,#7032);
#7030 = CARTESIAN_POINT('',(-83.25,-18.25,-3.9));
#7031 = DIRECTION('',(0.,0.,1.));
#7032 = DIRECTION('',(1.,0.,-0.));
#7033 = DEFINITIONAL_REPRESENTATION('',(#7034),#7038);
#7034 = LINE('',#7035,#7036);
#7035 = CARTESIAN_POINT('',(0.,0.));
#7036 = VECTOR('',#7037,1.);
#7037 = DIRECTION('',(0.,1.));
#7038 = ( GEOMETRIC_REPRESENTATION_CONTEXT(2) 
PARAMETRIC_REPRESENTATION_CONTEXT() REPRESENTATION_CONTEXT('2D SPACE',''
  ) );
#7039 = ORIENTED_EDGE('',*,*,#7040,.T.);
#7040 = EDGE_CURVE('',#7013,#7041,#7043,.T.);
#7041 = VERTEX_POINT('',#7042);
#7042 = CARTESIAN_POINT('',(-83.25,18.25,-1.6));
#7043 = SURFACE_CURVE('',#7044,(#7048,#7055),.PCURVE_S1.);
#7044 = LINE('',#7045,#7046);
#7045 = CARTESIAN_POINT('',(-83.25,18.25,-3.9));
#7046 = VECTOR('',#7047,1.);
#7047 = DIRECTION('',(0.,0.,1.));
#7048 = PCURVE('',#3396,#7049);
#7049 = DEFINITIONAL_REPRESENTATION('',(#7050),#7054);
#7050 = LINE('',#7051,#7052);
#7051 = CARTESIAN_POINT('',(-2.3,-31.5));
#7052 = VECTOR('',#7053,1.);
#7053 = DIRECTION('',(1.,0.));
#7054 = ( GEOMETRIC_REPRESENTATION_CONTEXT(2) 
PARAMETRIC_REPRESENTATION_CONTEXT() REPRESENTATION_CONTEXT('2D SPACE',''
  ) );
#7055 = PCURVE('',#3312,#7056);
#7056 = DEFINITIONAL_REPRESENTATION('',(#7057),#7061);
#7057 = LINE('',#7058,#7059);
#7058 = CARTESIAN_POINT('',(0.,0.));
#7059 = VECTOR('',#7060,1.);
#7060 = DIRECTION('',(1.,0.));
#7061 = ( GEOMETRIC_REPRESENTATION_CONTEXT(2) 
PARAMETRIC_REPRESENTATION_CONTEXT() REPRESENTATION_CONTEXT('2D SPACE',''
  ) );
#7062 = ORIENTED_EDGE('',*,*,#7063,.F.);
#7063 = EDGE_CURVE('',#7064,#7041,#7066,.T.);
#7064 = VERTEX_POINT('',#7065);
#7065 = CARTESIAN_POINT('',(-83.25,13.25,-1.6));
#7066 = SURFACE_CURVE('',#7067,(#7071,#7078),.PCURVE_S1.);
#7067 = LINE('',#7068,#7069);
#7068 = CARTESIAN_POINT('',(-83.25,-18.25,-1.6));
#7069 = VECTOR('',#7070,1.);
#7070 = DIRECTION('',(-0.,1.,0.));
#7071 = PCURVE('',#3396,#7072);
#7072 = DEFINITIONAL_REPRESENTATION('',(#7073),#7077);
#7073 = LINE('',#7074,#7075);
#7074 = CARTESIAN_POINT('',(0.,5.));
#7075 = VECTOR('',#7076,1.);
#7076 = DIRECTION('',(0.,-1.));
#7077 = ( GEOMETRIC_REPRESENTATION_CONTEXT(2) 
PARAMETRIC_REPRESENTATION_CONTEXT() REPRESENTATION_CONTEXT('2D SPACE',''
  ) );
#7078 = PCURVE('',#7079,#7084);
#7079 = PLANE('',#7080);
#7080 = AXIS2_PLACEMENT_3D('',#7081,#7082,#7083);
#7081 = CARTESIAN_POINT('',(-83.25,-18.25,-1.6));
#7082 = DIRECTION('',(0.,0.,1.));
#7083 = DIRECTION('',(1.,0.,-0.));
#7084 = DEFINITIONAL_REPRESENTATION('',(#7085),#7089);
#7085 = LINE('',#7086,#7087);
#7086 = CARTESIAN_POINT('',(0.,0.));
#7087 = VECTOR('',#7088,1.);
#7088 = DIRECTION('',(0.,1.));
#7089 = ( GEOMETRIC_REPRESENTATION_CONTEXT(2) 
PARAMETRIC_REPRESENTATION_CONTEXT() REPRESENTATION_CONTEXT('2D SPACE',''
  ) );
#7090 = ORIENTED_EDGE('',*,*,#7091,.T.);
#7091 = EDGE_CURVE('',#7064,#3353,#7092,.T.);
#7092 = SURFACE_CURVE('',#7093,(#7097,#7104),.PCURVE_S1.);
#7093 = LINE('',#7094,#7095);
#7094 = CARTESIAN_POINT('',(-83.25,13.25,-1.6));
#7095 = VECTOR('',#7096,1.);
#7096 = DIRECTION('',(0.,0.,1.));
#7097 = PCURVE('',#3396,#7098);
#7098 = DEFINITIONAL_REPRESENTATION('',(#7099),#7103);
#7099 = LINE('',#7100,#7101);
#7100 = CARTESIAN_POINT('',(0.,-26.5));
#7101 = VECTOR('',#7102,1.);
#7102 = DIRECTION('',(1.,0.));
#7103 = ( GEOMETRIC_REPRESENTATION_CONTEXT(2) 
PARAMETRIC_REPRESENTATION_CONTEXT() REPRESENTATION_CONTEXT('2D SPACE',''
  ) );
#7104 = PCURVE('',#3368,#7105);
#7105 = DEFINITIONAL_REPRESENTATION('',(#7106),#7110);
#7106 = LINE('',#7107,#7108);
#7107 = CARTESIAN_POINT('',(0.,0.));
#7108 = VECTOR('',#7109,1.);
#7109 = DIRECTION('',(1.,0.));
#7110 = ( GEOMETRIC_REPRESENTATION_CONTEXT(2) 
PARAMETRIC_REPRESENTATION_CONTEXT() REPRESENTATION_CONTEXT('2D SPACE',''
  ) );
#7111 = ORIENTED_EDGE('',*,*,#3380,.F.);
#7112 = ADVANCED_FACE('',(#7113),#3368,.F.);
#7113 = FACE_BOUND('',#7114,.F.);
#7114 = EDGE_LOOP('',(#7115,#7138,#7139,#7140));
#7115 = ORIENTED_EDGE('',*,*,#7116,.F.);
#7116 = EDGE_CURVE('',#7064,#7117,#7119,.T.);
#7117 = VERTEX_POINT('',#7118);
#7118 = CARTESIAN_POINT('',(-73.25,13.25,-1.6));
#7119 = SURFACE_CURVE('',#7120,(#7124,#7131),.PCURVE_S1.);
#7120 = LINE('',#7121,#7122);
#7121 = CARTESIAN_POINT('',(-83.25,13.25,-1.6));
#7122 = VECTOR('',#7123,1.);
#7123 = DIRECTION('',(1.,0.,-0.));
#7124 = PCURVE('',#3368,#7125);
#7125 = DEFINITIONAL_REPRESENTATION('',(#7126),#7130);
#7126 = LINE('',#7127,#7128);
#7127 = CARTESIAN_POINT('',(0.,0.));
#7128 = VECTOR('',#7129,1.);
#7129 = DIRECTION('',(0.,1.));
#7130 = ( GEOMETRIC_REPRESENTATION_CONTEXT(2) 
PARAMETRIC_REPRESENTATION_CONTEXT() REPRESENTATION_CONTEXT('2D SPACE',''
  ) );
#7131 = PCURVE('',#7079,#7132);
#7132 = DEFINITIONAL_REPRESENTATION('',(#7133),#7137);
#7133 = LINE('',#7134,#7135);
#7134 = CARTESIAN_POINT('',(0.,31.5));
#7135 = VECTOR('',#7136,1.);
#7136 = DIRECTION('',(1.,0.));
#7137 = ( GEOMETRIC_REPRESENTATION_CONTEXT(2) 
PARAMETRIC_REPRESENTATION_CONTEXT() REPRESENTATION_CONTEXT('2D SPACE',''
  ) );
#7138 = ORIENTED_EDGE('',*,*,#7091,.T.);
#7139 = ORIENTED_EDGE('',*,*,#3352,.T.);
#7140 = ORIENTED_EDGE('',*,*,#7141,.F.);
#7141 = EDGE_CURVE('',#7117,#3325,#7142,.T.);
#7142 = SURFACE_CURVE('',#7143,(#7147,#7153),.PCURVE_S1.);
#7143 = LINE('',#7144,#7145);
#7144 = CARTESIAN_POINT('',(-73.25,13.25,-1.6));
#7145 = VECTOR('',#7146,1.);
#7146 = DIRECTION('',(0.,0.,1.));
#7147 = PCURVE('',#3368,#7148);
#7148 = DEFINITIONAL_REPRESENTATION('',(#7149),#7152);
#7149 = B_SPLINE_CURVE_WITH_KNOTS('',1,(#7150,#7151),.UNSPECIFIED.,.F.,
  .F.,(2,2),(0.,1.6),.PIECEWISE_BEZIER_KNOTS.);
#7150 = CARTESIAN_POINT('',(0.,10.));
#7151 = CARTESIAN_POINT('',(1.6,10.));
#7152 = ( GEOMETRIC_REPRESENTATION_CONTEXT(2) 
PARAMETRIC_REPRESENTATION_CONTEXT() REPRESENTATION_CONTEXT('2D SPACE',''
  ) );
#7153 = PCURVE('',#3340,#7154);
#7154 = DEFINITIONAL_REPRESENTATION('',(#7155),#7158);
#7155 = B_SPLINE_CURVE_WITH_KNOTS('',1,(#7156,#7157),.UNSPECIFIED.,.F.,
  .F.,(2,2),(0.,1.6),.PIECEWISE_BEZIER_KNOTS.);
#7156 = CARTESIAN_POINT('',(0.,-31.5));
#7157 = CARTESIAN_POINT('',(1.6,-31.5));
#7158 = ( GEOMETRIC_REPRESENTATION_CONTEXT(2) 
PARAMETRIC_REPRESENTATION_CONTEXT() REPRESENTATION_CONTEXT('2D SPACE',''
  ) );
#7159 = ADVANCED_FACE('',(#7160),#3340,.T.);
#7160 = FACE_BOUND('',#7161,.T.);
#7161 = EDGE_LOOP('',(#7162,#7163,#7164,#7187));
#7162 = ORIENTED_EDGE('',*,*,#3324,.F.);
#7163 = ORIENTED_EDGE('',*,*,#7141,.F.);
#7164 = ORIENTED_EDGE('',*,*,#7165,.T.);
#7165 = EDGE_CURVE('',#7117,#7166,#7168,.T.);
#7166 = VERTEX_POINT('',#7167);
#7167 = CARTESIAN_POINT('',(-73.25,18.25,-1.6));
#7168 = SURFACE_CURVE('',#7169,(#7173,#7180),.PCURVE_S1.);
#7169 = LINE('',#7170,#7171);
#7170 = CARTESIAN_POINT('',(-73.25,-18.25,-1.6));
#7171 = VECTOR('',#7172,1.);
#7172 = DIRECTION('',(-0.,1.,0.));
#7173 = PCURVE('',#3340,#7174);
#7174 = DEFINITIONAL_REPRESENTATION('',(#7175),#7179);
#7175 = LINE('',#7176,#7177);
#7176 = CARTESIAN_POINT('',(0.,0.));
#7177 = VECTOR('',#7178,1.);
#7178 = DIRECTION('',(0.,-1.));
#7179 = ( GEOMETRIC_REPRESENTATION_CONTEXT(2) 
PARAMETRIC_REPRESENTATION_CONTEXT() REPRESENTATION_CONTEXT('2D SPACE',''
  ) );
#7180 = PCURVE('',#7079,#7181);
#7181 = DEFINITIONAL_REPRESENTATION('',(#7182),#7186);
#7182 = LINE('',#7183,#7184);
#7183 = CARTESIAN_POINT('',(10.,0.));
#7184 = VECTOR('',#7185,1.);
#7185 = DIRECTION('',(0.,1.));
#7186 = ( GEOMETRIC_REPRESENTATION_CONTEXT(2) 
PARAMETRIC_REPRESENTATION_CONTEXT() REPRESENTATION_CONTEXT('2D SPACE',''
  ) );
#7187 = ORIENTED_EDGE('',*,*,#7188,.T.);
#7188 = EDGE_CURVE('',#7166,#3297,#7189,.T.);
#7189 = SURFACE_CURVE('',#7190,(#7194,#7201),.PCURVE_S1.);
#7190 = LINE('',#7191,#7192);
#7191 = CARTESIAN_POINT('',(-73.25,18.25,-1.6));
#7192 = VECTOR('',#7193,1.);
#7193 = DIRECTION('',(0.,0.,1.));
#7194 = PCURVE('',#3340,#7195);
#7195 = DEFINITIONAL_REPRESENTATION('',(#7196),#7200);
#7196 = LINE('',#7197,#7198);
#7197 = CARTESIAN_POINT('',(0.,-36.5));
#7198 = VECTOR('',#7199,1.);
#7199 = DIRECTION('',(1.,0.));
#7200 = ( GEOMETRIC_REPRESENTATION_CONTEXT(2) 
PARAMETRIC_REPRESENTATION_CONTEXT() REPRESENTATION_CONTEXT('2D SPACE',''
  ) );
#7201 = PCURVE('',#3312,#7202);
#7202 = DEFINITIONAL_REPRESENTATION('',(#7203),#7207);
#7203 = LINE('',#7204,#7205);
#7204 = CARTESIAN_POINT('',(2.3,10.));
#7205 = VECTOR('',#7206,1.);
#7206 = DIRECTION('',(1.,0.));
#7207 = ( GEOMETRIC_REPRESENTATION_CONTEXT(2) 
PARAMETRIC_REPRESENTATION_CONTEXT() REPRESENTATION_CONTEXT('2D SPACE',''
  ) );
#7208 = ADVANCED_FACE('',(#7209),#3312,.F.);
#7209 = FACE_BOUND('',#7210,.F.);
#7210 = EDGE_LOOP('',(#7211,#7234,#7235,#7256,#7257,#7258));
#7211 = ORIENTED_EDGE('',*,*,#7212,.F.);
#7212 = EDGE_CURVE('',#7013,#7213,#7215,.T.);
#7213 = VERTEX_POINT('',#7214);
#7214 = CARTESIAN_POINT('',(-64.75,18.25,-3.9));
#7215 = SURFACE_CURVE('',#7216,(#7220,#7227),.PCURVE_S1.);
#7216 = LINE('',#7217,#7218);
#7217 = CARTESIAN_POINT('',(-83.25,18.25,-3.9));
#7218 = VECTOR('',#7219,1.);
#7219 = DIRECTION('',(1.,0.,-0.));
#7220 = PCURVE('',#3312,#7221);
#7221 = DEFINITIONAL_REPRESENTATION('',(#7222),#7226);
#7222 = LINE('',#7223,#7224);
#7223 = CARTESIAN_POINT('',(0.,0.));
#7224 = VECTOR('',#7225,1.);
#7225 = DIRECTION('',(0.,1.));
#7226 = ( GEOMETRIC_REPRESENTATION_CONTEXT(2) 
PARAMETRIC_REPRESENTATION_CONTEXT() REPRESENTATION_CONTEXT('2D SPACE',''
  ) );
#7227 = PCURVE('',#7028,#7228);
#7228 = DEFINITIONAL_REPRESENTATION('',(#7229),#7233);
#7229 = LINE('',#7230,#7231);
#7230 = CARTESIAN_POINT('',(0.,36.5));
#7231 = VECTOR('',#7232,1.);
#7232 = DIRECTION('',(1.,0.));
#7233 = ( GEOMETRIC_REPRESENTATION_CONTEXT(2) 
PARAMETRIC_REPRESENTATION_CONTEXT() REPRESENTATION_CONTEXT('2D SPACE',''
  ) );
#7234 = ORIENTED_EDGE('',*,*,#7040,.T.);
#7235 = ORIENTED_EDGE('',*,*,#7236,.T.);
#7236 = EDGE_CURVE('',#7041,#7166,#7237,.T.);
#7237 = SURFACE_CURVE('',#7238,(#7242,#7249),.PCURVE_S1.);
#7238 = LINE('',#7239,#7240);
#7239 = CARTESIAN_POINT('',(-83.25,18.25,-1.6));
#7240 = VECTOR('',#7241,1.);
#7241 = DIRECTION('',(1.,0.,-0.));
#7242 = PCURVE('',#3312,#7243);
#7243 = DEFINITIONAL_REPRESENTATION('',(#7244),#7248);
#7244 = LINE('',#7245,#7246);
#7245 = CARTESIAN_POINT('',(2.3,0.));
#7246 = VECTOR('',#7247,1.);
#7247 = DIRECTION('',(0.,1.));
#7248 = ( GEOMETRIC_REPRESENTATION_CONTEXT(2) 
PARAMETRIC_REPRESENTATION_CONTEXT() REPRESENTATION_CONTEXT('2D SPACE',''
  ) );
#7249 = PCURVE('',#7079,#7250);
#7250 = DEFINITIONAL_REPRESENTATION('',(#7251),#7255);
#7251 = LINE('',#7252,#7253);
#7252 = CARTESIAN_POINT('',(0.,36.5));
#7253 = VECTOR('',#7254,1.);
#7254 = DIRECTION('',(1.,0.));
#7255 = ( GEOMETRIC_REPRESENTATION_CONTEXT(2) 
PARAMETRIC_REPRESENTATION_CONTEXT() REPRESENTATION_CONTEXT('2D SPACE',''
  ) );
#7256 = ORIENTED_EDGE('',*,*,#7188,.T.);
#7257 = ORIENTED_EDGE('',*,*,#3296,.T.);
#7258 = ORIENTED_EDGE('',*,*,#7259,.F.);
#7259 = EDGE_CURVE('',#7213,#3269,#7260,.T.);
#7260 = SURFACE_CURVE('',#7261,(#7265,#7272),.PCURVE_S1.);
#7261 = LINE('',#7262,#7263);
#7262 = CARTESIAN_POINT('',(-64.75,18.25,-3.9));
#7263 = VECTOR('',#7264,1.);
#7264 = DIRECTION('',(0.,0.,1.));
#7265 = PCURVE('',#3312,#7266);
#7266 = DEFINITIONAL_REPRESENTATION('',(#7267),#7271);
#7267 = LINE('',#7268,#7269);
#7268 = CARTESIAN_POINT('',(0.,18.5));
#7269 = VECTOR('',#7270,1.);
#7270 = DIRECTION('',(1.,0.));
#7271 = ( GEOMETRIC_REPRESENTATION_CONTEXT(2) 
PARAMETRIC_REPRESENTATION_CONTEXT() REPRESENTATION_CONTEXT('2D SPACE',''
  ) );
#7272 = PCURVE('',#3284,#7273);
#7273 = DEFINITIONAL_REPRESENTATION('',(#7274),#7278);
#7274 = LINE('',#7275,#7276);
#7275 = CARTESIAN_POINT('',(-2.3,-36.5));
#7276 = VECTOR('',#7277,1.);
#7277 = DIRECTION('',(1.,0.));
#7278 = ( GEOMETRIC_REPRESENTATION_CONTEXT(2) 
PARAMETRIC_REPRESENTATION_CONTEXT() REPRESENTATION_CONTEXT('2D SPACE',''
  ) );
#7279 = ADVANCED_FACE('',(#7280),#3284,.F.);
#7280 = FACE_BOUND('',#7281,.F.);
#7281 = EDGE_LOOP('',(#7282,#7283,#7306,#7327));
#7282 = ORIENTED_EDGE('',*,*,#3268,.F.);
#7283 = ORIENTED_EDGE('',*,*,#7284,.F.);
#7284 = EDGE_CURVE('',#7285,#3241,#7287,.T.);
#7285 = VERTEX_POINT('',#7286);
#7286 = CARTESIAN_POINT('',(-64.75,-18.25,-3.9));
#7287 = SURFACE_CURVE('',#7288,(#7292,#7299),.PCURVE_S1.);
#7288 = LINE('',#7289,#7290);
#7289 = CARTESIAN_POINT('',(-64.75,-18.25,-3.9));
#7290 = VECTOR('',#7291,1.);
#7291 = DIRECTION('',(0.,0.,1.));
#7292 = PCURVE('',#3284,#7293);
#7293 = DEFINITIONAL_REPRESENTATION('',(#7294),#7298);
#7294 = LINE('',#7295,#7296);
#7295 = CARTESIAN_POINT('',(-2.3,0.));
#7296 = VECTOR('',#7297,1.);
#7297 = DIRECTION('',(1.,0.));
#7298 = ( GEOMETRIC_REPRESENTATION_CONTEXT(2) 
PARAMETRIC_REPRESENTATION_CONTEXT() REPRESENTATION_CONTEXT('2D SPACE',''
  ) );
#7299 = PCURVE('',#3256,#7300);
#7300 = DEFINITIONAL_REPRESENTATION('',(#7301),#7305);
#7301 = LINE('',#7302,#7303);
#7302 = CARTESIAN_POINT('',(-2.3,8.5));
#7303 = VECTOR('',#7304,1.);
#7304 = DIRECTION('',(1.,0.));
#7305 = ( GEOMETRIC_REPRESENTATION_CONTEXT(2) 
PARAMETRIC_REPRESENTATION_CONTEXT() REPRESENTATION_CONTEXT('2D SPACE',''
  ) );
#7306 = ORIENTED_EDGE('',*,*,#7307,.T.);
#7307 = EDGE_CURVE('',#7285,#7213,#7308,.T.);
#7308 = SURFACE_CURVE('',#7309,(#7313,#7320),.PCURVE_S1.);
#7309 = LINE('',#7310,#7311);
#7310 = CARTESIAN_POINT('',(-64.75,-18.25,-3.9));
#7311 = VECTOR('',#7312,1.);
#7312 = DIRECTION('',(-0.,1.,0.));
#7313 = PCURVE('',#3284,#7314);
#7314 = DEFINITIONAL_REPRESENTATION('',(#7315),#7319);
#7315 = LINE('',#7316,#7317);
#7316 = CARTESIAN_POINT('',(-2.3,0.));
#7317 = VECTOR('',#7318,1.);
#7318 = DIRECTION('',(0.,-1.));
#7319 = ( GEOMETRIC_REPRESENTATION_CONTEXT(2) 
PARAMETRIC_REPRESENTATION_CONTEXT() REPRESENTATION_CONTEXT('2D SPACE',''
  ) );
#7320 = PCURVE('',#7028,#7321);
#7321 = DEFINITIONAL_REPRESENTATION('',(#7322),#7326);
#7322 = LINE('',#7323,#7324);
#7323 = CARTESIAN_POINT('',(18.5,0.));
#7324 = VECTOR('',#7325,1.);
#7325 = DIRECTION('',(0.,1.));
#7326 = ( GEOMETRIC_REPRESENTATION_CONTEXT(2) 
PARAMETRIC_REPRESENTATION_CONTEXT() REPRESENTATION_CONTEXT('2D SPACE',''
  ) );
#7327 = ORIENTED_EDGE('',*,*,#7259,.T.);
#7328 = ADVANCED_FACE('',(#7329),#3256,.T.);
#7329 = FACE_BOUND('',#7330,.T.);
#7330 = EDGE_LOOP('',(#7331,#7332,#7353,#7354,#7375,#7376));
#7331 = ORIENTED_EDGE('',*,*,#7284,.F.);
#7332 = ORIENTED_EDGE('',*,*,#7333,.F.);
#7333 = EDGE_CURVE('',#6990,#7285,#7334,.T.);
#7334 = SURFACE_CURVE('',#7335,(#7339,#7346),.PCURVE_S1.);
#7335 = LINE('',#7336,#7337);
#7336 = CARTESIAN_POINT('',(-83.25,-18.25,-3.9));
#7337 = VECTOR('',#7338,1.);
#7338 = DIRECTION('',(1.,0.,-0.));
#7339 = PCURVE('',#3256,#7340);
#7340 = DEFINITIONAL_REPRESENTATION('',(#7341),#7345);
#7341 = LINE('',#7342,#7343);
#7342 = CARTESIAN_POINT('',(-2.3,-10.));
#7343 = VECTOR('',#7344,1.);
#7344 = DIRECTION('',(0.,1.));
#7345 = ( GEOMETRIC_REPRESENTATION_CONTEXT(2) 
PARAMETRIC_REPRESENTATION_CONTEXT() REPRESENTATION_CONTEXT('2D SPACE',''
  ) );
#7346 = PCURVE('',#7028,#7347);
#7347 = DEFINITIONAL_REPRESENTATION('',(#7348),#7352);
#7348 = LINE('',#7349,#7350);
#7349 = CARTESIAN_POINT('',(0.,0.));
#7350 = VECTOR('',#7351,1.);
#7351 = DIRECTION('',(1.,0.));
#7352 = ( GEOMETRIC_REPRESENTATION_CONTEXT(2) 
PARAMETRIC_REPRESENTATION_CONTEXT() REPRESENTATION_CONTEXT('2D SPACE',''
  ) );
#7353 = ORIENTED_EDGE('',*,*,#6989,.T.);
#7354 = ORIENTED_EDGE('',*,*,#7355,.T.);
#7355 = EDGE_CURVE('',#6967,#6844,#7356,.T.);
#7356 = SURFACE_CURVE('',#7357,(#7361,#7368),.PCURVE_S1.);
#7357 = LINE('',#7358,#7359);
#7358 = CARTESIAN_POINT('',(-83.25,-18.25,-1.6));
#7359 = VECTOR('',#7360,1.);
#7360 = DIRECTION('',(1.,0.,-0.));
#7361 = PCURVE('',#3256,#7362);
#7362 = DEFINITIONAL_REPRESENTATION('',(#7363),#7367);
#7363 = LINE('',#7364,#7365);
#7364 = CARTESIAN_POINT('',(0.,-10.));
#7365 = VECTOR('',#7366,1.);
#7366 = DIRECTION('',(0.,1.));
#7367 = ( GEOMETRIC_REPRESENTATION_CONTEXT(2) 
PARAMETRIC_REPRESENTATION_CONTEXT() REPRESENTATION_CONTEXT('2D SPACE',''
  ) );
#7368 = PCURVE('',#6882,#7369);
#7369 = DEFINITIONAL_REPRESENTATION('',(#7370),#7374);
#7370 = LINE('',#7371,#7372);
#7371 = CARTESIAN_POINT('',(0.,0.));
#7372 = VECTOR('',#7373,1.);
#7373 = DIRECTION('',(1.,0.));
#7374 = ( GEOMETRIC_REPRESENTATION_CONTEXT(2) 
PARAMETRIC_REPRESENTATION_CONTEXT() REPRESENTATION_CONTEXT('2D SPACE',''
  ) );
#7375 = ORIENTED_EDGE('',*,*,#6843,.T.);
#7376 = ORIENTED_EDGE('',*,*,#3240,.T.);
#7377 = ADVANCED_FACE('',(#7378),#3453,.T.);
#7378 = FACE_BOUND('',#7379,.T.);
#7379 = EDGE_LOOP('',(#7380,#7405,#7426,#7427));
#7380 = ORIENTED_EDGE('',*,*,#7381,.F.);
#7381 = EDGE_CURVE('',#7382,#7384,#7386,.T.);
#7382 = VERTEX_POINT('',#7383);
#7383 = CARTESIAN_POINT('',(-103.7091034656,-5.7,-5.7));
#7384 = VERTEX_POINT('',#7385);
#7385 = CARTESIAN_POINT('',(-100.4182069312,0.,-5.7));
#7386 = SURFACE_CURVE('',#7387,(#7391,#7398),.PCURVE_S1.);
#7387 = LINE('',#7388,#7389);
#7388 = CARTESIAN_POINT('',(-103.7091034656,-5.7,-5.7));
#7389 = VECTOR('',#7390,1.);
#7390 = DIRECTION('',(0.5,0.866025403784,0.));
#7391 = PCURVE('',#3453,#7392);
#7392 = DEFINITIONAL_REPRESENTATION('',(#7393),#7397);
#7393 = LINE('',#7394,#7395);
#7394 = CARTESIAN_POINT('',(0.,0.));
#7395 = VECTOR('',#7396,1.);
#7396 = DIRECTION('',(1.,0.));
#7397 = ( GEOMETRIC_REPRESENTATION_CONTEXT(2) 
PARAMETRIC_REPRESENTATION_CONTEXT() REPRESENTATION_CONTEXT('2D SPACE',''
  ) );
#7398 = PCURVE('',#3703,#7399);
#7399 = DEFINITIONAL_REPRESENTATION('',(#7400),#7404);
#7400 = LINE('',#7401,#7402);
#7401 = CARTESIAN_POINT('',(3.290896534381,-5.7));
#7402 = VECTOR('',#7403,1.);
#7403 = DIRECTION('',(0.5,0.866025403784));
#7404 = ( GEOMETRIC_REPRESENTATION_CONTEXT(2) 
PARAMETRIC_REPRESENTATION_CONTEXT() REPRESENTATION_CONTEXT('2D SPACE',''
  ) );
#7405 = ORIENTED_EDGE('',*,*,#7406,.T.);
#7406 = EDGE_CURVE('',#7382,#3437,#7407,.T.);
#7407 = SURFACE_CURVE('',#7408,(#7412,#7419),.PCURVE_S1.);
#7408 = LINE('',#7409,#7410);
#7409 = CARTESIAN_POINT('',(-103.7091034656,-5.7,-5.7));
#7410 = VECTOR('',#7411,1.);
#7411 = DIRECTION('',(0.,0.,1.));
#7412 = PCURVE('',#3453,#7413);
#7413 = DEFINITIONAL_REPRESENTATION('',(#7414),#7418);
#7414 = LINE('',#7415,#7416);
#7415 = CARTESIAN_POINT('',(0.,0.));
#7416 = VECTOR('',#7417,1.);
#7417 = DIRECTION('',(0.,-1.));
#7418 = ( GEOMETRIC_REPRESENTATION_CONTEXT(2) 
PARAMETRIC_REPRESENTATION_CONTEXT() REPRESENTATION_CONTEXT('2D SPACE',''
  ) );
#7419 = PCURVE('',#3581,#7420);
#7420 = DEFINITIONAL_REPRESENTATION('',(#7421),#7425);
#7421 = LINE('',#7422,#7423);
#7422 = CARTESIAN_POINT('',(6.581793068762,0.));
#7423 = VECTOR('',#7424,1.);
#7424 = DIRECTION('',(0.,-1.));
#7425 = ( GEOMETRIC_REPRESENTATION_CONTEXT(2) 
PARAMETRIC_REPRESENTATION_CONTEXT() REPRESENTATION_CONTEXT('2D SPACE',''
  ) );
#7426 = ORIENTED_EDGE('',*,*,#3436,.T.);
#7427 = ORIENTED_EDGE('',*,*,#7428,.F.);
#7428 = EDGE_CURVE('',#7384,#3439,#7429,.T.);
#7429 = SURFACE_CURVE('',#7430,(#7434,#7441),.PCURVE_S1.);
#7430 = LINE('',#7431,#7432);
#7431 = CARTESIAN_POINT('',(-100.4182069312,0.,-5.7));
#7432 = VECTOR('',#7433,1.);
#7433 = DIRECTION('',(0.,0.,1.));
#7434 = PCURVE('',#3453,#7435);
#7435 = DEFINITIONAL_REPRESENTATION('',(#7436),#7440);
#7436 = LINE('',#7437,#7438);
#7437 = CARTESIAN_POINT('',(6.581793068762,0.));
#7438 = VECTOR('',#7439,1.);
#7439 = DIRECTION('',(0.,-1.));
#7440 = ( GEOMETRIC_REPRESENTATION_CONTEXT(2) 
PARAMETRIC_REPRESENTATION_CONTEXT() REPRESENTATION_CONTEXT('2D SPACE',''
  ) );
#7441 = PCURVE('',#3479,#7442);
#7442 = DEFINITIONAL_REPRESENTATION('',(#7443),#7447);
#7443 = LINE('',#7444,#7445);
#7444 = CARTESIAN_POINT('',(0.,0.));
#7445 = VECTOR('',#7446,1.);
#7446 = DIRECTION('',(0.,-1.));
#7447 = ( GEOMETRIC_REPRESENTATION_CONTEXT(2) 
PARAMETRIC_REPRESENTATION_CONTEXT() REPRESENTATION_CONTEXT('2D SPACE',''
  ) );
#7448 = ADVANCED_FACE('',(#7449),#3581,.T.);
#7449 = FACE_BOUND('',#7450,.T.);
#7450 = EDGE_LOOP('',(#7451,#7474,#7495,#7496));
#7451 = ORIENTED_EDGE('',*,*,#7452,.F.);
#7452 = EDGE_CURVE('',#7453,#7382,#7455,.T.);
#7453 = VERTEX_POINT('',#7454);
#7454 = CARTESIAN_POINT('',(-110.2908965343,-5.7,-5.7));
#7455 = SURFACE_CURVE('',#7456,(#7460,#7467),.PCURVE_S1.);
#7456 = LINE('',#7457,#7458);
#7457 = CARTESIAN_POINT('',(-110.2908965343,-5.7,-5.7));
#7458 = VECTOR('',#7459,1.);
#7459 = DIRECTION('',(1.,-5.397789996866E-16,0.));
#7460 = PCURVE('',#3581,#7461);
#7461 = DEFINITIONAL_REPRESENTATION('',(#7462),#7466);
#7462 = LINE('',#7463,#7464);
#7463 = CARTESIAN_POINT('',(0.,0.));
#7464 = VECTOR('',#7465,1.);
#7465 = DIRECTION('',(1.,0.));
#7466 = ( GEOMETRIC_REPRESENTATION_CONTEXT(2) 
PARAMETRIC_REPRESENTATION_CONTEXT() REPRESENTATION_CONTEXT('2D SPACE',''
  ) );
#7467 = PCURVE('',#3703,#7468);
#7468 = DEFINITIONAL_REPRESENTATION('',(#7469),#7473);
#7469 = LINE('',#7470,#7471);
#7470 = CARTESIAN_POINT('',(-3.290896534381,-5.7));
#7471 = VECTOR('',#7472,1.);
#7472 = DIRECTION('',(1.,-5.397789996866E-16));
#7473 = ( GEOMETRIC_REPRESENTATION_CONTEXT(2) 
PARAMETRIC_REPRESENTATION_CONTEXT() REPRESENTATION_CONTEXT('2D SPACE',''
  ) );
#7474 = ORIENTED_EDGE('',*,*,#7475,.T.);
#7475 = EDGE_CURVE('',#7453,#3543,#7476,.T.);
#7476 = SURFACE_CURVE('',#7477,(#7481,#7488),.PCURVE_S1.);
#7477 = LINE('',#7478,#7479);
#7478 = CARTESIAN_POINT('',(-110.2908965343,-5.7,-5.7));
#7479 = VECTOR('',#7480,1.);
#7480 = DIRECTION('',(0.,0.,1.));
#7481 = PCURVE('',#3581,#7482);
#7482 = DEFINITIONAL_REPRESENTATION('',(#7483),#7487);
#7483 = LINE('',#7484,#7485);
#7484 = CARTESIAN_POINT('',(0.,0.));
#7485 = VECTOR('',#7486,1.);
#7486 = DIRECTION('',(0.,-1.));
#7487 = ( GEOMETRIC_REPRESENTATION_CONTEXT(2) 
PARAMETRIC_REPRESENTATION_CONTEXT() REPRESENTATION_CONTEXT('2D SPACE',''
  ) );
#7488 = PCURVE('',#3557,#7489);
#7489 = DEFINITIONAL_REPRESENTATION('',(#7490),#7494);
#7490 = LINE('',#7491,#7492);
#7491 = CARTESIAN_POINT('',(6.581793068762,0.));
#7492 = VECTOR('',#7493,1.);
#7493 = DIRECTION('',(0.,-1.));
#7494 = ( GEOMETRIC_REPRESENTATION_CONTEXT(2) 
PARAMETRIC_REPRESENTATION_CONTEXT() REPRESENTATION_CONTEXT('2D SPACE',''
  ) );
#7495 = ORIENTED_EDGE('',*,*,#3568,.T.);
#7496 = ORIENTED_EDGE('',*,*,#7406,.F.);
#7497 = ADVANCED_FACE('',(#7498),#3557,.T.);
#7498 = FACE_BOUND('',#7499,.T.);
#7499 = EDGE_LOOP('',(#7500,#7523,#7544,#7545));
#7500 = ORIENTED_EDGE('',*,*,#7501,.F.);
#7501 = EDGE_CURVE('',#7502,#7453,#7504,.T.);
#7502 = VERTEX_POINT('',#7503);
#7503 = CARTESIAN_POINT('',(-113.5817930687,8.060371814309E-16,-5.7));
#7504 = SURFACE_CURVE('',#7505,(#7509,#7516),.PCURVE_S1.);
#7505 = LINE('',#7506,#7507);
#7506 = CARTESIAN_POINT('',(-113.5817930687,8.060371814309E-16,-5.7));
#7507 = VECTOR('',#7508,1.);
#7508 = DIRECTION('',(0.5,-0.866025403784,0.));
#7509 = PCURVE('',#3557,#7510);
#7510 = DEFINITIONAL_REPRESENTATION('',(#7511),#7515);
#7511 = LINE('',#7512,#7513);
#7512 = CARTESIAN_POINT('',(0.,0.));
#7513 = VECTOR('',#7514,1.);
#7514 = DIRECTION('',(1.,0.));
#7515 = ( GEOMETRIC_REPRESENTATION_CONTEXT(2) 
PARAMETRIC_REPRESENTATION_CONTEXT() REPRESENTATION_CONTEXT('2D SPACE',''
  ) );
#7516 = PCURVE('',#3703,#7517);
#7517 = DEFINITIONAL_REPRESENTATION('',(#7518),#7522);
#7518 = LINE('',#7519,#7520);
#7519 = CARTESIAN_POINT('',(-6.581793068762,6.261108482021E-16));
#7520 = VECTOR('',#7521,1.);
#7521 = DIRECTION('',(0.5,-0.866025403784));
#7522 = ( GEOMETRIC_REPRESENTATION_CONTEXT(2) 
PARAMETRIC_REPRESENTATION_CONTEXT() REPRESENTATION_CONTEXT('2D SPACE',''
  ) );
#7523 = ORIENTED_EDGE('',*,*,#7524,.T.);
#7524 = EDGE_CURVE('',#7502,#3517,#7525,.T.);
#7525 = SURFACE_CURVE('',#7526,(#7530,#7537),.PCURVE_S1.);
#7526 = LINE('',#7527,#7528);
#7527 = CARTESIAN_POINT('',(-113.5817930687,8.060371814309E-16,-5.7));
#7528 = VECTOR('',#7529,1.);
#7529 = DIRECTION('',(0.,0.,1.));
#7530 = PCURVE('',#3557,#7531);
#7531 = DEFINITIONAL_REPRESENTATION('',(#7532),#7536);
#7532 = LINE('',#7533,#7534);
#7533 = CARTESIAN_POINT('',(0.,0.));
#7534 = VECTOR('',#7535,1.);
#7535 = DIRECTION('',(0.,-1.));
#7536 = ( GEOMETRIC_REPRESENTATION_CONTEXT(2) 
PARAMETRIC_REPRESENTATION_CONTEXT() REPRESENTATION_CONTEXT('2D SPACE',''
  ) );
#7537 = PCURVE('',#3531,#7538);
#7538 = DEFINITIONAL_REPRESENTATION('',(#7539),#7543);
#7539 = LINE('',#7540,#7541);
#7540 = CARTESIAN_POINT('',(6.581793068762,0.));
#7541 = VECTOR('',#7542,1.);
#7542 = DIRECTION('',(0.,-1.));
#7543 = ( GEOMETRIC_REPRESENTATION_CONTEXT(2) 
PARAMETRIC_REPRESENTATION_CONTEXT() REPRESENTATION_CONTEXT('2D SPACE',''
  ) );
#7544 = ORIENTED_EDGE('',*,*,#3542,.T.);
#7545 = ORIENTED_EDGE('',*,*,#7475,.F.);
#7546 = ADVANCED_FACE('',(#7547),#3531,.T.);
#7547 = FACE_BOUND('',#7548,.T.);
#7548 = EDGE_LOOP('',(#7549,#7572,#7593,#7594));
#7549 = ORIENTED_EDGE('',*,*,#7550,.F.);
#7550 = EDGE_CURVE('',#7551,#7502,#7553,.T.);
#7551 = VERTEX_POINT('',#7552);
#7552 = CARTESIAN_POINT('',(-110.2908965343,5.7,-5.7));
#7553 = SURFACE_CURVE('',#7554,(#7558,#7565),.PCURVE_S1.);
#7554 = LINE('',#7555,#7556);
#7555 = CARTESIAN_POINT('',(-110.2908965343,5.7,-5.7));
#7556 = VECTOR('',#7557,1.);
#7557 = DIRECTION('',(-0.5,-0.866025403784,0.));
#7558 = PCURVE('',#3531,#7559);
#7559 = DEFINITIONAL_REPRESENTATION('',(#7560),#7564);
#7560 = LINE('',#7561,#7562);
#7561 = CARTESIAN_POINT('',(0.,0.));
#7562 = VECTOR('',#7563,1.);
#7563 = DIRECTION('',(1.,0.));
#7564 = ( GEOMETRIC_REPRESENTATION_CONTEXT(2) 
PARAMETRIC_REPRESENTATION_CONTEXT() REPRESENTATION_CONTEXT('2D SPACE',''
  ) );
#7565 = PCURVE('',#3703,#7566);
#7566 = DEFINITIONAL_REPRESENTATION('',(#7567),#7571);
#7567 = LINE('',#7568,#7569);
#7568 = CARTESIAN_POINT('',(-3.290896534381,5.7));
#7569 = VECTOR('',#7570,1.);
#7570 = DIRECTION('',(-0.5,-0.866025403784));
#7571 = ( GEOMETRIC_REPRESENTATION_CONTEXT(2) 
PARAMETRIC_REPRESENTATION_CONTEXT() REPRESENTATION_CONTEXT('2D SPACE',''
  ) );
#7572 = ORIENTED_EDGE('',*,*,#7573,.T.);
#7573 = EDGE_CURVE('',#7551,#3491,#7574,.T.);
#7574 = SURFACE_CURVE('',#7575,(#7579,#7586),.PCURVE_S1.);
#7575 = LINE('',#7576,#7577);
#7576 = CARTESIAN_POINT('',(-110.2908965343,5.7,-5.7));
#7577 = VECTOR('',#7578,1.);
#7578 = DIRECTION('',(0.,0.,1.));
#7579 = PCURVE('',#3531,#7580);
#7580 = DEFINITIONAL_REPRESENTATION('',(#7581),#7585);
#7581 = LINE('',#7582,#7583);
#7582 = CARTESIAN_POINT('',(0.,0.));
#7583 = VECTOR('',#7584,1.);
#7584 = DIRECTION('',(0.,-1.));
#7585 = ( GEOMETRIC_REPRESENTATION_CONTEXT(2) 
PARAMETRIC_REPRESENTATION_CONTEXT() REPRESENTATION_CONTEXT('2D SPACE',''
  ) );
#7586 = PCURVE('',#3505,#7587);
#7587 = DEFINITIONAL_REPRESENTATION('',(#7588),#7592);
#7588 = LINE('',#7589,#7590);
#7589 = CARTESIAN_POINT('',(6.581793068762,0.));
#7590 = VECTOR('',#7591,1.);
#7591 = DIRECTION('',(0.,-1.));
#7592 = ( GEOMETRIC_REPRESENTATION_CONTEXT(2) 
PARAMETRIC_REPRESENTATION_CONTEXT() REPRESENTATION_CONTEXT('2D SPACE',''
  ) );
#7593 = ORIENTED_EDGE('',*,*,#3516,.T.);
#7594 = ORIENTED_EDGE('',*,*,#7524,.F.);
#7595 = ADVANCED_FACE('',(#7596),#3505,.T.);
#7596 = FACE_BOUND('',#7597,.T.);
#7597 = EDGE_LOOP('',(#7598,#7621,#7642,#7643));
#7598 = ORIENTED_EDGE('',*,*,#7599,.F.);
#7599 = EDGE_CURVE('',#7600,#7551,#7602,.T.);
#7600 = VERTEX_POINT('',#7601);
#7601 = CARTESIAN_POINT('',(-103.7091034656,5.7,-5.7));
#7602 = SURFACE_CURVE('',#7603,(#7607,#7614),.PCURVE_S1.);
#7603 = LINE('',#7604,#7605);
#7604 = CARTESIAN_POINT('',(-103.7091034656,5.7,-5.7));
#7605 = VECTOR('',#7606,1.);
#7606 = DIRECTION('',(-1.,1.349447499217E-16,0.));
#7607 = PCURVE('',#3505,#7608);
#7608 = DEFINITIONAL_REPRESENTATION('',(#7609),#7613);
#7609 = LINE('',#7610,#7611);
#7610 = CARTESIAN_POINT('',(0.,0.));
#7611 = VECTOR('',#7612,1.);
#7612 = DIRECTION('',(1.,0.));
#7613 = ( GEOMETRIC_REPRESENTATION_CONTEXT(2) 
PARAMETRIC_REPRESENTATION_CONTEXT() REPRESENTATION_CONTEXT('2D SPACE',''
  ) );
#7614 = PCURVE('',#3703,#7615);
#7615 = DEFINITIONAL_REPRESENTATION('',(#7616),#7620);
#7616 = LINE('',#7617,#7618);
#7617 = CARTESIAN_POINT('',(3.290896534381,5.7));
#7618 = VECTOR('',#7619,1.);
#7619 = DIRECTION('',(-1.,1.349447499217E-16));
#7620 = ( GEOMETRIC_REPRESENTATION_CONTEXT(2) 
PARAMETRIC_REPRESENTATION_CONTEXT() REPRESENTATION_CONTEXT('2D SPACE',''
  ) );
#7621 = ORIENTED_EDGE('',*,*,#7622,.T.);
#7622 = EDGE_CURVE('',#7600,#3465,#7623,.T.);
#7623 = SURFACE_CURVE('',#7624,(#7628,#7635),.PCURVE_S1.);
#7624 = LINE('',#7625,#7626);
#7625 = CARTESIAN_POINT('',(-103.7091034656,5.7,-5.7));
#7626 = VECTOR('',#7627,1.);
#7627 = DIRECTION('',(0.,0.,1.));
#7628 = PCURVE('',#3505,#7629);
#7629 = DEFINITIONAL_REPRESENTATION('',(#7630),#7634);
#7630 = LINE('',#7631,#7632);
#7631 = CARTESIAN_POINT('',(0.,0.));
#7632 = VECTOR('',#7633,1.);
#7633 = DIRECTION('',(0.,-1.));
#7634 = ( GEOMETRIC_REPRESENTATION_CONTEXT(2) 
PARAMETRIC_REPRESENTATION_CONTEXT() REPRESENTATION_CONTEXT('2D SPACE',''
  ) );
#7635 = PCURVE('',#3479,#7636);
#7636 = DEFINITIONAL_REPRESENTATION('',(#7637),#7641);
#7637 = LINE('',#7638,#7639);
#7638 = CARTESIAN_POINT('',(6.581793068762,0.));
#7639 = VECTOR('',#7640,1.);
#7640 = DIRECTION('',(0.,-1.));
#7641 = ( GEOMETRIC_REPRESENTATION_CONTEXT(2) 
PARAMETRIC_REPRESENTATION_CONTEXT() REPRESENTATION_CONTEXT('2D SPACE',''
  ) );
#7642 = ORIENTED_EDGE('',*,*,#3490,.T.);
#7643 = ORIENTED_EDGE('',*,*,#7573,.F.);
#7644 = ADVANCED_FACE('',(#7645),#3479,.T.);
#7645 = FACE_BOUND('',#7646,.T.);
#7646 = EDGE_LOOP('',(#7647,#7668,#7669,#7670));
#7647 = ORIENTED_EDGE('',*,*,#7648,.F.);
#7648 = EDGE_CURVE('',#7384,#7600,#7649,.T.);
#7649 = SURFACE_CURVE('',#7650,(#7654,#7661),.PCURVE_S1.);
#7650 = LINE('',#7651,#7652);
#7651 = CARTESIAN_POINT('',(-100.4182069312,0.,-5.7));
#7652 = VECTOR('',#7653,1.);
#7653 = DIRECTION('',(-0.5,0.866025403784,0.));
#7654 = PCURVE('',#3479,#7655);
#7655 = DEFINITIONAL_REPRESENTATION('',(#7656),#7660);
#7656 = LINE('',#7657,#7658);
#7657 = CARTESIAN_POINT('',(0.,0.));
#7658 = VECTOR('',#7659,1.);
#7659 = DIRECTION('',(1.,0.));
#7660 = ( GEOMETRIC_REPRESENTATION_CONTEXT(2) 
PARAMETRIC_REPRESENTATION_CONTEXT() REPRESENTATION_CONTEXT('2D SPACE',''
  ) );
#7661 = PCURVE('',#3703,#7662);
#7662 = DEFINITIONAL_REPRESENTATION('',(#7663),#7667);
#7663 = LINE('',#7664,#7665);
#7664 = CARTESIAN_POINT('',(6.581793068762,-1.799263332289E-16));
#7665 = VECTOR('',#7666,1.);
#7666 = DIRECTION('',(-0.5,0.866025403784));
#7667 = ( GEOMETRIC_REPRESENTATION_CONTEXT(2) 
PARAMETRIC_REPRESENTATION_CONTEXT() REPRESENTATION_CONTEXT('2D SPACE',''
  ) );
#7668 = ORIENTED_EDGE('',*,*,#7428,.T.);
#7669 = ORIENTED_EDGE('',*,*,#3464,.T.);
#7670 = ORIENTED_EDGE('',*,*,#7622,.F.);
#7671 = ADVANCED_FACE('',(#7672),#3615,.F.);
#7672 = FACE_BOUND('',#7673,.F.);
#7673 = EDGE_LOOP('',(#7674,#7675,#7696,#7697));
#7674 = ORIENTED_EDGE('',*,*,#3753,.T.);
#7675 = ORIENTED_EDGE('',*,*,#7676,.T.);
#7676 = EDGE_CURVE('',#3754,#3595,#7677,.T.);
#7677 = SEAM_CURVE('',#7678,(#7682,#7689),.PCURVE_S1.);
#7678 = LINE('',#7679,#7680);
#7679 = CARTESIAN_POINT('',(-89.3,27.85,-2.01));
#7680 = VECTOR('',#7681,1.);
#7681 = DIRECTION('',(0.,0.,1.));
#7682 = PCURVE('',#3615,#7683);
#7683 = DEFINITIONAL_REPRESENTATION('',(#7684),#7688);
#7684 = LINE('',#7685,#7686);
#7685 = CARTESIAN_POINT('',(0.,-0.));
#7686 = VECTOR('',#7687,1.);
#7687 = DIRECTION('',(0.,1.));
#7688 = ( GEOMETRIC_REPRESENTATION_CONTEXT(2) 
PARAMETRIC_REPRESENTATION_CONTEXT() REPRESENTATION_CONTEXT('2D SPACE',''
  ) );
#7689 = PCURVE('',#3615,#7690);
#7690 = DEFINITIONAL_REPRESENTATION('',(#7691),#7695);
#7691 = LINE('',#7692,#7693);
#7692 = CARTESIAN_POINT('',(6.28318530718,-0.));
#7693 = VECTOR('',#7694,1.);
#7694 = DIRECTION('',(0.,1.));
#7695 = ( GEOMETRIC_REPRESENTATION_CONTEXT(2) 
PARAMETRIC_REPRESENTATION_CONTEXT() REPRESENTATION_CONTEXT('2D SPACE',''
  ) );
#7696 = ORIENTED_EDGE('',*,*,#3594,.F.);
#7697 = ORIENTED_EDGE('',*,*,#7676,.F.);
#7698 = ADVANCED_FACE('',(#7699),#3650,.F.);
#7699 = FACE_BOUND('',#7700,.F.);
#7700 = EDGE_LOOP('',(#7701,#7702,#7723,#7724));
#7701 = ORIENTED_EDGE('',*,*,#3723,.T.);
#7702 = ORIENTED_EDGE('',*,*,#7703,.T.);
#7703 = EDGE_CURVE('',#3724,#3630,#7704,.T.);
#7704 = SEAM_CURVE('',#7705,(#7709,#7716),.PCURVE_S1.);
#7705 = LINE('',#7706,#7707);
#7706 = CARTESIAN_POINT('',(-103.3,27.85,-2.01));
#7707 = VECTOR('',#7708,1.);
#7708 = DIRECTION('',(0.,0.,1.));
#7709 = PCURVE('',#3650,#7710);
#7710 = DEFINITIONAL_REPRESENTATION('',(#7711),#7715);
#7711 = LINE('',#7712,#7713);
#7712 = CARTESIAN_POINT('',(0.,-0.));
#7713 = VECTOR('',#7714,1.);
#7714 = DIRECTION('',(0.,1.));
#7715 = ( GEOMETRIC_REPRESENTATION_CONTEXT(2) 
PARAMETRIC_REPRESENTATION_CONTEXT() REPRESENTATION_CONTEXT('2D SPACE',''
  ) );
#7716 = PCURVE('',#3650,#7717);
#7717 = DEFINITIONAL_REPRESENTATION('',(#7718),#7722);
#7718 = LINE('',#7719,#7720);
#7719 = CARTESIAN_POINT('',(6.28318530718,-0.));
#7720 = VECTOR('',#7721,1.);
#7721 = DIRECTION('',(0.,1.));
#7722 = ( GEOMETRIC_REPRESENTATION_CONTEXT(2) 
PARAMETRIC_REPRESENTATION_CONTEXT() REPRESENTATION_CONTEXT('2D SPACE',''
  ) );
#7723 = ORIENTED_EDGE('',*,*,#3629,.F.);
#7724 = ORIENTED_EDGE('',*,*,#7703,.F.);
#7725 = ADVANCED_FACE('',(#7726,#7734),#3703,.T.);
#7726 = FACE_BOUND('',#7727,.T.);
#7727 = EDGE_LOOP('',(#7728,#7729,#7730,#7731,#7732,#7733));
#7728 = ORIENTED_EDGE('',*,*,#7648,.T.);
#7729 = ORIENTED_EDGE('',*,*,#7599,.T.);
#7730 = ORIENTED_EDGE('',*,*,#7550,.T.);
#7731 = ORIENTED_EDGE('',*,*,#7501,.T.);
#7732 = ORIENTED_EDGE('',*,*,#7452,.T.);
#7733 = ORIENTED_EDGE('',*,*,#7381,.T.);
#7734 = FACE_BOUND('',#7735,.T.);
#7735 = EDGE_LOOP('',(#7736));
#7736 = ORIENTED_EDGE('',*,*,#3688,.F.);
#7737 = ADVANCED_FACE('',(#7738),#4056,.T.);
#7738 = FACE_BOUND('',#7739,.T.);
#7739 = EDGE_LOOP('',(#7740,#7763,#7764,#7765,#7788,#7817));
#7740 = ORIENTED_EDGE('',*,*,#7741,.F.);
#7741 = EDGE_CURVE('',#5378,#7742,#7744,.T.);
#7742 = VERTEX_POINT('',#7743);
#7743 = CARTESIAN_POINT('',(-68.5,4.5,-105.75));
#7744 = SURFACE_CURVE('',#7745,(#7749,#7756),.PCURVE_S1.);
#7745 = LINE('',#7746,#7747);
#7746 = CARTESIAN_POINT('',(-72.,4.5,-105.75));
#7747 = VECTOR('',#7748,1.);
#7748 = DIRECTION('',(1.,0.,-0.));
#7749 = PCURVE('',#4056,#7750);
#7750 = DEFINITIONAL_REPRESENTATION('',(#7751),#7755);
#7751 = LINE('',#7752,#7753);
#7752 = CARTESIAN_POINT('',(0.,13.));
#7753 = VECTOR('',#7754,1.);
#7754 = DIRECTION('',(1.,0.));
#7755 = ( GEOMETRIC_REPRESENTATION_CONTEXT(2) 
PARAMETRIC_REPRESENTATION_CONTEXT() REPRESENTATION_CONTEXT('2D SPACE',''
  ) );
#7756 = PCURVE('',#5392,#7757);
#7757 = DEFINITIONAL_REPRESENTATION('',(#7758),#7762);
#7758 = LINE('',#7759,#7760);
#7759 = CARTESIAN_POINT('',(0.,0.));
#7760 = VECTOR('',#7761,1.);
#7761 = DIRECTION('',(0.,1.));
#7762 = ( GEOMETRIC_REPRESENTATION_CONTEXT(2) 
PARAMETRIC_REPRESENTATION_CONTEXT() REPRESENTATION_CONTEXT('2D SPACE',''
  ) );
#7763 = ORIENTED_EDGE('',*,*,#5403,.T.);
#7764 = ORIENTED_EDGE('',*,*,#4041,.T.);
#7765 = ORIENTED_EDGE('',*,*,#7766,.T.);
#7766 = EDGE_CURVE('',#4016,#7767,#7769,.T.);
#7767 = VERTEX_POINT('',#7768);
#7768 = CARTESIAN_POINT('',(-68.,-8.5,-105.75));
#7769 = SURFACE_CURVE('',#7770,(#7774,#7781),.PCURVE_S1.);
#7770 = LINE('',#7771,#7772);
#7771 = CARTESIAN_POINT('',(-72.,-8.5,-105.75));
#7772 = VECTOR('',#7773,1.);
#7773 = DIRECTION('',(1.,0.,-0.));
#7774 = PCURVE('',#4056,#7775);
#7775 = DEFINITIONAL_REPRESENTATION('',(#7776),#7780);
#7776 = LINE('',#7777,#7778);
#7777 = CARTESIAN_POINT('',(0.,0.));
#7778 = VECTOR('',#7779,1.);
#7779 = DIRECTION('',(1.,0.));
#7780 = ( GEOMETRIC_REPRESENTATION_CONTEXT(2) 
PARAMETRIC_REPRESENTATION_CONTEXT() REPRESENTATION_CONTEXT('2D SPACE',''
  ) );
#7781 = PCURVE('',#4030,#7782);
#7782 = DEFINITIONAL_REPRESENTATION('',(#7783),#7787);
#7783 = LINE('',#7784,#7785);
#7784 = CARTESIAN_POINT('',(0.,0.));
#7785 = VECTOR('',#7786,1.);
#7786 = DIRECTION('',(0.,1.));
#7787 = ( GEOMETRIC_REPRESENTATION_CONTEXT(2) 
PARAMETRIC_REPRESENTATION_CONTEXT() REPRESENTATION_CONTEXT('2D SPACE',''
  ) );
#7788 = ORIENTED_EDGE('',*,*,#7789,.F.);
#7789 = EDGE_CURVE('',#7790,#7767,#7792,.T.);
#7790 = VERTEX_POINT('',#7791);
#7791 = CARTESIAN_POINT('',(-68.5,-6.,-105.75));
#7792 = SURFACE_CURVE('',#7793,(#7798,#7805),.PCURVE_S1.);
#7793 = CIRCLE('',#7794,6.5);
#7794 = AXIS2_PLACEMENT_3D('',#7795,#7796,#7797);
#7795 = CARTESIAN_POINT('',(-62.,-6.,-105.75));
#7796 = DIRECTION('',(0.,0.,1.));
#7797 = DIRECTION('',(-1.,-0.,0.));
#7798 = PCURVE('',#4056,#7799);
#7799 = DEFINITIONAL_REPRESENTATION('',(#7800),#7804);
#7800 = CIRCLE('',#7801,6.5);
#7801 = AXIS2_PLACEMENT_2D('',#7802,#7803);
#7802 = CARTESIAN_POINT('',(10.,2.5));
#7803 = DIRECTION('',(-1.,0.));
#7804 = ( GEOMETRIC_REPRESENTATION_CONTEXT(2) 
PARAMETRIC_REPRESENTATION_CONTEXT() REPRESENTATION_CONTEXT('2D SPACE',''
  ) );
#7805 = PCURVE('',#7806,#7811);
#7806 = CYLINDRICAL_SURFACE('',#7807,6.5);
#7807 = AXIS2_PLACEMENT_3D('',#7808,#7809,#7810);
#7808 = CARTESIAN_POINT('',(-62.,-6.,-110.5));
#7809 = DIRECTION('',(0.,0.,1.));
#7810 = DIRECTION('',(-1.,-0.,0.));
#7811 = DEFINITIONAL_REPRESENTATION('',(#7812),#7816);
#7812 = LINE('',#7813,#7814);
#7813 = CARTESIAN_POINT('',(0.,4.75));
#7814 = VECTOR('',#7815,1.);
#7815 = DIRECTION('',(1.,0.));
#7816 = ( GEOMETRIC_REPRESENTATION_CONTEXT(2) 
PARAMETRIC_REPRESENTATION_CONTEXT() REPRESENTATION_CONTEXT('2D SPACE',''
  ) );
#7817 = ORIENTED_EDGE('',*,*,#7818,.F.);
#7818 = EDGE_CURVE('',#7742,#7790,#7819,.T.);
#7819 = SURFACE_CURVE('',#7820,(#7824,#7830),.PCURVE_S1.);
#7820 = LINE('',#7821,#7822);
#7821 = CARTESIAN_POINT('',(-68.5,-10.5,-105.75));
#7822 = VECTOR('',#7823,1.);
#7823 = DIRECTION('',(0.,-1.,0.));
#7824 = PCURVE('',#4056,#7825);
#7825 = DEFINITIONAL_REPRESENTATION('',(#7826),#7829);
#7826 = B_SPLINE_CURVE_WITH_KNOTS('',1,(#7827,#7828),.UNSPECIFIED.,.F.,
  .F.,(2,2),(-15.,-4.5),.PIECEWISE_BEZIER_KNOTS.);
#7827 = CARTESIAN_POINT('',(3.5,13.));
#7828 = CARTESIAN_POINT('',(3.5,2.5));
#7829 = ( GEOMETRIC_REPRESENTATION_CONTEXT(2) 
PARAMETRIC_REPRESENTATION_CONTEXT() REPRESENTATION_CONTEXT('2D SPACE',''
  ) );
#7830 = PCURVE('',#7831,#7836);
#7831 = PLANE('',#7832);
#7832 = AXIS2_PLACEMENT_3D('',#7833,#7834,#7835);
#7833 = CARTESIAN_POINT('',(-68.5,-12.5,-110.5));
#7834 = DIRECTION('',(1.,0.,0.));
#7835 = DIRECTION('',(0.,0.,1.));
#7836 = DEFINITIONAL_REPRESENTATION('',(#7837),#7840);
#7837 = B_SPLINE_CURVE_WITH_KNOTS('',1,(#7838,#7839),.UNSPECIFIED.,.F.,
  .F.,(2,2),(-15.,-4.5),.PIECEWISE_BEZIER_KNOTS.);
#7838 = CARTESIAN_POINT('',(4.75,-17.));
#7839 = CARTESIAN_POINT('',(4.75,-6.5));
#7840 = ( GEOMETRIC_REPRESENTATION_CONTEXT(2) 
PARAMETRIC_REPRESENTATION_CONTEXT() REPRESENTATION_CONTEXT('2D SPACE',''
  ) );
#7841 = ADVANCED_FACE('',(#7842),#4030,.T.);
#7842 = FACE_BOUND('',#7843,.T.);
#7843 = EDGE_LOOP('',(#7844,#7845,#7846,#7869));
#7844 = ORIENTED_EDGE('',*,*,#7766,.F.);
#7845 = ORIENTED_EDGE('',*,*,#4015,.T.);
#7846 = ORIENTED_EDGE('',*,*,#7847,.T.);
#7847 = EDGE_CURVE('',#3987,#7848,#7850,.T.);
#7848 = VERTEX_POINT('',#7849);
#7849 = CARTESIAN_POINT('',(-68.,-8.5,-102.25));
#7850 = SURFACE_CURVE('',#7851,(#7855,#7862),.PCURVE_S1.);
#7851 = LINE('',#7852,#7853);
#7852 = CARTESIAN_POINT('',(-72.,-8.5,-102.25));
#7853 = VECTOR('',#7854,1.);
#7854 = DIRECTION('',(1.,0.,-0.));
#7855 = PCURVE('',#4030,#7856);
#7856 = DEFINITIONAL_REPRESENTATION('',(#7857),#7861);
#7857 = LINE('',#7858,#7859);
#7858 = CARTESIAN_POINT('',(3.5,0.));
#7859 = VECTOR('',#7860,1.);
#7860 = DIRECTION('',(0.,1.));
#7861 = ( GEOMETRIC_REPRESENTATION_CONTEXT(2) 
PARAMETRIC_REPRESENTATION_CONTEXT() REPRESENTATION_CONTEXT('2D SPACE',''
  ) );
#7862 = PCURVE('',#4003,#7863);
#7863 = DEFINITIONAL_REPRESENTATION('',(#7864),#7868);
#7864 = LINE('',#7865,#7866);
#7865 = CARTESIAN_POINT('',(0.,0.));
#7866 = VECTOR('',#7867,1.);
#7867 = DIRECTION('',(1.,0.));
#7868 = ( GEOMETRIC_REPRESENTATION_CONTEXT(2) 
PARAMETRIC_REPRESENTATION_CONTEXT() REPRESENTATION_CONTEXT('2D SPACE',''
  ) );
#7869 = ORIENTED_EDGE('',*,*,#7870,.F.);
#7870 = EDGE_CURVE('',#7767,#7848,#7871,.T.);
#7871 = SURFACE_CURVE('',#7872,(#7876,#7882),.PCURVE_S1.);
#7872 = LINE('',#7873,#7874);
#7873 = CARTESIAN_POINT('',(-68.,-8.5,-110.5));
#7874 = VECTOR('',#7875,1.);
#7875 = DIRECTION('',(0.,0.,1.));
#7876 = PCURVE('',#4030,#7877);
#7877 = DEFINITIONAL_REPRESENTATION('',(#7878),#7881);
#7878 = B_SPLINE_CURVE_WITH_KNOTS('',1,(#7879,#7880),.UNSPECIFIED.,.F.,
  .F.,(2,2),(4.4,8.6),.PIECEWISE_BEZIER_KNOTS.);
#7879 = CARTESIAN_POINT('',(-0.35,4.));
#7880 = CARTESIAN_POINT('',(3.85,4.));
#7881 = ( GEOMETRIC_REPRESENTATION_CONTEXT(2) 
PARAMETRIC_REPRESENTATION_CONTEXT() REPRESENTATION_CONTEXT('2D SPACE',''
  ) );
#7882 = PCURVE('',#7806,#7883);
#7883 = DEFINITIONAL_REPRESENTATION('',(#7884),#7887);
#7884 = B_SPLINE_CURVE_WITH_KNOTS('',1,(#7885,#7886),.UNSPECIFIED.,.F.,
  .F.,(2,2),(4.4,8.6),.PIECEWISE_BEZIER_KNOTS.);
#7885 = CARTESIAN_POINT('',(0.3947911197,4.4));
#7886 = CARTESIAN_POINT('',(0.3947911197,8.6));
#7887 = ( GEOMETRIC_REPRESENTATION_CONTEXT(2) 
PARAMETRIC_REPRESENTATION_CONTEXT() REPRESENTATION_CONTEXT('2D SPACE',''
  ) );
#7888 = ADVANCED_FACE('',(#7889),#4003,.F.);
#7889 = FACE_BOUND('',#7890,.F.);
#7890 = EDGE_LOOP('',(#7891,#7914,#7915,#7916,#7917,#7941));
#7891 = ORIENTED_EDGE('',*,*,#7892,.F.);
#7892 = EDGE_CURVE('',#5357,#7893,#7895,.T.);
#7893 = VERTEX_POINT('',#7894);
#7894 = CARTESIAN_POINT('',(-68.5,4.5,-102.25));
#7895 = SURFACE_CURVE('',#7896,(#7900,#7907),.PCURVE_S1.);
#7896 = LINE('',#7897,#7898);
#7897 = CARTESIAN_POINT('',(-72.,4.5,-102.25));
#7898 = VECTOR('',#7899,1.);
#7899 = DIRECTION('',(1.,0.,-0.));
#7900 = PCURVE('',#4003,#7901);
#7901 = DEFINITIONAL_REPRESENTATION('',(#7902),#7906);
#7902 = LINE('',#7903,#7904);
#7903 = CARTESIAN_POINT('',(0.,13.));
#7904 = VECTOR('',#7905,1.);
#7905 = DIRECTION('',(1.,0.));
#7906 = ( GEOMETRIC_REPRESENTATION_CONTEXT(2) 
PARAMETRIC_REPRESENTATION_CONTEXT() REPRESENTATION_CONTEXT('2D SPACE',''
  ) );
#7907 = PCURVE('',#5392,#7908);
#7908 = DEFINITIONAL_REPRESENTATION('',(#7909),#7913);
#7909 = LINE('',#7910,#7911);
#7910 = CARTESIAN_POINT('',(3.5,0.));
#7911 = VECTOR('',#7912,1.);
#7912 = DIRECTION('',(0.,1.));
#7913 = ( GEOMETRIC_REPRESENTATION_CONTEXT(2) 
PARAMETRIC_REPRESENTATION_CONTEXT() REPRESENTATION_CONTEXT('2D SPACE',''
  ) );
#7914 = ORIENTED_EDGE('',*,*,#5356,.T.);
#7915 = ORIENTED_EDGE('',*,*,#3986,.T.);
#7916 = ORIENTED_EDGE('',*,*,#7847,.T.);
#7917 = ORIENTED_EDGE('',*,*,#7918,.F.);
#7918 = EDGE_CURVE('',#7919,#7848,#7921,.T.);
#7919 = VERTEX_POINT('',#7920);
#7920 = CARTESIAN_POINT('',(-68.5,-6.,-102.25));
#7921 = SURFACE_CURVE('',#7922,(#7927,#7934),.PCURVE_S1.);
#7922 = CIRCLE('',#7923,6.5);
#7923 = AXIS2_PLACEMENT_3D('',#7924,#7925,#7926);
#7924 = CARTESIAN_POINT('',(-62.,-6.,-102.25));
#7925 = DIRECTION('',(0.,0.,1.));
#7926 = DIRECTION('',(-1.,-0.,0.));
#7927 = PCURVE('',#4003,#7928);
#7928 = DEFINITIONAL_REPRESENTATION('',(#7929),#7933);
#7929 = CIRCLE('',#7930,6.5);
#7930 = AXIS2_PLACEMENT_2D('',#7931,#7932);
#7931 = CARTESIAN_POINT('',(10.,2.5));
#7932 = DIRECTION('',(-1.,0.));
#7933 = ( GEOMETRIC_REPRESENTATION_CONTEXT(2) 
PARAMETRIC_REPRESENTATION_CONTEXT() REPRESENTATION_CONTEXT('2D SPACE',''
  ) );
#7934 = PCURVE('',#7806,#7935);
#7935 = DEFINITIONAL_REPRESENTATION('',(#7936),#7940);
#7936 = LINE('',#7937,#7938);
#7937 = CARTESIAN_POINT('',(0.,8.25));
#7938 = VECTOR('',#7939,1.);
#7939 = DIRECTION('',(1.,0.));
#7940 = ( GEOMETRIC_REPRESENTATION_CONTEXT(2) 
PARAMETRIC_REPRESENTATION_CONTEXT() REPRESENTATION_CONTEXT('2D SPACE',''
  ) );
#7941 = ORIENTED_EDGE('',*,*,#7942,.F.);
#7942 = EDGE_CURVE('',#7893,#7919,#7943,.T.);
#7943 = SURFACE_CURVE('',#7944,(#7948,#7954),.PCURVE_S1.);
#7944 = LINE('',#7945,#7946);
#7945 = CARTESIAN_POINT('',(-68.5,-10.5,-102.25));
#7946 = VECTOR('',#7947,1.);
#7947 = DIRECTION('',(0.,-1.,0.));
#7948 = PCURVE('',#4003,#7949);
#7949 = DEFINITIONAL_REPRESENTATION('',(#7950),#7953);
#7950 = B_SPLINE_CURVE_WITH_KNOTS('',1,(#7951,#7952),.UNSPECIFIED.,.F.,
  .F.,(2,2),(-15.,-4.5),.PIECEWISE_BEZIER_KNOTS.);
#7951 = CARTESIAN_POINT('',(3.5,13.));
#7952 = CARTESIAN_POINT('',(3.5,2.5));
#7953 = ( GEOMETRIC_REPRESENTATION_CONTEXT(2) 
PARAMETRIC_REPRESENTATION_CONTEXT() REPRESENTATION_CONTEXT('2D SPACE',''
  ) );
#7954 = PCURVE('',#7831,#7955);
#7955 = DEFINITIONAL_REPRESENTATION('',(#7956),#7959);
#7956 = B_SPLINE_CURVE_WITH_KNOTS('',1,(#7957,#7958),.UNSPECIFIED.,.F.,
  .F.,(2,2),(-15.,-4.5),.PIECEWISE_BEZIER_KNOTS.);
#7957 = CARTESIAN_POINT('',(8.25,-17.));
#7958 = CARTESIAN_POINT('',(8.25,-6.5));
#7959 = ( GEOMETRIC_REPRESENTATION_CONTEXT(2) 
PARAMETRIC_REPRESENTATION_CONTEXT() REPRESENTATION_CONTEXT('2D SPACE',''
  ) );
#7960 = ADVANCED_FACE('',(#7961),#3951,.T.);
#7961 = FACE_BOUND('',#7962,.T.);
#7962 = EDGE_LOOP('',(#7963,#7986,#7987,#7988,#8011,#8035));
#7963 = ORIENTED_EDGE('',*,*,#7964,.F.);
#7964 = EDGE_CURVE('',#5311,#7965,#7967,.T.);
#7965 = VERTEX_POINT('',#7966);
#7966 = CARTESIAN_POINT('',(-68.5,4.5,-98.75));
#7967 = SURFACE_CURVE('',#7968,(#7972,#7979),.PCURVE_S1.);
#7968 = LINE('',#7969,#7970);
#7969 = CARTESIAN_POINT('',(-72.,4.5,-98.75));
#7970 = VECTOR('',#7971,1.);
#7971 = DIRECTION('',(1.,0.,-0.));
#7972 = PCURVE('',#3951,#7973);
#7973 = DEFINITIONAL_REPRESENTATION('',(#7974),#7978);
#7974 = LINE('',#7975,#7976);
#7975 = CARTESIAN_POINT('',(0.,13.));
#7976 = VECTOR('',#7977,1.);
#7977 = DIRECTION('',(1.,0.));
#7978 = ( GEOMETRIC_REPRESENTATION_CONTEXT(2) 
PARAMETRIC_REPRESENTATION_CONTEXT() REPRESENTATION_CONTEXT('2D SPACE',''
  ) );
#7979 = PCURVE('',#5325,#7980);
#7980 = DEFINITIONAL_REPRESENTATION('',(#7981),#7985);
#7981 = LINE('',#7982,#7983);
#7982 = CARTESIAN_POINT('',(0.,0.));
#7983 = VECTOR('',#7984,1.);
#7984 = DIRECTION('',(0.,1.));
#7985 = ( GEOMETRIC_REPRESENTATION_CONTEXT(2) 
PARAMETRIC_REPRESENTATION_CONTEXT() REPRESENTATION_CONTEXT('2D SPACE',''
  ) );
#7986 = ORIENTED_EDGE('',*,*,#5336,.T.);
#7987 = ORIENTED_EDGE('',*,*,#3934,.T.);
#7988 = ORIENTED_EDGE('',*,*,#7989,.T.);
#7989 = EDGE_CURVE('',#3909,#7990,#7992,.T.);
#7990 = VERTEX_POINT('',#7991);
#7991 = CARTESIAN_POINT('',(-68.,-8.5,-98.75));
#7992 = SURFACE_CURVE('',#7993,(#7997,#8004),.PCURVE_S1.);
#7993 = LINE('',#7994,#7995);
#7994 = CARTESIAN_POINT('',(-72.,-8.5,-98.75));
#7995 = VECTOR('',#7996,1.);
#7996 = DIRECTION('',(1.,0.,-0.));
#7997 = PCURVE('',#3951,#7998);
#7998 = DEFINITIONAL_REPRESENTATION('',(#7999),#8003);
#7999 = LINE('',#8000,#8001);
#8000 = CARTESIAN_POINT('',(0.,0.));
#8001 = VECTOR('',#8002,1.);
#8002 = DIRECTION('',(1.,0.));
#8003 = ( GEOMETRIC_REPRESENTATION_CONTEXT(2) 
PARAMETRIC_REPRESENTATION_CONTEXT() REPRESENTATION_CONTEXT('2D SPACE',''
  ) );
#8004 = PCURVE('',#3923,#8005);
#8005 = DEFINITIONAL_REPRESENTATION('',(#8006),#8010);
#8006 = LINE('',#8007,#8008);
#8007 = CARTESIAN_POINT('',(0.,0.));
#8008 = VECTOR('',#8009,1.);
#8009 = DIRECTION('',(0.,1.));
#8010 = ( GEOMETRIC_REPRESENTATION_CONTEXT(2) 
PARAMETRIC_REPRESENTATION_CONTEXT() REPRESENTATION_CONTEXT('2D SPACE',''
  ) );
#8011 = ORIENTED_EDGE('',*,*,#8012,.F.);
#8012 = EDGE_CURVE('',#8013,#7990,#8015,.T.);
#8013 = VERTEX_POINT('',#8014);
#8014 = CARTESIAN_POINT('',(-68.5,-6.,-98.75));
#8015 = SURFACE_CURVE('',#8016,(#8021,#8028),.PCURVE_S1.);
#8016 = CIRCLE('',#8017,6.5);
#8017 = AXIS2_PLACEMENT_3D('',#8018,#8019,#8020);
#8018 = CARTESIAN_POINT('',(-62.,-6.,-98.75));
#8019 = DIRECTION('',(0.,0.,1.));
#8020 = DIRECTION('',(-1.,-0.,0.));
#8021 = PCURVE('',#3951,#8022);
#8022 = DEFINITIONAL_REPRESENTATION('',(#8023),#8027);
#8023 = CIRCLE('',#8024,6.5);
#8024 = AXIS2_PLACEMENT_2D('',#8025,#8026);
#8025 = CARTESIAN_POINT('',(10.,2.5));
#8026 = DIRECTION('',(-1.,0.));
#8027 = ( GEOMETRIC_REPRESENTATION_CONTEXT(2) 
PARAMETRIC_REPRESENTATION_CONTEXT() REPRESENTATION_CONTEXT('2D SPACE',''
  ) );
#8028 = PCURVE('',#7806,#8029);
#8029 = DEFINITIONAL_REPRESENTATION('',(#8030),#8034);
#8030 = LINE('',#8031,#8032);
#8031 = CARTESIAN_POINT('',(0.,11.75));
#8032 = VECTOR('',#8033,1.);
#8033 = DIRECTION('',(1.,0.));
#8034 = ( GEOMETRIC_REPRESENTATION_CONTEXT(2) 
PARAMETRIC_REPRESENTATION_CONTEXT() REPRESENTATION_CONTEXT('2D SPACE',''
  ) );
#8035 = ORIENTED_EDGE('',*,*,#8036,.F.);
#8036 = EDGE_CURVE('',#7965,#8013,#8037,.T.);
#8037 = SURFACE_CURVE('',#8038,(#8042,#8048),.PCURVE_S1.);
#8038 = LINE('',#8039,#8040);
#8039 = CARTESIAN_POINT('',(-68.5,-10.5,-98.75));
#8040 = VECTOR('',#8041,1.);
#8041 = DIRECTION('',(0.,-1.,0.));
#8042 = PCURVE('',#3951,#8043);
#8043 = DEFINITIONAL_REPRESENTATION('',(#8044),#8047);
#8044 = B_SPLINE_CURVE_WITH_KNOTS('',1,(#8045,#8046),.UNSPECIFIED.,.F.,
  .F.,(2,2),(-15.,-4.5),.PIECEWISE_BEZIER_KNOTS.);
#8045 = CARTESIAN_POINT('',(3.5,13.));
#8046 = CARTESIAN_POINT('',(3.5,2.5));
#8047 = ( GEOMETRIC_REPRESENTATION_CONTEXT(2) 
PARAMETRIC_REPRESENTATION_CONTEXT() REPRESENTATION_CONTEXT('2D SPACE',''
  ) );
#8048 = PCURVE('',#7831,#8049);
#8049 = DEFINITIONAL_REPRESENTATION('',(#8050),#8053);
#8050 = B_SPLINE_CURVE_WITH_KNOTS('',1,(#8051,#8052),.UNSPECIFIED.,.F.,
  .F.,(2,2),(-15.,-4.5),.PIECEWISE_BEZIER_KNOTS.);
#8051 = CARTESIAN_POINT('',(11.75,-17.));
#8052 = CARTESIAN_POINT('',(11.75,-6.5));
#8053 = ( GEOMETRIC_REPRESENTATION_CONTEXT(2) 
PARAMETRIC_REPRESENTATION_CONTEXT() REPRESENTATION_CONTEXT('2D SPACE',''
  ) );
#8054 = ADVANCED_FACE('',(#8055),#3923,.T.);
#8055 = FACE_BOUND('',#8056,.T.);
#8056 = EDGE_LOOP('',(#8057,#8058,#8059,#8082));
#8057 = ORIENTED_EDGE('',*,*,#7989,.F.);
#8058 = ORIENTED_EDGE('',*,*,#3908,.T.);
#8059 = ORIENTED_EDGE('',*,*,#8060,.T.);
#8060 = EDGE_CURVE('',#3880,#8061,#8063,.T.);
#8061 = VERTEX_POINT('',#8062);
#8062 = CARTESIAN_POINT('',(-68.,-8.5,-95.25));
#8063 = SURFACE_CURVE('',#8064,(#8068,#8075),.PCURVE_S1.);
#8064 = LINE('',#8065,#8066);
#8065 = CARTESIAN_POINT('',(-72.,-8.5,-95.25));
#8066 = VECTOR('',#8067,1.);
#8067 = DIRECTION('',(1.,0.,-0.));
#8068 = PCURVE('',#3923,#8069);
#8069 = DEFINITIONAL_REPRESENTATION('',(#8070),#8074);
#8070 = LINE('',#8071,#8072);
#8071 = CARTESIAN_POINT('',(3.5,0.));
#8072 = VECTOR('',#8073,1.);
#8073 = DIRECTION('',(0.,1.));
#8074 = ( GEOMETRIC_REPRESENTATION_CONTEXT(2) 
PARAMETRIC_REPRESENTATION_CONTEXT() REPRESENTATION_CONTEXT('2D SPACE',''
  ) );
#8075 = PCURVE('',#3896,#8076);
#8076 = DEFINITIONAL_REPRESENTATION('',(#8077),#8081);
#8077 = LINE('',#8078,#8079);
#8078 = CARTESIAN_POINT('',(0.,0.));
#8079 = VECTOR('',#8080,1.);
#8080 = DIRECTION('',(1.,0.));
#8081 = ( GEOMETRIC_REPRESENTATION_CONTEXT(2) 
PARAMETRIC_REPRESENTATION_CONTEXT() REPRESENTATION_CONTEXT('2D SPACE',''
  ) );
#8082 = ORIENTED_EDGE('',*,*,#8083,.F.);
#8083 = EDGE_CURVE('',#7990,#8061,#8084,.T.);
#8084 = SURFACE_CURVE('',#8085,(#8089,#8095),.PCURVE_S1.);
#8085 = LINE('',#8086,#8087);
#8086 = CARTESIAN_POINT('',(-68.,-8.5,-110.5));
#8087 = VECTOR('',#8088,1.);
#8088 = DIRECTION('',(0.,0.,1.));
#8089 = PCURVE('',#3923,#8090);
#8090 = DEFINITIONAL_REPRESENTATION('',(#8091),#8094);
#8091 = B_SPLINE_CURVE_WITH_KNOTS('',1,(#8092,#8093),.UNSPECIFIED.,.F.,
  .F.,(2,2),(11.4,15.6),.PIECEWISE_BEZIER_KNOTS.);
#8092 = CARTESIAN_POINT('',(-0.35,4.));
#8093 = CARTESIAN_POINT('',(3.85,4.));
#8094 = ( GEOMETRIC_REPRESENTATION_CONTEXT(2) 
PARAMETRIC_REPRESENTATION_CONTEXT() REPRESENTATION_CONTEXT('2D SPACE',''
  ) );
#8095 = PCURVE('',#7806,#8096);
#8096 = DEFINITIONAL_REPRESENTATION('',(#8097),#8100);
#8097 = B_SPLINE_CURVE_WITH_KNOTS('',1,(#8098,#8099),.UNSPECIFIED.,.F.,
  .F.,(2,2),(11.4,15.6),.PIECEWISE_BEZIER_KNOTS.);
#8098 = CARTESIAN_POINT('',(0.3947911197,11.4));
#8099 = CARTESIAN_POINT('',(0.3947911197,15.6));
#8100 = ( GEOMETRIC_REPRESENTATION_CONTEXT(2) 
PARAMETRIC_REPRESENTATION_CONTEXT() REPRESENTATION_CONTEXT('2D SPACE',''
  ) );
#8101 = ADVANCED_FACE('',(#8102),#3896,.F.);
#8102 = FACE_BOUND('',#8103,.F.);
#8103 = EDGE_LOOP('',(#8104,#8127,#8128,#8129,#8130,#8154));
#8104 = ORIENTED_EDGE('',*,*,#8105,.F.);
#8105 = EDGE_CURVE('',#5290,#8106,#8108,.T.);
#8106 = VERTEX_POINT('',#8107);
#8107 = CARTESIAN_POINT('',(-68.5,4.5,-95.25));
#8108 = SURFACE_CURVE('',#8109,(#8113,#8120),.PCURVE_S1.);
#8109 = LINE('',#8110,#8111);
#8110 = CARTESIAN_POINT('',(-72.,4.5,-95.25));
#8111 = VECTOR('',#8112,1.);
#8112 = DIRECTION('',(1.,0.,-0.));
#8113 = PCURVE('',#3896,#8114);
#8114 = DEFINITIONAL_REPRESENTATION('',(#8115),#8119);
#8115 = LINE('',#8116,#8117);
#8116 = CARTESIAN_POINT('',(0.,13.));
#8117 = VECTOR('',#8118,1.);
#8118 = DIRECTION('',(1.,0.));
#8119 = ( GEOMETRIC_REPRESENTATION_CONTEXT(2) 
PARAMETRIC_REPRESENTATION_CONTEXT() REPRESENTATION_CONTEXT('2D SPACE',''
  ) );
#8120 = PCURVE('',#5325,#8121);
#8121 = DEFINITIONAL_REPRESENTATION('',(#8122),#8126);
#8122 = LINE('',#8123,#8124);
#8123 = CARTESIAN_POINT('',(3.5,0.));
#8124 = VECTOR('',#8125,1.);
#8125 = DIRECTION('',(0.,1.));
#8126 = ( GEOMETRIC_REPRESENTATION_CONTEXT(2) 
PARAMETRIC_REPRESENTATION_CONTEXT() REPRESENTATION_CONTEXT('2D SPACE',''
  ) );
#8127 = ORIENTED_EDGE('',*,*,#5289,.T.);
#8128 = ORIENTED_EDGE('',*,*,#3879,.T.);
#8129 = ORIENTED_EDGE('',*,*,#8060,.T.);
#8130 = ORIENTED_EDGE('',*,*,#8131,.F.);
#8131 = EDGE_CURVE('',#8132,#8061,#8134,.T.);
#8132 = VERTEX_POINT('',#8133);
#8133 = CARTESIAN_POINT('',(-68.5,-6.,-95.25));
#8134 = SURFACE_CURVE('',#8135,(#8140,#8147),.PCURVE_S1.);
#8135 = CIRCLE('',#8136,6.5);
#8136 = AXIS2_PLACEMENT_3D('',#8137,#8138,#8139);
#8137 = CARTESIAN_POINT('',(-62.,-6.,-95.25));
#8138 = DIRECTION('',(0.,0.,1.));
#8139 = DIRECTION('',(-1.,-0.,0.));
#8140 = PCURVE('',#3896,#8141);
#8141 = DEFINITIONAL_REPRESENTATION('',(#8142),#8146);
#8142 = CIRCLE('',#8143,6.5);
#8143 = AXIS2_PLACEMENT_2D('',#8144,#8145);
#8144 = CARTESIAN_POINT('',(10.,2.5));
#8145 = DIRECTION('',(-1.,0.));
#8146 = ( GEOMETRIC_REPRESENTATION_CONTEXT(2) 
PARAMETRIC_REPRESENTATION_CONTEXT() REPRESENTATION_CONTEXT('2D SPACE',''
  ) );
#8147 = PCURVE('',#7806,#8148);
#8148 = DEFINITIONAL_REPRESENTATION('',(#8149),#8153);
#8149 = LINE('',#8150,#8151);
#8150 = CARTESIAN_POINT('',(0.,15.25));
#8151 = VECTOR('',#8152,1.);
#8152 = DIRECTION('',(1.,0.));
#8153 = ( GEOMETRIC_REPRESENTATION_CONTEXT(2) 
PARAMETRIC_REPRESENTATION_CONTEXT() REPRESENTATION_CONTEXT('2D SPACE',''
  ) );
#8154 = ORIENTED_EDGE('',*,*,#8155,.F.);
#8155 = EDGE_CURVE('',#8106,#8132,#8156,.T.);
#8156 = SURFACE_CURVE('',#8157,(#8161,#8167),.PCURVE_S1.);
#8157 = LINE('',#8158,#8159);
#8158 = CARTESIAN_POINT('',(-68.5,-10.5,-95.25));
#8159 = VECTOR('',#8160,1.);
#8160 = DIRECTION('',(0.,-1.,0.));
#8161 = PCURVE('',#3896,#8162);
#8162 = DEFINITIONAL_REPRESENTATION('',(#8163),#8166);
#8163 = B_SPLINE_CURVE_WITH_KNOTS('',1,(#8164,#8165),.UNSPECIFIED.,.F.,
  .F.,(2,2),(-15.,-4.5),.PIECEWISE_BEZIER_KNOTS.);
#8164 = CARTESIAN_POINT('',(3.5,13.));
#8165 = CARTESIAN_POINT('',(3.5,2.5));
#8166 = ( GEOMETRIC_REPRESENTATION_CONTEXT(2) 
PARAMETRIC_REPRESENTATION_CONTEXT() REPRESENTATION_CONTEXT('2D SPACE',''
  ) );
#8167 = PCURVE('',#7831,#8168);
#8168 = DEFINITIONAL_REPRESENTATION('',(#8169),#8172);
#8169 = B_SPLINE_CURVE_WITH_KNOTS('',1,(#8170,#8171),.UNSPECIFIED.,.F.,
  .F.,(2,2),(-15.,-4.5),.PIECEWISE_BEZIER_KNOTS.);
#8170 = CARTESIAN_POINT('',(15.25,-17.));
#8171 = CARTESIAN_POINT('',(15.25,-6.5));
#8172 = ( GEOMETRIC_REPRESENTATION_CONTEXT(2) 
PARAMETRIC_REPRESENTATION_CONTEXT() REPRESENTATION_CONTEXT('2D SPACE',''
  ) );
#8173 = ADVANCED_FACE('',(#8174),#3822,.T.);
#8174 = FACE_BOUND('',#8175,.T.);
#8175 = EDGE_LOOP('',(#8176,#8197,#8198,#8219));
#8176 = ORIENTED_EDGE('',*,*,#8177,.F.);
#8177 = EDGE_CURVE('',#3806,#8178,#8180,.T.);
#8178 = VERTEX_POINT('',#8179);
#8179 = CARTESIAN_POINT('',(-62.,-14.,-110.));
#8180 = SURFACE_CURVE('',#8181,(#8185,#8191),.PCURVE_S1.);
#8181 = LINE('',#8182,#8183);
#8182 = CARTESIAN_POINT('',(-62.,-14.5,-109.5));
#8183 = VECTOR('',#8184,1.);
#8184 = DIRECTION('',(-0.,0.707106781187,-0.707106781187));
#8185 = PCURVE('',#3822,#8186);
#8186 = DEFINITIONAL_REPRESENTATION('',(#8187),#8190);
#8187 = B_SPLINE_CURVE_WITH_KNOTS('',1,(#8188,#8189),.UNSPECIFIED.,.F.,
  .F.,(2,2),(-0.707106781187,0.707106781187),.PIECEWISE_BEZIER_KNOTS.);
#8188 = CARTESIAN_POINT('',(0.,0.));
#8189 = CARTESIAN_POINT('',(0.,-1.));
#8190 = ( GEOMETRIC_REPRESENTATION_CONTEXT(2) 
PARAMETRIC_REPRESENTATION_CONTEXT() REPRESENTATION_CONTEXT('2D SPACE',''
  ) );
#8191 = PCURVE('',#4108,#8192);
#8192 = DEFINITIONAL_REPRESENTATION('',(#8193),#8196);
#8193 = B_SPLINE_CURVE_WITH_KNOTS('',1,(#8194,#8195),.UNSPECIFIED.,.F.,
  .F.,(2,2),(-0.707106781187,0.707106781187),.PIECEWISE_BEZIER_KNOTS.);
#8194 = CARTESIAN_POINT('',(30.,-0.707106781187));
#8195 = CARTESIAN_POINT('',(30.,0.707106781187));
#8196 = ( GEOMETRIC_REPRESENTATION_CONTEXT(2) 
PARAMETRIC_REPRESENTATION_CONTEXT() REPRESENTATION_CONTEXT('2D SPACE',''
  ) );
#8197 = ORIENTED_EDGE('',*,*,#3805,.T.);
#8198 = ORIENTED_EDGE('',*,*,#8199,.T.);
#8199 = EDGE_CURVE('',#3781,#8200,#8202,.T.);
#8200 = VERTEX_POINT('',#8201);
#8201 = CARTESIAN_POINT('',(-70.,-6.,-110.));
#8202 = SURFACE_CURVE('',#8203,(#8207,#8213),.PCURVE_S1.);
#8203 = LINE('',#8204,#8205);
#8204 = CARTESIAN_POINT('',(-70.5,-6.,-109.5));
#8205 = VECTOR('',#8206,1.);
#8206 = DIRECTION('',(0.707106781187,0.,-0.707106781187));
#8207 = PCURVE('',#3822,#8208);
#8208 = DEFINITIONAL_REPRESENTATION('',(#8209),#8212);
#8209 = B_SPLINE_CURVE_WITH_KNOTS('',1,(#8210,#8211),.UNSPECIFIED.,.F.,
  .F.,(2,2),(-0.707106781187,0.707106781187),.PIECEWISE_BEZIER_KNOTS.);
#8210 = CARTESIAN_POINT('',(-1.570796326795,0.));
#8211 = CARTESIAN_POINT('',(-1.570796326795,-1.));
#8212 = ( GEOMETRIC_REPRESENTATION_CONTEXT(2) 
PARAMETRIC_REPRESENTATION_CONTEXT() REPRESENTATION_CONTEXT('2D SPACE',''
  ) );
#8213 = PCURVE('',#5274,#8214);
#8214 = DEFINITIONAL_REPRESENTATION('',(#8215),#8218);
#8215 = B_SPLINE_CURVE_WITH_KNOTS('',1,(#8216,#8217),.UNSPECIFIED.,.F.,
  .F.,(2,2),(-0.707106781187,0.707106781187),.PIECEWISE_BEZIER_KNOTS.);
#8216 = CARTESIAN_POINT('',(0.,-0.707106781187));
#8217 = CARTESIAN_POINT('',(0.,0.707106781187));
#8218 = ( GEOMETRIC_REPRESENTATION_CONTEXT(2) 
PARAMETRIC_REPRESENTATION_CONTEXT() REPRESENTATION_CONTEXT('2D SPACE',''
  ) );
#8219 = ORIENTED_EDGE('',*,*,#8220,.F.);
#8220 = EDGE_CURVE('',#8178,#8200,#8221,.T.);
#8221 = SURFACE_CURVE('',#8222,(#8227,#8234),.PCURVE_S1.);
#8222 = CIRCLE('',#8223,8.);
#8223 = AXIS2_PLACEMENT_3D('',#8224,#8225,#8226);
#8224 = CARTESIAN_POINT('',(-62.,-6.,-110.));
#8225 = DIRECTION('',(-0.,-0.,-1.));
#8226 = DIRECTION('',(0.,-1.,0.));
#8227 = PCURVE('',#3822,#8228);
#8228 = DEFINITIONAL_REPRESENTATION('',(#8229),#8233);
#8229 = LINE('',#8230,#8231);
#8230 = CARTESIAN_POINT('',(-0.,-1.));
#8231 = VECTOR('',#8232,1.);
#8232 = DIRECTION('',(-1.,-0.));
#8233 = ( GEOMETRIC_REPRESENTATION_CONTEXT(2) 
PARAMETRIC_REPRESENTATION_CONTEXT() REPRESENTATION_CONTEXT('2D SPACE',''
  ) );
#8234 = PCURVE('',#8235,#8240);
#8235 = PLANE('',#8236);
#8236 = AXIS2_PLACEMENT_3D('',#8237,#8238,#8239);
#8237 = CARTESIAN_POINT('',(-71.,-15.,-110.));
#8238 = DIRECTION('',(0.,0.,1.));
#8239 = DIRECTION('',(1.,0.,0.));
#8240 = DEFINITIONAL_REPRESENTATION('',(#8241),#8249);
#8241 = ( BOUNDED_CURVE() B_SPLINE_CURVE(2,(#8242,#8243,#8244,#8245,
#8246,#8247,#8248),.UNSPECIFIED.,.T.,.F.) B_SPLINE_CURVE_WITH_KNOTS((1,2
    ,2,2,2,1),(-2.094395102393,0.,2.094395102393,4.188790204786,
6.28318530718,8.377580409573),.UNSPECIFIED.) CURVE() 
GEOMETRIC_REPRESENTATION_ITEM() RATIONAL_B_SPLINE_CURVE((1.,0.5,1.,0.5,
1.,0.5,1.)) REPRESENTATION_ITEM('') );
#8242 = CARTESIAN_POINT('',(9.,1.));
#8243 = CARTESIAN_POINT('',(-4.856406460551,1.));
#8244 = CARTESIAN_POINT('',(2.071796769724,13.));
#8245 = CARTESIAN_POINT('',(9.,25.));
#8246 = CARTESIAN_POINT('',(15.928203230276,13.));
#8247 = CARTESIAN_POINT('',(22.856406460551,1.));
#8248 = CARTESIAN_POINT('',(9.,1.));
#8249 = ( GEOMETRIC_REPRESENTATION_CONTEXT(2) 
PARAMETRIC_REPRESENTATION_CONTEXT() REPRESENTATION_CONTEXT('2D SPACE',''
  ) );
#8250 = ADVANCED_FACE('',(#8251),#4108,.T.);
#8251 = FACE_BOUND('',#8252,.T.);
#8252 = EDGE_LOOP('',(#8253,#8274,#8275,#8276));
#8253 = ORIENTED_EDGE('',*,*,#8254,.F.);
#8254 = EDGE_CURVE('',#4072,#8255,#8257,.T.);
#8255 = VERTEX_POINT('',#8256);
#8256 = CARTESIAN_POINT('',(-32.,-14.,-110.));
#8257 = SURFACE_CURVE('',#8258,(#8262,#8268),.PCURVE_S1.);
#8258 = LINE('',#8259,#8260);
#8259 = CARTESIAN_POINT('',(-32.,-15.,-109.));
#8260 = VECTOR('',#8261,1.);
#8261 = DIRECTION('',(-1.82861576917E-16,0.707106781187,-0.707106781187)
  );
#8262 = PCURVE('',#4108,#8263);
#8263 = DEFINITIONAL_REPRESENTATION('',(#8264),#8267);
#8264 = B_SPLINE_CURVE_WITH_KNOTS('',1,(#8265,#8266),.UNSPECIFIED.,.F.,
  .F.,(2,2),(0.,1.414213562373),.PIECEWISE_BEZIER_KNOTS.);
#8265 = CARTESIAN_POINT('',(0.,-0.707106781187));
#8266 = CARTESIAN_POINT('',(0.,0.707106781187));
#8267 = ( GEOMETRIC_REPRESENTATION_CONTEXT(2) 
PARAMETRIC_REPRESENTATION_CONTEXT() REPRESENTATION_CONTEXT('2D SPACE',''
  ) );
#8268 = PCURVE('',#4280,#8269);
#8269 = DEFINITIONAL_REPRESENTATION('',(#8270),#8273);
#8270 = B_SPLINE_CURVE_WITH_KNOTS('',1,(#8271,#8272),.UNSPECIFIED.,.F.,
  .F.,(2,2),(0.,1.414213562373),.PIECEWISE_BEZIER_KNOTS.);
#8271 = CARTESIAN_POINT('',(-1.570796326795,0.));
#8272 = CARTESIAN_POINT('',(-1.570796326795,-1.));
#8273 = ( GEOMETRIC_REPRESENTATION_CONTEXT(2) 
PARAMETRIC_REPRESENTATION_CONTEXT() REPRESENTATION_CONTEXT('2D SPACE',''
  ) );
#8274 = ORIENTED_EDGE('',*,*,#4094,.T.);
#8275 = ORIENTED_EDGE('',*,*,#8177,.T.);
#8276 = ORIENTED_EDGE('',*,*,#8277,.F.);
#8277 = EDGE_CURVE('',#8255,#8178,#8278,.T.);
#8278 = SURFACE_CURVE('',#8279,(#8283,#8290),.PCURVE_S1.);
#8279 = LINE('',#8280,#8281);
#8280 = CARTESIAN_POINT('',(-32.,-14.,-110.));
#8281 = VECTOR('',#8282,1.);
#8282 = DIRECTION('',(-1.,-0.,-0.));
#8283 = PCURVE('',#4108,#8284);
#8284 = DEFINITIONAL_REPRESENTATION('',(#8285),#8289);
#8285 = LINE('',#8286,#8287);
#8286 = CARTESIAN_POINT('',(0.,0.707106781187));
#8287 = VECTOR('',#8288,1.);
#8288 = DIRECTION('',(1.,0.));
#8289 = ( GEOMETRIC_REPRESENTATION_CONTEXT(2) 
PARAMETRIC_REPRESENTATION_CONTEXT() REPRESENTATION_CONTEXT('2D SPACE',''
  ) );
#8290 = PCURVE('',#8235,#8291);
#8291 = DEFINITIONAL_REPRESENTATION('',(#8292),#8296);
#8292 = LINE('',#8293,#8294);
#8293 = CARTESIAN_POINT('',(39.,1.));
#8294 = VECTOR('',#8295,1.);
#8295 = DIRECTION('',(-1.,-0.));
#8296 = ( GEOMETRIC_REPRESENTATION_CONTEXT(2) 
PARAMETRIC_REPRESENTATION_CONTEXT() REPRESENTATION_CONTEXT('2D SPACE',''
  ) );
#8297 = ADVANCED_FACE('',(#8298),#4143,.T.);
#8298 = FACE_BOUND('',#8299,.T.);
#8299 = EDGE_LOOP('',(#8300,#8301,#8327,#8328));
#8300 = ORIENTED_EDGE('',*,*,#4125,.F.);
#8301 = ORIENTED_EDGE('',*,*,#8302,.F.);
#8302 = EDGE_CURVE('',#4823,#4126,#8303,.T.);
#8303 = SURFACE_CURVE('',#8304,(#8308,#8315),.PCURVE_S1.);
#8304 = LINE('',#8305,#8306);
#8305 = CARTESIAN_POINT('',(-23.,6.,-109.));
#8306 = VECTOR('',#8307,1.);
#8307 = DIRECTION('',(-0.,-1.,-0.));
#8308 = PCURVE('',#4143,#8309);
#8309 = DEFINITIONAL_REPRESENTATION('',(#8310),#8314);
#8310 = LINE('',#8311,#8312);
#8311 = CARTESIAN_POINT('',(1.,-21.));
#8312 = VECTOR('',#8313,1.);
#8313 = DIRECTION('',(-0.,1.));
#8314 = ( GEOMETRIC_REPRESENTATION_CONTEXT(2) 
PARAMETRIC_REPRESENTATION_CONTEXT() REPRESENTATION_CONTEXT('2D SPACE',''
  ) );
#8315 = PCURVE('',#8316,#8321);
#8316 = PLANE('',#8317);
#8317 = AXIS2_PLACEMENT_3D('',#8318,#8319,#8320);
#8318 = CARTESIAN_POINT('',(-23.5,6.,-109.5));
#8319 = DIRECTION('',(-0.707106781187,0.,0.707106781187));
#8320 = DIRECTION('',(0.,1.,-0.));
#8321 = DEFINITIONAL_REPRESENTATION('',(#8322),#8326);
#8322 = LINE('',#8323,#8324);
#8323 = CARTESIAN_POINT('',(-0.,-0.707106781187));
#8324 = VECTOR('',#8325,1.);
#8325 = DIRECTION('',(-1.,0.));
#8326 = ( GEOMETRIC_REPRESENTATION_CONTEXT(2) 
PARAMETRIC_REPRESENTATION_CONTEXT() REPRESENTATION_CONTEXT('2D SPACE',''
  ) );
#8327 = ORIENTED_EDGE('',*,*,#4822,.T.);
#8328 = ORIENTED_EDGE('',*,*,#8329,.T.);
#8329 = EDGE_CURVE('',#4825,#4128,#8330,.T.);
#8330 = SURFACE_CURVE('',#8331,(#8335,#8341),.PCURVE_S1.);
#8331 = LINE('',#8332,#8333);
#8332 = CARTESIAN_POINT('',(-23.,-10.5,-35.));
#8333 = VECTOR('',#8334,1.);
#8334 = DIRECTION('',(0.,-1.,0.));
#8335 = PCURVE('',#4143,#8336);
#8336 = DEFINITIONAL_REPRESENTATION('',(#8337),#8340);
#8337 = B_SPLINE_CURVE_WITH_KNOTS('',1,(#8338,#8339),.UNSPECIFIED.,.F.,
  .F.,(2,2),(-16.5,-4.5),.PIECEWISE_BEZIER_KNOTS.);
#8338 = CARTESIAN_POINT('',(75.,-21.));
#8339 = CARTESIAN_POINT('',(75.,-9.));
#8340 = ( GEOMETRIC_REPRESENTATION_CONTEXT(2) 
PARAMETRIC_REPRESENTATION_CONTEXT() REPRESENTATION_CONTEXT('2D SPACE',''
  ) );
#8341 = PCURVE('',#8342,#8347);
#8342 = PLANE('',#8343);
#8343 = AXIS2_PLACEMENT_3D('',#8344,#8345,#8346);
#8344 = CARTESIAN_POINT('',(-24.5,-6.,-35.));
#8345 = DIRECTION('',(0.,0.,1.));
#8346 = DIRECTION('',(1.,0.,-0.));
#8347 = DEFINITIONAL_REPRESENTATION('',(#8348),#8351);
#8348 = B_SPLINE_CURVE_WITH_KNOTS('',1,(#8349,#8350),.UNSPECIFIED.,.F.,
  .F.,(2,2),(-16.5,-4.5),.PIECEWISE_BEZIER_KNOTS.);
#8349 = CARTESIAN_POINT('',(1.5,12.));
#8350 = CARTESIAN_POINT('',(1.5,0.));
#8351 = ( GEOMETRIC_REPRESENTATION_CONTEXT(2) 
PARAMETRIC_REPRESENTATION_CONTEXT() REPRESENTATION_CONTEXT('2D SPACE',''
  ) );
#8352 = ADVANCED_FACE('',(#8353),#4383,.T.);
#8353 = FACE_BOUND('',#8354,.T.);
#8354 = EDGE_LOOP('',(#8355,#8378,#8399,#8400));
#8355 = ORIENTED_EDGE('',*,*,#8356,.F.);
#8356 = EDGE_CURVE('',#8357,#4128,#8359,.T.);
#8357 = VERTEX_POINT('',#8358);
#8358 = CARTESIAN_POINT('',(-24.5,-6.,-35.));
#8359 = SURFACE_CURVE('',#8360,(#8364,#8371),.PCURVE_S1.);
#8360 = LINE('',#8361,#8362);
#8361 = CARTESIAN_POINT('',(-24.5,-6.,-35.));
#8362 = VECTOR('',#8363,1.);
#8363 = DIRECTION('',(1.,0.,-0.));
#8364 = PCURVE('',#4383,#8365);
#8365 = DEFINITIONAL_REPRESENTATION('',(#8366),#8370);
#8366 = LINE('',#8367,#8368);
#8367 = CARTESIAN_POINT('',(0.,0.));
#8368 = VECTOR('',#8369,1.);
#8369 = DIRECTION('',(0.,1.));
#8370 = ( GEOMETRIC_REPRESENTATION_CONTEXT(2) 
PARAMETRIC_REPRESENTATION_CONTEXT() REPRESENTATION_CONTEXT('2D SPACE',''
  ) );
#8371 = PCURVE('',#8342,#8372);
#8372 = DEFINITIONAL_REPRESENTATION('',(#8373),#8377);
#8373 = LINE('',#8374,#8375);
#8374 = CARTESIAN_POINT('',(0.,0.));
#8375 = VECTOR('',#8376,1.);
#8376 = DIRECTION('',(1.,0.));
#8377 = ( GEOMETRIC_REPRESENTATION_CONTEXT(2) 
PARAMETRIC_REPRESENTATION_CONTEXT() REPRESENTATION_CONTEXT('2D SPACE',''
  ) );
#8378 = ORIENTED_EDGE('',*,*,#8379,.T.);
#8379 = EDGE_CURVE('',#8357,#4591,#8380,.T.);
#8380 = SURFACE_CURVE('',#8381,(#8385,#8392),.PCURVE_S1.);
#8381 = LINE('',#8382,#8383);
#8382 = CARTESIAN_POINT('',(-24.5,-6.,-35.));
#8383 = VECTOR('',#8384,1.);
#8384 = DIRECTION('',(0.,0.,1.));
#8385 = PCURVE('',#4383,#8386);
#8386 = DEFINITIONAL_REPRESENTATION('',(#8387),#8391);
#8387 = LINE('',#8388,#8389);
#8388 = CARTESIAN_POINT('',(0.,0.));
#8389 = VECTOR('',#8390,1.);
#8390 = DIRECTION('',(1.,0.));
#8391 = ( GEOMETRIC_REPRESENTATION_CONTEXT(2) 
PARAMETRIC_REPRESENTATION_CONTEXT() REPRESENTATION_CONTEXT('2D SPACE',''
  ) );
#8392 = PCURVE('',#4607,#8393);
#8393 = DEFINITIONAL_REPRESENTATION('',(#8394),#8398);
#8394 = LINE('',#8395,#8396);
#8395 = CARTESIAN_POINT('',(0.,0.));
#8396 = VECTOR('',#8397,1.);
#8397 = DIRECTION('',(1.,0.));
#8398 = ( GEOMETRIC_REPRESENTATION_CONTEXT(2) 
PARAMETRIC_REPRESENTATION_CONTEXT() REPRESENTATION_CONTEXT('2D SPACE',''
  ) );
#8399 = ORIENTED_EDGE('',*,*,#4619,.T.);
#8400 = ORIENTED_EDGE('',*,*,#4369,.F.);
#8401 = ADVANCED_FACE('',(#8402),#4280,.T.);
#8402 = FACE_BOUND('',#8403,.T.);
#8403 = EDGE_LOOP('',(#8404,#8431,#8432,#8433));
#8404 = ORIENTED_EDGE('',*,*,#8405,.T.);
#8405 = EDGE_CURVE('',#8406,#4240,#8408,.T.);
#8406 = VERTEX_POINT('',#8407);
#8407 = CARTESIAN_POINT('',(-29.69565627563,-13.66093989011,-110.));
#8408 = SURFACE_CURVE('',#8409,(#8414,#8424),.PCURVE_S1.);
#8409 = HYPERBOLA('',#8410,2.304343724361,2.304343724361);
#8410 = AXIS2_PLACEMENT_3D('',#8411,#8412,#8413);
#8411 = CARTESIAN_POINT('',(-29.69565627563,-6.,-118.));
#8412 = DIRECTION('',(1.,0.,0.));
#8413 = DIRECTION('',(0.,-0.,1.));
#8414 = PCURVE('',#4280,#8415);
#8415 = DEFINITIONAL_REPRESENTATION('',(#8416),#8423);
#8416 = B_SPLINE_CURVE_WITH_KNOTS('',5,(#8417,#8418,#8419,#8420,#8421,
    #8422),.UNSPECIFIED.,.F.,.F.,(6,6),(1.916373789661,2.038768721953),
  .PIECEWISE_BEZIER_KNOTS.);
#8417 = CARTESIAN_POINT('',(-1.278613768441,-1.));
#8418 = CARTESIAN_POINT('',(-1.285664768294,-0.812467956171));
#8419 = CARTESIAN_POINT('',(-1.292509160506,-0.618943705423));
#8420 = CARTESIAN_POINT('',(-1.299154287253,-0.419193131497));
#8421 = CARTESIAN_POINT('',(-1.305607229364,-0.212967182188));
#8422 = CARTESIAN_POINT('',(-1.311874784789,0.));
#8423 = ( GEOMETRIC_REPRESENTATION_CONTEXT(2) 
PARAMETRIC_REPRESENTATION_CONTEXT() REPRESENTATION_CONTEXT('2D SPACE',''
  ) );
#8424 = PCURVE('',#4254,#8425);
#8425 = DEFINITIONAL_REPRESENTATION('',(#8426),#8430);
#8426 = ( BOUNDED_CURVE() B_SPLINE_CURVE(2,(#8427,#8428,#8429),
.UNSPECIFIED.,.F.,.F.) B_SPLINE_CURVE_WITH_KNOTS((3,3),(1.916373789661,
2.038768721953),.PIECEWISE_BEZIER_KNOTS.) CURVE() 
GEOMETRIC_REPRESENTATION_ITEM() RATIONAL_B_SPLINE_CURVE((1.,
1.001873149421,1.)) REPRESENTATION_ITEM('') );
#8427 = CARTESIAN_POINT('',(0.5,-2.339060109882));
#8428 = CARTESIAN_POINT('',(0.968245708472,-1.850090646408));
#8429 = CARTESIAN_POINT('',(1.5,-1.3));
#8430 = ( GEOMETRIC_REPRESENTATION_CONTEXT(2) 
PARAMETRIC_REPRESENTATION_CONTEXT() REPRESENTATION_CONTEXT('2D SPACE',''
  ) );
#8431 = ORIENTED_EDGE('',*,*,#4265,.T.);
#8432 = ORIENTED_EDGE('',*,*,#8254,.T.);
#8433 = ORIENTED_EDGE('',*,*,#8434,.F.);
#8434 = EDGE_CURVE('',#8406,#8255,#8435,.T.);
#8435 = SURFACE_CURVE('',#8436,(#8441,#8448),.PCURVE_S1.);
#8436 = CIRCLE('',#8437,8.);
#8437 = AXIS2_PLACEMENT_3D('',#8438,#8439,#8440);
#8438 = CARTESIAN_POINT('',(-32.,-6.,-110.));
#8439 = DIRECTION('',(0.,-0.,-1.));
#8440 = DIRECTION('',(1.,1.973729821556E-16,-0.));
#8441 = PCURVE('',#4280,#8442);
#8442 = DEFINITIONAL_REPRESENTATION('',(#8443),#8447);
#8443 = LINE('',#8444,#8445);
#8444 = CARTESIAN_POINT('',(-0.,-1.));
#8445 = VECTOR('',#8446,1.);
#8446 = DIRECTION('',(-1.,-0.));
#8447 = ( GEOMETRIC_REPRESENTATION_CONTEXT(2) 
PARAMETRIC_REPRESENTATION_CONTEXT() REPRESENTATION_CONTEXT('2D SPACE',''
  ) );
#8448 = PCURVE('',#8235,#8449);
#8449 = DEFINITIONAL_REPRESENTATION('',(#8450),#8458);
#8450 = ( BOUNDED_CURVE() B_SPLINE_CURVE(2,(#8451,#8452,#8453,#8454,
#8455,#8456,#8457),.UNSPECIFIED.,.T.,.F.) B_SPLINE_CURVE_WITH_KNOTS((1,2
    ,2,2,2,1),(-2.094395102393,0.,2.094395102393,4.188790204786,
6.28318530718,8.377580409573),.UNSPECIFIED.) CURVE() 
GEOMETRIC_REPRESENTATION_ITEM() RATIONAL_B_SPLINE_CURVE((1.,0.5,1.,0.5,
1.,0.5,1.)) REPRESENTATION_ITEM('') );
#8451 = CARTESIAN_POINT('',(47.,9.));
#8452 = CARTESIAN_POINT('',(47.,-4.856406460551));
#8453 = CARTESIAN_POINT('',(35.,2.071796769724));
#8454 = CARTESIAN_POINT('',(23.,9.));
#8455 = CARTESIAN_POINT('',(35.,15.928203230276));
#8456 = CARTESIAN_POINT('',(47.,22.856406460551));
#8457 = CARTESIAN_POINT('',(47.,9.));
#8458 = ( GEOMETRIC_REPRESENTATION_CONTEXT(2) 
PARAMETRIC_REPRESENTATION_CONTEXT() REPRESENTATION_CONTEXT('2D SPACE',''
  ) );
#8459 = ADVANCED_FACE('',(#8460),#4254,.T.);
#8460 = FACE_BOUND('',#8461,.T.);
#8461 = EDGE_LOOP('',(#8462,#8485,#8486,#8487,#8508,#8530,#8556));
#8462 = ORIENTED_EDGE('',*,*,#8463,.F.);
#8463 = EDGE_CURVE('',#4211,#8464,#8466,.T.);
#8464 = VERTEX_POINT('',#8465);
#8465 = CARTESIAN_POINT('',(-29.69565627563,-13.5,-105.55));
#8466 = SURFACE_CURVE('',#8467,(#8471,#8478),.PCURVE_S1.);
#8467 = LINE('',#8468,#8469);
#8468 = CARTESIAN_POINT('',(-29.69565627563,-16.,-105.55));
#8469 = VECTOR('',#8470,1.);
#8470 = DIRECTION('',(-0.,1.,0.));
#8471 = PCURVE('',#4254,#8472);
#8472 = DEFINITIONAL_REPRESENTATION('',(#8473),#8477);
#8473 = LINE('',#8474,#8475);
#8474 = CARTESIAN_POINT('',(4.95,0.));
#8475 = VECTOR('',#8476,1.);
#8476 = DIRECTION('',(0.,-1.));
#8477 = ( GEOMETRIC_REPRESENTATION_CONTEXT(2) 
PARAMETRIC_REPRESENTATION_CONTEXT() REPRESENTATION_CONTEXT('2D SPACE',''
  ) );
#8478 = PCURVE('',#4227,#8479);
#8479 = DEFINITIONAL_REPRESENTATION('',(#8480),#8484);
#8480 = LINE('',#8481,#8482);
#8481 = CARTESIAN_POINT('',(-2.5,-30.30434372436));
#8482 = VECTOR('',#8483,1.);
#8483 = DIRECTION('',(1.,0.));
#8484 = ( GEOMETRIC_REPRESENTATION_CONTEXT(2) 
PARAMETRIC_REPRESENTATION_CONTEXT() REPRESENTATION_CONTEXT('2D SPACE',''
  ) );
#8485 = ORIENTED_EDGE('',*,*,#4239,.F.);
#8486 = ORIENTED_EDGE('',*,*,#8405,.F.);
#8487 = ORIENTED_EDGE('',*,*,#8488,.T.);
#8488 = EDGE_CURVE('',#8406,#8489,#8491,.T.);
#8489 = VERTEX_POINT('',#8490);
#8490 = CARTESIAN_POINT('',(-29.69565627563,-12.5,-110.));
#8491 = SURFACE_CURVE('',#8492,(#8496,#8502),.PCURVE_S1.);
#8492 = LINE('',#8493,#8494);
#8493 = CARTESIAN_POINT('',(-29.69565627563,-15.5,-110.));
#8494 = VECTOR('',#8495,1.);
#8495 = DIRECTION('',(-0.,1.,0.));
#8496 = PCURVE('',#4254,#8497);
#8497 = DEFINITIONAL_REPRESENTATION('',(#8498),#8501);
#8498 = B_SPLINE_CURVE_WITH_KNOTS('',1,(#8499,#8500),.UNSPECIFIED.,.F.,
  .F.,(2,2),(1.5,3.),.PIECEWISE_BEZIER_KNOTS.);
#8499 = CARTESIAN_POINT('',(0.5,-2.));
#8500 = CARTESIAN_POINT('',(0.5,-3.5));
#8501 = ( GEOMETRIC_REPRESENTATION_CONTEXT(2) 
PARAMETRIC_REPRESENTATION_CONTEXT() REPRESENTATION_CONTEXT('2D SPACE',''
  ) );
#8502 = PCURVE('',#8235,#8503);
#8503 = DEFINITIONAL_REPRESENTATION('',(#8504),#8507);
#8504 = B_SPLINE_CURVE_WITH_KNOTS('',1,(#8505,#8506),.UNSPECIFIED.,.F.,
  .F.,(2,2),(1.5,3.),.PIECEWISE_BEZIER_KNOTS.);
#8505 = CARTESIAN_POINT('',(41.304343724361,1.));
#8506 = CARTESIAN_POINT('',(41.304343724361,2.5));
#8507 = ( GEOMETRIC_REPRESENTATION_CONTEXT(2) 
PARAMETRIC_REPRESENTATION_CONTEXT() REPRESENTATION_CONTEXT('2D SPACE',''
  ) );
#8508 = ORIENTED_EDGE('',*,*,#8509,.F.);
#8509 = EDGE_CURVE('',#8510,#8489,#8512,.T.);
#8510 = VERTEX_POINT('',#8511);
#8511 = CARTESIAN_POINT('',(-29.69565627563,-12.5,-108.4035533905));
#8512 = SURFACE_CURVE('',#8513,(#8517,#8523),.PCURVE_S1.);
#8513 = LINE('',#8514,#8515);
#8514 = CARTESIAN_POINT('',(-29.69565627563,-12.5,-110.5));
#8515 = VECTOR('',#8516,1.);
#8516 = DIRECTION('',(-0.,0.,-1.));
#8517 = PCURVE('',#4254,#8518);
#8518 = DEFINITIONAL_REPRESENTATION('',(#8519),#8522);
#8519 = B_SPLINE_CURVE_WITH_KNOTS('',1,(#8520,#8521),.UNSPECIFIED.,.F.,
  .F.,(2,2),(-2.096446609407,-0.),.PIECEWISE_BEZIER_KNOTS.);
#8520 = CARTESIAN_POINT('',(2.096446609407,-3.5));
#8521 = CARTESIAN_POINT('',(0.,-3.5));
#8522 = ( GEOMETRIC_REPRESENTATION_CONTEXT(2) 
PARAMETRIC_REPRESENTATION_CONTEXT() REPRESENTATION_CONTEXT('2D SPACE',''
  ) );
#8523 = PCURVE('',#6596,#8524);
#8524 = DEFINITIONAL_REPRESENTATION('',(#8525),#8529);
#8525 = LINE('',#8526,#8527);
#8526 = CARTESIAN_POINT('',(0.,38.804343724361));
#8527 = VECTOR('',#8528,1.);
#8528 = DIRECTION('',(-1.,0.));
#8529 = ( GEOMETRIC_REPRESENTATION_CONTEXT(2) 
PARAMETRIC_REPRESENTATION_CONTEXT() REPRESENTATION_CONTEXT('2D SPACE',''
  ) );
#8530 = ORIENTED_EDGE('',*,*,#8531,.T.);
#8531 = EDGE_CURVE('',#8510,#8532,#8534,.T.);
#8532 = VERTEX_POINT('',#8533);
#8533 = CARTESIAN_POINT('',(-29.69565627563,-13.5,-107.4035533905));
#8534 = SURFACE_CURVE('',#8535,(#8539,#8545),.PCURVE_S1.);
#8535 = LINE('',#8536,#8537);
#8536 = CARTESIAN_POINT('',(-29.69565627563,-12.70088834764,
    -108.2026650429));
#8537 = VECTOR('',#8538,1.);
#8538 = DIRECTION('',(0.,-0.707106781187,0.707106781187));
#8539 = PCURVE('',#4254,#8540);
#8540 = DEFINITIONAL_REPRESENTATION('',(#8541),#8544);
#8541 = B_SPLINE_CURVE_WITH_KNOTS('',1,(#8542,#8543),.UNSPECIFIED.,.F.,
  .F.,(2,2),(-0.708363094479,1.130114536606),.PIECEWISE_BEZIER_KNOTS.);
#8542 = CARTESIAN_POINT('',(1.796446609407,-3.8));
#8543 = CARTESIAN_POINT('',(3.096446609407,-2.5));
#8544 = ( GEOMETRIC_REPRESENTATION_CONTEXT(2) 
PARAMETRIC_REPRESENTATION_CONTEXT() REPRESENTATION_CONTEXT('2D SPACE',''
  ) );
#8545 = PCURVE('',#8546,#8551);
#8546 = PLANE('',#8547);
#8547 = AXIS2_PLACEMENT_3D('',#8548,#8549,#8550);
#8548 = CARTESIAN_POINT('',(-60.,-12.2,-108.7035533905));
#8549 = DIRECTION('',(0.,-0.707106781187,-0.707106781187));
#8550 = DIRECTION('',(0.,-0.707106781187,0.707106781187));
#8551 = DEFINITIONAL_REPRESENTATION('',(#8552),#8555);
#8552 = B_SPLINE_CURVE_WITH_KNOTS('',1,(#8553,#8554),.UNSPECIFIED.,.F.,
  .F.,(2,2),(-0.708363094479,1.130114536606),.PIECEWISE_BEZIER_KNOTS.);
#8553 = CARTESIAN_POINT('',(0.,-30.30434372436));
#8554 = CARTESIAN_POINT('',(1.838477631085,-30.30434372436));
#8555 = ( GEOMETRIC_REPRESENTATION_CONTEXT(2) 
PARAMETRIC_REPRESENTATION_CONTEXT() REPRESENTATION_CONTEXT('2D SPACE',''
  ) );
#8556 = ORIENTED_EDGE('',*,*,#8557,.T.);
#8557 = EDGE_CURVE('',#8532,#8464,#8558,.T.);
#8558 = SURFACE_CURVE('',#8559,(#8563,#8569),.PCURVE_S1.);
#8559 = LINE('',#8560,#8561);
#8560 = CARTESIAN_POINT('',(-29.69565627563,-13.5,-108.9517766952));
#8561 = VECTOR('',#8562,1.);
#8562 = DIRECTION('',(0.,0.,1.));
#8563 = PCURVE('',#4254,#8564);
#8564 = DEFINITIONAL_REPRESENTATION('',(#8565),#8568);
#8565 = B_SPLINE_CURVE_WITH_KNOTS('',1,(#8566,#8567),.UNSPECIFIED.,.F.,
  .F.,(2,2),(1.548223304703,3.401776695297),.PIECEWISE_BEZIER_KNOTS.);
#8566 = CARTESIAN_POINT('',(3.096446609407,-2.5));
#8567 = CARTESIAN_POINT('',(4.95,-2.5));
#8568 = ( GEOMETRIC_REPRESENTATION_CONTEXT(2) 
PARAMETRIC_REPRESENTATION_CONTEXT() REPRESENTATION_CONTEXT('2D SPACE',''
  ) );
#8569 = PCURVE('',#8570,#8575);
#8570 = PLANE('',#8571);
#8571 = AXIS2_PLACEMENT_3D('',#8572,#8573,#8574);
#8572 = CARTESIAN_POINT('',(-60.,-13.5,-107.4035533905));
#8573 = DIRECTION('',(0.,-1.,0.));
#8574 = DIRECTION('',(0.,0.,1.));
#8575 = DEFINITIONAL_REPRESENTATION('',(#8576),#8579);
#8576 = B_SPLINE_CURVE_WITH_KNOTS('',1,(#8577,#8578),.UNSPECIFIED.,.F.,
  .F.,(2,2),(1.548223304703,3.401776695297),.PIECEWISE_BEZIER_KNOTS.);
#8577 = CARTESIAN_POINT('',(0.,-30.30434372436));
#8578 = CARTESIAN_POINT('',(1.853553390593,-30.30434372436));
#8579 = ( GEOMETRIC_REPRESENTATION_CONTEXT(2) 
PARAMETRIC_REPRESENTATION_CONTEXT() REPRESENTATION_CONTEXT('2D SPACE',''
  ) );
#8580 = ADVANCED_FACE('',(#8581),#4227,.F.);
#8581 = FACE_BOUND('',#8582,.F.);
#8582 = EDGE_LOOP('',(#8583,#8613,#8634,#8635,#8636,#8659,#8688));
#8583 = ORIENTED_EDGE('',*,*,#8584,.F.);
#8584 = EDGE_CURVE('',#8585,#8587,#8589,.T.);
#8585 = VERTEX_POINT('',#8586);
#8586 = CARTESIAN_POINT('',(-60.,-13.5,-105.55));
#8587 = VERTEX_POINT('',#8588);
#8588 = CARTESIAN_POINT('',(-60.,-12.5,-105.55));
#8589 = SURFACE_CURVE('',#8590,(#8594,#8601),.PCURVE_S1.);
#8590 = LINE('',#8591,#8592);
#8591 = CARTESIAN_POINT('',(-60.,-13.5,-105.55));
#8592 = VECTOR('',#8593,1.);
#8593 = DIRECTION('',(0.,1.,0.));
#8594 = PCURVE('',#4227,#8595);
#8595 = DEFINITIONAL_REPRESENTATION('',(#8596),#8600);
#8596 = LINE('',#8597,#8598);
#8597 = CARTESIAN_POINT('',(0.,0.));
#8598 = VECTOR('',#8599,1.);
#8599 = DIRECTION('',(1.,0.));
#8600 = ( GEOMETRIC_REPRESENTATION_CONTEXT(2) 
PARAMETRIC_REPRESENTATION_CONTEXT() REPRESENTATION_CONTEXT('2D SPACE',''
  ) );
#8601 = PCURVE('',#8602,#8607);
#8602 = PLANE('',#8603);
#8603 = AXIS2_PLACEMENT_3D('',#8604,#8605,#8606);
#8604 = CARTESIAN_POINT('',(-60.,-12.74626281464,-106.936396103));
#8605 = DIRECTION('',(-1.,-0.,-0.));
#8606 = DIRECTION('',(0.,0.,-1.));
#8607 = DEFINITIONAL_REPRESENTATION('',(#8608),#8612);
#8608 = LINE('',#8609,#8610);
#8609 = CARTESIAN_POINT('',(-1.386396103068,0.753737185355));
#8610 = VECTOR('',#8611,1.);
#8611 = DIRECTION('',(0.,-1.));
#8612 = ( GEOMETRIC_REPRESENTATION_CONTEXT(2) 
PARAMETRIC_REPRESENTATION_CONTEXT() REPRESENTATION_CONTEXT('2D SPACE',''
  ) );
#8613 = ORIENTED_EDGE('',*,*,#8614,.T.);
#8614 = EDGE_CURVE('',#8585,#8464,#8615,.T.);
#8615 = SURFACE_CURVE('',#8616,(#8620,#8627),.PCURVE_S1.);
#8616 = LINE('',#8617,#8618);
#8617 = CARTESIAN_POINT('',(-60.,-13.5,-105.55));
#8618 = VECTOR('',#8619,1.);
#8619 = DIRECTION('',(1.,0.,0.));
#8620 = PCURVE('',#4227,#8621);
#8621 = DEFINITIONAL_REPRESENTATION('',(#8622),#8626);
#8622 = LINE('',#8623,#8624);
#8623 = CARTESIAN_POINT('',(0.,0.));
#8624 = VECTOR('',#8625,1.);
#8625 = DIRECTION('',(0.,-1.));
#8626 = ( GEOMETRIC_REPRESENTATION_CONTEXT(2) 
PARAMETRIC_REPRESENTATION_CONTEXT() REPRESENTATION_CONTEXT('2D SPACE',''
  ) );
#8627 = PCURVE('',#8570,#8628);
#8628 = DEFINITIONAL_REPRESENTATION('',(#8629),#8633);
#8629 = LINE('',#8630,#8631);
#8630 = CARTESIAN_POINT('',(1.853553390593,0.));
#8631 = VECTOR('',#8632,1.);
#8632 = DIRECTION('',(0.,-1.));
#8633 = ( GEOMETRIC_REPRESENTATION_CONTEXT(2) 
PARAMETRIC_REPRESENTATION_CONTEXT() REPRESENTATION_CONTEXT('2D SPACE',''
  ) );
#8634 = ORIENTED_EDGE('',*,*,#8463,.F.);
#8635 = ORIENTED_EDGE('',*,*,#4210,.T.);
#8636 = ORIENTED_EDGE('',*,*,#8637,.T.);
#8637 = EDGE_CURVE('',#4185,#8638,#8640,.T.);
#8638 = VERTEX_POINT('',#8639);
#8639 = CARTESIAN_POINT('',(-27.21565051443,-10.4,-105.55));
#8640 = SURFACE_CURVE('',#8641,(#8645,#8652),.PCURVE_S1.);
#8641 = LINE('',#8642,#8643);
#8642 = CARTESIAN_POINT('',(-20.,-10.4,-105.55));
#8643 = VECTOR('',#8644,1.);
#8644 = DIRECTION('',(-1.,0.,0.));
#8645 = PCURVE('',#4227,#8646);
#8646 = DEFINITIONAL_REPRESENTATION('',(#8647),#8651);
#8647 = LINE('',#8648,#8649);
#8648 = CARTESIAN_POINT('',(3.1,-40.));
#8649 = VECTOR('',#8650,1.);
#8650 = DIRECTION('',(0.,1.));
#8651 = ( GEOMETRIC_REPRESENTATION_CONTEXT(2) 
PARAMETRIC_REPRESENTATION_CONTEXT() REPRESENTATION_CONTEXT('2D SPACE',''
  ) );
#8652 = PCURVE('',#4199,#8653);
#8653 = DEFINITIONAL_REPRESENTATION('',(#8654),#8658);
#8654 = LINE('',#8655,#8656);
#8655 = CARTESIAN_POINT('',(4.95,13.));
#8656 = VECTOR('',#8657,1.);
#8657 = DIRECTION('',(0.,-1.));
#8658 = ( GEOMETRIC_REPRESENTATION_CONTEXT(2) 
PARAMETRIC_REPRESENTATION_CONTEXT() REPRESENTATION_CONTEXT('2D SPACE',''
  ) );
#8659 = ORIENTED_EDGE('',*,*,#8660,.F.);
#8660 = EDGE_CURVE('',#8661,#8638,#8663,.T.);
#8661 = VERTEX_POINT('',#8662);
#8662 = CARTESIAN_POINT('',(-32.,-12.5,-105.55));
#8663 = SURFACE_CURVE('',#8664,(#8669,#8676),.PCURVE_S1.);
#8664 = CIRCLE('',#8665,6.5);
#8665 = AXIS2_PLACEMENT_3D('',#8666,#8667,#8668);
#8666 = CARTESIAN_POINT('',(-32.,-6.,-105.55));
#8667 = DIRECTION('',(0.,0.,1.));
#8668 = DIRECTION('',(1.,0.,-0.));
#8669 = PCURVE('',#4227,#8670);
#8670 = DEFINITIONAL_REPRESENTATION('',(#8671),#8675);
#8671 = CIRCLE('',#8672,6.5);
#8672 = AXIS2_PLACEMENT_2D('',#8673,#8674);
#8673 = CARTESIAN_POINT('',(7.5,-28.));
#8674 = DIRECTION('',(0.,-1.));
#8675 = ( GEOMETRIC_REPRESENTATION_CONTEXT(2) 
PARAMETRIC_REPRESENTATION_CONTEXT() REPRESENTATION_CONTEXT('2D SPACE',''
  ) );
#8676 = PCURVE('',#8677,#8682);
#8677 = CYLINDRICAL_SURFACE('',#8678,6.5);
#8678 = AXIS2_PLACEMENT_3D('',#8679,#8680,#8681);
#8679 = CARTESIAN_POINT('',(-32.,-6.,-110.5));
#8680 = DIRECTION('',(0.,0.,1.));
#8681 = DIRECTION('',(1.,0.,-0.));
#8682 = DEFINITIONAL_REPRESENTATION('',(#8683),#8687);
#8683 = LINE('',#8684,#8685);
#8684 = CARTESIAN_POINT('',(-6.28318530718,4.95));
#8685 = VECTOR('',#8686,1.);
#8686 = DIRECTION('',(1.,-0.));
#8687 = ( GEOMETRIC_REPRESENTATION_CONTEXT(2) 
PARAMETRIC_REPRESENTATION_CONTEXT() REPRESENTATION_CONTEXT('2D SPACE',''
  ) );
#8688 = ORIENTED_EDGE('',*,*,#8689,.F.);
#8689 = EDGE_CURVE('',#8587,#8661,#8690,.T.);
#8690 = SURFACE_CURVE('',#8691,(#8695,#8701),.PCURVE_S1.);
#8691 = LINE('',#8692,#8693);
#8692 = CARTESIAN_POINT('',(-64.25,-12.5,-105.55));
#8693 = VECTOR('',#8694,1.);
#8694 = DIRECTION('',(1.,0.,0.));
#8695 = PCURVE('',#4227,#8696);
#8696 = DEFINITIONAL_REPRESENTATION('',(#8697),#8700);
#8697 = B_SPLINE_CURVE_WITH_KNOTS('',1,(#8698,#8699),.UNSPECIFIED.,.F.,
  .F.,(2,2),(4.25,32.25),.PIECEWISE_BEZIER_KNOTS.);
#8698 = CARTESIAN_POINT('',(1.,0.));
#8699 = CARTESIAN_POINT('',(1.,-28.));
#8700 = ( GEOMETRIC_REPRESENTATION_CONTEXT(2) 
PARAMETRIC_REPRESENTATION_CONTEXT() REPRESENTATION_CONTEXT('2D SPACE',''
  ) );
#8701 = PCURVE('',#6596,#8702);
#8702 = DEFINITIONAL_REPRESENTATION('',(#8703),#8707);
#8703 = LINE('',#8704,#8705);
#8704 = CARTESIAN_POINT('',(4.95,4.25));
#8705 = VECTOR('',#8706,1.);
#8706 = DIRECTION('',(0.,1.));
#8707 = ( GEOMETRIC_REPRESENTATION_CONTEXT(2) 
PARAMETRIC_REPRESENTATION_CONTEXT() REPRESENTATION_CONTEXT('2D SPACE',''
  ) );
#8708 = ADVANCED_FACE('',(#8709),#4199,.F.);
#8709 = FACE_BOUND('',#8710,.F.);
#8710 = EDGE_LOOP('',(#8711,#8732,#8733,#8734,#8761));
#8711 = ORIENTED_EDGE('',*,*,#8712,.T.);
#8712 = EDGE_CURVE('',#8713,#8638,#8715,.T.);
#8713 = VERTEX_POINT('',#8714);
#8714 = CARTESIAN_POINT('',(-27.21565051443,-10.4,-110.));
#8715 = SURFACE_CURVE('',#8716,(#8720,#8726),.PCURVE_S1.);
#8716 = LINE('',#8717,#8718);
#8717 = CARTESIAN_POINT('',(-27.21565051443,-10.4,-110.5));
#8718 = VECTOR('',#8719,1.);
#8719 = DIRECTION('',(0.,0.,1.));
#8720 = PCURVE('',#4199,#8721);
#8721 = DEFINITIONAL_REPRESENTATION('',(#8722),#8725);
#8722 = B_SPLINE_CURVE_WITH_KNOTS('',1,(#8723,#8724),.UNSPECIFIED.,.F.,
  .F.,(2,2),(0.4999994,5.445),.PIECEWISE_BEZIER_KNOTS.);
#8723 = CARTESIAN_POINT('',(0.4999994,5.784349485562));
#8724 = CARTESIAN_POINT('',(5.445,5.784349485562));
#8725 = ( GEOMETRIC_REPRESENTATION_CONTEXT(2) 
PARAMETRIC_REPRESENTATION_CONTEXT() REPRESENTATION_CONTEXT('2D SPACE',''
  ) );
#8726 = PCURVE('',#8677,#8727);
#8727 = DEFINITIONAL_REPRESENTATION('',(#8728),#8731);
#8728 = B_SPLINE_CURVE_WITH_KNOTS('',1,(#8729,#8730),.UNSPECIFIED.,.F.,
  .F.,(2,2),(0.4999994,5.445),.PIECEWISE_BEZIER_KNOTS.);
#8729 = CARTESIAN_POINT('',(-0.743574259194,0.4999994));
#8730 = CARTESIAN_POINT('',(-0.743574259194,5.445));
#8731 = ( GEOMETRIC_REPRESENTATION_CONTEXT(2) 
PARAMETRIC_REPRESENTATION_CONTEXT() REPRESENTATION_CONTEXT('2D SPACE',''
  ) );
#8732 = ORIENTED_EDGE('',*,*,#8637,.F.);
#8733 = ORIENTED_EDGE('',*,*,#4184,.F.);
#8734 = ORIENTED_EDGE('',*,*,#8735,.F.);
#8735 = EDGE_CURVE('',#8736,#4156,#8738,.T.);
#8736 = VERTEX_POINT('',#8737);
#8737 = CARTESIAN_POINT('',(-25.3186827646,-10.4,-110.));
#8738 = SURFACE_CURVE('',#8739,(#8744,#8751),.PCURVE_S1.);
#8739 = HYPERBOLA('',#8740,4.4,4.4);
#8740 = AXIS2_PLACEMENT_3D('',#8741,#8742,#8743);
#8741 = CARTESIAN_POINT('',(-32.,-10.4,-118.));
#8742 = DIRECTION('',(-0.,1.,0.));
#8743 = DIRECTION('',(0.,0.,1.));
#8744 = PCURVE('',#4199,#8745);
#8745 = DEFINITIONAL_REPRESENTATION('',(#8746),#8750);
#8746 = ( BOUNDED_CURVE() B_SPLINE_CURVE(2,(#8747,#8748,#8749),
.UNSPECIFIED.,.F.,.F.) B_SPLINE_CURVE_WITH_KNOTS((3,3),(1.204971208168,
1.342812260307),.PIECEWISE_BEZIER_KNOTS.) CURVE() 
GEOMETRIC_REPRESENTATION_ITEM() RATIONAL_B_SPLINE_CURVE((1.,
1.002375959725,1.)) REPRESENTATION_ITEM('') );
#8747 = CARTESIAN_POINT('',(0.5,7.681317235396));
#8748 = CARTESIAN_POINT('',(0.959752182196,8.231810099001));
#8749 = CARTESIAN_POINT('',(1.5,8.851114570556));
#8750 = ( GEOMETRIC_REPRESENTATION_CONTEXT(2) 
PARAMETRIC_REPRESENTATION_CONTEXT() REPRESENTATION_CONTEXT('2D SPACE',''
  ) );
#8751 = PCURVE('',#4172,#8752);
#8752 = DEFINITIONAL_REPRESENTATION('',(#8753),#8760);
#8753 = B_SPLINE_CURVE_WITH_KNOTS('',5,(#8754,#8755,#8756,#8757,#8758,
    #8759),.UNSPECIFIED.,.F.,.F.,(6,6),(1.204971208168,1.342812260307),
  .PIECEWISE_BEZIER_KNOTS.);
#8754 = CARTESIAN_POINT('',(-0.582364237869,-1.));
#8755 = CARTESIAN_POINT('',(-0.567201722133,-0.81580804052));
#8756 = CARTESIAN_POINT('',(-0.552475584102,-0.624016020535));
#8757 = CARTESIAN_POINT('',(-0.538176336886,-0.424332288883));
#8758 = CARTESIAN_POINT('',(-0.524293384925,-0.216441178574));
#8759 = CARTESIAN_POINT('',(-0.51081559316,-1.7763568394E-15));
#8760 = ( GEOMETRIC_REPRESENTATION_CONTEXT(2) 
PARAMETRIC_REPRESENTATION_CONTEXT() REPRESENTATION_CONTEXT('2D SPACE',''
  ) );
#8761 = ORIENTED_EDGE('',*,*,#8762,.T.);
#8762 = EDGE_CURVE('',#8736,#8713,#8763,.T.);
#8763 = SURFACE_CURVE('',#8764,(#8768,#8774),.PCURVE_S1.);
#8764 = LINE('',#8765,#8766);
#8765 = CARTESIAN_POINT('',(-52.,-10.4,-110.));
#8766 = VECTOR('',#8767,1.);
#8767 = DIRECTION('',(-1.,-0.,0.));
#8768 = PCURVE('',#4199,#8769);
#8769 = DEFINITIONAL_REPRESENTATION('',(#8770),#8773);
#8770 = B_SPLINE_CURVE_WITH_KNOTS('',1,(#8771,#8772),.UNSPECIFIED.,.F.,
  .F.,(2,2),(-28.,-19.),.PIECEWISE_BEZIER_KNOTS.);
#8771 = CARTESIAN_POINT('',(0.5,9.));
#8772 = CARTESIAN_POINT('',(0.5,0.));
#8773 = ( GEOMETRIC_REPRESENTATION_CONTEXT(2) 
PARAMETRIC_REPRESENTATION_CONTEXT() REPRESENTATION_CONTEXT('2D SPACE',''
  ) );
#8774 = PCURVE('',#8775,#8780);
#8775 = PLANE('',#8776);
#8776 = AXIS2_PLACEMENT_3D('',#8777,#8778,#8779);
#8777 = CARTESIAN_POINT('',(-71.,-15.,-110.));
#8778 = DIRECTION('',(0.,0.,1.));
#8779 = DIRECTION('',(1.,0.,0.));
#8780 = DEFINITIONAL_REPRESENTATION('',(#8781),#8784);
#8781 = B_SPLINE_CURVE_WITH_KNOTS('',1,(#8782,#8783),.UNSPECIFIED.,.F.,
  .F.,(2,2),(-28.,-19.),.PIECEWISE_BEZIER_KNOTS.);
#8782 = CARTESIAN_POINT('',(47.,4.6));
#8783 = CARTESIAN_POINT('',(38.,4.6));
#8784 = ( GEOMETRIC_REPRESENTATION_CONTEXT(2) 
PARAMETRIC_REPRESENTATION_CONTEXT() REPRESENTATION_CONTEXT('2D SPACE',''
  ) );
#8785 = ADVANCED_FACE('',(#8786),#4172,.T.);
#8786 = FACE_BOUND('',#8787,.T.);
#8787 = EDGE_LOOP('',(#8788,#8809,#8810,#8811));
#8788 = ORIENTED_EDGE('',*,*,#8789,.F.);
#8789 = EDGE_CURVE('',#4126,#8790,#8792,.T.);
#8790 = VERTEX_POINT('',#8791);
#8791 = CARTESIAN_POINT('',(-24.,-6.,-110.));
#8792 = SURFACE_CURVE('',#8793,(#8797,#8803),.PCURVE_S1.);
#8793 = LINE('',#8794,#8795);
#8794 = CARTESIAN_POINT('',(-23.5,-6.,-109.5));
#8795 = VECTOR('',#8796,1.);
#8796 = DIRECTION('',(-0.707106781187,-0.,-0.707106781187));
#8797 = PCURVE('',#4172,#8798);
#8798 = DEFINITIONAL_REPRESENTATION('',(#8799),#8802);
#8799 = B_SPLINE_CURVE_WITH_KNOTS('',1,(#8800,#8801),.UNSPECIFIED.,.F.,
  .F.,(2,2),(-0.707106781187,0.707106781187),.PIECEWISE_BEZIER_KNOTS.);
#8800 = CARTESIAN_POINT('',(0.,0.));
#8801 = CARTESIAN_POINT('',(0.,-1.));
#8802 = ( GEOMETRIC_REPRESENTATION_CONTEXT(2) 
PARAMETRIC_REPRESENTATION_CONTEXT() REPRESENTATION_CONTEXT('2D SPACE',''
  ) );
#8803 = PCURVE('',#8316,#8804);
#8804 = DEFINITIONAL_REPRESENTATION('',(#8805),#8808);
#8805 = B_SPLINE_CURVE_WITH_KNOTS('',1,(#8806,#8807),.UNSPECIFIED.,.F.,
  .F.,(2,2),(-0.707106781187,0.707106781187),.PIECEWISE_BEZIER_KNOTS.);
#8806 = CARTESIAN_POINT('',(-12.,-0.707106781187));
#8807 = CARTESIAN_POINT('',(-12.,0.707106781187));
#8808 = ( GEOMETRIC_REPRESENTATION_CONTEXT(2) 
PARAMETRIC_REPRESENTATION_CONTEXT() REPRESENTATION_CONTEXT('2D SPACE',''
  ) );
#8809 = ORIENTED_EDGE('',*,*,#4155,.T.);
#8810 = ORIENTED_EDGE('',*,*,#8735,.F.);
#8811 = ORIENTED_EDGE('',*,*,#8812,.F.);
#8812 = EDGE_CURVE('',#8790,#8736,#8813,.T.);
#8813 = SURFACE_CURVE('',#8814,(#8819,#8826),.PCURVE_S1.);
#8814 = CIRCLE('',#8815,8.);
#8815 = AXIS2_PLACEMENT_3D('',#8816,#8817,#8818);
#8816 = CARTESIAN_POINT('',(-32.,-6.,-110.));
#8817 = DIRECTION('',(0.,-0.,-1.));
#8818 = DIRECTION('',(1.,1.973729821556E-16,-0.));
#8819 = PCURVE('',#4172,#8820);
#8820 = DEFINITIONAL_REPRESENTATION('',(#8821),#8825);
#8821 = LINE('',#8822,#8823);
#8822 = CARTESIAN_POINT('',(-0.,-1.));
#8823 = VECTOR('',#8824,1.);
#8824 = DIRECTION('',(-1.,-0.));
#8825 = ( GEOMETRIC_REPRESENTATION_CONTEXT(2) 
PARAMETRIC_REPRESENTATION_CONTEXT() REPRESENTATION_CONTEXT('2D SPACE',''
  ) );
#8826 = PCURVE('',#8775,#8827);
#8827 = DEFINITIONAL_REPRESENTATION('',(#8828),#8836);
#8828 = ( BOUNDED_CURVE() B_SPLINE_CURVE(2,(#8829,#8830,#8831,#8832,
#8833,#8834,#8835),.UNSPECIFIED.,.T.,.F.) B_SPLINE_CURVE_WITH_KNOTS((1,2
    ,2,2,2,1),(-2.094395102393,0.,2.094395102393,4.188790204786,
6.28318530718,8.377580409573),.UNSPECIFIED.) CURVE() 
GEOMETRIC_REPRESENTATION_ITEM() RATIONAL_B_SPLINE_CURVE((1.,0.5,1.,0.5,
1.,0.5,1.)) REPRESENTATION_ITEM('') );
#8829 = CARTESIAN_POINT('',(47.,9.));
#8830 = CARTESIAN_POINT('',(47.,-4.856406460551));
#8831 = CARTESIAN_POINT('',(35.,2.071796769724));
#8832 = CARTESIAN_POINT('',(23.,9.));
#8833 = CARTESIAN_POINT('',(35.,15.928203230276));
#8834 = CARTESIAN_POINT('',(47.,22.856406460551));
#8835 = CARTESIAN_POINT('',(47.,9.));
#8836 = ( GEOMETRIC_REPRESENTATION_CONTEXT(2) 
PARAMETRIC_REPRESENTATION_CONTEXT() REPRESENTATION_CONTEXT('2D SPACE',''
  ) );
#8837 = ADVANCED_FACE('',(#8838),#4414,.F.);
#8838 = FACE_BOUND('',#8839,.F.);
#8839 = EDGE_LOOP('',(#8840,#8863,#8864,#8887));
#8840 = ORIENTED_EDGE('',*,*,#8841,.F.);
#8841 = EDGE_CURVE('',#4398,#8842,#8844,.T.);
#8842 = VERTEX_POINT('',#8843);
#8843 = CARTESIAN_POINT('',(-25.4,-12.6,-29.1));
#8844 = SURFACE_CURVE('',#8845,(#8849,#8856),.PCURVE_S1.);
#8845 = LINE('',#8846,#8847);
#8846 = CARTESIAN_POINT('',(-36.85,-12.6,-29.1));
#8847 = VECTOR('',#8848,1.);
#8848 = DIRECTION('',(1.,0.,0.));
#8849 = PCURVE('',#4414,#8850);
#8850 = DEFINITIONAL_REPRESENTATION('',(#8851),#8855);
#8851 = LINE('',#8852,#8853);
#8852 = CARTESIAN_POINT('',(0.,0.));
#8853 = VECTOR('',#8854,1.);
#8854 = DIRECTION('',(0.,1.));
#8855 = ( GEOMETRIC_REPRESENTATION_CONTEXT(2) 
PARAMETRIC_REPRESENTATION_CONTEXT() REPRESENTATION_CONTEXT('2D SPACE',''
  ) );
#8856 = PCURVE('',#4442,#8857);
#8857 = DEFINITIONAL_REPRESENTATION('',(#8858),#8862);
#8858 = LINE('',#8859,#8860);
#8859 = CARTESIAN_POINT('',(0.,0.));
#8860 = VECTOR('',#8861,1.);
#8861 = DIRECTION('',(1.,0.));
#8862 = ( GEOMETRIC_REPRESENTATION_CONTEXT(2) 
PARAMETRIC_REPRESENTATION_CONTEXT() REPRESENTATION_CONTEXT('2D SPACE',''
  ) );
#8863 = ORIENTED_EDGE('',*,*,#4397,.T.);
#8864 = ORIENTED_EDGE('',*,*,#8865,.T.);
#8865 = EDGE_CURVE('',#4400,#8866,#8868,.T.);
#8866 = VERTEX_POINT('',#8867);
#8867 = CARTESIAN_POINT('',(-25.4,-12.6,-27.5));
#8868 = SURFACE_CURVE('',#8869,(#8873,#8880),.PCURVE_S1.);
#8869 = LINE('',#8870,#8871);
#8870 = CARTESIAN_POINT('',(-36.85,-12.6,-27.5));
#8871 = VECTOR('',#8872,1.);
#8872 = DIRECTION('',(1.,0.,-0.));
#8873 = PCURVE('',#4414,#8874);
#8874 = DEFINITIONAL_REPRESENTATION('',(#8875),#8879);
#8875 = LINE('',#8876,#8877);
#8876 = CARTESIAN_POINT('',(1.6,0.));
#8877 = VECTOR('',#8878,1.);
#8878 = DIRECTION('',(0.,1.));
#8879 = ( GEOMETRIC_REPRESENTATION_CONTEXT(2) 
PARAMETRIC_REPRESENTATION_CONTEXT() REPRESENTATION_CONTEXT('2D SPACE',''
  ) );
#8880 = PCURVE('',#4495,#8881);
#8881 = DEFINITIONAL_REPRESENTATION('',(#8882),#8886);
#8882 = LINE('',#8883,#8884);
#8883 = CARTESIAN_POINT('',(0.,0.));
#8884 = VECTOR('',#8885,1.);
#8885 = DIRECTION('',(1.,0.));
#8886 = ( GEOMETRIC_REPRESENTATION_CONTEXT(2) 
PARAMETRIC_REPRESENTATION_CONTEXT() REPRESENTATION_CONTEXT('2D SPACE',''
  ) );
#8887 = ORIENTED_EDGE('',*,*,#8888,.F.);
#8888 = EDGE_CURVE('',#8842,#8866,#8889,.T.);
#8889 = SURFACE_CURVE('',#8890,(#8894,#8901),.PCURVE_S1.);
#8890 = LINE('',#8891,#8892);
#8891 = CARTESIAN_POINT('',(-25.4,-12.6,-29.1));
#8892 = VECTOR('',#8893,1.);
#8893 = DIRECTION('',(0.,0.,1.));
#8894 = PCURVE('',#4414,#8895);
#8895 = DEFINITIONAL_REPRESENTATION('',(#8896),#8900);
#8896 = LINE('',#8897,#8898);
#8897 = CARTESIAN_POINT('',(0.,11.45));
#8898 = VECTOR('',#8899,1.);
#8899 = DIRECTION('',(1.,0.));
#8900 = ( GEOMETRIC_REPRESENTATION_CONTEXT(2) 
PARAMETRIC_REPRESENTATION_CONTEXT() REPRESENTATION_CONTEXT('2D SPACE',''
  ) );
#8901 = PCURVE('',#4469,#8902);
#8902 = DEFINITIONAL_REPRESENTATION('',(#8903),#8907);
#8903 = LINE('',#8904,#8905);
#8904 = CARTESIAN_POINT('',(0.,0.));
#8905 = VECTOR('',#8906,1.);
#8906 = DIRECTION('',(1.,0.));
#8907 = ( GEOMETRIC_REPRESENTATION_CONTEXT(2) 
PARAMETRIC_REPRESENTATION_CONTEXT() REPRESENTATION_CONTEXT('2D SPACE',''
  ) );
#8908 = ADVANCED_FACE('',(#8909),#4442,.F.);
#8909 = FACE_BOUND('',#8910,.F.);
#8910 = EDGE_LOOP('',(#8911,#8912,#8913));
#8911 = ORIENTED_EDGE('',*,*,#4425,.F.);
#8912 = ORIENTED_EDGE('',*,*,#8841,.T.);
#8913 = ORIENTED_EDGE('',*,*,#8914,.T.);
#8914 = EDGE_CURVE('',#8842,#4426,#8915,.T.);
#8915 = SURFACE_CURVE('',#8916,(#8920,#8927),.PCURVE_S1.);
#8916 = LINE('',#8917,#8918);
#8917 = CARTESIAN_POINT('',(-25.4,-12.6,-29.1));
#8918 = VECTOR('',#8919,1.);
#8919 = DIRECTION('',(-0.,1.,0.));
#8920 = PCURVE('',#4442,#8921);
#8921 = DEFINITIONAL_REPRESENTATION('',(#8922),#8926);
#8922 = LINE('',#8923,#8924);
#8923 = CARTESIAN_POINT('',(11.45,0.));
#8924 = VECTOR('',#8925,1.);
#8925 = DIRECTION('',(0.,1.));
#8926 = ( GEOMETRIC_REPRESENTATION_CONTEXT(2) 
PARAMETRIC_REPRESENTATION_CONTEXT() REPRESENTATION_CONTEXT('2D SPACE',''
  ) );
#8927 = PCURVE('',#4469,#8928);
#8928 = DEFINITIONAL_REPRESENTATION('',(#8929),#8933);
#8929 = LINE('',#8930,#8931);
#8930 = CARTESIAN_POINT('',(0.,0.));
#8931 = VECTOR('',#8932,1.);
#8932 = DIRECTION('',(0.,-1.));
#8933 = ( GEOMETRIC_REPRESENTATION_CONTEXT(2) 
PARAMETRIC_REPRESENTATION_CONTEXT() REPRESENTATION_CONTEXT('2D SPACE',''
  ) );
#8934 = ADVANCED_FACE('',(#8935),#4495,.T.);
#8935 = FACE_BOUND('',#8936,.T.);
#8936 = EDGE_LOOP('',(#8937,#8958,#8959));
#8937 = ORIENTED_EDGE('',*,*,#8938,.T.);
#8938 = EDGE_CURVE('',#8866,#4455,#8939,.T.);
#8939 = SURFACE_CURVE('',#8940,(#8944,#8951),.PCURVE_S1.);
#8940 = LINE('',#8941,#8942);
#8941 = CARTESIAN_POINT('',(-25.4,-12.6,-27.5));
#8942 = VECTOR('',#8943,1.);
#8943 = DIRECTION('',(-0.,1.,0.));
#8944 = PCURVE('',#4495,#8945);
#8945 = DEFINITIONAL_REPRESENTATION('',(#8946),#8950);
#8946 = LINE('',#8947,#8948);
#8947 = CARTESIAN_POINT('',(11.45,0.));
#8948 = VECTOR('',#8949,1.);
#8949 = DIRECTION('',(0.,1.));
#8950 = ( GEOMETRIC_REPRESENTATION_CONTEXT(2) 
PARAMETRIC_REPRESENTATION_CONTEXT() REPRESENTATION_CONTEXT('2D SPACE',''
  ) );
#8951 = PCURVE('',#4469,#8952);
#8952 = DEFINITIONAL_REPRESENTATION('',(#8953),#8957);
#8953 = LINE('',#8954,#8955);
#8954 = CARTESIAN_POINT('',(1.6,0.));
#8955 = VECTOR('',#8956,1.);
#8956 = DIRECTION('',(0.,-1.));
#8957 = ( GEOMETRIC_REPRESENTATION_CONTEXT(2) 
PARAMETRIC_REPRESENTATION_CONTEXT() REPRESENTATION_CONTEXT('2D SPACE',''
  ) );
#8958 = ORIENTED_EDGE('',*,*,#4480,.F.);
#8959 = ORIENTED_EDGE('',*,*,#8865,.T.);
#8960 = ADVANCED_FACE('',(#8961),#4469,.T.);
#8961 = FACE_BOUND('',#8962,.T.);
#8962 = EDGE_LOOP('',(#8963,#8964,#8965,#8966));
#8963 = ORIENTED_EDGE('',*,*,#8938,.F.);
#8964 = ORIENTED_EDGE('',*,*,#8888,.F.);
#8965 = ORIENTED_EDGE('',*,*,#8914,.T.);
#8966 = ORIENTED_EDGE('',*,*,#4454,.T.);
#8967 = ADVANCED_FACE('',(#8968),#4527,.T.);
#8968 = FACE_BOUND('',#8969,.T.);
#8969 = EDGE_LOOP('',(#8970,#8998,#9021,#9040,#9041,#9042,#9063,#9091));
#8970 = ORIENTED_EDGE('',*,*,#8971,.T.);
#8971 = EDGE_CURVE('',#8972,#8974,#8976,.T.);
#8972 = VERTEX_POINT('',#8973);
#8973 = CARTESIAN_POINT('',(-26.25,1.516652224137,-29.1));
#8974 = VERTEX_POINT('',#8975);
#8975 = CARTESIAN_POINT('',(-26.25,0.,-30.61665222413));
#8976 = SURFACE_CURVE('',#8977,(#8981,#8987),.PCURVE_S1.);
#8977 = LINE('',#8978,#8979);
#8978 = CARTESIAN_POINT('',(-26.25,-3.420836943966,-34.0374891681));
#8979 = VECTOR('',#8980,1.);
#8980 = DIRECTION('',(0.,-0.707106781187,-0.707106781187));
#8981 = PCURVE('',#4527,#8982);
#8982 = DEFINITIONAL_REPRESENTATION('',(#8983),#8986);
#8983 = B_SPLINE_CURVE_WITH_KNOTS('',1,(#8984,#8985),.UNSPECIFIED.,.F.,
  .F.,(2,2),(-6.982664145601,-4.837794000823),.PIECEWISE_BEZIER_KNOTS.);
#8984 = CARTESIAN_POINT('',(2.144870144778,-0.6));
#8985 = CARTESIAN_POINT('',(0.,-0.6));
#8986 = ( GEOMETRIC_REPRESENTATION_CONTEXT(2) 
PARAMETRIC_REPRESENTATION_CONTEXT() REPRESENTATION_CONTEXT('2D SPACE',''
  ) );
#8987 = PCURVE('',#8988,#8993);
#8988 = PLANE('',#8989);
#8989 = AXIS2_PLACEMENT_3D('',#8990,#8991,#8992);
#8990 = CARTESIAN_POINT('',(-26.25,-8.3,-36.));
#8991 = DIRECTION('',(1.,0.,-0.));
#8992 = DIRECTION('',(0.,0.,1.));
#8993 = DEFINITIONAL_REPRESENTATION('',(#8994),#8997);
#8994 = B_SPLINE_CURVE_WITH_KNOTS('',1,(#8995,#8996),.UNSPECIFIED.,.F.,
  .F.,(2,2),(-6.982664145601,-4.837794000823),.PIECEWISE_BEZIER_KNOTS.);
#8995 = CARTESIAN_POINT('',(6.9,-9.816652224137));
#8996 = CARTESIAN_POINT('',(5.383347775863,-8.3));
#8997 = ( GEOMETRIC_REPRESENTATION_CONTEXT(2) 
PARAMETRIC_REPRESENTATION_CONTEXT() REPRESENTATION_CONTEXT('2D SPACE',''
  ) );
#8998 = ORIENTED_EDGE('',*,*,#8999,.T.);
#8999 = EDGE_CURVE('',#8974,#9000,#9002,.T.);
#9000 = VERTEX_POINT('',#9001);
#9001 = CARTESIAN_POINT('',(-24.5,0.,-30.61665222413));
#9002 = SURFACE_CURVE('',#9003,(#9007,#9014),.PCURVE_S1.);
#9003 = LINE('',#9004,#9005);
#9004 = CARTESIAN_POINT('',(-26.85,0.,-30.61665222413));
#9005 = VECTOR('',#9006,1.);
#9006 = DIRECTION('',(1.,0.,0.));
#9007 = PCURVE('',#4527,#9008);
#9008 = DEFINITIONAL_REPRESENTATION('',(#9009),#9013);
#9009 = LINE('',#9010,#9011);
#9010 = CARTESIAN_POINT('',(0.,0.));
#9011 = VECTOR('',#9012,1.);
#9012 = DIRECTION('',(0.,-1.));
#9013 = ( GEOMETRIC_REPRESENTATION_CONTEXT(2) 
PARAMETRIC_REPRESENTATION_CONTEXT() REPRESENTATION_CONTEXT('2D SPACE',''
  ) );
#9014 = PCURVE('',#4578,#9015);
#9015 = DEFINITIONAL_REPRESENTATION('',(#9016),#9020);
#9016 = LINE('',#9017,#9018);
#9017 = CARTESIAN_POINT('',(6.8,0.));
#9018 = VECTOR('',#9019,1.);
#9019 = DIRECTION('',(0.,-1.));
#9020 = ( GEOMETRIC_REPRESENTATION_CONTEXT(2) 
PARAMETRIC_REPRESENTATION_CONTEXT() REPRESENTATION_CONTEXT('2D SPACE',''
  ) );
#9021 = ORIENTED_EDGE('',*,*,#9022,.F.);
#9022 = EDGE_CURVE('',#4513,#9000,#9023,.T.);
#9023 = SURFACE_CURVE('',#9024,(#9028,#9034),.PCURVE_S1.);
#9024 = LINE('',#9025,#9026);
#9025 = CARTESIAN_POINT('',(-24.5,-2.595836943966,-33.2124891681));
#9026 = VECTOR('',#9027,1.);
#9027 = DIRECTION('',(0.,-0.707106781187,-0.707106781187));
#9028 = PCURVE('',#4527,#9029);
#9029 = DEFINITIONAL_REPRESENTATION('',(#9030),#9033);
#9030 = B_SPLINE_CURVE_WITH_KNOTS('',1,(#9031,#9032),.UNSPECIFIED.,.F.,
  .F.,(2,2),(-10.47106781186,-3.671067811865),.PIECEWISE_BEZIER_KNOTS.);
#9031 = CARTESIAN_POINT('',(6.8,-2.35));
#9032 = CARTESIAN_POINT('',(0.,-2.35));
#9033 = ( GEOMETRIC_REPRESENTATION_CONTEXT(2) 
PARAMETRIC_REPRESENTATION_CONTEXT() REPRESENTATION_CONTEXT('2D SPACE',''
  ) );
#9034 = PCURVE('',#4607,#9035);
#9035 = DEFINITIONAL_REPRESENTATION('',(#9036),#9039);
#9036 = B_SPLINE_CURVE_WITH_KNOTS('',1,(#9037,#9038),.UNSPECIFIED.,.F.,
  .F.,(2,2),(-10.47106781186,-3.671067811865),.PIECEWISE_BEZIER_KNOTS.);
#9037 = CARTESIAN_POINT('',(9.191673887931,-10.80832611206));
#9038 = CARTESIAN_POINT('',(4.383347775863,-6.));
#9039 = ( GEOMETRIC_REPRESENTATION_CONTEXT(2) 
PARAMETRIC_REPRESENTATION_CONTEXT() REPRESENTATION_CONTEXT('2D SPACE',''
  ) );
#9040 = ORIENTED_EDGE('',*,*,#4510,.F.);
#9041 = ORIENTED_EDGE('',*,*,#6388,.T.);
#9042 = ORIENTED_EDGE('',*,*,#9043,.F.);
#9043 = EDGE_CURVE('',#9044,#6389,#9046,.T.);
#9044 = VERTEX_POINT('',#9045);
#9045 = CARTESIAN_POINT('',(-26.85,3.116652224137,-27.5));
#9046 = SURFACE_CURVE('',#9047,(#9051,#9057),.PCURVE_S1.);
#9047 = LINE('',#9048,#9049);
#9048 = CARTESIAN_POINT('',(-31.85,3.116652224137,-27.5));
#9049 = VECTOR('',#9050,1.);
#9050 = DIRECTION('',(1.,0.,-0.));
#9051 = PCURVE('',#4527,#9052);
#9052 = DEFINITIONAL_REPRESENTATION('',(#9053),#9056);
#9053 = B_SPLINE_CURVE_WITH_KNOTS('',1,(#9054,#9055),.UNSPECIFIED.,.F.,
  .F.,(2,2),(5.,5.929473661428),.PIECEWISE_BEZIER_KNOTS.);
#9054 = CARTESIAN_POINT('',(4.407611844575,0.));
#9055 = CARTESIAN_POINT('',(4.407611844575,-0.929473661428));
#9056 = ( GEOMETRIC_REPRESENTATION_CONTEXT(2) 
PARAMETRIC_REPRESENTATION_CONTEXT() REPRESENTATION_CONTEXT('2D SPACE',''
  ) );
#9057 = PCURVE('',#6357,#9058);
#9058 = DEFINITIONAL_REPRESENTATION('',(#9059),#9062);
#9059 = B_SPLINE_CURVE_WITH_KNOTS('',1,(#9060,#9061),.UNSPECIFIED.,.F.,
  .F.,(2,2),(5.,5.929473661428),.PIECEWISE_BEZIER_KNOTS.);
#9060 = CARTESIAN_POINT('',(10.,15.716652224137));
#9061 = CARTESIAN_POINT('',(10.929473661428,15.716652224137));
#9062 = ( GEOMETRIC_REPRESENTATION_CONTEXT(2) 
PARAMETRIC_REPRESENTATION_CONTEXT() REPRESENTATION_CONTEXT('2D SPACE',''
  ) );
#9063 = ORIENTED_EDGE('',*,*,#9064,.F.);
#9064 = EDGE_CURVE('',#9065,#9044,#9067,.T.);
#9065 = VERTEX_POINT('',#9066);
#9066 = CARTESIAN_POINT('',(-26.85,1.516652224137,-29.1));
#9067 = SURFACE_CURVE('',#9068,(#9072,#9079),.PCURVE_S1.);
#9068 = LINE('',#9069,#9070);
#9069 = CARTESIAN_POINT('',(-26.85,0.,-30.61665222413));
#9070 = VECTOR('',#9071,1.);
#9071 = DIRECTION('',(0.,0.707106781187,0.707106781187));
#9072 = PCURVE('',#4527,#9073);
#9073 = DEFINITIONAL_REPRESENTATION('',(#9074),#9078);
#9074 = LINE('',#9075,#9076);
#9075 = CARTESIAN_POINT('',(0.,0.));
#9076 = VECTOR('',#9077,1.);
#9077 = DIRECTION('',(1.,0.));
#9078 = ( GEOMETRIC_REPRESENTATION_CONTEXT(2) 
PARAMETRIC_REPRESENTATION_CONTEXT() REPRESENTATION_CONTEXT('2D SPACE',''
  ) );
#9079 = PCURVE('',#9080,#9085);
#9080 = PLANE('',#9081);
#9081 = AXIS2_PLACEMENT_3D('',#9082,#9083,#9084);
#9082 = CARTESIAN_POINT('',(-26.85,0.,-21.));
#9083 = DIRECTION('',(1.,0.,0.));
#9084 = DIRECTION('',(-0.,0.,1.));
#9085 = DEFINITIONAL_REPRESENTATION('',(#9086),#9090);
#9086 = LINE('',#9087,#9088);
#9087 = CARTESIAN_POINT('',(-9.616652224137,0.));
#9088 = VECTOR('',#9089,1.);
#9089 = DIRECTION('',(0.707106781187,-0.707106781187));
#9090 = ( GEOMETRIC_REPRESENTATION_CONTEXT(2) 
PARAMETRIC_REPRESENTATION_CONTEXT() REPRESENTATION_CONTEXT('2D SPACE',''
  ) );
#9091 = ORIENTED_EDGE('',*,*,#9092,.T.);
#9092 = EDGE_CURVE('',#9065,#8972,#9093,.T.);
#9093 = SURFACE_CURVE('',#9094,(#9098,#9104),.PCURVE_S1.);
#9094 = LINE('',#9095,#9096);
#9095 = CARTESIAN_POINT('',(-31.85,1.516652224137,-29.1));
#9096 = VECTOR('',#9097,1.);
#9097 = DIRECTION('',(1.,0.,-0.));
#9098 = PCURVE('',#4527,#9099);
#9099 = DEFINITIONAL_REPRESENTATION('',(#9100),#9103);
#9100 = B_SPLINE_CURVE_WITH_KNOTS('',1,(#9101,#9102),.UNSPECIFIED.,.F.,
  .F.,(2,2),(5.,5.929473661428),.PIECEWISE_BEZIER_KNOTS.);
#9101 = CARTESIAN_POINT('',(2.144870144778,0.));
#9102 = CARTESIAN_POINT('',(2.144870144778,-0.929473661428));
#9103 = ( GEOMETRIC_REPRESENTATION_CONTEXT(2) 
PARAMETRIC_REPRESENTATION_CONTEXT() REPRESENTATION_CONTEXT('2D SPACE',''
  ) );
#9104 = PCURVE('',#9105,#9110);
#9105 = PLANE('',#9106);
#9106 = AXIS2_PLACEMENT_3D('',#9107,#9108,#9109);
#9107 = CARTESIAN_POINT('',(-36.85,-12.6,-29.1));
#9108 = DIRECTION('',(0.,0.,1.));
#9109 = DIRECTION('',(1.,0.,-0.));
#9110 = DEFINITIONAL_REPRESENTATION('',(#9111),#9114);
#9111 = B_SPLINE_CURVE_WITH_KNOTS('',1,(#9112,#9113),.UNSPECIFIED.,.F.,
  .F.,(2,2),(5.,5.929473661428),.PIECEWISE_BEZIER_KNOTS.);
#9112 = CARTESIAN_POINT('',(10.,14.116652224137));
#9113 = CARTESIAN_POINT('',(10.929473661428,14.116652224137));
#9114 = ( GEOMETRIC_REPRESENTATION_CONTEXT(2) 
PARAMETRIC_REPRESENTATION_CONTEXT() REPRESENTATION_CONTEXT('2D SPACE',''
  ) );
#9115 = ADVANCED_FACE('',(#9116),#4607,.T.);
#9116 = FACE_BOUND('',#9117,.T.);
#9117 = EDGE_LOOP('',(#9118,#9119,#9142,#9163,#9164,#9165,#9184));
#9118 = ORIENTED_EDGE('',*,*,#8379,.F.);
#9119 = ORIENTED_EDGE('',*,*,#9120,.T.);
#9120 = EDGE_CURVE('',#8357,#9121,#9123,.T.);
#9121 = VERTEX_POINT('',#9122);
#9122 = CARTESIAN_POINT('',(-24.5,6.,-35.));
#9123 = SURFACE_CURVE('',#9124,(#9128,#9135),.PCURVE_S1.);
#9124 = LINE('',#9125,#9126);
#9125 = CARTESIAN_POINT('',(-24.5,-6.,-35.));
#9126 = VECTOR('',#9127,1.);
#9127 = DIRECTION('',(-0.,1.,0.));
#9128 = PCURVE('',#4607,#9129);
#9129 = DEFINITIONAL_REPRESENTATION('',(#9130),#9134);
#9130 = LINE('',#9131,#9132);
#9131 = CARTESIAN_POINT('',(0.,0.));
#9132 = VECTOR('',#9133,1.);
#9133 = DIRECTION('',(0.,-1.));
#9134 = ( GEOMETRIC_REPRESENTATION_CONTEXT(2) 
PARAMETRIC_REPRESENTATION_CONTEXT() REPRESENTATION_CONTEXT('2D SPACE',''
  ) );
#9135 = PCURVE('',#8342,#9136);
#9136 = DEFINITIONAL_REPRESENTATION('',(#9137),#9141);
#9137 = LINE('',#9138,#9139);
#9138 = CARTESIAN_POINT('',(0.,0.));
#9139 = VECTOR('',#9140,1.);
#9140 = DIRECTION('',(0.,1.));
#9141 = ( GEOMETRIC_REPRESENTATION_CONTEXT(2) 
PARAMETRIC_REPRESENTATION_CONTEXT() REPRESENTATION_CONTEXT('2D SPACE',''
  ) );
#9142 = ORIENTED_EDGE('',*,*,#9143,.T.);
#9143 = EDGE_CURVE('',#9121,#4738,#9144,.T.);
#9144 = SURFACE_CURVE('',#9145,(#9149,#9156),.PCURVE_S1.);
#9145 = LINE('',#9146,#9147);
#9146 = CARTESIAN_POINT('',(-24.5,6.,-35.));
#9147 = VECTOR('',#9148,1.);
#9148 = DIRECTION('',(0.,0.,1.));
#9149 = PCURVE('',#4607,#9150);
#9150 = DEFINITIONAL_REPRESENTATION('',(#9151),#9155);
#9151 = LINE('',#9152,#9153);
#9152 = CARTESIAN_POINT('',(0.,-12.));
#9153 = VECTOR('',#9154,1.);
#9154 = DIRECTION('',(1.,0.));
#9155 = ( GEOMETRIC_REPRESENTATION_CONTEXT(2) 
PARAMETRIC_REPRESENTATION_CONTEXT() REPRESENTATION_CONTEXT('2D SPACE',''
  ) );
#9156 = PCURVE('',#4752,#9157);
#9157 = DEFINITIONAL_REPRESENTATION('',(#9158),#9162);
#9158 = LINE('',#9159,#9160);
#9159 = CARTESIAN_POINT('',(0.,0.));
#9160 = VECTOR('',#9161,1.);
#9161 = DIRECTION('',(1.,0.));
#9162 = ( GEOMETRIC_REPRESENTATION_CONTEXT(2) 
PARAMETRIC_REPRESENTATION_CONTEXT() REPRESENTATION_CONTEXT('2D SPACE',''
  ) );
#9163 = ORIENTED_EDGE('',*,*,#4763,.F.);
#9164 = ORIENTED_EDGE('',*,*,#9022,.T.);
#9165 = ORIENTED_EDGE('',*,*,#9166,.T.);
#9166 = EDGE_CURVE('',#9000,#4564,#9167,.T.);
#9167 = SURFACE_CURVE('',#9168,(#9172,#9178),.PCURVE_S1.);
#9168 = LINE('',#9169,#9170);
#9169 = CARTESIAN_POINT('',(-24.5,-2.808326112069,-27.80832611206));
#9170 = VECTOR('',#9171,1.);
#9171 = DIRECTION('',(0.,-0.707106781187,0.707106781187));
#9172 = PCURVE('',#4607,#9173);
#9173 = DEFINITIONAL_REPRESENTATION('',(#9174),#9177);
#9174 = B_SPLINE_CURVE_WITH_KNOTS('',1,(#9175,#9176),.UNSPECIFIED.,.F.,
  .F.,(2,2),(-3.971572875254,2.828427124746),.PIECEWISE_BEZIER_KNOTS.);
#9175 = CARTESIAN_POINT('',(4.383347775863,-6.));
#9176 = CARTESIAN_POINT('',(9.191673887931,-1.191673887931));
#9177 = ( GEOMETRIC_REPRESENTATION_CONTEXT(2) 
PARAMETRIC_REPRESENTATION_CONTEXT() REPRESENTATION_CONTEXT('2D SPACE',''
  ) );
#9178 = PCURVE('',#4578,#9179);
#9179 = DEFINITIONAL_REPRESENTATION('',(#9180),#9183);
#9180 = B_SPLINE_CURVE_WITH_KNOTS('',1,(#9181,#9182),.UNSPECIFIED.,.F.,
  .F.,(2,2),(-3.971572875254,2.828427124746),.PIECEWISE_BEZIER_KNOTS.);
#9181 = CARTESIAN_POINT('',(6.8,-2.35));
#9182 = CARTESIAN_POINT('',(0.,-2.35));
#9183 = ( GEOMETRIC_REPRESENTATION_CONTEXT(2) 
PARAMETRIC_REPRESENTATION_CONTEXT() REPRESENTATION_CONTEXT('2D SPACE',''
  ) );
#9184 = ORIENTED_EDGE('',*,*,#4590,.F.);
#9185 = ADVANCED_FACE('',(#9186),#4752,.F.);
#9186 = FACE_BOUND('',#9187,.F.);
#9187 = EDGE_LOOP('',(#9188,#9209,#9210,#9211));
#9188 = ORIENTED_EDGE('',*,*,#9189,.F.);
#9189 = EDGE_CURVE('',#9121,#4825,#9190,.T.);
#9190 = SURFACE_CURVE('',#9191,(#9195,#9202),.PCURVE_S1.);
#9191 = LINE('',#9192,#9193);
#9192 = CARTESIAN_POINT('',(-24.5,6.,-35.));
#9193 = VECTOR('',#9194,1.);
#9194 = DIRECTION('',(1.,0.,-0.));
#9195 = PCURVE('',#4752,#9196);
#9196 = DEFINITIONAL_REPRESENTATION('',(#9197),#9201);
#9197 = LINE('',#9198,#9199);
#9198 = CARTESIAN_POINT('',(0.,0.));
#9199 = VECTOR('',#9200,1.);
#9200 = DIRECTION('',(0.,1.));
#9201 = ( GEOMETRIC_REPRESENTATION_CONTEXT(2) 
PARAMETRIC_REPRESENTATION_CONTEXT() REPRESENTATION_CONTEXT('2D SPACE',''
  ) );
#9202 = PCURVE('',#8342,#9203);
#9203 = DEFINITIONAL_REPRESENTATION('',(#9204),#9208);
#9204 = LINE('',#9205,#9206);
#9205 = CARTESIAN_POINT('',(0.,12.));
#9206 = VECTOR('',#9207,1.);
#9207 = DIRECTION('',(1.,0.));
#9208 = ( GEOMETRIC_REPRESENTATION_CONTEXT(2) 
PARAMETRIC_REPRESENTATION_CONTEXT() REPRESENTATION_CONTEXT('2D SPACE',''
  ) );
#9209 = ORIENTED_EDGE('',*,*,#9143,.T.);
#9210 = ORIENTED_EDGE('',*,*,#4737,.T.);
#9211 = ORIENTED_EDGE('',*,*,#5014,.F.);
#9212 = ADVANCED_FACE('',(#9213),#4578,.T.);
#9213 = FACE_BOUND('',#9214,.T.);
#9214 = EDGE_LOOP('',(#9215,#9216,#9217,#9218,#9219,#9240,#9261,#9284));
#9215 = ORIENTED_EDGE('',*,*,#6368,.T.);
#9216 = ORIENTED_EDGE('',*,*,#4563,.T.);
#9217 = ORIENTED_EDGE('',*,*,#9166,.F.);
#9218 = ORIENTED_EDGE('',*,*,#8999,.F.);
#9219 = ORIENTED_EDGE('',*,*,#9220,.T.);
#9220 = EDGE_CURVE('',#8974,#9221,#9223,.T.);
#9221 = VERTEX_POINT('',#9222);
#9222 = CARTESIAN_POINT('',(-26.25,-1.516652224137,-29.1));
#9223 = SURFACE_CURVE('',#9224,(#9228,#9234),.PCURVE_S1.);
#9224 = LINE('',#9225,#9226);
#9225 = CARTESIAN_POINT('',(-26.25,-3.133326112069,-27.48332611206));
#9226 = VECTOR('',#9227,1.);
#9227 = DIRECTION('',(0.,-0.707106781187,0.707106781187));
#9228 = PCURVE('',#4578,#9229);
#9229 = DEFINITIONAL_REPRESENTATION('',(#9230),#9233);
#9230 = B_SPLINE_CURVE_WITH_KNOTS('',1,(#9231,#9232),.UNSPECIFIED.,.F.,
  .F.,(2,2),(-4.431192283025,-2.286322138247),.PIECEWISE_BEZIER_KNOTS.);
#9231 = CARTESIAN_POINT('',(6.8,-0.6));
#9232 = CARTESIAN_POINT('',(4.655129855222,-0.6));
#9233 = ( GEOMETRIC_REPRESENTATION_CONTEXT(2) 
PARAMETRIC_REPRESENTATION_CONTEXT() REPRESENTATION_CONTEXT('2D SPACE',''
  ) );
#9234 = PCURVE('',#8988,#9235);
#9235 = DEFINITIONAL_REPRESENTATION('',(#9236),#9239);
#9236 = B_SPLINE_CURVE_WITH_KNOTS('',1,(#9237,#9238),.UNSPECIFIED.,.F.,
  .F.,(2,2),(-4.431192283025,-2.286322138247),.PIECEWISE_BEZIER_KNOTS.);
#9237 = CARTESIAN_POINT('',(5.383347775863,-8.3));
#9238 = CARTESIAN_POINT('',(6.9,-6.783347775863));
#9239 = ( GEOMETRIC_REPRESENTATION_CONTEXT(2) 
PARAMETRIC_REPRESENTATION_CONTEXT() REPRESENTATION_CONTEXT('2D SPACE',''
  ) );
#9240 = ORIENTED_EDGE('',*,*,#9241,.T.);
#9241 = EDGE_CURVE('',#9221,#9242,#9244,.T.);
#9242 = VERTEX_POINT('',#9243);
#9243 = CARTESIAN_POINT('',(-26.85,-1.516652224137,-29.1));
#9244 = SURFACE_CURVE('',#9245,(#9249,#9255),.PCURVE_S1.);
#9245 = LINE('',#9246,#9247);
#9246 = CARTESIAN_POINT('',(-31.85,-1.516652224137,-29.1));
#9247 = VECTOR('',#9248,1.);
#9248 = DIRECTION('',(-1.,-0.,0.));
#9249 = PCURVE('',#4578,#9250);
#9250 = DEFINITIONAL_REPRESENTATION('',(#9251),#9254);
#9251 = B_SPLINE_CURVE_WITH_KNOTS('',1,(#9252,#9253),.UNSPECIFIED.,.F.,
  .F.,(2,2),(-5.929473661428,-5.),.PIECEWISE_BEZIER_KNOTS.);
#9252 = CARTESIAN_POINT('',(4.655129855222,-0.929473661428));
#9253 = CARTESIAN_POINT('',(4.655129855222,0.));
#9254 = ( GEOMETRIC_REPRESENTATION_CONTEXT(2) 
PARAMETRIC_REPRESENTATION_CONTEXT() REPRESENTATION_CONTEXT('2D SPACE',''
  ) );
#9255 = PCURVE('',#9105,#9256);
#9256 = DEFINITIONAL_REPRESENTATION('',(#9257),#9260);
#9257 = B_SPLINE_CURVE_WITH_KNOTS('',1,(#9258,#9259),.UNSPECIFIED.,.F.,
  .F.,(2,2),(-5.929473661428,-5.),.PIECEWISE_BEZIER_KNOTS.);
#9258 = CARTESIAN_POINT('',(10.929473661428,11.083347775863));
#9259 = CARTESIAN_POINT('',(10.,11.083347775863));
#9260 = ( GEOMETRIC_REPRESENTATION_CONTEXT(2) 
PARAMETRIC_REPRESENTATION_CONTEXT() REPRESENTATION_CONTEXT('2D SPACE',''
  ) );
#9261 = ORIENTED_EDGE('',*,*,#9262,.F.);
#9262 = EDGE_CURVE('',#9263,#9242,#9265,.T.);
#9263 = VERTEX_POINT('',#9264);
#9264 = CARTESIAN_POINT('',(-26.85,-3.116652224137,-27.5));
#9265 = SURFACE_CURVE('',#9266,(#9270,#9277),.PCURVE_S1.);
#9266 = LINE('',#9267,#9268);
#9267 = CARTESIAN_POINT('',(-26.85,-4.808326112069,-25.80832611206));
#9268 = VECTOR('',#9269,1.);
#9269 = DIRECTION('',(0.,0.707106781187,-0.707106781187));
#9270 = PCURVE('',#4578,#9271);
#9271 = DEFINITIONAL_REPRESENTATION('',(#9272),#9276);
#9272 = LINE('',#9273,#9274);
#9273 = CARTESIAN_POINT('',(0.,0.));
#9274 = VECTOR('',#9275,1.);
#9275 = DIRECTION('',(1.,0.));
#9276 = ( GEOMETRIC_REPRESENTATION_CONTEXT(2) 
PARAMETRIC_REPRESENTATION_CONTEXT() REPRESENTATION_CONTEXT('2D SPACE',''
  ) );
#9277 = PCURVE('',#9080,#9278);
#9278 = DEFINITIONAL_REPRESENTATION('',(#9279),#9283);
#9279 = LINE('',#9280,#9281);
#9280 = CARTESIAN_POINT('',(-4.808326112069,4.808326112069));
#9281 = VECTOR('',#9282,1.);
#9282 = DIRECTION('',(-0.707106781187,-0.707106781187));
#9283 = ( GEOMETRIC_REPRESENTATION_CONTEXT(2) 
PARAMETRIC_REPRESENTATION_CONTEXT() REPRESENTATION_CONTEXT('2D SPACE',''
  ) );
#9284 = ORIENTED_EDGE('',*,*,#9285,.F.);
#9285 = EDGE_CURVE('',#6342,#9263,#9286,.T.);
#9286 = SURFACE_CURVE('',#9287,(#9291,#9297),.PCURVE_S1.);
#9287 = LINE('',#9288,#9289);
#9288 = CARTESIAN_POINT('',(-31.85,-3.116652224137,-27.5));
#9289 = VECTOR('',#9290,1.);
#9290 = DIRECTION('',(-1.,-0.,0.));
#9291 = PCURVE('',#4578,#9292);
#9292 = DEFINITIONAL_REPRESENTATION('',(#9293),#9296);
#9293 = B_SPLINE_CURVE_WITH_KNOTS('',1,(#9294,#9295),.UNSPECIFIED.,.F.,
  .F.,(2,2),(-5.929473661428,-5.),.PIECEWISE_BEZIER_KNOTS.);
#9294 = CARTESIAN_POINT('',(2.392388155425,-0.929473661428));
#9295 = CARTESIAN_POINT('',(2.392388155425,0.));
#9296 = ( GEOMETRIC_REPRESENTATION_CONTEXT(2) 
PARAMETRIC_REPRESENTATION_CONTEXT() REPRESENTATION_CONTEXT('2D SPACE',''
  ) );
#9297 = PCURVE('',#6357,#9298);
#9298 = DEFINITIONAL_REPRESENTATION('',(#9299),#9302);
#9299 = B_SPLINE_CURVE_WITH_KNOTS('',1,(#9300,#9301),.UNSPECIFIED.,.F.,
  .F.,(2,2),(-5.929473661428,-5.),.PIECEWISE_BEZIER_KNOTS.);
#9300 = CARTESIAN_POINT('',(10.929473661428,9.483347775863));
#9301 = CARTESIAN_POINT('',(10.,9.483347775863));
#9302 = ( GEOMETRIC_REPRESENTATION_CONTEXT(2) 
PARAMETRIC_REPRESENTATION_CONTEXT() REPRESENTATION_CONTEXT('2D SPACE',''
  ) );
#9303 = ADVANCED_FACE('',(#9304),#4978,.T.);
#9304 = FACE_BOUND('',#9305,.T.);
#9305 = EDGE_LOOP('',(#9306,#9327,#9328,#9355));
#9306 = ORIENTED_EDGE('',*,*,#9307,.F.);
#9307 = EDGE_CURVE('',#4962,#9308,#9310,.T.);
#9308 = VERTEX_POINT('',#9309);
#9309 = CARTESIAN_POINT('',(-32.,14.,-110.));
#9310 = SURFACE_CURVE('',#9311,(#9315,#9321),.PCURVE_S1.);
#9311 = LINE('',#9312,#9313);
#9312 = CARTESIAN_POINT('',(-32.,14.5,-109.5));
#9313 = VECTOR('',#9314,1.);
#9314 = DIRECTION('',(0.,-0.707106781187,-0.707106781187));
#9315 = PCURVE('',#4978,#9316);
#9316 = DEFINITIONAL_REPRESENTATION('',(#9317),#9320);
#9317 = B_SPLINE_CURVE_WITH_KNOTS('',1,(#9318,#9319),.UNSPECIFIED.,.F.,
  .F.,(2,2),(-0.707106781187,0.707106781187),.PIECEWISE_BEZIER_KNOTS.);
#9318 = CARTESIAN_POINT('',(0.,0.));
#9319 = CARTESIAN_POINT('',(0.,-1.));
#9320 = ( GEOMETRIC_REPRESENTATION_CONTEXT(2) 
PARAMETRIC_REPRESENTATION_CONTEXT() REPRESENTATION_CONTEXT('2D SPACE',''
  ) );
#9321 = PCURVE('',#5167,#9322);
#9322 = DEFINITIONAL_REPRESENTATION('',(#9323),#9326);
#9323 = B_SPLINE_CURVE_WITH_KNOTS('',1,(#9324,#9325),.UNSPECIFIED.,.F.,
  .F.,(2,2),(-0.707106781187,0.707106781187),.PIECEWISE_BEZIER_KNOTS.);
#9324 = CARTESIAN_POINT('',(-30.,-0.707106781187));
#9325 = CARTESIAN_POINT('',(-30.,0.707106781187));
#9326 = ( GEOMETRIC_REPRESENTATION_CONTEXT(2) 
PARAMETRIC_REPRESENTATION_CONTEXT() REPRESENTATION_CONTEXT('2D SPACE',''
  ) );
#9327 = ORIENTED_EDGE('',*,*,#4961,.T.);
#9328 = ORIENTED_EDGE('',*,*,#9329,.T.);
#9329 = EDGE_CURVE('',#4936,#9330,#9332,.T.);
#9330 = VERTEX_POINT('',#9331);
#9331 = CARTESIAN_POINT('',(-29.69565627563,13.660939890118,-110.));
#9332 = SURFACE_CURVE('',#9333,(#9338,#9348),.PCURVE_S1.);
#9333 = HYPERBOLA('',#9334,2.304343724361,2.304343724361);
#9334 = AXIS2_PLACEMENT_3D('',#9335,#9336,#9337);
#9335 = CARTESIAN_POINT('',(-29.69565627563,6.,-118.));
#9336 = DIRECTION('',(1.,0.,0.));
#9337 = DIRECTION('',(0.,-0.,1.));
#9338 = PCURVE('',#4978,#9339);
#9339 = DEFINITIONAL_REPRESENTATION('',(#9340),#9347);
#9340 = B_SPLINE_CURVE_WITH_KNOTS('',5,(#9341,#9342,#9343,#9344,#9345,
    #9346),.UNSPECIFIED.,.F.,.F.,(6,6),(-2.038768721953,-1.916373789661)
  ,.PIECEWISE_BEZIER_KNOTS.);
#9341 = CARTESIAN_POINT('',(-0.258921542006,0.));
#9342 = CARTESIAN_POINT('',(-0.265189097431,-0.212967182188));
#9343 = CARTESIAN_POINT('',(-0.271642039542,-0.419193131497));
#9344 = CARTESIAN_POINT('',(-0.278287166288,-0.618943705423));
#9345 = CARTESIAN_POINT('',(-0.285131558501,-0.812467956171));
#9346 = CARTESIAN_POINT('',(-0.292182558354,-1.));
#9347 = ( GEOMETRIC_REPRESENTATION_CONTEXT(2) 
PARAMETRIC_REPRESENTATION_CONTEXT() REPRESENTATION_CONTEXT('2D SPACE',''
  ) );
#9348 = PCURVE('',#4950,#9349);
#9349 = DEFINITIONAL_REPRESENTATION('',(#9350),#9354);
#9350 = ( BOUNDED_CURVE() B_SPLINE_CURVE(2,(#9351,#9352,#9353),
.UNSPECIFIED.,.F.,.F.) B_SPLINE_CURVE_WITH_KNOTS((3,3),(-2.038768721953,
-1.916373789661),.PIECEWISE_BEZIER_KNOTS.) CURVE() 
GEOMETRIC_REPRESENTATION_ITEM() RATIONAL_B_SPLINE_CURVE((1.,
1.001873149421,1.)) REPRESENTATION_ITEM('') );
#9351 = CARTESIAN_POINT('',(1.5,-4.3));
#9352 = CARTESIAN_POINT('',(0.968245708472,-3.749909353592));
#9353 = CARTESIAN_POINT('',(0.5,-3.260939890118));
#9354 = ( GEOMETRIC_REPRESENTATION_CONTEXT(2) 
PARAMETRIC_REPRESENTATION_CONTEXT() REPRESENTATION_CONTEXT('2D SPACE',''
  ) );
#9355 = ORIENTED_EDGE('',*,*,#9356,.F.);
#9356 = EDGE_CURVE('',#9308,#9330,#9357,.T.);
#9357 = SURFACE_CURVE('',#9358,(#9363,#9370),.PCURVE_S1.);
#9358 = CIRCLE('',#9359,8.);
#9359 = AXIS2_PLACEMENT_3D('',#9360,#9361,#9362);
#9360 = CARTESIAN_POINT('',(-32.,6.,-110.));
#9361 = DIRECTION('',(0.,-0.,-1.));
#9362 = DIRECTION('',(0.,1.,-0.));
#9363 = PCURVE('',#4978,#9364);
#9364 = DEFINITIONAL_REPRESENTATION('',(#9365),#9369);
#9365 = LINE('',#9366,#9367);
#9366 = CARTESIAN_POINT('',(-0.,-1.));
#9367 = VECTOR('',#9368,1.);
#9368 = DIRECTION('',(-1.,-0.));
#9369 = ( GEOMETRIC_REPRESENTATION_CONTEXT(2) 
PARAMETRIC_REPRESENTATION_CONTEXT() REPRESENTATION_CONTEXT('2D SPACE',''
  ) );
#9370 = PCURVE('',#8235,#9371);
#9371 = DEFINITIONAL_REPRESENTATION('',(#9372),#9380);
#9372 = ( BOUNDED_CURVE() B_SPLINE_CURVE(2,(#9373,#9374,#9375,#9376,
#9377,#9378,#9379),.UNSPECIFIED.,.T.,.F.) B_SPLINE_CURVE_WITH_KNOTS((1,2
    ,2,2,2,1),(-2.094395102393,0.,2.094395102393,4.188790204786,
6.28318530718,8.377580409573),.UNSPECIFIED.) CURVE() 
GEOMETRIC_REPRESENTATION_ITEM() RATIONAL_B_SPLINE_CURVE((1.,0.5,1.,0.5,
1.,0.5,1.)) REPRESENTATION_ITEM('') );
#9373 = CARTESIAN_POINT('',(39.,29.));
#9374 = CARTESIAN_POINT('',(52.856406460551,29.));
#9375 = CARTESIAN_POINT('',(45.928203230276,17.));
#9376 = CARTESIAN_POINT('',(39.,5.));
#9377 = CARTESIAN_POINT('',(32.071796769724,17.));
#9378 = CARTESIAN_POINT('',(25.143593539449,29.));
#9379 = CARTESIAN_POINT('',(39.,29.));
#9380 = ( GEOMETRIC_REPRESENTATION_CONTEXT(2) 
PARAMETRIC_REPRESENTATION_CONTEXT() REPRESENTATION_CONTEXT('2D SPACE',''
  ) );
#9381 = ADVANCED_FACE('',(#9382),#4950,.T.);
#9382 = FACE_BOUND('',#9383,.T.);
#9383 = EDGE_LOOP('',(#9384,#9412,#9439,#9458,#9459,#9460,#9483));
#9384 = ORIENTED_EDGE('',*,*,#9385,.F.);
#9385 = EDGE_CURVE('',#9386,#9388,#9390,.T.);
#9386 = VERTEX_POINT('',#9387);
#9387 = CARTESIAN_POINT('',(-29.69565627563,12.5,-108.4035533905));
#9388 = VERTEX_POINT('',#9389);
#9389 = CARTESIAN_POINT('',(-29.69565627563,13.5,-107.4035533905));
#9390 = SURFACE_CURVE('',#9391,(#9395,#9401),.PCURVE_S1.);
#9391 = LINE('',#9392,#9393);
#9392 = CARTESIAN_POINT('',(-29.69565627563,11.300888347648,
    -109.6026650429));
#9393 = VECTOR('',#9394,1.);
#9394 = DIRECTION('',(0.,0.707106781187,0.707106781187));
#9395 = PCURVE('',#4950,#9396);
#9396 = DEFINITIONAL_REPRESENTATION('',(#9397),#9400);
#9397 = B_SPLINE_CURVE_WITH_KNOTS('',1,(#9398,#9399),.UNSPECIFIED.,.F.,
  .F.,(2,2),(1.271535892843,3.110013523928),.PIECEWISE_BEZIER_KNOTS.);
#9398 = CARTESIAN_POINT('',(1.796446609407,-1.8));
#9399 = CARTESIAN_POINT('',(3.096446609407,-3.1));
#9400 = ( GEOMETRIC_REPRESENTATION_CONTEXT(2) 
PARAMETRIC_REPRESENTATION_CONTEXT() REPRESENTATION_CONTEXT('2D SPACE',''
  ) );
#9401 = PCURVE('',#9402,#9407);
#9402 = PLANE('',#9403);
#9403 = AXIS2_PLACEMENT_3D('',#9404,#9405,#9406);
#9404 = CARTESIAN_POINT('',(-60.,12.2,-108.7035533905));
#9405 = DIRECTION('',(0.,-0.707106781187,0.707106781187));
#9406 = DIRECTION('',(0.,0.707106781187,0.707106781187));
#9407 = DEFINITIONAL_REPRESENTATION('',(#9408),#9411);
#9408 = B_SPLINE_CURVE_WITH_KNOTS('',1,(#9409,#9410),.UNSPECIFIED.,.F.,
  .F.,(2,2),(1.271535892843,3.110013523928),.PIECEWISE_BEZIER_KNOTS.);
#9409 = CARTESIAN_POINT('',(0.,-30.30434372436));
#9410 = CARTESIAN_POINT('',(1.838477631085,-30.30434372436));
#9411 = ( GEOMETRIC_REPRESENTATION_CONTEXT(2) 
PARAMETRIC_REPRESENTATION_CONTEXT() REPRESENTATION_CONTEXT('2D SPACE',''
  ) );
#9412 = ORIENTED_EDGE('',*,*,#9413,.T.);
#9413 = EDGE_CURVE('',#9386,#9414,#9416,.T.);
#9414 = VERTEX_POINT('',#9415);
#9415 = CARTESIAN_POINT('',(-29.69565627563,12.5,-110.));
#9416 = SURFACE_CURVE('',#9417,(#9421,#9427),.PCURVE_S1.);
#9417 = LINE('',#9418,#9419);
#9418 = CARTESIAN_POINT('',(-29.69565627563,12.5,-110.5));
#9419 = VECTOR('',#9420,1.);
#9420 = DIRECTION('',(-0.,0.,-1.));
#9421 = PCURVE('',#4950,#9422);
#9422 = DEFINITIONAL_REPRESENTATION('',(#9423),#9426);
#9423 = B_SPLINE_CURVE_WITH_KNOTS('',1,(#9424,#9425),.UNSPECIFIED.,.F.,
  .F.,(2,2),(-2.096446609407,-0.),.PIECEWISE_BEZIER_KNOTS.);
#9424 = CARTESIAN_POINT('',(2.096446609407,-2.1));
#9425 = CARTESIAN_POINT('',(0.,-2.1));
#9426 = ( GEOMETRIC_REPRESENTATION_CONTEXT(2) 
PARAMETRIC_REPRESENTATION_CONTEXT() REPRESENTATION_CONTEXT('2D SPACE',''
  ) );
#9427 = PCURVE('',#9428,#9433);
#9428 = PLANE('',#9429);
#9429 = AXIS2_PLACEMENT_3D('',#9430,#9431,#9432);
#9430 = CARTESIAN_POINT('',(-33.,12.5,-110.5));
#9431 = DIRECTION('',(-0.,1.,0.));
#9432 = DIRECTION('',(0.,0.,1.));
#9433 = DEFINITIONAL_REPRESENTATION('',(#9434),#9438);
#9434 = LINE('',#9435,#9436);
#9435 = CARTESIAN_POINT('',(0.,3.304343724361));
#9436 = VECTOR('',#9437,1.);
#9437 = DIRECTION('',(-1.,0.));
#9438 = ( GEOMETRIC_REPRESENTATION_CONTEXT(2) 
PARAMETRIC_REPRESENTATION_CONTEXT() REPRESENTATION_CONTEXT('2D SPACE',''
  ) );
#9439 = ORIENTED_EDGE('',*,*,#9440,.T.);
#9440 = EDGE_CURVE('',#9414,#9330,#9441,.T.);
#9441 = SURFACE_CURVE('',#9442,(#9446,#9452),.PCURVE_S1.);
#9442 = LINE('',#9443,#9444);
#9443 = CARTESIAN_POINT('',(-29.69565627563,-2.3,-110.));
#9444 = VECTOR('',#9445,1.);
#9445 = DIRECTION('',(-0.,1.,0.));
#9446 = PCURVE('',#4950,#9447);
#9447 = DEFINITIONAL_REPRESENTATION('',(#9448),#9451);
#9448 = B_SPLINE_CURVE_WITH_KNOTS('',1,(#9449,#9450),.UNSPECIFIED.,.F.,
  .F.,(2,2),(14.8,16.3),.PIECEWISE_BEZIER_KNOTS.);
#9449 = CARTESIAN_POINT('',(0.5,-2.1));
#9450 = CARTESIAN_POINT('',(0.5,-3.6));
#9451 = ( GEOMETRIC_REPRESENTATION_CONTEXT(2) 
PARAMETRIC_REPRESENTATION_CONTEXT() REPRESENTATION_CONTEXT('2D SPACE',''
  ) );
#9452 = PCURVE('',#8235,#9453);
#9453 = DEFINITIONAL_REPRESENTATION('',(#9454),#9457);
#9454 = B_SPLINE_CURVE_WITH_KNOTS('',1,(#9455,#9456),.UNSPECIFIED.,.F.,
  .F.,(2,2),(14.8,16.3),.PIECEWISE_BEZIER_KNOTS.);
#9455 = CARTESIAN_POINT('',(41.304343724361,27.5));
#9456 = CARTESIAN_POINT('',(41.304343724361,29.));
#9457 = ( GEOMETRIC_REPRESENTATION_CONTEXT(2) 
PARAMETRIC_REPRESENTATION_CONTEXT() REPRESENTATION_CONTEXT('2D SPACE',''
  ) );
#9458 = ORIENTED_EDGE('',*,*,#9329,.F.);
#9459 = ORIENTED_EDGE('',*,*,#4935,.T.);
#9460 = ORIENTED_EDGE('',*,*,#9461,.F.);
#9461 = EDGE_CURVE('',#9462,#4903,#9464,.T.);
#9462 = VERTEX_POINT('',#9463);
#9463 = CARTESIAN_POINT('',(-29.69565627563,13.5,-105.55));
#9464 = SURFACE_CURVE('',#9465,(#9469,#9476),.PCURVE_S1.);
#9465 = LINE('',#9466,#9467);
#9466 = CARTESIAN_POINT('',(-29.69565627563,10.4,-105.55));
#9467 = VECTOR('',#9468,1.);
#9468 = DIRECTION('',(-0.,1.,0.));
#9469 = PCURVE('',#4950,#9470);
#9470 = DEFINITIONAL_REPRESENTATION('',(#9471),#9475);
#9471 = LINE('',#9472,#9473);
#9472 = CARTESIAN_POINT('',(4.95,0.));
#9473 = VECTOR('',#9474,1.);
#9474 = DIRECTION('',(0.,-1.));
#9475 = ( GEOMETRIC_REPRESENTATION_CONTEXT(2) 
PARAMETRIC_REPRESENTATION_CONTEXT() REPRESENTATION_CONTEXT('2D SPACE',''
  ) );
#9476 = PCURVE('',#4919,#9477);
#9477 = DEFINITIONAL_REPRESENTATION('',(#9478),#9482);
#9478 = LINE('',#9479,#9480);
#9479 = CARTESIAN_POINT('',(3.1,-30.30434372436));
#9480 = VECTOR('',#9481,1.);
#9481 = DIRECTION('',(-1.,0.));
#9482 = ( GEOMETRIC_REPRESENTATION_CONTEXT(2) 
PARAMETRIC_REPRESENTATION_CONTEXT() REPRESENTATION_CONTEXT('2D SPACE',''
  ) );
#9483 = ORIENTED_EDGE('',*,*,#9484,.F.);
#9484 = EDGE_CURVE('',#9388,#9462,#9485,.T.);
#9485 = SURFACE_CURVE('',#9486,(#9490,#9496),.PCURVE_S1.);
#9486 = LINE('',#9487,#9488);
#9487 = CARTESIAN_POINT('',(-29.69565627563,13.5,-108.9517766952));
#9488 = VECTOR('',#9489,1.);
#9489 = DIRECTION('',(0.,0.,1.));
#9490 = PCURVE('',#4950,#9491);
#9491 = DEFINITIONAL_REPRESENTATION('',(#9492),#9495);
#9492 = B_SPLINE_CURVE_WITH_KNOTS('',1,(#9493,#9494),.UNSPECIFIED.,.F.,
  .F.,(2,2),(1.548223304703,3.401776695297),.PIECEWISE_BEZIER_KNOTS.);
#9493 = CARTESIAN_POINT('',(3.096446609407,-3.1));
#9494 = CARTESIAN_POINT('',(4.95,-3.1));
#9495 = ( GEOMETRIC_REPRESENTATION_CONTEXT(2) 
PARAMETRIC_REPRESENTATION_CONTEXT() REPRESENTATION_CONTEXT('2D SPACE',''
  ) );
#9496 = PCURVE('',#9497,#9502);
#9497 = PLANE('',#9498);
#9498 = AXIS2_PLACEMENT_3D('',#9499,#9500,#9501);
#9499 = CARTESIAN_POINT('',(-60.,13.5,-107.4035533905));
#9500 = DIRECTION('',(0.,-1.,0.));
#9501 = DIRECTION('',(0.,0.,1.));
#9502 = DEFINITIONAL_REPRESENTATION('',(#9503),#9506);
#9503 = B_SPLINE_CURVE_WITH_KNOTS('',1,(#9504,#9505),.UNSPECIFIED.,.F.,
  .F.,(2,2),(1.548223304703,3.401776695297),.PIECEWISE_BEZIER_KNOTS.);
#9504 = CARTESIAN_POINT('',(0.,-30.30434372436));
#9505 = CARTESIAN_POINT('',(1.853553390593,-30.30434372436));
#9506 = ( GEOMETRIC_REPRESENTATION_CONTEXT(2) 
PARAMETRIC_REPRESENTATION_CONTEXT() REPRESENTATION_CONTEXT('2D SPACE',''
  ) );
#9507 = ADVANCED_FACE('',(#9508),#4919,.T.);
#9508 = FACE_BOUND('',#9509,.T.);
#9509 = EDGE_LOOP('',(#9510,#9540,#9561,#9562,#9563,#9586,#9619));
#9510 = ORIENTED_EDGE('',*,*,#9511,.F.);
#9511 = EDGE_CURVE('',#9512,#9514,#9516,.T.);
#9512 = VERTEX_POINT('',#9513);
#9513 = CARTESIAN_POINT('',(-60.,13.5,-105.55));
#9514 = VERTEX_POINT('',#9515);
#9515 = CARTESIAN_POINT('',(-60.,12.5,-105.55));
#9516 = SURFACE_CURVE('',#9517,(#9521,#9528),.PCURVE_S1.);
#9517 = LINE('',#9518,#9519);
#9518 = CARTESIAN_POINT('',(-60.,13.5,-105.55));
#9519 = VECTOR('',#9520,1.);
#9520 = DIRECTION('',(0.,-1.,0.));
#9521 = PCURVE('',#4919,#9522);
#9522 = DEFINITIONAL_REPRESENTATION('',(#9523),#9527);
#9523 = LINE('',#9524,#9525);
#9524 = CARTESIAN_POINT('',(0.,-0.));
#9525 = VECTOR('',#9526,1.);
#9526 = DIRECTION('',(1.,0.));
#9527 = ( GEOMETRIC_REPRESENTATION_CONTEXT(2) 
PARAMETRIC_REPRESENTATION_CONTEXT() REPRESENTATION_CONTEXT('2D SPACE',''
  ) );
#9528 = PCURVE('',#9529,#9534);
#9529 = PLANE('',#9530);
#9530 = AXIS2_PLACEMENT_3D('',#9531,#9532,#9533);
#9531 = CARTESIAN_POINT('',(-60.,12.746262814645,-106.936396103));
#9532 = DIRECTION('',(1.,0.,0.));
#9533 = DIRECTION('',(-0.,0.,1.));
#9534 = DEFINITIONAL_REPRESENTATION('',(#9535),#9539);
#9535 = LINE('',#9536,#9537);
#9536 = CARTESIAN_POINT('',(1.386396103068,-0.753737185355));
#9537 = VECTOR('',#9538,1.);
#9538 = DIRECTION('',(0.,1.));
#9539 = ( GEOMETRIC_REPRESENTATION_CONTEXT(2) 
PARAMETRIC_REPRESENTATION_CONTEXT() REPRESENTATION_CONTEXT('2D SPACE',''
  ) );
#9540 = ORIENTED_EDGE('',*,*,#9541,.T.);
#9541 = EDGE_CURVE('',#9512,#9462,#9542,.T.);
#9542 = SURFACE_CURVE('',#9543,(#9547,#9554),.PCURVE_S1.);
#9543 = LINE('',#9544,#9545);
#9544 = CARTESIAN_POINT('',(-60.,13.5,-105.55));
#9545 = VECTOR('',#9546,1.);
#9546 = DIRECTION('',(1.,0.,0.));
#9547 = PCURVE('',#4919,#9548);
#9548 = DEFINITIONAL_REPRESENTATION('',(#9549),#9553);
#9549 = LINE('',#9550,#9551);
#9550 = CARTESIAN_POINT('',(0.,-0.));
#9551 = VECTOR('',#9552,1.);
#9552 = DIRECTION('',(0.,-1.));
#9553 = ( GEOMETRIC_REPRESENTATION_CONTEXT(2) 
PARAMETRIC_REPRESENTATION_CONTEXT() REPRESENTATION_CONTEXT('2D SPACE',''
  ) );
#9554 = PCURVE('',#9497,#9555);
#9555 = DEFINITIONAL_REPRESENTATION('',(#9556),#9560);
#9556 = LINE('',#9557,#9558);
#9557 = CARTESIAN_POINT('',(1.853553390593,0.));
#9558 = VECTOR('',#9559,1.);
#9559 = DIRECTION('',(0.,-1.));
#9560 = ( GEOMETRIC_REPRESENTATION_CONTEXT(2) 
PARAMETRIC_REPRESENTATION_CONTEXT() REPRESENTATION_CONTEXT('2D SPACE',''
  ) );
#9561 = ORIENTED_EDGE('',*,*,#9461,.T.);
#9562 = ORIENTED_EDGE('',*,*,#4902,.F.);
#9563 = ORIENTED_EDGE('',*,*,#9564,.F.);
#9564 = EDGE_CURVE('',#9565,#4877,#9567,.T.);
#9565 = VERTEX_POINT('',#9566);
#9566 = CARTESIAN_POINT('',(-27.21565051443,10.4,-105.55));
#9567 = SURFACE_CURVE('',#9568,(#9572,#9579),.PCURVE_S1.);
#9568 = LINE('',#9569,#9570);
#9569 = CARTESIAN_POINT('',(-33.,10.4,-105.55));
#9570 = VECTOR('',#9571,1.);
#9571 = DIRECTION('',(1.,0.,0.));
#9572 = PCURVE('',#4919,#9573);
#9573 = DEFINITIONAL_REPRESENTATION('',(#9574),#9578);
#9574 = LINE('',#9575,#9576);
#9575 = CARTESIAN_POINT('',(3.1,-27.));
#9576 = VECTOR('',#9577,1.);
#9577 = DIRECTION('',(0.,-1.));
#9578 = ( GEOMETRIC_REPRESENTATION_CONTEXT(2) 
PARAMETRIC_REPRESENTATION_CONTEXT() REPRESENTATION_CONTEXT('2D SPACE',''
  ) );
#9579 = PCURVE('',#4891,#9580);
#9580 = DEFINITIONAL_REPRESENTATION('',(#9581),#9585);
#9581 = LINE('',#9582,#9583);
#9582 = CARTESIAN_POINT('',(4.95,0.));
#9583 = VECTOR('',#9584,1.);
#9584 = DIRECTION('',(0.,1.));
#9585 = ( GEOMETRIC_REPRESENTATION_CONTEXT(2) 
PARAMETRIC_REPRESENTATION_CONTEXT() REPRESENTATION_CONTEXT('2D SPACE',''
  ) );
#9586 = ORIENTED_EDGE('',*,*,#9587,.T.);
#9587 = EDGE_CURVE('',#9565,#9588,#9590,.T.);
#9588 = VERTEX_POINT('',#9589);
#9589 = CARTESIAN_POINT('',(-32.,12.5,-105.55));
#9590 = SURFACE_CURVE('',#9591,(#9596,#9607),.PCURVE_S1.);
#9591 = CIRCLE('',#9592,6.5);
#9592 = AXIS2_PLACEMENT_3D('',#9593,#9594,#9595);
#9593 = CARTESIAN_POINT('',(-32.,6.,-105.55));
#9594 = DIRECTION('',(0.,0.,1.));
#9595 = DIRECTION('',(1.,0.,-0.));
#9596 = PCURVE('',#4919,#9597);
#9597 = DEFINITIONAL_REPRESENTATION('',(#9598),#9606);
#9598 = ( BOUNDED_CURVE() B_SPLINE_CURVE(2,(#9599,#9600,#9601,#9602,
#9603,#9604,#9605),.UNSPECIFIED.,.T.,.F.) B_SPLINE_CURVE_WITH_KNOTS((1,2
    ,2,2,2,1),(-2.094395102393,0.,2.094395102393,4.188790204786,
6.28318530718,8.377580409573),.UNSPECIFIED.) CURVE() 
GEOMETRIC_REPRESENTATION_ITEM() RATIONAL_B_SPLINE_CURVE((1.,0.5,1.,0.5,
1.,0.5,1.)) REPRESENTATION_ITEM('') );
#9599 = CARTESIAN_POINT('',(7.5,-34.5));
#9600 = CARTESIAN_POINT('',(-3.758330249198,-34.5));
#9601 = CARTESIAN_POINT('',(1.870834875401,-24.75));
#9602 = CARTESIAN_POINT('',(7.5,-15.));
#9603 = CARTESIAN_POINT('',(13.129165124599,-24.75));
#9604 = CARTESIAN_POINT('',(18.758330249198,-34.5));
#9605 = CARTESIAN_POINT('',(7.5,-34.5));
#9606 = ( GEOMETRIC_REPRESENTATION_CONTEXT(2) 
PARAMETRIC_REPRESENTATION_CONTEXT() REPRESENTATION_CONTEXT('2D SPACE',''
  ) );
#9607 = PCURVE('',#9608,#9613);
#9608 = CYLINDRICAL_SURFACE('',#9609,6.5);
#9609 = AXIS2_PLACEMENT_3D('',#9610,#9611,#9612);
#9610 = CARTESIAN_POINT('',(-32.,6.,-110.5));
#9611 = DIRECTION('',(0.,0.,1.));
#9612 = DIRECTION('',(1.,0.,-0.));
#9613 = DEFINITIONAL_REPRESENTATION('',(#9614),#9618);
#9614 = LINE('',#9615,#9616);
#9615 = CARTESIAN_POINT('',(0.,4.95));
#9616 = VECTOR('',#9617,1.);
#9617 = DIRECTION('',(1.,0.));
#9618 = ( GEOMETRIC_REPRESENTATION_CONTEXT(2) 
PARAMETRIC_REPRESENTATION_CONTEXT() REPRESENTATION_CONTEXT('2D SPACE',''
  ) );
#9619 = ORIENTED_EDGE('',*,*,#9620,.T.);
#9620 = EDGE_CURVE('',#9588,#9514,#9621,.T.);
#9621 = SURFACE_CURVE('',#9622,(#9626,#9632),.PCURVE_S1.);
#9622 = LINE('',#9623,#9624);
#9623 = CARTESIAN_POINT('',(-64.25,12.5,-105.55));
#9624 = VECTOR('',#9625,1.);
#9625 = DIRECTION('',(-1.,0.,0.));
#9626 = PCURVE('',#4919,#9627);
#9627 = DEFINITIONAL_REPRESENTATION('',(#9628),#9631);
#9628 = B_SPLINE_CURVE_WITH_KNOTS('',1,(#9629,#9630),.UNSPECIFIED.,.F.,
  .F.,(2,2),(-32.25,-4.25),.PIECEWISE_BEZIER_KNOTS.);
#9629 = CARTESIAN_POINT('',(1.,-28.));
#9630 = CARTESIAN_POINT('',(1.,0.));
#9631 = ( GEOMETRIC_REPRESENTATION_CONTEXT(2) 
PARAMETRIC_REPRESENTATION_CONTEXT() REPRESENTATION_CONTEXT('2D SPACE',''
  ) );
#9632 = PCURVE('',#9428,#9633);
#9633 = DEFINITIONAL_REPRESENTATION('',(#9634),#9638);
#9634 = LINE('',#9635,#9636);
#9635 = CARTESIAN_POINT('',(4.95,-31.25));
#9636 = VECTOR('',#9637,1.);
#9637 = DIRECTION('',(0.,-1.));
#9638 = ( GEOMETRIC_REPRESENTATION_CONTEXT(2) 
PARAMETRIC_REPRESENTATION_CONTEXT() REPRESENTATION_CONTEXT('2D SPACE',''
  ) );
#9639 = ADVANCED_FACE('',(#9640),#4891,.T.);
#9640 = FACE_BOUND('',#9641,.T.);
#9641 = EDGE_LOOP('',(#9642,#9663,#9664,#9665,#9692));
#9642 = ORIENTED_EDGE('',*,*,#9643,.T.);
#9643 = EDGE_CURVE('',#9644,#9565,#9646,.T.);
#9644 = VERTEX_POINT('',#9645);
#9645 = CARTESIAN_POINT('',(-27.21565051443,10.4,-110.));
#9646 = SURFACE_CURVE('',#9647,(#9651,#9657),.PCURVE_S1.);
#9647 = LINE('',#9648,#9649);
#9648 = CARTESIAN_POINT('',(-27.21565051443,10.4,-110.5));
#9649 = VECTOR('',#9650,1.);
#9650 = DIRECTION('',(0.,0.,1.));
#9651 = PCURVE('',#4891,#9652);
#9652 = DEFINITIONAL_REPRESENTATION('',(#9653),#9656);
#9653 = B_SPLINE_CURVE_WITH_KNOTS('',1,(#9654,#9655),.UNSPECIFIED.,.F.,
  .F.,(2,2),(0.4999994,5.445),.PIECEWISE_BEZIER_KNOTS.);
#9654 = CARTESIAN_POINT('',(0.4999994,5.784349485562));
#9655 = CARTESIAN_POINT('',(5.445,5.784349485562));
#9656 = ( GEOMETRIC_REPRESENTATION_CONTEXT(2) 
PARAMETRIC_REPRESENTATION_CONTEXT() REPRESENTATION_CONTEXT('2D SPACE',''
  ) );
#9657 = PCURVE('',#9608,#9658);
#9658 = DEFINITIONAL_REPRESENTATION('',(#9659),#9662);
#9659 = B_SPLINE_CURVE_WITH_KNOTS('',1,(#9660,#9661),.UNSPECIFIED.,.F.,
  .F.,(2,2),(0.4999994,5.445),.PIECEWISE_BEZIER_KNOTS.);
#9660 = CARTESIAN_POINT('',(0.743574259194,0.4999994));
#9661 = CARTESIAN_POINT('',(0.743574259194,5.445));
#9662 = ( GEOMETRIC_REPRESENTATION_CONTEXT(2) 
PARAMETRIC_REPRESENTATION_CONTEXT() REPRESENTATION_CONTEXT('2D SPACE',''
  ) );
#9663 = ORIENTED_EDGE('',*,*,#9564,.T.);
#9664 = ORIENTED_EDGE('',*,*,#4876,.F.);
#9665 = ORIENTED_EDGE('',*,*,#9666,.F.);
#9666 = EDGE_CURVE('',#9667,#4848,#9669,.T.);
#9667 = VERTEX_POINT('',#9668);
#9668 = CARTESIAN_POINT('',(-25.3186827646,10.4,-110.));
#9669 = SURFACE_CURVE('',#9670,(#9675,#9682),.PCURVE_S1.);
#9670 = HYPERBOLA('',#9671,4.4,4.4);
#9671 = AXIS2_PLACEMENT_3D('',#9672,#9673,#9674);
#9672 = CARTESIAN_POINT('',(-32.,10.4,-118.));
#9673 = DIRECTION('',(-0.,1.,0.));
#9674 = DIRECTION('',(0.,0.,1.));
#9675 = PCURVE('',#4891,#9676);
#9676 = DEFINITIONAL_REPRESENTATION('',(#9677),#9681);
#9677 = ( BOUNDED_CURVE() B_SPLINE_CURVE(2,(#9678,#9679,#9680),
.UNSPECIFIED.,.F.,.F.) B_SPLINE_CURVE_WITH_KNOTS((3,3),(1.204971208168,
1.342812260307),.PIECEWISE_BEZIER_KNOTS.) CURVE() 
GEOMETRIC_REPRESENTATION_ITEM() RATIONAL_B_SPLINE_CURVE((1.,
1.002375959725,1.)) REPRESENTATION_ITEM('') );
#9678 = CARTESIAN_POINT('',(0.5,7.681317235396));
#9679 = CARTESIAN_POINT('',(0.959752182196,8.231810099001));
#9680 = CARTESIAN_POINT('',(1.5,8.851114570556));
#9681 = ( GEOMETRIC_REPRESENTATION_CONTEXT(2) 
PARAMETRIC_REPRESENTATION_CONTEXT() REPRESENTATION_CONTEXT('2D SPACE',''
  ) );
#9682 = PCURVE('',#4864,#9683);
#9683 = DEFINITIONAL_REPRESENTATION('',(#9684),#9691);
#9684 = B_SPLINE_CURVE_WITH_KNOTS('',5,(#9685,#9686,#9687,#9688,#9689,
    #9690),.UNSPECIFIED.,.F.,.F.,(6,6),(1.204971208168,1.342812260307),
  .PIECEWISE_BEZIER_KNOTS.);
#9685 = CARTESIAN_POINT('',(-0.988432088926,-1.));
#9686 = CARTESIAN_POINT('',(-1.003594604661,-0.81580804052));
#9687 = CARTESIAN_POINT('',(-1.018320742693,-0.624016020535));
#9688 = CARTESIAN_POINT('',(-1.032619989909,-0.424332288883));
#9689 = CARTESIAN_POINT('',(-1.04650294187,-0.216441178574));
#9690 = CARTESIAN_POINT('',(-1.059980733635,0.));
#9691 = ( GEOMETRIC_REPRESENTATION_CONTEXT(2) 
PARAMETRIC_REPRESENTATION_CONTEXT() REPRESENTATION_CONTEXT('2D SPACE',''
  ) );
#9692 = ORIENTED_EDGE('',*,*,#9693,.T.);
#9693 = EDGE_CURVE('',#9667,#9644,#9694,.T.);
#9694 = SURFACE_CURVE('',#9695,(#9699,#9705),.PCURVE_S1.);
#9695 = LINE('',#9696,#9697);
#9696 = CARTESIAN_POINT('',(-52.,10.4,-110.));
#9697 = VECTOR('',#9698,1.);
#9698 = DIRECTION('',(-1.,-0.,0.));
#9699 = PCURVE('',#4891,#9700);
#9700 = DEFINITIONAL_REPRESENTATION('',(#9701),#9704);
#9701 = B_SPLINE_CURVE_WITH_KNOTS('',1,(#9702,#9703),.UNSPECIFIED.,.F.,
  .F.,(2,2),(-28.,-19.),.PIECEWISE_BEZIER_KNOTS.);
#9702 = CARTESIAN_POINT('',(0.5,9.));
#9703 = CARTESIAN_POINT('',(0.5,0.));
#9704 = ( GEOMETRIC_REPRESENTATION_CONTEXT(2) 
PARAMETRIC_REPRESENTATION_CONTEXT() REPRESENTATION_CONTEXT('2D SPACE',''
  ) );
#9705 = PCURVE('',#8775,#9706);
#9706 = DEFINITIONAL_REPRESENTATION('',(#9707),#9710);
#9707 = B_SPLINE_CURVE_WITH_KNOTS('',1,(#9708,#9709),.UNSPECIFIED.,.F.,
  .F.,(2,2),(-28.,-19.),.PIECEWISE_BEZIER_KNOTS.);
#9708 = CARTESIAN_POINT('',(47.,25.4));
#9709 = CARTESIAN_POINT('',(38.,25.4));
#9710 = ( GEOMETRIC_REPRESENTATION_CONTEXT(2) 
PARAMETRIC_REPRESENTATION_CONTEXT() REPRESENTATION_CONTEXT('2D SPACE',''
  ) );
#9711 = ADVANCED_FACE('',(#9712),#4864,.T.);
#9712 = FACE_BOUND('',#9713,.T.);
#9713 = EDGE_LOOP('',(#9714,#9715,#9716,#9737));
#9714 = ORIENTED_EDGE('',*,*,#9666,.T.);
#9715 = ORIENTED_EDGE('',*,*,#4847,.T.);
#9716 = ORIENTED_EDGE('',*,*,#9717,.T.);
#9717 = EDGE_CURVE('',#4823,#9718,#9720,.T.);
#9718 = VERTEX_POINT('',#9719);
#9719 = CARTESIAN_POINT('',(-24.,6.,-110.));
#9720 = SURFACE_CURVE('',#9721,(#9725,#9731),.PCURVE_S1.);
#9721 = LINE('',#9722,#9723);
#9722 = CARTESIAN_POINT('',(-23.,6.,-109.));
#9723 = VECTOR('',#9724,1.);
#9724 = DIRECTION('',(-0.707106781187,-4.329780281177E-17,
    -0.707106781187));
#9725 = PCURVE('',#4864,#9726);
#9726 = DEFINITIONAL_REPRESENTATION('',(#9727),#9730);
#9727 = B_SPLINE_CURVE_WITH_KNOTS('',1,(#9728,#9729),.UNSPECIFIED.,.F.,
  .F.,(2,2),(0.,1.414213562373),.PIECEWISE_BEZIER_KNOTS.);
#9728 = CARTESIAN_POINT('',(-1.570796326795,0.));
#9729 = CARTESIAN_POINT('',(-1.570796326795,-1.));
#9730 = ( GEOMETRIC_REPRESENTATION_CONTEXT(2) 
PARAMETRIC_REPRESENTATION_CONTEXT() REPRESENTATION_CONTEXT('2D SPACE',''
  ) );
#9731 = PCURVE('',#8316,#9732);
#9732 = DEFINITIONAL_REPRESENTATION('',(#9733),#9736);
#9733 = B_SPLINE_CURVE_WITH_KNOTS('',1,(#9734,#9735),.UNSPECIFIED.,.F.,
  .F.,(2,2),(0.,1.414213562373),.PIECEWISE_BEZIER_KNOTS.);
#9734 = CARTESIAN_POINT('',(0.,-0.707106781187));
#9735 = CARTESIAN_POINT('',(0.,0.707106781187));
#9736 = ( GEOMETRIC_REPRESENTATION_CONTEXT(2) 
PARAMETRIC_REPRESENTATION_CONTEXT() REPRESENTATION_CONTEXT('2D SPACE',''
  ) );
#9737 = ORIENTED_EDGE('',*,*,#9738,.F.);
#9738 = EDGE_CURVE('',#9667,#9718,#9739,.T.);
#9739 = SURFACE_CURVE('',#9740,(#9745,#9752),.PCURVE_S1.);
#9740 = CIRCLE('',#9741,8.);
#9741 = AXIS2_PLACEMENT_3D('',#9742,#9743,#9744);
#9742 = CARTESIAN_POINT('',(-32.,6.,-110.));
#9743 = DIRECTION('',(0.,-0.,-1.));
#9744 = DIRECTION('',(0.,1.,-0.));
#9745 = PCURVE('',#4864,#9746);
#9746 = DEFINITIONAL_REPRESENTATION('',(#9747),#9751);
#9747 = LINE('',#9748,#9749);
#9748 = CARTESIAN_POINT('',(-0.,-1.));
#9749 = VECTOR('',#9750,1.);
#9750 = DIRECTION('',(-1.,-0.));
#9751 = ( GEOMETRIC_REPRESENTATION_CONTEXT(2) 
PARAMETRIC_REPRESENTATION_CONTEXT() REPRESENTATION_CONTEXT('2D SPACE',''
  ) );
#9752 = PCURVE('',#8775,#9753);
#9753 = DEFINITIONAL_REPRESENTATION('',(#9754),#9762);
#9754 = ( BOUNDED_CURVE() B_SPLINE_CURVE(2,(#9755,#9756,#9757,#9758,
#9759,#9760,#9761),.UNSPECIFIED.,.T.,.F.) B_SPLINE_CURVE_WITH_KNOTS((1,2
    ,2,2,2,1),(-2.094395102393,0.,2.094395102393,4.188790204786,
6.28318530718,8.377580409573),.UNSPECIFIED.) CURVE() 
GEOMETRIC_REPRESENTATION_ITEM() RATIONAL_B_SPLINE_CURVE((1.,0.5,1.,0.5,
1.,0.5,1.)) REPRESENTATION_ITEM('') );
#9755 = CARTESIAN_POINT('',(39.,29.));
#9756 = CARTESIAN_POINT('',(52.856406460551,29.));
#9757 = CARTESIAN_POINT('',(45.928203230276,17.));
#9758 = CARTESIAN_POINT('',(39.,5.));
#9759 = CARTESIAN_POINT('',(32.071796769724,17.));
#9760 = CARTESIAN_POINT('',(25.143593539449,29.));
#9761 = CARTESIAN_POINT('',(39.,29.));
#9762 = ( GEOMETRIC_REPRESENTATION_CONTEXT(2) 
PARAMETRIC_REPRESENTATION_CONTEXT() REPRESENTATION_CONTEXT('2D SPACE',''
  ) );
#9763 = ADVANCED_FACE('',(#9764),#5054,.T.);
#9764 = FACE_BOUND('',#9765,.T.);
#9765 = EDGE_LOOP('',(#9766,#9789,#9790,#9813));
#9766 = ORIENTED_EDGE('',*,*,#9767,.T.);
#9767 = EDGE_CURVE('',#9768,#5038,#9770,.T.);
#9768 = VERTEX_POINT('',#9769);
#9769 = CARTESIAN_POINT('',(-25.4,12.6,-29.1));
#9770 = SURFACE_CURVE('',#9771,(#9775,#9782),.PCURVE_S1.);
#9771 = LINE('',#9772,#9773);
#9772 = CARTESIAN_POINT('',(-25.4,12.6,-29.1));
#9773 = VECTOR('',#9774,1.);
#9774 = DIRECTION('',(-1.,0.,0.));
#9775 = PCURVE('',#5054,#9776);
#9776 = DEFINITIONAL_REPRESENTATION('',(#9777),#9781);
#9777 = LINE('',#9778,#9779);
#9778 = CARTESIAN_POINT('',(0.,11.45));
#9779 = VECTOR('',#9780,1.);
#9780 = DIRECTION('',(0.,-1.));
#9781 = ( GEOMETRIC_REPRESENTATION_CONTEXT(2) 
PARAMETRIC_REPRESENTATION_CONTEXT() REPRESENTATION_CONTEXT('2D SPACE',''
  ) );
#9782 = PCURVE('',#5082,#9783);
#9783 = DEFINITIONAL_REPRESENTATION('',(#9784),#9788);
#9784 = LINE('',#9785,#9786);
#9785 = CARTESIAN_POINT('',(11.45,25.2));
#9786 = VECTOR('',#9787,1.);
#9787 = DIRECTION('',(-1.,0.));
#9788 = ( GEOMETRIC_REPRESENTATION_CONTEXT(2) 
PARAMETRIC_REPRESENTATION_CONTEXT() REPRESENTATION_CONTEXT('2D SPACE',''
  ) );
#9789 = ORIENTED_EDGE('',*,*,#5037,.T.);
#9790 = ORIENTED_EDGE('',*,*,#9791,.T.);
#9791 = EDGE_CURVE('',#5040,#9792,#9794,.T.);
#9792 = VERTEX_POINT('',#9793);
#9793 = CARTESIAN_POINT('',(-25.4,12.6,-27.5));
#9794 = SURFACE_CURVE('',#9795,(#9799,#9806),.PCURVE_S1.);
#9795 = LINE('',#9796,#9797);
#9796 = CARTESIAN_POINT('',(-36.85,12.6,-27.5));
#9797 = VECTOR('',#9798,1.);
#9798 = DIRECTION('',(1.,0.,-0.));
#9799 = PCURVE('',#5054,#9800);
#9800 = DEFINITIONAL_REPRESENTATION('',(#9801),#9805);
#9801 = LINE('',#9802,#9803);
#9802 = CARTESIAN_POINT('',(1.6,0.));
#9803 = VECTOR('',#9804,1.);
#9804 = DIRECTION('',(0.,1.));
#9805 = ( GEOMETRIC_REPRESENTATION_CONTEXT(2) 
PARAMETRIC_REPRESENTATION_CONTEXT() REPRESENTATION_CONTEXT('2D SPACE',''
  ) );
#9806 = PCURVE('',#5135,#9807);
#9807 = DEFINITIONAL_REPRESENTATION('',(#9808),#9812);
#9808 = LINE('',#9809,#9810);
#9809 = CARTESIAN_POINT('',(0.,25.2));
#9810 = VECTOR('',#9811,1.);
#9811 = DIRECTION('',(1.,0.));
#9812 = ( GEOMETRIC_REPRESENTATION_CONTEXT(2) 
PARAMETRIC_REPRESENTATION_CONTEXT() REPRESENTATION_CONTEXT('2D SPACE',''
  ) );
#9813 = ORIENTED_EDGE('',*,*,#9814,.F.);
#9814 = EDGE_CURVE('',#9768,#9792,#9815,.T.);
#9815 = SURFACE_CURVE('',#9816,(#9820,#9827),.PCURVE_S1.);
#9816 = LINE('',#9817,#9818);
#9817 = CARTESIAN_POINT('',(-25.4,12.6,-29.1));
#9818 = VECTOR('',#9819,1.);
#9819 = DIRECTION('',(0.,0.,1.));
#9820 = PCURVE('',#5054,#9821);
#9821 = DEFINITIONAL_REPRESENTATION('',(#9822),#9826);
#9822 = LINE('',#9823,#9824);
#9823 = CARTESIAN_POINT('',(0.,11.45));
#9824 = VECTOR('',#9825,1.);
#9825 = DIRECTION('',(1.,0.));
#9826 = ( GEOMETRIC_REPRESENTATION_CONTEXT(2) 
PARAMETRIC_REPRESENTATION_CONTEXT() REPRESENTATION_CONTEXT('2D SPACE',''
  ) );
#9827 = PCURVE('',#5109,#9828);
#9828 = DEFINITIONAL_REPRESENTATION('',(#9829),#9833);
#9829 = LINE('',#9830,#9831);
#9830 = CARTESIAN_POINT('',(0.,-25.2));
#9831 = VECTOR('',#9832,1.);
#9832 = DIRECTION('',(1.,0.));
#9833 = ( GEOMETRIC_REPRESENTATION_CONTEXT(2) 
PARAMETRIC_REPRESENTATION_CONTEXT() REPRESENTATION_CONTEXT('2D SPACE',''
  ) );
#9834 = ADVANCED_FACE('',(#9835),#5082,.F.);
#9835 = FACE_BOUND('',#9836,.F.);
#9836 = EDGE_LOOP('',(#9837,#9838,#9839));
#9837 = ORIENTED_EDGE('',*,*,#9767,.T.);
#9838 = ORIENTED_EDGE('',*,*,#5065,.F.);
#9839 = ORIENTED_EDGE('',*,*,#9840,.T.);
#9840 = EDGE_CURVE('',#5066,#9768,#9841,.T.);
#9841 = SURFACE_CURVE('',#9842,(#9846,#9853),.PCURVE_S1.);
#9842 = LINE('',#9843,#9844);
#9843 = CARTESIAN_POINT('',(-25.4,-12.6,-29.1));
#9844 = VECTOR('',#9845,1.);
#9845 = DIRECTION('',(-0.,1.,0.));
#9846 = PCURVE('',#5082,#9847);
#9847 = DEFINITIONAL_REPRESENTATION('',(#9848),#9852);
#9848 = LINE('',#9849,#9850);
#9849 = CARTESIAN_POINT('',(11.45,0.));
#9850 = VECTOR('',#9851,1.);
#9851 = DIRECTION('',(0.,1.));
#9852 = ( GEOMETRIC_REPRESENTATION_CONTEXT(2) 
PARAMETRIC_REPRESENTATION_CONTEXT() REPRESENTATION_CONTEXT('2D SPACE',''
  ) );
#9853 = PCURVE('',#5109,#9854);
#9854 = DEFINITIONAL_REPRESENTATION('',(#9855),#9859);
#9855 = LINE('',#9856,#9857);
#9856 = CARTESIAN_POINT('',(0.,0.));
#9857 = VECTOR('',#9858,1.);
#9858 = DIRECTION('',(0.,-1.));
#9859 = ( GEOMETRIC_REPRESENTATION_CONTEXT(2) 
PARAMETRIC_REPRESENTATION_CONTEXT() REPRESENTATION_CONTEXT('2D SPACE',''
  ) );
#9860 = ADVANCED_FACE('',(#9861),#5135,.T.);
#9861 = FACE_BOUND('',#9862,.T.);
#9862 = EDGE_LOOP('',(#9863,#9864,#9865));
#9863 = ORIENTED_EDGE('',*,*,#9791,.F.);
#9864 = ORIENTED_EDGE('',*,*,#5120,.F.);
#9865 = ORIENTED_EDGE('',*,*,#9866,.T.);
#9866 = EDGE_CURVE('',#5095,#9792,#9867,.T.);
#9867 = SURFACE_CURVE('',#9868,(#9872,#9879),.PCURVE_S1.);
#9868 = LINE('',#9869,#9870);
#9869 = CARTESIAN_POINT('',(-25.4,-12.6,-27.5));
#9870 = VECTOR('',#9871,1.);
#9871 = DIRECTION('',(-0.,1.,0.));
#9872 = PCURVE('',#5135,#9873);
#9873 = DEFINITIONAL_REPRESENTATION('',(#9874),#9878);
#9874 = LINE('',#9875,#9876);
#9875 = CARTESIAN_POINT('',(11.45,0.));
#9876 = VECTOR('',#9877,1.);
#9877 = DIRECTION('',(0.,1.));
#9878 = ( GEOMETRIC_REPRESENTATION_CONTEXT(2) 
PARAMETRIC_REPRESENTATION_CONTEXT() REPRESENTATION_CONTEXT('2D SPACE',''
  ) );
#9879 = PCURVE('',#5109,#9880);
#9880 = DEFINITIONAL_REPRESENTATION('',(#9881),#9885);
#9881 = LINE('',#9882,#9883);
#9882 = CARTESIAN_POINT('',(1.6,0.));
#9883 = VECTOR('',#9884,1.);
#9884 = DIRECTION('',(0.,-1.));
#9885 = ( GEOMETRIC_REPRESENTATION_CONTEXT(2) 
PARAMETRIC_REPRESENTATION_CONTEXT() REPRESENTATION_CONTEXT('2D SPACE',''
  ) );
#9886 = ADVANCED_FACE('',(#9887),#5109,.T.);
#9887 = FACE_BOUND('',#9888,.T.);
#9888 = EDGE_LOOP('',(#9889,#9890,#9891,#9892));
#9889 = ORIENTED_EDGE('',*,*,#9866,.F.);
#9890 = ORIENTED_EDGE('',*,*,#5094,.F.);
#9891 = ORIENTED_EDGE('',*,*,#9840,.T.);
#9892 = ORIENTED_EDGE('',*,*,#9814,.T.);
#9893 = ADVANCED_FACE('',(#9894),#5167,.F.);
#9894 = FACE_BOUND('',#9895,.T.);
#9895 = EDGE_LOOP('',(#9896,#9917,#9918,#9919));
#9896 = ORIENTED_EDGE('',*,*,#9897,.F.);
#9897 = EDGE_CURVE('',#5152,#9898,#9900,.T.);
#9898 = VERTEX_POINT('',#9899);
#9899 = CARTESIAN_POINT('',(-62.,14.,-110.));
#9900 = SURFACE_CURVE('',#9901,(#9905,#9911),.PCURVE_S1.);
#9901 = LINE('',#9902,#9903);
#9902 = CARTESIAN_POINT('',(-62.,15.,-109.));
#9903 = VECTOR('',#9904,1.);
#9904 = DIRECTION('',(-2.648408424084E-17,-0.707106781187,
    -0.707106781187));
#9905 = PCURVE('',#5167,#9906);
#9906 = DEFINITIONAL_REPRESENTATION('',(#9907),#9910);
#9907 = B_SPLINE_CURVE_WITH_KNOTS('',1,(#9908,#9909),.UNSPECIFIED.,.F.,
  .F.,(2,2),(0.,1.414213562373),.PIECEWISE_BEZIER_KNOTS.);
#9908 = CARTESIAN_POINT('',(0.,-0.707106781187));
#9909 = CARTESIAN_POINT('',(0.,0.707106781187));
#9910 = ( GEOMETRIC_REPRESENTATION_CONTEXT(2) 
PARAMETRIC_REPRESENTATION_CONTEXT() REPRESENTATION_CONTEXT('2D SPACE',''
  ) );
#9911 = PCURVE('',#5242,#9912);
#9912 = DEFINITIONAL_REPRESENTATION('',(#9913),#9916);
#9913 = B_SPLINE_CURVE_WITH_KNOTS('',1,(#9914,#9915),.UNSPECIFIED.,.F.,
  .F.,(2,2),(0.,1.414213562373),.PIECEWISE_BEZIER_KNOTS.);
#9914 = CARTESIAN_POINT('',(-1.570796326795,0.));
#9915 = CARTESIAN_POINT('',(-1.570796326795,-1.));
#9916 = ( GEOMETRIC_REPRESENTATION_CONTEXT(2) 
PARAMETRIC_REPRESENTATION_CONTEXT() REPRESENTATION_CONTEXT('2D SPACE',''
  ) );
#9917 = ORIENTED_EDGE('',*,*,#5151,.T.);
#9918 = ORIENTED_EDGE('',*,*,#9307,.T.);
#9919 = ORIENTED_EDGE('',*,*,#9920,.F.);
#9920 = EDGE_CURVE('',#9898,#9308,#9921,.T.);
#9921 = SURFACE_CURVE('',#9922,(#9926,#9933),.PCURVE_S1.);
#9922 = LINE('',#9923,#9924);
#9923 = CARTESIAN_POINT('',(-62.,14.,-110.));
#9924 = VECTOR('',#9925,1.);
#9925 = DIRECTION('',(1.,0.,0.));
#9926 = PCURVE('',#5167,#9927);
#9927 = DEFINITIONAL_REPRESENTATION('',(#9928),#9932);
#9928 = LINE('',#9929,#9930);
#9929 = CARTESIAN_POINT('',(-0.,0.707106781187));
#9930 = VECTOR('',#9931,1.);
#9931 = DIRECTION('',(-1.,0.));
#9932 = ( GEOMETRIC_REPRESENTATION_CONTEXT(2) 
PARAMETRIC_REPRESENTATION_CONTEXT() REPRESENTATION_CONTEXT('2D SPACE',''
  ) );
#9933 = PCURVE('',#8235,#9934);
#9934 = DEFINITIONAL_REPRESENTATION('',(#9935),#9939);
#9935 = LINE('',#9936,#9937);
#9936 = CARTESIAN_POINT('',(9.,29.));
#9937 = VECTOR('',#9938,1.);
#9938 = DIRECTION('',(1.,0.));
#9939 = ( GEOMETRIC_REPRESENTATION_CONTEXT(2) 
PARAMETRIC_REPRESENTATION_CONTEXT() REPRESENTATION_CONTEXT('2D SPACE',''
  ) );
#9940 = ADVANCED_FACE('',(#9941),#5242,.T.);
#9941 = FACE_BOUND('',#9942,.T.);
#9942 = EDGE_LOOP('',(#9943,#9964,#9965,#9966));
#9943 = ORIENTED_EDGE('',*,*,#9944,.F.);
#9944 = EDGE_CURVE('',#5205,#9945,#9947,.T.);
#9945 = VERTEX_POINT('',#9946);
#9946 = CARTESIAN_POINT('',(-70.,6.,-110.));
#9947 = SURFACE_CURVE('',#9948,(#9952,#9958),.PCURVE_S1.);
#9948 = LINE('',#9949,#9950);
#9949 = CARTESIAN_POINT('',(-70.5,6.,-109.5));
#9950 = VECTOR('',#9951,1.);
#9951 = DIRECTION('',(0.707106781187,0.,-0.707106781187));
#9952 = PCURVE('',#5242,#9953);
#9953 = DEFINITIONAL_REPRESENTATION('',(#9954),#9957);
#9954 = B_SPLINE_CURVE_WITH_KNOTS('',1,(#9955,#9956),.UNSPECIFIED.,.F.,
  .F.,(2,2),(-0.707106781187,0.707106781187),.PIECEWISE_BEZIER_KNOTS.);
#9955 = CARTESIAN_POINT('',(0.,0.));
#9956 = CARTESIAN_POINT('',(0.,-1.));
#9957 = ( GEOMETRIC_REPRESENTATION_CONTEXT(2) 
PARAMETRIC_REPRESENTATION_CONTEXT() REPRESENTATION_CONTEXT('2D SPACE',''
  ) );
#9958 = PCURVE('',#5274,#9959);
#9959 = DEFINITIONAL_REPRESENTATION('',(#9960),#9963);
#9960 = B_SPLINE_CURVE_WITH_KNOTS('',1,(#9961,#9962),.UNSPECIFIED.,.F.,
  .F.,(2,2),(-0.707106781187,0.707106781187),.PIECEWISE_BEZIER_KNOTS.);
#9961 = CARTESIAN_POINT('',(12.,-0.707106781187));
#9962 = CARTESIAN_POINT('',(12.,0.707106781187));
#9963 = ( GEOMETRIC_REPRESENTATION_CONTEXT(2) 
PARAMETRIC_REPRESENTATION_CONTEXT() REPRESENTATION_CONTEXT('2D SPACE',''
  ) );
#9964 = ORIENTED_EDGE('',*,*,#5227,.T.);
#9965 = ORIENTED_EDGE('',*,*,#9897,.T.);
#9966 = ORIENTED_EDGE('',*,*,#9967,.F.);
#9967 = EDGE_CURVE('',#9945,#9898,#9968,.T.);
#9968 = SURFACE_CURVE('',#9969,(#9974,#9981),.PCURVE_S1.);
#9969 = CIRCLE('',#9970,8.);
#9970 = AXIS2_PLACEMENT_3D('',#9971,#9972,#9973);
#9971 = CARTESIAN_POINT('',(-62.,6.,-110.));
#9972 = DIRECTION('',(-0.,0.,-1.));
#9973 = DIRECTION('',(-1.,9.868649107779E-17,0.));
#9974 = PCURVE('',#5242,#9975);
#9975 = DEFINITIONAL_REPRESENTATION('',(#9976),#9980);
#9976 = LINE('',#9977,#9978);
#9977 = CARTESIAN_POINT('',(-0.,-1.));
#9978 = VECTOR('',#9979,1.);
#9979 = DIRECTION('',(-1.,-0.));
#9980 = ( GEOMETRIC_REPRESENTATION_CONTEXT(2) 
PARAMETRIC_REPRESENTATION_CONTEXT() REPRESENTATION_CONTEXT('2D SPACE',''
  ) );
#9981 = PCURVE('',#8235,#9982);
#9982 = DEFINITIONAL_REPRESENTATION('',(#9983),#9991);
#9983 = ( BOUNDED_CURVE() B_SPLINE_CURVE(2,(#9984,#9985,#9986,#9987,
#9988,#9989,#9990),.UNSPECIFIED.,.T.,.F.) B_SPLINE_CURVE_WITH_KNOTS((1,2
    ,2,2,2,1),(-2.094395102393,0.,2.094395102393,4.188790204786,
6.28318530718,8.377580409573),.UNSPECIFIED.) CURVE() 
GEOMETRIC_REPRESENTATION_ITEM() RATIONAL_B_SPLINE_CURVE((1.,0.5,1.,0.5,
1.,0.5,1.)) REPRESENTATION_ITEM('') );
#9984 = CARTESIAN_POINT('',(1.,21.));
#9985 = CARTESIAN_POINT('',(1.,34.856406460551));
#9986 = CARTESIAN_POINT('',(13.,27.928203230276));
#9987 = CARTESIAN_POINT('',(25.,21.));
#9988 = CARTESIAN_POINT('',(13.,14.071796769724));
#9989 = CARTESIAN_POINT('',(1.,7.143593539449));
#9990 = CARTESIAN_POINT('',(1.,21.));
#9991 = ( GEOMETRIC_REPRESENTATION_CONTEXT(2) 
PARAMETRIC_REPRESENTATION_CONTEXT() REPRESENTATION_CONTEXT('2D SPACE',''
  ) );
#9992 = ADVANCED_FACE('',(#9993),#5392,.F.);
#9993 = FACE_BOUND('',#9994,.F.);
#9994 = EDGE_LOOP('',(#9995,#9996,#9997,#9998));
#9995 = ORIENTED_EDGE('',*,*,#7741,.F.);
#9996 = ORIENTED_EDGE('',*,*,#5377,.T.);
#9997 = ORIENTED_EDGE('',*,*,#7892,.T.);
#9998 = ORIENTED_EDGE('',*,*,#9999,.F.);
#9999 = EDGE_CURVE('',#7742,#7893,#10000,.T.);
#10000 = SURFACE_CURVE('',#10001,(#10005,#10011),.PCURVE_S1.);
#10001 = LINE('',#10002,#10003);
#10002 = CARTESIAN_POINT('',(-68.5,4.5,-108.125));
#10003 = VECTOR('',#10004,1.);
#10004 = DIRECTION('',(0.,-0.,1.));
#10005 = PCURVE('',#5392,#10006);
#10006 = DEFINITIONAL_REPRESENTATION('',(#10007),#10010);
#10007 = B_SPLINE_CURVE_WITH_KNOTS('',1,(#10008,#10009),.UNSPECIFIED.,
  .F.,.F.,(2,2),(2.375,5.875),.PIECEWISE_BEZIER_KNOTS.);
#10008 = CARTESIAN_POINT('',(0.,3.5));
#10009 = CARTESIAN_POINT('',(3.5,3.5));
#10010 = ( GEOMETRIC_REPRESENTATION_CONTEXT(2) 
PARAMETRIC_REPRESENTATION_CONTEXT() REPRESENTATION_CONTEXT('2D SPACE',''
  ) );
#10011 = PCURVE('',#7831,#10012);
#10012 = DEFINITIONAL_REPRESENTATION('',(#10013),#10016);
#10013 = B_SPLINE_CURVE_WITH_KNOTS('',1,(#10014,#10015),.UNSPECIFIED.,
  .F.,.F.,(2,2),(2.375,5.875),.PIECEWISE_BEZIER_KNOTS.);
#10014 = CARTESIAN_POINT('',(4.75,-17.));
#10015 = CARTESIAN_POINT('',(8.25,-17.));
#10016 = ( GEOMETRIC_REPRESENTATION_CONTEXT(2) 
PARAMETRIC_REPRESENTATION_CONTEXT() REPRESENTATION_CONTEXT('2D SPACE',''
  ) );
#10017 = ADVANCED_FACE('',(#10018),#5325,.F.);
#10018 = FACE_BOUND('',#10019,.F.);
#10019 = EDGE_LOOP('',(#10020,#10021,#10022,#10023));
#10020 = ORIENTED_EDGE('',*,*,#7964,.F.);
#10021 = ORIENTED_EDGE('',*,*,#5310,.T.);
#10022 = ORIENTED_EDGE('',*,*,#8105,.T.);
#10023 = ORIENTED_EDGE('',*,*,#10024,.F.);
#10024 = EDGE_CURVE('',#7965,#8106,#10025,.T.);
#10025 = SURFACE_CURVE('',#10026,(#10030,#10036),.PCURVE_S1.);
#10026 = LINE('',#10027,#10028);
#10027 = CARTESIAN_POINT('',(-68.5,4.5,-104.625));
#10028 = VECTOR('',#10029,1.);
#10029 = DIRECTION('',(0.,-0.,1.));
#10030 = PCURVE('',#5325,#10031);
#10031 = DEFINITIONAL_REPRESENTATION('',(#10032),#10035);
#10032 = B_SPLINE_CURVE_WITH_KNOTS('',1,(#10033,#10034),.UNSPECIFIED.,
  .F.,.F.,(2,2),(5.875,9.375),.PIECEWISE_BEZIER_KNOTS.);
#10033 = CARTESIAN_POINT('',(0.,3.5));
#10034 = CARTESIAN_POINT('',(3.5,3.5));
#10035 = ( GEOMETRIC_REPRESENTATION_CONTEXT(2) 
PARAMETRIC_REPRESENTATION_CONTEXT() REPRESENTATION_CONTEXT('2D SPACE',''
  ) );
#10036 = PCURVE('',#7831,#10037);
#10037 = DEFINITIONAL_REPRESENTATION('',(#10038),#10041);
#10038 = B_SPLINE_CURVE_WITH_KNOTS('',1,(#10039,#10040),.UNSPECIFIED.,
  .F.,.F.,(2,2),(5.875,9.375),.PIECEWISE_BEZIER_KNOTS.);
#10039 = CARTESIAN_POINT('',(11.75,-17.));
#10040 = CARTESIAN_POINT('',(15.25,-17.));
#10041 = ( GEOMETRIC_REPRESENTATION_CONTEXT(2) 
PARAMETRIC_REPRESENTATION_CONTEXT() REPRESENTATION_CONTEXT('2D SPACE',''
  ) );
#10042 = ADVANCED_FACE('',(#10043),#5274,.T.);
#10043 = FACE_BOUND('',#10044,.T.);
#10044 = EDGE_LOOP('',(#10045,#10046,#10047,#10048));
#10045 = ORIENTED_EDGE('',*,*,#8199,.F.);
#10046 = ORIENTED_EDGE('',*,*,#5260,.T.);
#10047 = ORIENTED_EDGE('',*,*,#9944,.T.);
#10048 = ORIENTED_EDGE('',*,*,#10049,.F.);
#10049 = EDGE_CURVE('',#8200,#9945,#10050,.T.);
#10050 = SURFACE_CURVE('',#10051,(#10055,#10062),.PCURVE_S1.);
#10051 = LINE('',#10052,#10053);
#10052 = CARTESIAN_POINT('',(-70.,-6.,-110.));
#10053 = VECTOR('',#10054,1.);
#10054 = DIRECTION('',(0.,1.,0.));
#10055 = PCURVE('',#5274,#10056);
#10056 = DEFINITIONAL_REPRESENTATION('',(#10057),#10061);
#10057 = LINE('',#10058,#10059);
#10058 = CARTESIAN_POINT('',(0.,0.707106781187));
#10059 = VECTOR('',#10060,1.);
#10060 = DIRECTION('',(1.,0.));
#10061 = ( GEOMETRIC_REPRESENTATION_CONTEXT(2) 
PARAMETRIC_REPRESENTATION_CONTEXT() REPRESENTATION_CONTEXT('2D SPACE',''
  ) );
#10062 = PCURVE('',#8235,#10063);
#10063 = DEFINITIONAL_REPRESENTATION('',(#10064),#10068);
#10064 = LINE('',#10065,#10066);
#10065 = CARTESIAN_POINT('',(1.,9.));
#10066 = VECTOR('',#10067,1.);
#10067 = DIRECTION('',(0.,1.));
#10068 = ( GEOMETRIC_REPRESENTATION_CONTEXT(2) 
PARAMETRIC_REPRESENTATION_CONTEXT() REPRESENTATION_CONTEXT('2D SPACE',''
  ) );
#10069 = ADVANCED_FACE('',(#10070),#5506,.F.);
#10070 = FACE_BOUND('',#10071,.F.);
#10071 = EDGE_LOOP('',(#10072,#10073,#10074,#10075));
#10072 = ORIENTED_EDGE('',*,*,#5590,.F.);
#10073 = ORIENTED_EDGE('',*,*,#5979,.T.);
#10074 = ORIENTED_EDGE('',*,*,#5490,.T.);
#10075 = ORIENTED_EDGE('',*,*,#5540,.F.);
#10076 = ADVANCED_FACE('',(#10077),#5652,.T.);
#10077 = FACE_BOUND('',#10078,.T.);
#10078 = EDGE_LOOP('',(#10079,#10080,#10081,#10082));
#10079 = ORIENTED_EDGE('',*,*,#5636,.F.);
#10080 = ORIENTED_EDGE('',*,*,#5957,.T.);
#10081 = ORIENTED_EDGE('',*,*,#5931,.T.);
#10082 = ORIENTED_EDGE('',*,*,#5836,.F.);
#10083 = ADVANCED_FACE('',(#10084),#5703,.F.);
#10084 = FACE_BOUND('',#10085,.F.);
#10085 = EDGE_LOOP('',(#10086,#10087,#10088,#10089));
#10086 = ORIENTED_EDGE('',*,*,#5687,.F.);
#10087 = ORIENTED_EDGE('',*,*,#5740,.T.);
#10088 = ORIENTED_EDGE('',*,*,#5789,.T.);
#10089 = ORIENTED_EDGE('',*,*,#5860,.F.);
#10090 = ADVANCED_FACE('',(#10091),#6022,.F.);
#10091 = FACE_BOUND('',#10092,.F.);
#10092 = EDGE_LOOP('',(#10093,#10118,#10142,#10163,#10164,#10165,#10166,
    #10167,#10168,#10169,#10170,#10171,#10172,#10193,#10222,#10245));
#10093 = ORIENTED_EDGE('',*,*,#10094,.F.);
#10094 = EDGE_CURVE('',#10095,#10097,#10099,.T.);
#10095 = VERTEX_POINT('',#10096);
#10096 = CARTESIAN_POINT('',(-68.5,-6.,-10.));
#10097 = VERTEX_POINT('',#10098);
#10098 = CARTESIAN_POINT('',(-68.5,6.,-10.));
#10099 = SURFACE_CURVE('',#10100,(#10104,#10111),.PCURVE_S1.);
#10100 = LINE('',#10101,#10102);
#10101 = CARTESIAN_POINT('',(-68.5,-12.5,-10.));
#10102 = VECTOR('',#10103,1.);
#10103 = DIRECTION('',(0.,1.,0.));
#10104 = PCURVE('',#6022,#10105);
#10105 = DEFINITIONAL_REPRESENTATION('',(#10106),#10110);
#10106 = LINE('',#10107,#10108);
#10107 = CARTESIAN_POINT('',(0.,0.));
#10108 = VECTOR('',#10109,1.);
#10109 = DIRECTION('',(0.,1.));
#10110 = ( GEOMETRIC_REPRESENTATION_CONTEXT(2) 
PARAMETRIC_REPRESENTATION_CONTEXT() REPRESENTATION_CONTEXT('2D SPACE',''
  ) );
#10111 = PCURVE('',#7831,#10112);
#10112 = DEFINITIONAL_REPRESENTATION('',(#10113),#10117);
#10113 = LINE('',#10114,#10115);
#10114 = CARTESIAN_POINT('',(100.5,0.));
#10115 = VECTOR('',#10116,1.);
#10116 = DIRECTION('',(0.,-1.));
#10117 = ( GEOMETRIC_REPRESENTATION_CONTEXT(2) 
PARAMETRIC_REPRESENTATION_CONTEXT() REPRESENTATION_CONTEXT('2D SPACE',''
  ) );
#10118 = ORIENTED_EDGE('',*,*,#10119,.T.);
#10119 = EDGE_CURVE('',#10095,#10120,#10122,.T.);
#10120 = VERTEX_POINT('',#10121);
#10121 = CARTESIAN_POINT('',(-62.,-12.5,-10.));
#10122 = SURFACE_CURVE('',#10123,(#10128,#10135),.PCURVE_S1.);
#10123 = CIRCLE('',#10124,6.5);
#10124 = AXIS2_PLACEMENT_3D('',#10125,#10126,#10127);
#10125 = CARTESIAN_POINT('',(-62.,-6.,-10.));
#10126 = DIRECTION('',(0.,0.,1.));
#10127 = DIRECTION('',(0.,-1.,0.));
#10128 = PCURVE('',#6022,#10129);
#10129 = DEFINITIONAL_REPRESENTATION('',(#10130),#10134);
#10130 = CIRCLE('',#10131,6.5);
#10131 = AXIS2_PLACEMENT_2D('',#10132,#10133);
#10132 = CARTESIAN_POINT('',(6.5,6.5));
#10133 = DIRECTION('',(0.,-1.));
#10134 = ( GEOMETRIC_REPRESENTATION_CONTEXT(2) 
PARAMETRIC_REPRESENTATION_CONTEXT() REPRESENTATION_CONTEXT('2D SPACE',''
  ) );
#10135 = PCURVE('',#7806,#10136);
#10136 = DEFINITIONAL_REPRESENTATION('',(#10137),#10141);
#10137 = LINE('',#10138,#10139);
#10138 = CARTESIAN_POINT('',(-4.712388980385,100.5));
#10139 = VECTOR('',#10140,1.);
#10140 = DIRECTION('',(1.,0.));
#10141 = ( GEOMETRIC_REPRESENTATION_CONTEXT(2) 
PARAMETRIC_REPRESENTATION_CONTEXT() REPRESENTATION_CONTEXT('2D SPACE',''
  ) );
#10142 = ORIENTED_EDGE('',*,*,#10143,.T.);
#10143 = EDGE_CURVE('',#10120,#6705,#10144,.T.);
#10144 = SURFACE_CURVE('',#10145,(#10149,#10156),.PCURVE_S1.);
#10145 = LINE('',#10146,#10147);
#10146 = CARTESIAN_POINT('',(-68.5,-12.5,-10.));
#10147 = VECTOR('',#10148,1.);
#10148 = DIRECTION('',(1.,0.,0.));
#10149 = PCURVE('',#6022,#10150);
#10150 = DEFINITIONAL_REPRESENTATION('',(#10151),#10155);
#10151 = LINE('',#10152,#10153);
#10152 = CARTESIAN_POINT('',(0.,0.));
#10153 = VECTOR('',#10154,1.);
#10154 = DIRECTION('',(1.,0.));
#10155 = ( GEOMETRIC_REPRESENTATION_CONTEXT(2) 
PARAMETRIC_REPRESENTATION_CONTEXT() REPRESENTATION_CONTEXT('2D SPACE',''
  ) );
#10156 = PCURVE('',#6596,#10157);
#10157 = DEFINITIONAL_REPRESENTATION('',(#10158),#10162);
#10158 = LINE('',#10159,#10160);
#10159 = CARTESIAN_POINT('',(100.5,0.));
#10160 = VECTOR('',#10161,1.);
#10161 = DIRECTION('',(0.,1.));
#10162 = ( GEOMETRIC_REPRESENTATION_CONTEXT(2) 
PARAMETRIC_REPRESENTATION_CONTEXT() REPRESENTATION_CONTEXT('2D SPACE',''
  ) );
#10163 = ORIENTED_EDGE('',*,*,#6726,.T.);
#10164 = ORIENTED_EDGE('',*,*,#6772,.F.);
#10165 = ORIENTED_EDGE('',*,*,#6819,.T.);
#10166 = ORIENTED_EDGE('',*,*,#6005,.F.);
#10167 = ORIENTED_EDGE('',*,*,#6079,.T.);
#10168 = ORIENTED_EDGE('',*,*,#6147,.F.);
#10169 = ORIENTED_EDGE('',*,*,#6193,.F.);
#10170 = ORIENTED_EDGE('',*,*,#6216,.F.);
#10171 = ORIENTED_EDGE('',*,*,#6459,.T.);
#10172 = ORIENTED_EDGE('',*,*,#10173,.F.);
#10173 = EDGE_CURVE('',#10174,#6432,#10176,.T.);
#10174 = VERTEX_POINT('',#10175);
#10175 = CARTESIAN_POINT('',(-25.92052633857,8.3,-10.));
#10176 = SURFACE_CURVE('',#10177,(#10181,#10187),.PCURVE_S1.);
#10177 = LINE('',#10178,#10179);
#10178 = CARTESIAN_POINT('',(-47.375,8.3,-10.));
#10179 = VECTOR('',#10180,1.);
#10180 = DIRECTION('',(-1.,-0.,0.));
#10181 = PCURVE('',#6022,#10182);
#10182 = DEFINITIONAL_REPRESENTATION('',(#10183),#10186);
#10183 = B_SPLINE_CURVE_WITH_KNOTS('',1,(#10184,#10185),.UNSPECIFIED.,
  .F.,.F.,(2,2),(-21.875,-21.125),.PIECEWISE_BEZIER_KNOTS.);
#10184 = CARTESIAN_POINT('',(43.,20.8));
#10185 = CARTESIAN_POINT('',(42.25,20.8));
#10186 = ( GEOMETRIC_REPRESENTATION_CONTEXT(2) 
PARAMETRIC_REPRESENTATION_CONTEXT() REPRESENTATION_CONTEXT('2D SPACE',''
  ) );
#10187 = PCURVE('',#6447,#10188);
#10188 = DEFINITIONAL_REPRESENTATION('',(#10189),#10192);
#10189 = B_SPLINE_CURVE_WITH_KNOTS('',1,(#10190,#10191),.UNSPECIFIED.,
  .F.,.F.,(2,2),(-21.875,-21.125),.PIECEWISE_BEZIER_KNOTS.);
#10190 = CARTESIAN_POINT('',(26.,0.75));
#10191 = CARTESIAN_POINT('',(26.,0.));
#10192 = ( GEOMETRIC_REPRESENTATION_CONTEXT(2) 
PARAMETRIC_REPRESENTATION_CONTEXT() REPRESENTATION_CONTEXT('2D SPACE',''
  ) );
#10193 = ORIENTED_EDGE('',*,*,#10194,.T.);
#10194 = EDGE_CURVE('',#10174,#10195,#10197,.T.);
#10195 = VERTEX_POINT('',#10196);
#10196 = CARTESIAN_POINT('',(-32.,12.5,-10.));
#10197 = SURFACE_CURVE('',#10198,(#10203,#10210),.PCURVE_S1.);
#10198 = CIRCLE('',#10199,6.5);
#10199 = AXIS2_PLACEMENT_3D('',#10200,#10201,#10202);
#10200 = CARTESIAN_POINT('',(-32.,6.,-10.));
#10201 = DIRECTION('',(0.,0.,1.));
#10202 = DIRECTION('',(0.,-1.,0.));
#10203 = PCURVE('',#6022,#10204);
#10204 = DEFINITIONAL_REPRESENTATION('',(#10205),#10209);
#10205 = CIRCLE('',#10206,6.5);
#10206 = AXIS2_PLACEMENT_2D('',#10207,#10208);
#10207 = CARTESIAN_POINT('',(36.5,18.5));
#10208 = DIRECTION('',(0.,-1.));
#10209 = ( GEOMETRIC_REPRESENTATION_CONTEXT(2) 
PARAMETRIC_REPRESENTATION_CONTEXT() REPRESENTATION_CONTEXT('2D SPACE',''
  ) );
#10210 = PCURVE('',#10211,#10216);
#10211 = CYLINDRICAL_SURFACE('',#10212,6.5);
#10212 = AXIS2_PLACEMENT_3D('',#10213,#10214,#10215);
#10213 = CARTESIAN_POINT('',(-32.,6.,-110.5));
#10214 = DIRECTION('',(0.,0.,1.));
#10215 = DIRECTION('',(1.,0.,-0.));
#10216 = DEFINITIONAL_REPRESENTATION('',(#10217),#10221);
#10217 = LINE('',#10218,#10219);
#10218 = CARTESIAN_POINT('',(-1.570796326795,100.5));
#10219 = VECTOR('',#10220,1.);
#10220 = DIRECTION('',(1.,0.));
#10221 = ( GEOMETRIC_REPRESENTATION_CONTEXT(2) 
PARAMETRIC_REPRESENTATION_CONTEXT() REPRESENTATION_CONTEXT('2D SPACE',''
  ) );
#10222 = ORIENTED_EDGE('',*,*,#10223,.F.);
#10223 = EDGE_CURVE('',#10224,#10195,#10226,.T.);
#10224 = VERTEX_POINT('',#10225);
#10225 = CARTESIAN_POINT('',(-62.,12.5,-10.));
#10226 = SURFACE_CURVE('',#10227,(#10231,#10238),.PCURVE_S1.);
#10227 = LINE('',#10228,#10229);
#10228 = CARTESIAN_POINT('',(-68.5,12.5,-10.));
#10229 = VECTOR('',#10230,1.);
#10230 = DIRECTION('',(1.,0.,0.));
#10231 = PCURVE('',#6022,#10232);
#10232 = DEFINITIONAL_REPRESENTATION('',(#10233),#10237);
#10233 = LINE('',#10234,#10235);
#10234 = CARTESIAN_POINT('',(0.,25.));
#10235 = VECTOR('',#10236,1.);
#10236 = DIRECTION('',(1.,0.));
#10237 = ( GEOMETRIC_REPRESENTATION_CONTEXT(2) 
PARAMETRIC_REPRESENTATION_CONTEXT() REPRESENTATION_CONTEXT('2D SPACE',''
  ) );
#10238 = PCURVE('',#9428,#10239);
#10239 = DEFINITIONAL_REPRESENTATION('',(#10240),#10244);
#10240 = LINE('',#10241,#10242);
#10241 = CARTESIAN_POINT('',(100.5,-35.5));
#10242 = VECTOR('',#10243,1.);
#10243 = DIRECTION('',(0.,1.));
#10244 = ( GEOMETRIC_REPRESENTATION_CONTEXT(2) 
PARAMETRIC_REPRESENTATION_CONTEXT() REPRESENTATION_CONTEXT('2D SPACE',''
  ) );
#10245 = ORIENTED_EDGE('',*,*,#10246,.F.);
#10246 = EDGE_CURVE('',#10097,#10224,#10247,.T.);
#10247 = SURFACE_CURVE('',#10248,(#10253,#10264),.PCURVE_S1.);
#10248 = CIRCLE('',#10249,6.5);
#10249 = AXIS2_PLACEMENT_3D('',#10250,#10251,#10252);
#10250 = CARTESIAN_POINT('',(-62.,6.,-10.));
#10251 = DIRECTION('',(-0.,-0.,-1.));
#10252 = DIRECTION('',(0.,-1.,0.));
#10253 = PCURVE('',#6022,#10254);
#10254 = DEFINITIONAL_REPRESENTATION('',(#10255),#10263);
#10255 = ( BOUNDED_CURVE() B_SPLINE_CURVE(2,(#10256,#10257,#10258,#10259
    ,#10260,#10261,#10262),.UNSPECIFIED.,.T.,.F.) 
B_SPLINE_CURVE_WITH_KNOTS((1,2,2,2,2,1),(-2.094395102393,0.,
    2.094395102393,4.188790204786,6.28318530718,8.377580409573),
.UNSPECIFIED.) CURVE() GEOMETRIC_REPRESENTATION_ITEM() 
RATIONAL_B_SPLINE_CURVE((1.,0.5,1.,0.5,1.,0.5,1.)) REPRESENTATION_ITEM(
  '') );
#10256 = CARTESIAN_POINT('',(6.5,12.));
#10257 = CARTESIAN_POINT('',(-4.758330249198,12.));
#10258 = CARTESIAN_POINT('',(0.870834875401,21.75));
#10259 = CARTESIAN_POINT('',(6.5,31.5));
#10260 = CARTESIAN_POINT('',(12.129165124599,21.75));
#10261 = CARTESIAN_POINT('',(17.758330249198,12.));
#10262 = CARTESIAN_POINT('',(6.5,12.));
#10263 = ( GEOMETRIC_REPRESENTATION_CONTEXT(2) 
PARAMETRIC_REPRESENTATION_CONTEXT() REPRESENTATION_CONTEXT('2D SPACE',''
  ) );
#10264 = PCURVE('',#10265,#10270);
#10265 = CYLINDRICAL_SURFACE('',#10266,6.5);
#10266 = AXIS2_PLACEMENT_3D('',#10267,#10268,#10269);
#10267 = CARTESIAN_POINT('',(-62.,6.,-110.5));
#10268 = DIRECTION('',(0.,0.,1.));
#10269 = DIRECTION('',(-1.,-0.,0.));
#10270 = DEFINITIONAL_REPRESENTATION('',(#10271),#10275);
#10271 = LINE('',#10272,#10273);
#10272 = CARTESIAN_POINT('',(1.570796326795,100.5));
#10273 = VECTOR('',#10274,1.);
#10274 = DIRECTION('',(-1.,0.));
#10275 = ( GEOMETRIC_REPRESENTATION_CONTEXT(2) 
PARAMETRIC_REPRESENTATION_CONTEXT() REPRESENTATION_CONTEXT('2D SPACE',''
  ) );
#10276 = ADVANCED_FACE('',(#10277),#6447,.T.);
#10277 = FACE_BOUND('',#10278,.T.);
#10278 = EDGE_LOOP('',(#10279,#10300,#10319,#10320));
#10279 = ORIENTED_EDGE('',*,*,#10280,.F.);
#10280 = EDGE_CURVE('',#10281,#10174,#10283,.T.);
#10281 = VERTEX_POINT('',#10282);
#10282 = CARTESIAN_POINT('',(-25.92052633857,8.3,-27.5));
#10283 = SURFACE_CURVE('',#10284,(#10288,#10294),.PCURVE_S1.);
#10284 = LINE('',#10285,#10286);
#10285 = CARTESIAN_POINT('',(-25.92052633857,8.3,-110.5));
#10286 = VECTOR('',#10287,1.);
#10287 = DIRECTION('',(0.,0.,1.));
#10288 = PCURVE('',#6447,#10289);
#10289 = DEFINITIONAL_REPRESENTATION('',(#10290),#10293);
#10290 = B_SPLINE_CURVE_WITH_KNOTS('',1,(#10291,#10292),.UNSPECIFIED.,
  .F.,.F.,(2,2),(80.85,100.5000006),.PIECEWISE_BEZIER_KNOTS.);
#10291 = CARTESIAN_POINT('',(6.35,0.329473661428));
#10292 = CARTESIAN_POINT('',(26.0000006,0.329473661428));
#10293 = ( GEOMETRIC_REPRESENTATION_CONTEXT(2) 
PARAMETRIC_REPRESENTATION_CONTEXT() REPRESENTATION_CONTEXT('2D SPACE',''
  ) );
#10294 = PCURVE('',#10211,#10295);
#10295 = DEFINITIONAL_REPRESENTATION('',(#10296),#10299);
#10296 = B_SPLINE_CURVE_WITH_KNOTS('',1,(#10297,#10298),.UNSPECIFIED.,
  .F.,.F.,(2,2),(80.85,100.5000006),.PIECEWISE_BEZIER_KNOTS.);
#10297 = CARTESIAN_POINT('',(0.361680119508,80.85));
#10298 = CARTESIAN_POINT('',(0.361680119508,100.5000006));
#10299 = ( GEOMETRIC_REPRESENTATION_CONTEXT(2) 
PARAMETRIC_REPRESENTATION_CONTEXT() REPRESENTATION_CONTEXT('2D SPACE',''
  ) );
#10300 = ORIENTED_EDGE('',*,*,#10301,.T.);
#10301 = EDGE_CURVE('',#10281,#6410,#10302,.T.);
#10302 = SURFACE_CURVE('',#10303,(#10307,#10313),.PCURVE_S1.);
#10303 = LINE('',#10304,#10305);
#10304 = CARTESIAN_POINT('',(-31.55,8.3,-27.5));
#10305 = VECTOR('',#10306,1.);
#10306 = DIRECTION('',(-1.,-0.,0.));
#10307 = PCURVE('',#6447,#10308);
#10308 = DEFINITIONAL_REPRESENTATION('',(#10309),#10312);
#10309 = B_SPLINE_CURVE_WITH_KNOTS('',1,(#10310,#10311),.UNSPECIFIED.,
  .F.,.F.,(2,2),(-6.15,-5.3),.PIECEWISE_BEZIER_KNOTS.);
#10310 = CARTESIAN_POINT('',(8.5,0.85));
#10311 = CARTESIAN_POINT('',(8.5,0.));
#10312 = ( GEOMETRIC_REPRESENTATION_CONTEXT(2) 
PARAMETRIC_REPRESENTATION_CONTEXT() REPRESENTATION_CONTEXT('2D SPACE',''
  ) );
#10313 = PCURVE('',#6357,#10314);
#10314 = DEFINITIONAL_REPRESENTATION('',(#10315),#10318);
#10315 = B_SPLINE_CURVE_WITH_KNOTS('',1,(#10316,#10317),.UNSPECIFIED.,
  .F.,.F.,(2,2),(-6.15,-5.3),.PIECEWISE_BEZIER_KNOTS.);
#10316 = CARTESIAN_POINT('',(11.45,20.9));
#10317 = CARTESIAN_POINT('',(10.6,20.9));
#10318 = ( GEOMETRIC_REPRESENTATION_CONTEXT(2) 
PARAMETRIC_REPRESENTATION_CONTEXT() REPRESENTATION_CONTEXT('2D SPACE',''
  ) );
#10319 = ORIENTED_EDGE('',*,*,#6431,.T.);
#10320 = ORIENTED_EDGE('',*,*,#10173,.F.);
#10321 = ADVANCED_FACE('',(#10322),#6357,.T.);
#10322 = FACE_BOUND('',#10323,.T.);
#10323 = EDGE_LOOP('',(#10324,#10348,#10374,#10400,#10426,#10452,#10473,
    #10499,#10525,#10551,#10572,#10594,#10623,#10642,#10643,#10644,
    #10663,#10664,#10665,#10666));
#10324 = ORIENTED_EDGE('',*,*,#10325,.F.);
#10325 = EDGE_CURVE('',#10326,#10328,#10330,.T.);
#10326 = VERTEX_POINT('',#10327);
#10327 = CARTESIAN_POINT('',(-35.25,12.5,-27.5));
#10328 = VERTEX_POINT('',#10329);
#10329 = CARTESIAN_POINT('',(-32.,12.5,-27.5));
#10330 = SURFACE_CURVE('',#10331,(#10335,#10341),.PCURVE_S1.);
#10331 = LINE('',#10332,#10333);
#10332 = CARTESIAN_POINT('',(-52.675,12.5,-27.5));
#10333 = VECTOR('',#10334,1.);
#10334 = DIRECTION('',(1.,0.,0.));
#10335 = PCURVE('',#6357,#10336);
#10336 = DEFINITIONAL_REPRESENTATION('',(#10337),#10340);
#10337 = B_SPLINE_CURVE_WITH_KNOTS('',1,(#10338,#10339),.UNSPECIFIED.,
  .F.,.F.,(2,2),(17.425,20.675),.PIECEWISE_BEZIER_KNOTS.);
#10338 = CARTESIAN_POINT('',(1.6,25.1));
#10339 = CARTESIAN_POINT('',(4.85,25.1));
#10340 = ( GEOMETRIC_REPRESENTATION_CONTEXT(2) 
PARAMETRIC_REPRESENTATION_CONTEXT() REPRESENTATION_CONTEXT('2D SPACE',''
  ) );
#10341 = PCURVE('',#9428,#10342);
#10342 = DEFINITIONAL_REPRESENTATION('',(#10343),#10347);
#10343 = LINE('',#10344,#10345);
#10344 = CARTESIAN_POINT('',(83.,-19.675));
#10345 = VECTOR('',#10346,1.);
#10346 = DIRECTION('',(0.,1.));
#10347 = ( GEOMETRIC_REPRESENTATION_CONTEXT(2) 
PARAMETRIC_REPRESENTATION_CONTEXT() REPRESENTATION_CONTEXT('2D SPACE',''
  ) );
#10348 = ORIENTED_EDGE('',*,*,#10349,.F.);
#10349 = EDGE_CURVE('',#10350,#10326,#10352,.T.);
#10350 = VERTEX_POINT('',#10351);
#10351 = CARTESIAN_POINT('',(-35.25,7.85,-27.5));
#10352 = SURFACE_CURVE('',#10353,(#10357,#10363),.PCURVE_S1.);
#10353 = LINE('',#10354,#10355);
#10354 = CARTESIAN_POINT('',(-35.25,-12.6,-27.5));
#10355 = VECTOR('',#10356,1.);
#10356 = DIRECTION('',(-0.,1.,0.));
#10357 = PCURVE('',#6357,#10358);
#10358 = DEFINITIONAL_REPRESENTATION('',(#10359),#10362);
#10359 = B_SPLINE_CURVE_WITH_KNOTS('',1,(#10360,#10361),.UNSPECIFIED.,
  .F.,.F.,(2,2),(0.,25.2),.PIECEWISE_BEZIER_KNOTS.);
#10360 = CARTESIAN_POINT('',(1.6,0.));
#10361 = CARTESIAN_POINT('',(1.6,25.2));
#10362 = ( GEOMETRIC_REPRESENTATION_CONTEXT(2) 
PARAMETRIC_REPRESENTATION_CONTEXT() REPRESENTATION_CONTEXT('2D SPACE',''
  ) );
#10363 = PCURVE('',#10364,#10369);
#10364 = PLANE('',#10365);
#10365 = AXIS2_PLACEMENT_3D('',#10366,#10367,#10368);
#10366 = CARTESIAN_POINT('',(-35.25,-12.6,-29.1));
#10367 = DIRECTION('',(1.,0.,-0.));
#10368 = DIRECTION('',(0.,0.,1.));
#10369 = DEFINITIONAL_REPRESENTATION('',(#10370),#10373);
#10370 = B_SPLINE_CURVE_WITH_KNOTS('',1,(#10371,#10372),.UNSPECIFIED.,
  .F.,.F.,(2,2),(0.,25.2),.PIECEWISE_BEZIER_KNOTS.);
#10371 = CARTESIAN_POINT('',(1.6,0.));
#10372 = CARTESIAN_POINT('',(1.6,-25.2));
#10373 = ( GEOMETRIC_REPRESENTATION_CONTEXT(2) 
PARAMETRIC_REPRESENTATION_CONTEXT() REPRESENTATION_CONTEXT('2D SPACE',''
  ) );
#10374 = ORIENTED_EDGE('',*,*,#10375,.F.);
#10375 = EDGE_CURVE('',#10376,#10350,#10378,.T.);
#10376 = VERTEX_POINT('',#10377);
#10377 = CARTESIAN_POINT('',(-28.3,7.85,-27.5));
#10378 = SURFACE_CURVE('',#10379,(#10383,#10389),.PCURVE_S1.);
#10379 = LINE('',#10380,#10381);
#10380 = CARTESIAN_POINT('',(-34.82872429815,7.85,-27.5));
#10381 = VECTOR('',#10382,1.);
#10382 = DIRECTION('',(-1.,0.,0.));
#10383 = PCURVE('',#6357,#10384);
#10384 = DEFINITIONAL_REPRESENTATION('',(#10385),#10388);
#10385 = B_SPLINE_CURVE_WITH_KNOTS('',1,(#10386,#10387),.UNSPECIFIED.,
  .F.,.F.,(2,2),(-6.578724298159,0.421275701841),
  .PIECEWISE_BEZIER_KNOTS.);
#10386 = CARTESIAN_POINT('',(8.6,20.45));
#10387 = CARTESIAN_POINT('',(1.6,20.45));
#10388 = ( GEOMETRIC_REPRESENTATION_CONTEXT(2) 
PARAMETRIC_REPRESENTATION_CONTEXT() REPRESENTATION_CONTEXT('2D SPACE',''
  ) );
#10389 = PCURVE('',#10390,#10395);
#10390 = PLANE('',#10391);
#10391 = AXIS2_PLACEMENT_3D('',#10392,#10393,#10394);
#10392 = CARTESIAN_POINT('',(-32.80744859631,7.85,-25.05744859631));
#10393 = DIRECTION('',(0.,1.,0.));
#10394 = DIRECTION('',(0.,-0.,1.));
#10395 = DEFINITIONAL_REPRESENTATION('',(#10396),#10399);
#10396 = B_SPLINE_CURVE_WITH_KNOTS('',1,(#10397,#10398),.UNSPECIFIED.,
  .F.,.F.,(2,2),(-6.578724298159,0.421275701841),
  .PIECEWISE_BEZIER_KNOTS.);
#10397 = CARTESIAN_POINT('',(-2.442551403683,4.557448596317));
#10398 = CARTESIAN_POINT('',(-2.442551403683,-2.442551403683));
#10399 = ( GEOMETRIC_REPRESENTATION_CONTEXT(2) 
PARAMETRIC_REPRESENTATION_CONTEXT() REPRESENTATION_CONTEXT('2D SPACE',''
  ) );
#10400 = ORIENTED_EDGE('',*,*,#10401,.F.);
#10401 = EDGE_CURVE('',#10402,#10376,#10404,.T.);
#10402 = VERTEX_POINT('',#10403);
#10403 = CARTESIAN_POINT('',(-28.3,6.25,-27.5));
#10404 = SURFACE_CURVE('',#10405,(#10409,#10415),.PCURVE_S1.);
#10405 = LINE('',#10406,#10407);
#10406 = CARTESIAN_POINT('',(-28.3,-2.375,-27.5));
#10407 = VECTOR('',#10408,1.);
#10408 = DIRECTION('',(0.,1.,0.));
#10409 = PCURVE('',#6357,#10410);
#10410 = DEFINITIONAL_REPRESENTATION('',(#10411),#10414);
#10411 = B_SPLINE_CURVE_WITH_KNOTS('',1,(#10412,#10413),.UNSPECIFIED.,
  .F.,.F.,(2,2),(8.625,10.225),.PIECEWISE_BEZIER_KNOTS.);
#10412 = CARTESIAN_POINT('',(8.55,18.85));
#10413 = CARTESIAN_POINT('',(8.55,20.45));
#10414 = ( GEOMETRIC_REPRESENTATION_CONTEXT(2) 
PARAMETRIC_REPRESENTATION_CONTEXT() REPRESENTATION_CONTEXT('2D SPACE',''
  ) );
#10415 = PCURVE('',#10416,#10421);
#10416 = PLANE('',#10417);
#10417 = AXIS2_PLACEMENT_3D('',#10418,#10419,#10420);
#10418 = CARTESIAN_POINT('',(-35.3,7.85,-20.5));
#10419 = DIRECTION('',(0.707106781187,0.,0.707106781187));
#10420 = DIRECTION('',(0.707106781187,0.,-0.707106781187));
#10421 = DEFINITIONAL_REPRESENTATION('',(#10422),#10425);
#10422 = B_SPLINE_CURVE_WITH_KNOTS('',1,(#10423,#10424),.UNSPECIFIED.,
  .F.,.F.,(2,2),(8.625,10.225),.PIECEWISE_BEZIER_KNOTS.);
#10423 = CARTESIAN_POINT('',(9.899494936612,-1.6));
#10424 = CARTESIAN_POINT('',(9.899494936612,0.));
#10425 = ( GEOMETRIC_REPRESENTATION_CONTEXT(2) 
PARAMETRIC_REPRESENTATION_CONTEXT() REPRESENTATION_CONTEXT('2D SPACE',''
  ) );
#10426 = ORIENTED_EDGE('',*,*,#10427,.T.);
#10427 = EDGE_CURVE('',#10402,#10428,#10430,.T.);
#10428 = VERTEX_POINT('',#10429);
#10429 = CARTESIAN_POINT('',(-35.25,6.25,-27.5));
#10430 = SURFACE_CURVE('',#10431,(#10435,#10441),.PCURVE_S1.);
#10431 = LINE('',#10432,#10433);
#10432 = CARTESIAN_POINT('',(-34.82872429815,6.25,-27.5));
#10433 = VECTOR('',#10434,1.);
#10434 = DIRECTION('',(-1.,0.,0.));
#10435 = PCURVE('',#6357,#10436);
#10436 = DEFINITIONAL_REPRESENTATION('',(#10437),#10440);
#10437 = B_SPLINE_CURVE_WITH_KNOTS('',1,(#10438,#10439),.UNSPECIFIED.,
  .F.,.F.,(2,2),(-6.578724298159,0.421275701841),
  .PIECEWISE_BEZIER_KNOTS.);
#10438 = CARTESIAN_POINT('',(8.6,18.85));
#10439 = CARTESIAN_POINT('',(1.6,18.85));
#10440 = ( GEOMETRIC_REPRESENTATION_CONTEXT(2) 
PARAMETRIC_REPRESENTATION_CONTEXT() REPRESENTATION_CONTEXT('2D SPACE',''
  ) );
#10441 = PCURVE('',#10442,#10447);
#10442 = PLANE('',#10443);
#10443 = AXIS2_PLACEMENT_3D('',#10444,#10445,#10446);
#10444 = CARTESIAN_POINT('',(-32.80744859631,6.25,-25.05744859631));
#10445 = DIRECTION('',(0.,1.,0.));
#10446 = DIRECTION('',(0.,-0.,1.));
#10447 = DEFINITIONAL_REPRESENTATION('',(#10448),#10451);
#10448 = B_SPLINE_CURVE_WITH_KNOTS('',1,(#10449,#10450),.UNSPECIFIED.,
  .F.,.F.,(2,2),(-6.578724298159,0.421275701841),
  .PIECEWISE_BEZIER_KNOTS.);
#10449 = CARTESIAN_POINT('',(-2.442551403683,4.557448596317));
#10450 = CARTESIAN_POINT('',(-2.442551403683,-2.442551403683));
#10451 = ( GEOMETRIC_REPRESENTATION_CONTEXT(2) 
PARAMETRIC_REPRESENTATION_CONTEXT() REPRESENTATION_CONTEXT('2D SPACE',''
  ) );
#10452 = ORIENTED_EDGE('',*,*,#10453,.F.);
#10453 = EDGE_CURVE('',#10454,#10428,#10456,.T.);
#10454 = VERTEX_POINT('',#10455);
#10455 = CARTESIAN_POINT('',(-35.25,-6.25,-27.5));
#10456 = SURFACE_CURVE('',#10457,(#10461,#10467),.PCURVE_S1.);
#10457 = LINE('',#10458,#10459);
#10458 = CARTESIAN_POINT('',(-35.25,-12.6,-27.5));
#10459 = VECTOR('',#10460,1.);
#10460 = DIRECTION('',(-0.,1.,0.));
#10461 = PCURVE('',#6357,#10462);
#10462 = DEFINITIONAL_REPRESENTATION('',(#10463),#10466);
#10463 = B_SPLINE_CURVE_WITH_KNOTS('',1,(#10464,#10465),.UNSPECIFIED.,
  .F.,.F.,(2,2),(0.,25.2),.PIECEWISE_BEZIER_KNOTS.);
#10464 = CARTESIAN_POINT('',(1.6,0.));
#10465 = CARTESIAN_POINT('',(1.6,25.2));
#10466 = ( GEOMETRIC_REPRESENTATION_CONTEXT(2) 
PARAMETRIC_REPRESENTATION_CONTEXT() REPRESENTATION_CONTEXT('2D SPACE',''
  ) );
#10467 = PCURVE('',#10364,#10468);
#10468 = DEFINITIONAL_REPRESENTATION('',(#10469),#10472);
#10469 = B_SPLINE_CURVE_WITH_KNOTS('',1,(#10470,#10471),.UNSPECIFIED.,
  .F.,.F.,(2,2),(0.,25.2),.PIECEWISE_BEZIER_KNOTS.);
#10470 = CARTESIAN_POINT('',(1.6,0.));
#10471 = CARTESIAN_POINT('',(1.6,-25.2));
#10472 = ( GEOMETRIC_REPRESENTATION_CONTEXT(2) 
PARAMETRIC_REPRESENTATION_CONTEXT() REPRESENTATION_CONTEXT('2D SPACE',''
  ) );
#10473 = ORIENTED_EDGE('',*,*,#10474,.F.);
#10474 = EDGE_CURVE('',#10475,#10454,#10477,.T.);
#10475 = VERTEX_POINT('',#10476);
#10476 = CARTESIAN_POINT('',(-28.3,-6.25,-27.5));
#10477 = SURFACE_CURVE('',#10478,(#10482,#10488),.PCURVE_S1.);
#10478 = LINE('',#10479,#10480);
#10479 = CARTESIAN_POINT('',(-34.82872429815,-6.25,-27.5));
#10480 = VECTOR('',#10481,1.);
#10481 = DIRECTION('',(-1.,0.,0.));
#10482 = PCURVE('',#6357,#10483);
#10483 = DEFINITIONAL_REPRESENTATION('',(#10484),#10487);
#10484 = B_SPLINE_CURVE_WITH_KNOTS('',1,(#10485,#10486),.UNSPECIFIED.,
  .F.,.F.,(2,2),(-6.578724298159,0.421275701841),
  .PIECEWISE_BEZIER_KNOTS.);
#10485 = CARTESIAN_POINT('',(8.6,6.35));
#10486 = CARTESIAN_POINT('',(1.6,6.35));
#10487 = ( GEOMETRIC_REPRESENTATION_CONTEXT(2) 
PARAMETRIC_REPRESENTATION_CONTEXT() REPRESENTATION_CONTEXT('2D SPACE',''
  ) );
#10488 = PCURVE('',#10489,#10494);
#10489 = PLANE('',#10490);
#10490 = AXIS2_PLACEMENT_3D('',#10491,#10492,#10493);
#10491 = CARTESIAN_POINT('',(-32.80744859631,-6.25,-25.05744859631));
#10492 = DIRECTION('',(0.,1.,0.));
#10493 = DIRECTION('',(0.,-0.,1.));
#10494 = DEFINITIONAL_REPRESENTATION('',(#10495),#10498);
#10495 = B_SPLINE_CURVE_WITH_KNOTS('',1,(#10496,#10497),.UNSPECIFIED.,
  .F.,.F.,(2,2),(-6.578724298159,0.421275701841),
  .PIECEWISE_BEZIER_KNOTS.);
#10496 = CARTESIAN_POINT('',(-2.442551403683,4.557448596317));
#10497 = CARTESIAN_POINT('',(-2.442551403683,-2.442551403683));
#10498 = ( GEOMETRIC_REPRESENTATION_CONTEXT(2) 
PARAMETRIC_REPRESENTATION_CONTEXT() REPRESENTATION_CONTEXT('2D SPACE',''
  ) );
#10499 = ORIENTED_EDGE('',*,*,#10500,.F.);
#10500 = EDGE_CURVE('',#10501,#10475,#10503,.T.);
#10501 = VERTEX_POINT('',#10502);
#10502 = CARTESIAN_POINT('',(-28.3,-7.85,-27.5));
#10503 = SURFACE_CURVE('',#10504,(#10508,#10514),.PCURVE_S1.);
#10504 = LINE('',#10505,#10506);
#10505 = CARTESIAN_POINT('',(-28.3,-9.425,-27.5));
#10506 = VECTOR('',#10507,1.);
#10507 = DIRECTION('',(0.,1.,0.));
#10508 = PCURVE('',#6357,#10509);
#10509 = DEFINITIONAL_REPRESENTATION('',(#10510),#10513);
#10510 = B_SPLINE_CURVE_WITH_KNOTS('',1,(#10511,#10512),.UNSPECIFIED.,
  .F.,.F.,(2,2),(1.575,3.175),.PIECEWISE_BEZIER_KNOTS.);
#10511 = CARTESIAN_POINT('',(8.55,4.75));
#10512 = CARTESIAN_POINT('',(8.55,6.35));
#10513 = ( GEOMETRIC_REPRESENTATION_CONTEXT(2) 
PARAMETRIC_REPRESENTATION_CONTEXT() REPRESENTATION_CONTEXT('2D SPACE',''
  ) );
#10514 = PCURVE('',#10515,#10520);
#10515 = PLANE('',#10516);
#10516 = AXIS2_PLACEMENT_3D('',#10517,#10518,#10519);
#10517 = CARTESIAN_POINT('',(-35.3,-6.25,-20.5));
#10518 = DIRECTION('',(0.707106781187,0.,0.707106781187));
#10519 = DIRECTION('',(0.707106781187,0.,-0.707106781187));
#10520 = DEFINITIONAL_REPRESENTATION('',(#10521),#10524);
#10521 = B_SPLINE_CURVE_WITH_KNOTS('',1,(#10522,#10523),.UNSPECIFIED.,
  .F.,.F.,(2,2),(1.575,3.175),.PIECEWISE_BEZIER_KNOTS.);
#10522 = CARTESIAN_POINT('',(9.899494936612,-1.6));
#10523 = CARTESIAN_POINT('',(9.899494936612,0.));
#10524 = ( GEOMETRIC_REPRESENTATION_CONTEXT(2) 
PARAMETRIC_REPRESENTATION_CONTEXT() REPRESENTATION_CONTEXT('2D SPACE',''
  ) );
#10525 = ORIENTED_EDGE('',*,*,#10526,.T.);
#10526 = EDGE_CURVE('',#10501,#10527,#10529,.T.);
#10527 = VERTEX_POINT('',#10528);
#10528 = CARTESIAN_POINT('',(-35.25,-7.85,-27.5));
#10529 = SURFACE_CURVE('',#10530,(#10534,#10540),.PCURVE_S1.);
#10530 = LINE('',#10531,#10532);
#10531 = CARTESIAN_POINT('',(-34.82872429815,-7.85,-27.5));
#10532 = VECTOR('',#10533,1.);
#10533 = DIRECTION('',(-1.,0.,0.));
#10534 = PCURVE('',#6357,#10535);
#10535 = DEFINITIONAL_REPRESENTATION('',(#10536),#10539);
#10536 = B_SPLINE_CURVE_WITH_KNOTS('',1,(#10537,#10538),.UNSPECIFIED.,
  .F.,.F.,(2,2),(-6.578724298159,0.421275701841),
  .PIECEWISE_BEZIER_KNOTS.);
#10537 = CARTESIAN_POINT('',(8.6,4.75));
#10538 = CARTESIAN_POINT('',(1.6,4.75));
#10539 = ( GEOMETRIC_REPRESENTATION_CONTEXT(2) 
PARAMETRIC_REPRESENTATION_CONTEXT() REPRESENTATION_CONTEXT('2D SPACE',''
  ) );
#10540 = PCURVE('',#10541,#10546);
#10541 = PLANE('',#10542);
#10542 = AXIS2_PLACEMENT_3D('',#10543,#10544,#10545);
#10543 = CARTESIAN_POINT('',(-32.80744859631,-7.85,-25.05744859631));
#10544 = DIRECTION('',(0.,1.,0.));
#10545 = DIRECTION('',(0.,-0.,1.));
#10546 = DEFINITIONAL_REPRESENTATION('',(#10547),#10550);
#10547 = B_SPLINE_CURVE_WITH_KNOTS('',1,(#10548,#10549),.UNSPECIFIED.,
  .F.,.F.,(2,2),(-6.578724298159,0.421275701841),
  .PIECEWISE_BEZIER_KNOTS.);
#10548 = CARTESIAN_POINT('',(-2.442551403683,4.557448596317));
#10549 = CARTESIAN_POINT('',(-2.442551403683,-2.442551403683));
#10550 = ( GEOMETRIC_REPRESENTATION_CONTEXT(2) 
PARAMETRIC_REPRESENTATION_CONTEXT() REPRESENTATION_CONTEXT('2D SPACE',''
  ) );
#10551 = ORIENTED_EDGE('',*,*,#10552,.F.);
#10552 = EDGE_CURVE('',#10553,#10527,#10555,.T.);
#10553 = VERTEX_POINT('',#10554);
#10554 = CARTESIAN_POINT('',(-35.25,-12.5,-27.5));
#10555 = SURFACE_CURVE('',#10556,(#10560,#10566),.PCURVE_S1.);
#10556 = LINE('',#10557,#10558);
#10557 = CARTESIAN_POINT('',(-35.25,-12.6,-27.5));
#10558 = VECTOR('',#10559,1.);
#10559 = DIRECTION('',(-0.,1.,0.));
#10560 = PCURVE('',#6357,#10561);
#10561 = DEFINITIONAL_REPRESENTATION('',(#10562),#10565);
#10562 = B_SPLINE_CURVE_WITH_KNOTS('',1,(#10563,#10564),.UNSPECIFIED.,
  .F.,.F.,(2,2),(0.,25.2),.PIECEWISE_BEZIER_KNOTS.);
#10563 = CARTESIAN_POINT('',(1.6,0.));
#10564 = CARTESIAN_POINT('',(1.6,25.2));
#10565 = ( GEOMETRIC_REPRESENTATION_CONTEXT(2) 
PARAMETRIC_REPRESENTATION_CONTEXT() REPRESENTATION_CONTEXT('2D SPACE',''
  ) );
#10566 = PCURVE('',#10364,#10567);
#10567 = DEFINITIONAL_REPRESENTATION('',(#10568),#10571);
#10568 = B_SPLINE_CURVE_WITH_KNOTS('',1,(#10569,#10570),.UNSPECIFIED.,
  .F.,.F.,(2,2),(0.,25.2),.PIECEWISE_BEZIER_KNOTS.);
#10569 = CARTESIAN_POINT('',(1.6,0.));
#10570 = CARTESIAN_POINT('',(1.6,-25.2));
#10571 = ( GEOMETRIC_REPRESENTATION_CONTEXT(2) 
PARAMETRIC_REPRESENTATION_CONTEXT() REPRESENTATION_CONTEXT('2D SPACE',''
  ) );
#10572 = ORIENTED_EDGE('',*,*,#10573,.T.);
#10573 = EDGE_CURVE('',#10553,#10574,#10576,.T.);
#10574 = VERTEX_POINT('',#10575);
#10575 = CARTESIAN_POINT('',(-32.,-12.5,-27.5));
#10576 = SURFACE_CURVE('',#10577,(#10581,#10587),.PCURVE_S1.);
#10577 = LINE('',#10578,#10579);
#10578 = CARTESIAN_POINT('',(-52.675,-12.5,-27.5));
#10579 = VECTOR('',#10580,1.);
#10580 = DIRECTION('',(1.,0.,0.));
#10581 = PCURVE('',#6357,#10582);
#10582 = DEFINITIONAL_REPRESENTATION('',(#10583),#10586);
#10583 = B_SPLINE_CURVE_WITH_KNOTS('',1,(#10584,#10585),.UNSPECIFIED.,
  .F.,.F.,(2,2),(17.425,20.675),.PIECEWISE_BEZIER_KNOTS.);
#10584 = CARTESIAN_POINT('',(1.6,1.E-01));
#10585 = CARTESIAN_POINT('',(4.85,1.E-01));
#10586 = ( GEOMETRIC_REPRESENTATION_CONTEXT(2) 
PARAMETRIC_REPRESENTATION_CONTEXT() REPRESENTATION_CONTEXT('2D SPACE',''
  ) );
#10587 = PCURVE('',#6596,#10588);
#10588 = DEFINITIONAL_REPRESENTATION('',(#10589),#10593);
#10589 = LINE('',#10590,#10591);
#10590 = CARTESIAN_POINT('',(83.,15.825));
#10591 = VECTOR('',#10592,1.);
#10592 = DIRECTION('',(0.,1.));
#10593 = ( GEOMETRIC_REPRESENTATION_CONTEXT(2) 
PARAMETRIC_REPRESENTATION_CONTEXT() REPRESENTATION_CONTEXT('2D SPACE',''
  ) );
#10594 = ORIENTED_EDGE('',*,*,#10595,.T.);
#10595 = EDGE_CURVE('',#10574,#10596,#10598,.T.);
#10596 = VERTEX_POINT('',#10597);
#10597 = CARTESIAN_POINT('',(-25.92052633857,-8.3,-27.5));
#10598 = SURFACE_CURVE('',#10599,(#10604,#10611),.PCURVE_S1.);
#10599 = CIRCLE('',#10600,6.5);
#10600 = AXIS2_PLACEMENT_3D('',#10601,#10602,#10603);
#10601 = CARTESIAN_POINT('',(-32.,-6.,-27.5));
#10602 = DIRECTION('',(0.,0.,1.));
#10603 = DIRECTION('',(1.,0.,-0.));
#10604 = PCURVE('',#6357,#10605);
#10605 = DEFINITIONAL_REPRESENTATION('',(#10606),#10610);
#10606 = CIRCLE('',#10607,6.5);
#10607 = AXIS2_PLACEMENT_2D('',#10608,#10609);
#10608 = CARTESIAN_POINT('',(4.85,6.6));
#10609 = DIRECTION('',(1.,0.));
#10610 = ( GEOMETRIC_REPRESENTATION_CONTEXT(2) 
PARAMETRIC_REPRESENTATION_CONTEXT() REPRESENTATION_CONTEXT('2D SPACE',''
  ) );
#10611 = PCURVE('',#10612,#10617);
#10612 = CYLINDRICAL_SURFACE('',#10613,6.5);
#10613 = AXIS2_PLACEMENT_3D('',#10614,#10615,#10616);
#10614 = CARTESIAN_POINT('',(-32.,-6.,-110.5));
#10615 = DIRECTION('',(0.,0.,1.));
#10616 = DIRECTION('',(1.,0.,-0.));
#10617 = DEFINITIONAL_REPRESENTATION('',(#10618),#10622);
#10618 = LINE('',#10619,#10620);
#10619 = CARTESIAN_POINT('',(-6.28318530718,83.));
#10620 = VECTOR('',#10621,1.);
#10621 = DIRECTION('',(1.,-0.));
#10622 = ( GEOMETRIC_REPRESENTATION_CONTEXT(2) 
PARAMETRIC_REPRESENTATION_CONTEXT() REPRESENTATION_CONTEXT('2D SPACE',''
  ) );
#10623 = ORIENTED_EDGE('',*,*,#10624,.T.);
#10624 = EDGE_CURVE('',#10596,#6314,#10625,.T.);
#10625 = SURFACE_CURVE('',#10626,(#10630,#10636),.PCURVE_S1.);
#10626 = LINE('',#10627,#10628);
#10627 = CARTESIAN_POINT('',(-31.55,-8.3,-27.5));
#10628 = VECTOR('',#10629,1.);
#10629 = DIRECTION('',(-1.,-0.,0.));
#10630 = PCURVE('',#6357,#10631);
#10631 = DEFINITIONAL_REPRESENTATION('',(#10632),#10635);
#10632 = B_SPLINE_CURVE_WITH_KNOTS('',1,(#10633,#10634),.UNSPECIFIED.,
  .F.,.F.,(2,2),(-6.15,-5.3),.PIECEWISE_BEZIER_KNOTS.);
#10633 = CARTESIAN_POINT('',(11.45,4.3));
#10634 = CARTESIAN_POINT('',(10.6,4.3));
#10635 = ( GEOMETRIC_REPRESENTATION_CONTEXT(2) 
PARAMETRIC_REPRESENTATION_CONTEXT() REPRESENTATION_CONTEXT('2D SPACE',''
  ) );
#10636 = PCURVE('',#6329,#10637);
#10637 = DEFINITIONAL_REPRESENTATION('',(#10638),#10641);
#10638 = B_SPLINE_CURVE_WITH_KNOTS('',1,(#10639,#10640),.UNSPECIFIED.,
  .F.,.F.,(2,2),(-6.15,-5.3),.PIECEWISE_BEZIER_KNOTS.);
#10639 = CARTESIAN_POINT('',(8.5,0.85));
#10640 = CARTESIAN_POINT('',(8.5,0.));
#10641 = ( GEOMETRIC_REPRESENTATION_CONTEXT(2) 
PARAMETRIC_REPRESENTATION_CONTEXT() REPRESENTATION_CONTEXT('2D SPACE',''
  ) );
#10642 = ORIENTED_EDGE('',*,*,#6341,.T.);
#10643 = ORIENTED_EDGE('',*,*,#9285,.T.);
#10644 = ORIENTED_EDGE('',*,*,#10645,.T.);
#10645 = EDGE_CURVE('',#9263,#9044,#10646,.T.);
#10646 = SURFACE_CURVE('',#10647,(#10651,#10657),.PCURVE_S1.);
#10647 = LINE('',#10648,#10649);
#10648 = CARTESIAN_POINT('',(-26.85,-6.3,-27.5));
#10649 = VECTOR('',#10650,1.);
#10650 = DIRECTION('',(0.,1.,0.));
#10651 = PCURVE('',#6357,#10652);
#10652 = DEFINITIONAL_REPRESENTATION('',(#10653),#10656);
#10653 = B_SPLINE_CURVE_WITH_KNOTS('',1,(#10654,#10655),.UNSPECIFIED.,
  .F.,.F.,(2,2),(-0.5,13.1),.PIECEWISE_BEZIER_KNOTS.);
#10654 = CARTESIAN_POINT('',(10.,5.8));
#10655 = CARTESIAN_POINT('',(10.,19.4));
#10656 = ( GEOMETRIC_REPRESENTATION_CONTEXT(2) 
PARAMETRIC_REPRESENTATION_CONTEXT() REPRESENTATION_CONTEXT('2D SPACE',''
  ) );
#10657 = PCURVE('',#9080,#10658);
#10658 = DEFINITIONAL_REPRESENTATION('',(#10659),#10662);
#10659 = B_SPLINE_CURVE_WITH_KNOTS('',1,(#10660,#10661),.UNSPECIFIED.,
  .F.,.F.,(2,2),(-0.5,13.1),.PIECEWISE_BEZIER_KNOTS.);
#10660 = CARTESIAN_POINT('',(-6.5,6.8));
#10661 = CARTESIAN_POINT('',(-6.5,-6.8));
#10662 = ( GEOMETRIC_REPRESENTATION_CONTEXT(2) 
PARAMETRIC_REPRESENTATION_CONTEXT() REPRESENTATION_CONTEXT('2D SPACE',''
  ) );
#10663 = ORIENTED_EDGE('',*,*,#9043,.T.);
#10664 = ORIENTED_EDGE('',*,*,#6409,.T.);
#10665 = ORIENTED_EDGE('',*,*,#10301,.F.);
#10666 = ORIENTED_EDGE('',*,*,#10667,.T.);
#10667 = EDGE_CURVE('',#10281,#10328,#10668,.T.);
#10668 = SURFACE_CURVE('',#10669,(#10674,#10681),.PCURVE_S1.);
#10669 = CIRCLE('',#10670,6.5);
#10670 = AXIS2_PLACEMENT_3D('',#10671,#10672,#10673);
#10671 = CARTESIAN_POINT('',(-32.,6.,-27.5));
#10672 = DIRECTION('',(0.,0.,1.));
#10673 = DIRECTION('',(1.,0.,-0.));
#10674 = PCURVE('',#6357,#10675);
#10675 = DEFINITIONAL_REPRESENTATION('',(#10676),#10680);
#10676 = CIRCLE('',#10677,6.5);
#10677 = AXIS2_PLACEMENT_2D('',#10678,#10679);
#10678 = CARTESIAN_POINT('',(4.85,18.6));
#10679 = DIRECTION('',(1.,0.));
#10680 = ( GEOMETRIC_REPRESENTATION_CONTEXT(2) 
PARAMETRIC_REPRESENTATION_CONTEXT() REPRESENTATION_CONTEXT('2D SPACE',''
  ) );
#10681 = PCURVE('',#10211,#10682);
#10682 = DEFINITIONAL_REPRESENTATION('',(#10683),#10687);
#10683 = LINE('',#10684,#10685);
#10684 = CARTESIAN_POINT('',(0.,83.));
#10685 = VECTOR('',#10686,1.);
#10686 = DIRECTION('',(1.,0.));
#10687 = ( GEOMETRIC_REPRESENTATION_CONTEXT(2) 
PARAMETRIC_REPRESENTATION_CONTEXT() REPRESENTATION_CONTEXT('2D SPACE',''
  ) );
#10688 = ADVANCED_FACE('',(#10689),#6329,.F.);
#10689 = FACE_BOUND('',#10690,.F.);
#10690 = EDGE_LOOP('',(#10691,#10712,#10713,#10714));
#10691 = ORIENTED_EDGE('',*,*,#10692,.F.);
#10692 = EDGE_CURVE('',#10596,#10693,#10695,.T.);
#10693 = VERTEX_POINT('',#10694);
#10694 = CARTESIAN_POINT('',(-25.92052633857,-8.3,-10.));
#10695 = SURFACE_CURVE('',#10696,(#10700,#10706),.PCURVE_S1.);
#10696 = LINE('',#10697,#10698);
#10697 = CARTESIAN_POINT('',(-25.92052633857,-8.3,-110.5));
#10698 = VECTOR('',#10699,1.);
#10699 = DIRECTION('',(0.,0.,1.));
#10700 = PCURVE('',#6329,#10701);
#10701 = DEFINITIONAL_REPRESENTATION('',(#10702),#10705);
#10702 = B_SPLINE_CURVE_WITH_KNOTS('',1,(#10703,#10704),.UNSPECIFIED.,
  .F.,.F.,(2,2),(80.85,100.5000006),.PIECEWISE_BEZIER_KNOTS.);
#10703 = CARTESIAN_POINT('',(6.35,0.329473661428));
#10704 = CARTESIAN_POINT('',(26.0000006,0.329473661428));
#10705 = ( GEOMETRIC_REPRESENTATION_CONTEXT(2) 
PARAMETRIC_REPRESENTATION_CONTEXT() REPRESENTATION_CONTEXT('2D SPACE',''
  ) );
#10706 = PCURVE('',#10612,#10707);
#10707 = DEFINITIONAL_REPRESENTATION('',(#10708),#10711);
#10708 = B_SPLINE_CURVE_WITH_KNOTS('',1,(#10709,#10710),.UNSPECIFIED.,
  .F.,.F.,(2,2),(80.85,100.5000006),.PIECEWISE_BEZIER_KNOTS.);
#10709 = CARTESIAN_POINT('',(-0.361680119508,80.85));
#10710 = CARTESIAN_POINT('',(-0.361680119508,100.5000006));
#10711 = ( GEOMETRIC_REPRESENTATION_CONTEXT(2) 
PARAMETRIC_REPRESENTATION_CONTEXT() REPRESENTATION_CONTEXT('2D SPACE',''
  ) );
#10712 = ORIENTED_EDGE('',*,*,#10624,.T.);
#10713 = ORIENTED_EDGE('',*,*,#6313,.T.);
#10714 = ORIENTED_EDGE('',*,*,#10715,.F.);
#10715 = EDGE_CURVE('',#10693,#6287,#10716,.T.);
#10716 = SURFACE_CURVE('',#10717,(#10721,#10727),.PCURVE_S1.);
#10717 = LINE('',#10718,#10719);
#10718 = CARTESIAN_POINT('',(-47.375,-8.3,-10.));
#10719 = VECTOR('',#10720,1.);
#10720 = DIRECTION('',(-1.,-0.,0.));
#10721 = PCURVE('',#6329,#10722);
#10722 = DEFINITIONAL_REPRESENTATION('',(#10723),#10726);
#10723 = B_SPLINE_CURVE_WITH_KNOTS('',1,(#10724,#10725),.UNSPECIFIED.,
  .F.,.F.,(2,2),(-21.875,-21.125),.PIECEWISE_BEZIER_KNOTS.);
#10724 = CARTESIAN_POINT('',(26.,0.75));
#10725 = CARTESIAN_POINT('',(26.,0.));
#10726 = ( GEOMETRIC_REPRESENTATION_CONTEXT(2) 
PARAMETRIC_REPRESENTATION_CONTEXT() REPRESENTATION_CONTEXT('2D SPACE',''
  ) );
#10727 = PCURVE('',#6302,#10728);
#10728 = DEFINITIONAL_REPRESENTATION('',(#10729),#10732);
#10729 = B_SPLINE_CURVE_WITH_KNOTS('',1,(#10730,#10731),.UNSPECIFIED.,
  .F.,.F.,(2,2),(-21.875,-21.125),.PIECEWISE_BEZIER_KNOTS.);
#10730 = CARTESIAN_POINT('',(43.,4.2));
#10731 = CARTESIAN_POINT('',(42.25,4.2));
#10732 = ( GEOMETRIC_REPRESENTATION_CONTEXT(2) 
PARAMETRIC_REPRESENTATION_CONTEXT() REPRESENTATION_CONTEXT('2D SPACE',''
  ) );
#10733 = ADVANCED_FACE('',(#10734),#6302,.F.);
#10734 = FACE_BOUND('',#10735,.F.);
#10735 = EDGE_LOOP('',(#10736,#10737,#10760,#10786,#10787,#10788));
#10736 = ORIENTED_EDGE('',*,*,#6608,.F.);
#10737 = ORIENTED_EDGE('',*,*,#10738,.T.);
#10738 = EDGE_CURVE('',#6582,#10739,#10741,.T.);
#10739 = VERTEX_POINT('',#10740);
#10740 = CARTESIAN_POINT('',(-32.,-12.5,-10.));
#10741 = SURFACE_CURVE('',#10742,(#10746,#10753),.PCURVE_S1.);
#10742 = LINE('',#10743,#10744);
#10743 = CARTESIAN_POINT('',(-68.5,-12.5,-10.));
#10744 = VECTOR('',#10745,1.);
#10745 = DIRECTION('',(1.,0.,0.));
#10746 = PCURVE('',#6302,#10747);
#10747 = DEFINITIONAL_REPRESENTATION('',(#10748),#10752);
#10748 = LINE('',#10749,#10750);
#10749 = CARTESIAN_POINT('',(0.,0.));
#10750 = VECTOR('',#10751,1.);
#10751 = DIRECTION('',(1.,0.));
#10752 = ( GEOMETRIC_REPRESENTATION_CONTEXT(2) 
PARAMETRIC_REPRESENTATION_CONTEXT() REPRESENTATION_CONTEXT('2D SPACE',''
  ) );
#10753 = PCURVE('',#6596,#10754);
#10754 = DEFINITIONAL_REPRESENTATION('',(#10755),#10759);
#10755 = LINE('',#10756,#10757);
#10756 = CARTESIAN_POINT('',(100.5,0.));
#10757 = VECTOR('',#10758,1.);
#10758 = DIRECTION('',(0.,1.));
#10759 = ( GEOMETRIC_REPRESENTATION_CONTEXT(2) 
PARAMETRIC_REPRESENTATION_CONTEXT() REPRESENTATION_CONTEXT('2D SPACE',''
  ) );
#10760 = ORIENTED_EDGE('',*,*,#10761,.F.);
#10761 = EDGE_CURVE('',#10693,#10739,#10762,.T.);
#10762 = SURFACE_CURVE('',#10763,(#10768,#10779),.PCURVE_S1.);
#10763 = CIRCLE('',#10764,6.5);
#10764 = AXIS2_PLACEMENT_3D('',#10765,#10766,#10767);
#10765 = CARTESIAN_POINT('',(-32.,-6.,-10.));
#10766 = DIRECTION('',(-0.,-0.,-1.));
#10767 = DIRECTION('',(0.,-1.,0.));
#10768 = PCURVE('',#6302,#10769);
#10769 = DEFINITIONAL_REPRESENTATION('',(#10770),#10778);
#10770 = ( BOUNDED_CURVE() B_SPLINE_CURVE(2,(#10771,#10772,#10773,#10774
    ,#10775,#10776,#10777),.UNSPECIFIED.,.T.,.F.) 
B_SPLINE_CURVE_WITH_KNOTS((1,2,2,2,2,1),(-2.094395102393,0.,
    2.094395102393,4.188790204786,6.28318530718,8.377580409573),
.UNSPECIFIED.) CURVE() GEOMETRIC_REPRESENTATION_ITEM() 
RATIONAL_B_SPLINE_CURVE((1.,0.5,1.,0.5,1.,0.5,1.)) REPRESENTATION_ITEM(
  '') );
#10771 = CARTESIAN_POINT('',(36.5,-8.881784197001E-16));
#10772 = CARTESIAN_POINT('',(25.241669750802,-8.881784197001E-16));
#10773 = CARTESIAN_POINT('',(30.870834875401,9.75));
#10774 = CARTESIAN_POINT('',(36.5,19.5));
#10775 = CARTESIAN_POINT('',(42.129165124599,9.75));
#10776 = CARTESIAN_POINT('',(47.758330249198,8.881784197001E-15));
#10777 = CARTESIAN_POINT('',(36.5,-8.881784197001E-16));
#10778 = ( GEOMETRIC_REPRESENTATION_CONTEXT(2) 
PARAMETRIC_REPRESENTATION_CONTEXT() REPRESENTATION_CONTEXT('2D SPACE',''
  ) );
#10779 = PCURVE('',#10612,#10780);
#10780 = DEFINITIONAL_REPRESENTATION('',(#10781),#10785);
#10781 = LINE('',#10782,#10783);
#10782 = CARTESIAN_POINT('',(4.712388980385,100.5));
#10783 = VECTOR('',#10784,1.);
#10784 = DIRECTION('',(-1.,0.));
#10785 = ( GEOMETRIC_REPRESENTATION_CONTEXT(2) 
PARAMETRIC_REPRESENTATION_CONTEXT() REPRESENTATION_CONTEXT('2D SPACE',''
  ) );
#10786 = ORIENTED_EDGE('',*,*,#10715,.T.);
#10787 = ORIENTED_EDGE('',*,*,#6286,.T.);
#10788 = ORIENTED_EDGE('',*,*,#6484,.T.);
#10789 = ADVANCED_FACE('',(#10790),#6596,.T.);
#10790 = FACE_BOUND('',#10791,.T.);
#10791 = EDGE_LOOP('',(#10792,#10815,#10816,#10839,#10860,#10861,#10862,
    #10882,#10883,#10884,#10905,#10906,#10928,#10955,#10982,#11004,
    #11025,#11026));
#10792 = ORIENTED_EDGE('',*,*,#10793,.T.);
#10793 = EDGE_CURVE('',#10794,#8510,#10796,.T.);
#10794 = VERTEX_POINT('',#10795);
#10795 = CARTESIAN_POINT('',(-60.,-12.5,-108.4035533905));
#10796 = SURFACE_CURVE('',#10797,(#10801,#10808),.PCURVE_S1.);
#10797 = LINE('',#10798,#10799);
#10798 = CARTESIAN_POINT('',(-60.,-12.5,-108.4035533905));
#10799 = VECTOR('',#10800,1.);
#10800 = DIRECTION('',(1.,0.,0.));
#10801 = PCURVE('',#6596,#10802);
#10802 = DEFINITIONAL_REPRESENTATION('',(#10803),#10807);
#10803 = LINE('',#10804,#10805);
#10804 = CARTESIAN_POINT('',(2.096446609407,8.5));
#10805 = VECTOR('',#10806,1.);
#10806 = DIRECTION('',(0.,1.));
#10807 = ( GEOMETRIC_REPRESENTATION_CONTEXT(2) 
PARAMETRIC_REPRESENTATION_CONTEXT() REPRESENTATION_CONTEXT('2D SPACE',''
  ) );
#10808 = PCURVE('',#8546,#10809);
#10809 = DEFINITIONAL_REPRESENTATION('',(#10810),#10814);
#10810 = LINE('',#10811,#10812);
#10811 = CARTESIAN_POINT('',(0.424264068712,0.));
#10812 = VECTOR('',#10813,1.);
#10813 = DIRECTION('',(0.,-1.));
#10814 = ( GEOMETRIC_REPRESENTATION_CONTEXT(2) 
PARAMETRIC_REPRESENTATION_CONTEXT() REPRESENTATION_CONTEXT('2D SPACE',''
  ) );
#10815 = ORIENTED_EDGE('',*,*,#8509,.T.);
#10816 = ORIENTED_EDGE('',*,*,#10817,.T.);
#10817 = EDGE_CURVE('',#8489,#10818,#10820,.T.);
#10818 = VERTEX_POINT('',#10819);
#10819 = CARTESIAN_POINT('',(-62.,-12.5,-110.));
#10820 = SURFACE_CURVE('',#10821,(#10825,#10832),.PCURVE_S1.);
#10821 = LINE('',#10822,#10823);
#10822 = CARTESIAN_POINT('',(-29.69565627563,-12.5,-110.));
#10823 = VECTOR('',#10824,1.);
#10824 = DIRECTION('',(-1.,0.,0.));
#10825 = PCURVE('',#6596,#10826);
#10826 = DEFINITIONAL_REPRESENTATION('',(#10827),#10831);
#10827 = LINE('',#10828,#10829);
#10828 = CARTESIAN_POINT('',(0.5,38.804343724361));
#10829 = VECTOR('',#10830,1.);
#10830 = DIRECTION('',(0.,-1.));
#10831 = ( GEOMETRIC_REPRESENTATION_CONTEXT(2) 
PARAMETRIC_REPRESENTATION_CONTEXT() REPRESENTATION_CONTEXT('2D SPACE',''
  ) );
#10832 = PCURVE('',#8235,#10833);
#10833 = DEFINITIONAL_REPRESENTATION('',(#10834),#10838);
#10834 = LINE('',#10835,#10836);
#10835 = CARTESIAN_POINT('',(41.304343724361,2.5));
#10836 = VECTOR('',#10837,1.);
#10837 = DIRECTION('',(-1.,0.));
#10838 = ( GEOMETRIC_REPRESENTATION_CONTEXT(2) 
PARAMETRIC_REPRESENTATION_CONTEXT() REPRESENTATION_CONTEXT('2D SPACE',''
  ) );
#10839 = ORIENTED_EDGE('',*,*,#10840,.T.);
#10840 = EDGE_CURVE('',#10818,#10120,#10841,.T.);
#10841 = SURFACE_CURVE('',#10842,(#10846,#10853),.PCURVE_S1.);
#10842 = LINE('',#10843,#10844);
#10843 = CARTESIAN_POINT('',(-62.,-12.5,-110.5));
#10844 = VECTOR('',#10845,1.);
#10845 = DIRECTION('',(0.,0.,1.));
#10846 = PCURVE('',#6596,#10847);
#10847 = DEFINITIONAL_REPRESENTATION('',(#10848),#10852);
#10848 = LINE('',#10849,#10850);
#10849 = CARTESIAN_POINT('',(0.,6.5));
#10850 = VECTOR('',#10851,1.);
#10851 = DIRECTION('',(1.,0.));
#10852 = ( GEOMETRIC_REPRESENTATION_CONTEXT(2) 
PARAMETRIC_REPRESENTATION_CONTEXT() REPRESENTATION_CONTEXT('2D SPACE',''
  ) );
#10853 = PCURVE('',#7806,#10854);
#10854 = DEFINITIONAL_REPRESENTATION('',(#10855),#10859);
#10855 = LINE('',#10856,#10857);
#10856 = CARTESIAN_POINT('',(1.570796326795,0.));
#10857 = VECTOR('',#10858,1.);
#10858 = DIRECTION('',(0.,1.));
#10859 = ( GEOMETRIC_REPRESENTATION_CONTEXT(2) 
PARAMETRIC_REPRESENTATION_CONTEXT() REPRESENTATION_CONTEXT('2D SPACE',''
  ) );
#10860 = ORIENTED_EDGE('',*,*,#10143,.T.);
#10861 = ORIENTED_EDGE('',*,*,#6704,.T.);
#10862 = ORIENTED_EDGE('',*,*,#10863,.T.);
#10863 = EDGE_CURVE('',#6682,#6554,#10864,.T.);
#10864 = SURFACE_CURVE('',#10865,(#10869,#10876),.PCURVE_S1.);
#10865 = LINE('',#10866,#10867);
#10866 = CARTESIAN_POINT('',(-51.875,-12.5,-10.5));
#10867 = VECTOR('',#10868,1.);
#10868 = DIRECTION('',(1.,0.,0.));
#10869 = PCURVE('',#6596,#10870);
#10870 = DEFINITIONAL_REPRESENTATION('',(#10871),#10875);
#10871 = LINE('',#10872,#10873);
#10872 = CARTESIAN_POINT('',(100.,16.625));
#10873 = VECTOR('',#10874,1.);
#10874 = DIRECTION('',(0.,1.));
#10875 = ( GEOMETRIC_REPRESENTATION_CONTEXT(2) 
PARAMETRIC_REPRESENTATION_CONTEXT() REPRESENTATION_CONTEXT('2D SPACE',''
  ) );
#10876 = PCURVE('',#6569,#10877);
#10877 = DEFINITIONAL_REPRESENTATION('',(#10878),#10881);
#10878 = B_SPLINE_CURVE_WITH_KNOTS('',1,(#10879,#10880),.UNSPECIFIED.,
  .F.,.F.,(2,2),(6.875,19.875),.PIECEWISE_BEZIER_KNOTS.);
#10879 = CARTESIAN_POINT('',(-9.75,-6.25));
#10880 = CARTESIAN_POINT('',(3.25,-6.25));
#10881 = ( GEOMETRIC_REPRESENTATION_CONTEXT(2) 
PARAMETRIC_REPRESENTATION_CONTEXT() REPRESENTATION_CONTEXT('2D SPACE',''
  ) );
#10882 = ORIENTED_EDGE('',*,*,#6581,.F.);
#10883 = ORIENTED_EDGE('',*,*,#10738,.T.);
#10884 = ORIENTED_EDGE('',*,*,#10885,.F.);
#10885 = EDGE_CURVE('',#10574,#10739,#10886,.T.);
#10886 = SURFACE_CURVE('',#10887,(#10891,#10898),.PCURVE_S1.);
#10887 = LINE('',#10888,#10889);
#10888 = CARTESIAN_POINT('',(-32.,-12.5,-110.5));
#10889 = VECTOR('',#10890,1.);
#10890 = DIRECTION('',(0.,0.,1.));
#10891 = PCURVE('',#6596,#10892);
#10892 = DEFINITIONAL_REPRESENTATION('',(#10893),#10897);
#10893 = LINE('',#10894,#10895);
#10894 = CARTESIAN_POINT('',(0.,36.5));
#10895 = VECTOR('',#10896,1.);
#10896 = DIRECTION('',(1.,0.));
#10897 = ( GEOMETRIC_REPRESENTATION_CONTEXT(2) 
PARAMETRIC_REPRESENTATION_CONTEXT() REPRESENTATION_CONTEXT('2D SPACE',''
  ) );
#10898 = PCURVE('',#10612,#10899);
#10899 = DEFINITIONAL_REPRESENTATION('',(#10900),#10904);
#10900 = LINE('',#10901,#10902);
#10901 = CARTESIAN_POINT('',(-1.570796326795,0.));
#10902 = VECTOR('',#10903,1.);
#10903 = DIRECTION('',(-0.,1.));
#10904 = ( GEOMETRIC_REPRESENTATION_CONTEXT(2) 
PARAMETRIC_REPRESENTATION_CONTEXT() REPRESENTATION_CONTEXT('2D SPACE',''
  ) );
#10905 = ORIENTED_EDGE('',*,*,#10573,.F.);
#10906 = ORIENTED_EDGE('',*,*,#10907,.F.);
#10907 = EDGE_CURVE('',#10908,#10553,#10910,.T.);
#10908 = VERTEX_POINT('',#10909);
#10909 = CARTESIAN_POINT('',(-35.25,-12.5,-20.2));
#10910 = SURFACE_CURVE('',#10911,(#10915,#10922),.PCURVE_S1.);
#10911 = LINE('',#10912,#10913);
#10912 = CARTESIAN_POINT('',(-35.25,-12.5,-69.8));
#10913 = VECTOR('',#10914,1.);
#10914 = DIRECTION('',(-0.,0.,-1.));
#10915 = PCURVE('',#6596,#10916);
#10916 = DEFINITIONAL_REPRESENTATION('',(#10917),#10921);
#10917 = LINE('',#10918,#10919);
#10918 = CARTESIAN_POINT('',(40.7,33.25));
#10919 = VECTOR('',#10920,1.);
#10920 = DIRECTION('',(-1.,0.));
#10921 = ( GEOMETRIC_REPRESENTATION_CONTEXT(2) 
PARAMETRIC_REPRESENTATION_CONTEXT() REPRESENTATION_CONTEXT('2D SPACE',''
  ) );
#10922 = PCURVE('',#10364,#10923);
#10923 = DEFINITIONAL_REPRESENTATION('',(#10924),#10927);
#10924 = B_SPLINE_CURVE_WITH_KNOTS('',1,(#10925,#10926),.UNSPECIFIED.,
  .F.,.F.,(2,2),(-49.6,-42.3),.PIECEWISE_BEZIER_KNOTS.);
#10925 = CARTESIAN_POINT('',(8.9,-1.E-01));
#10926 = CARTESIAN_POINT('',(1.6,-1.E-01));
#10927 = ( GEOMETRIC_REPRESENTATION_CONTEXT(2) 
PARAMETRIC_REPRESENTATION_CONTEXT() REPRESENTATION_CONTEXT('2D SPACE',''
  ) );
#10928 = ORIENTED_EDGE('',*,*,#10929,.F.);
#10929 = EDGE_CURVE('',#10930,#10908,#10932,.T.);
#10930 = VERTEX_POINT('',#10931);
#10931 = CARTESIAN_POINT('',(-36.85,-12.5,-20.2));
#10932 = SURFACE_CURVE('',#10933,(#10937,#10944),.PCURVE_S1.);
#10933 = LINE('',#10934,#10935);
#10934 = CARTESIAN_POINT('',(-52.675,-12.5,-20.2));
#10935 = VECTOR('',#10936,1.);
#10936 = DIRECTION('',(1.,0.,0.));
#10937 = PCURVE('',#6596,#10938);
#10938 = DEFINITIONAL_REPRESENTATION('',(#10939),#10943);
#10939 = LINE('',#10940,#10941);
#10940 = CARTESIAN_POINT('',(90.3,15.825));
#10941 = VECTOR('',#10942,1.);
#10942 = DIRECTION('',(0.,1.));
#10943 = ( GEOMETRIC_REPRESENTATION_CONTEXT(2) 
PARAMETRIC_REPRESENTATION_CONTEXT() REPRESENTATION_CONTEXT('2D SPACE',''
  ) );
#10944 = PCURVE('',#10945,#10950);
#10945 = PLANE('',#10946);
#10946 = AXIS2_PLACEMENT_3D('',#10947,#10948,#10949);
#10947 = CARTESIAN_POINT('',(-36.85,-12.6,-20.2));
#10948 = DIRECTION('',(0.,0.,1.));
#10949 = DIRECTION('',(1.,0.,-0.));
#10950 = DEFINITIONAL_REPRESENTATION('',(#10951),#10954);
#10951 = B_SPLINE_CURVE_WITH_KNOTS('',1,(#10952,#10953),.UNSPECIFIED.,
  .F.,.F.,(2,2),(15.825,17.425),.PIECEWISE_BEZIER_KNOTS.);
#10952 = CARTESIAN_POINT('',(0.,1.E-01));
#10953 = CARTESIAN_POINT('',(1.6,1.E-01));
#10954 = ( GEOMETRIC_REPRESENTATION_CONTEXT(2) 
PARAMETRIC_REPRESENTATION_CONTEXT() REPRESENTATION_CONTEXT('2D SPACE',''
  ) );
#10955 = ORIENTED_EDGE('',*,*,#10956,.T.);
#10956 = EDGE_CURVE('',#10930,#10957,#10959,.T.);
#10957 = VERTEX_POINT('',#10958);
#10958 = CARTESIAN_POINT('',(-36.85,-12.5,-29.1));
#10959 = SURFACE_CURVE('',#10960,(#10964,#10971),.PCURVE_S1.);
#10960 = LINE('',#10961,#10962);
#10961 = CARTESIAN_POINT('',(-36.85,-12.5,-69.8));
#10962 = VECTOR('',#10963,1.);
#10963 = DIRECTION('',(-0.,0.,-1.));
#10964 = PCURVE('',#6596,#10965);
#10965 = DEFINITIONAL_REPRESENTATION('',(#10966),#10970);
#10966 = LINE('',#10967,#10968);
#10967 = CARTESIAN_POINT('',(40.7,31.65));
#10968 = VECTOR('',#10969,1.);
#10969 = DIRECTION('',(-1.,0.));
#10970 = ( GEOMETRIC_REPRESENTATION_CONTEXT(2) 
PARAMETRIC_REPRESENTATION_CONTEXT() REPRESENTATION_CONTEXT('2D SPACE',''
  ) );
#10971 = PCURVE('',#10972,#10977);
#10972 = PLANE('',#10973);
#10973 = AXIS2_PLACEMENT_3D('',#10974,#10975,#10976);
#10974 = CARTESIAN_POINT('',(-36.85,-12.6,-29.1));
#10975 = DIRECTION('',(1.,0.,-0.));
#10976 = DIRECTION('',(0.,0.,1.));
#10977 = DEFINITIONAL_REPRESENTATION('',(#10978),#10981);
#10978 = B_SPLINE_CURVE_WITH_KNOTS('',1,(#10979,#10980),.UNSPECIFIED.,
  .F.,.F.,(2,2),(-49.6,-40.7),.PIECEWISE_BEZIER_KNOTS.);
#10979 = CARTESIAN_POINT('',(8.9,-1.E-01));
#10980 = CARTESIAN_POINT('',(0.,-1.E-01));
#10981 = ( GEOMETRIC_REPRESENTATION_CONTEXT(2) 
PARAMETRIC_REPRESENTATION_CONTEXT() REPRESENTATION_CONTEXT('2D SPACE',''
  ) );
#10982 = ORIENTED_EDGE('',*,*,#10983,.T.);
#10983 = EDGE_CURVE('',#10957,#10984,#10986,.T.);
#10984 = VERTEX_POINT('',#10985);
#10985 = CARTESIAN_POINT('',(-32.,-12.5,-29.1));
#10986 = SURFACE_CURVE('',#10987,(#10991,#10998),.PCURVE_S1.);
#10987 = LINE('',#10988,#10989);
#10988 = CARTESIAN_POINT('',(-52.675,-12.5,-29.1));
#10989 = VECTOR('',#10990,1.);
#10990 = DIRECTION('',(1.,0.,0.));
#10991 = PCURVE('',#6596,#10992);
#10992 = DEFINITIONAL_REPRESENTATION('',(#10993),#10997);
#10993 = LINE('',#10994,#10995);
#10994 = CARTESIAN_POINT('',(81.4,15.825));
#10995 = VECTOR('',#10996,1.);
#10996 = DIRECTION('',(0.,1.));
#10997 = ( GEOMETRIC_REPRESENTATION_CONTEXT(2) 
PARAMETRIC_REPRESENTATION_CONTEXT() REPRESENTATION_CONTEXT('2D SPACE',''
  ) );
#10998 = PCURVE('',#9105,#10999);
#10999 = DEFINITIONAL_REPRESENTATION('',(#11000),#11003);
#11000 = B_SPLINE_CURVE_WITH_KNOTS('',1,(#11001,#11002),.UNSPECIFIED.,
  .F.,.F.,(2,2),(15.825,20.675),.PIECEWISE_BEZIER_KNOTS.);
#11001 = CARTESIAN_POINT('',(0.,1.E-01));
#11002 = CARTESIAN_POINT('',(4.85,1.E-01));
#11003 = ( GEOMETRIC_REPRESENTATION_CONTEXT(2) 
PARAMETRIC_REPRESENTATION_CONTEXT() REPRESENTATION_CONTEXT('2D SPACE',''
  ) );
#11004 = ORIENTED_EDGE('',*,*,#11005,.F.);
#11005 = EDGE_CURVE('',#8661,#10984,#11006,.T.);
#11006 = SURFACE_CURVE('',#11007,(#11011,#11018),.PCURVE_S1.);
#11007 = LINE('',#11008,#11009);
#11008 = CARTESIAN_POINT('',(-32.,-12.5,-110.5));
#11009 = VECTOR('',#11010,1.);
#11010 = DIRECTION('',(0.,0.,1.));
#11011 = PCURVE('',#6596,#11012);
#11012 = DEFINITIONAL_REPRESENTATION('',(#11013),#11017);
#11013 = LINE('',#11014,#11015);
#11014 = CARTESIAN_POINT('',(0.,36.5));
#11015 = VECTOR('',#11016,1.);
#11016 = DIRECTION('',(1.,0.));
#11017 = ( GEOMETRIC_REPRESENTATION_CONTEXT(2) 
PARAMETRIC_REPRESENTATION_CONTEXT() REPRESENTATION_CONTEXT('2D SPACE',''
  ) );
#11018 = PCURVE('',#8677,#11019);
#11019 = DEFINITIONAL_REPRESENTATION('',(#11020),#11024);
#11020 = LINE('',#11021,#11022);
#11021 = CARTESIAN_POINT('',(-1.570796326795,0.));
#11022 = VECTOR('',#11023,1.);
#11023 = DIRECTION('',(-0.,1.));
#11024 = ( GEOMETRIC_REPRESENTATION_CONTEXT(2) 
PARAMETRIC_REPRESENTATION_CONTEXT() REPRESENTATION_CONTEXT('2D SPACE',''
  ) );
#11025 = ORIENTED_EDGE('',*,*,#8689,.F.);
#11026 = ORIENTED_EDGE('',*,*,#11027,.F.);
#11027 = EDGE_CURVE('',#10794,#8587,#11028,.T.);
#11028 = SURFACE_CURVE('',#11029,(#11033,#11040),.PCURVE_S1.);
#11029 = LINE('',#11030,#11031);
#11030 = CARTESIAN_POINT('',(-60.,-12.5,-108.7181980515));
#11031 = VECTOR('',#11032,1.);
#11032 = DIRECTION('',(0.,0.,1.));
#11033 = PCURVE('',#6596,#11034);
#11034 = DEFINITIONAL_REPRESENTATION('',(#11035),#11039);
#11035 = LINE('',#11036,#11037);
#11036 = CARTESIAN_POINT('',(1.781801948466,8.5));
#11037 = VECTOR('',#11038,1.);
#11038 = DIRECTION('',(1.,0.));
#11039 = ( GEOMETRIC_REPRESENTATION_CONTEXT(2) 
PARAMETRIC_REPRESENTATION_CONTEXT() REPRESENTATION_CONTEXT('2D SPACE',''
  ) );
#11040 = PCURVE('',#8602,#11041);
#11041 = DEFINITIONAL_REPRESENTATION('',(#11042),#11045);
#11042 = B_SPLINE_CURVE_WITH_KNOTS('',1,(#11043,#11044),.UNSPECIFIED.,
  .F.,.F.,(2,2),(1.464466094069E-02,3.168198051534),
  .PIECEWISE_BEZIER_KNOTS.);
#11043 = CARTESIAN_POINT('',(1.767157287525,-0.246262814645));
#11044 = CARTESIAN_POINT('',(-1.386396103068,-0.246262814645));
#11045 = ( GEOMETRIC_REPRESENTATION_CONTEXT(2) 
PARAMETRIC_REPRESENTATION_CONTEXT() REPRESENTATION_CONTEXT('2D SPACE',''
  ) );
#11046 = ADVANCED_FACE('',(#11047),#6569,.T.);
#11047 = FACE_BOUND('',#11048,.T.);
#11048 = EDGE_LOOP('',(#11049,#11050,#11051,#11052));
#11049 = ORIENTED_EDGE('',*,*,#10863,.F.);
#11050 = ORIENTED_EDGE('',*,*,#6681,.F.);
#11051 = ORIENTED_EDGE('',*,*,#6632,.T.);
#11052 = ORIENTED_EDGE('',*,*,#6553,.T.);
#11053 = ADVANCED_FACE('',(#11054),#6882,.F.);
#11054 = FACE_BOUND('',#11055,.F.);
#11055 = EDGE_LOOP('',(#11056,#11057,#11058,#11059));
#11056 = ORIENTED_EDGE('',*,*,#6966,.F.);
#11057 = ORIENTED_EDGE('',*,*,#7355,.T.);
#11058 = ORIENTED_EDGE('',*,*,#6866,.T.);
#11059 = ORIENTED_EDGE('',*,*,#6916,.F.);
#11060 = ADVANCED_FACE('',(#11061),#7028,.T.);
#11061 = FACE_BOUND('',#11062,.T.);
#11062 = EDGE_LOOP('',(#11063,#11064,#11065,#11066));
#11063 = ORIENTED_EDGE('',*,*,#7012,.F.);
#11064 = ORIENTED_EDGE('',*,*,#7333,.T.);
#11065 = ORIENTED_EDGE('',*,*,#7307,.T.);
#11066 = ORIENTED_EDGE('',*,*,#7212,.F.);
#11067 = ADVANCED_FACE('',(#11068),#7079,.F.);
#11068 = FACE_BOUND('',#11069,.F.);
#11069 = EDGE_LOOP('',(#11070,#11071,#11072,#11073));
#11070 = ORIENTED_EDGE('',*,*,#7063,.F.);
#11071 = ORIENTED_EDGE('',*,*,#7116,.T.);
#11072 = ORIENTED_EDGE('',*,*,#7165,.T.);
#11073 = ORIENTED_EDGE('',*,*,#7236,.F.);
#11074 = ADVANCED_FACE('',(#11075),#7831,.T.);
#11075 = FACE_BOUND('',#11076,.T.);
#11076 = EDGE_LOOP('',(#11077,#11078,#11099,#11100,#11101,#11102,#11123,
    #11124,#11125,#11126,#11149,#11170));
#11077 = ORIENTED_EDGE('',*,*,#10094,.F.);
#11078 = ORIENTED_EDGE('',*,*,#11079,.F.);
#11079 = EDGE_CURVE('',#8132,#10095,#11080,.T.);
#11080 = SURFACE_CURVE('',#11081,(#11085,#11092),.PCURVE_S1.);
#11081 = LINE('',#11082,#11083);
#11082 = CARTESIAN_POINT('',(-68.5,-6.,-110.5));
#11083 = VECTOR('',#11084,1.);
#11084 = DIRECTION('',(0.,0.,1.));
#11085 = PCURVE('',#7831,#11086);
#11086 = DEFINITIONAL_REPRESENTATION('',(#11087),#11091);
#11087 = LINE('',#11088,#11089);
#11088 = CARTESIAN_POINT('',(0.,-6.5));
#11089 = VECTOR('',#11090,1.);
#11090 = DIRECTION('',(1.,0.));
#11091 = ( GEOMETRIC_REPRESENTATION_CONTEXT(2) 
PARAMETRIC_REPRESENTATION_CONTEXT() REPRESENTATION_CONTEXT('2D SPACE',''
  ) );
#11092 = PCURVE('',#7806,#11093);
#11093 = DEFINITIONAL_REPRESENTATION('',(#11094),#11098);
#11094 = LINE('',#11095,#11096);
#11095 = CARTESIAN_POINT('',(0.,0.));
#11096 = VECTOR('',#11097,1.);
#11097 = DIRECTION('',(0.,1.));
#11098 = ( GEOMETRIC_REPRESENTATION_CONTEXT(2) 
PARAMETRIC_REPRESENTATION_CONTEXT() REPRESENTATION_CONTEXT('2D SPACE',''
  ) );
#11099 = ORIENTED_EDGE('',*,*,#8155,.F.);
#11100 = ORIENTED_EDGE('',*,*,#10024,.F.);
#11101 = ORIENTED_EDGE('',*,*,#8036,.T.);
#11102 = ORIENTED_EDGE('',*,*,#11103,.F.);
#11103 = EDGE_CURVE('',#7919,#8013,#11104,.T.);
#11104 = SURFACE_CURVE('',#11105,(#11109,#11116),.PCURVE_S1.);
#11105 = LINE('',#11106,#11107);
#11106 = CARTESIAN_POINT('',(-68.5,-6.,-110.5));
#11107 = VECTOR('',#11108,1.);
#11108 = DIRECTION('',(0.,0.,1.));
#11109 = PCURVE('',#7831,#11110);
#11110 = DEFINITIONAL_REPRESENTATION('',(#11111),#11115);
#11111 = LINE('',#11112,#11113);
#11112 = CARTESIAN_POINT('',(0.,-6.5));
#11113 = VECTOR('',#11114,1.);
#11114 = DIRECTION('',(1.,0.));
#11115 = ( GEOMETRIC_REPRESENTATION_CONTEXT(2) 
PARAMETRIC_REPRESENTATION_CONTEXT() REPRESENTATION_CONTEXT('2D SPACE',''
  ) );
#11116 = PCURVE('',#7806,#11117);
#11117 = DEFINITIONAL_REPRESENTATION('',(#11118),#11122);
#11118 = LINE('',#11119,#11120);
#11119 = CARTESIAN_POINT('',(0.,0.));
#11120 = VECTOR('',#11121,1.);
#11121 = DIRECTION('',(0.,1.));
#11122 = ( GEOMETRIC_REPRESENTATION_CONTEXT(2) 
PARAMETRIC_REPRESENTATION_CONTEXT() REPRESENTATION_CONTEXT('2D SPACE',''
  ) );
#11123 = ORIENTED_EDGE('',*,*,#7942,.F.);
#11124 = ORIENTED_EDGE('',*,*,#9999,.F.);
#11125 = ORIENTED_EDGE('',*,*,#7818,.T.);
#11126 = ORIENTED_EDGE('',*,*,#11127,.F.);
#11127 = EDGE_CURVE('',#11128,#7790,#11130,.T.);
#11128 = VERTEX_POINT('',#11129);
#11129 = CARTESIAN_POINT('',(-68.5,-6.,-110.));
#11130 = SURFACE_CURVE('',#11131,(#11135,#11142),.PCURVE_S1.);
#11131 = LINE('',#11132,#11133);
#11132 = CARTESIAN_POINT('',(-68.5,-6.,-110.5));
#11133 = VECTOR('',#11134,1.);
#11134 = DIRECTION('',(0.,0.,1.));
#11135 = PCURVE('',#7831,#11136);
#11136 = DEFINITIONAL_REPRESENTATION('',(#11137),#11141);
#11137 = LINE('',#11138,#11139);
#11138 = CARTESIAN_POINT('',(0.,-6.5));
#11139 = VECTOR('',#11140,1.);
#11140 = DIRECTION('',(1.,0.));
#11141 = ( GEOMETRIC_REPRESENTATION_CONTEXT(2) 
PARAMETRIC_REPRESENTATION_CONTEXT() REPRESENTATION_CONTEXT('2D SPACE',''
  ) );
#11142 = PCURVE('',#7806,#11143);
#11143 = DEFINITIONAL_REPRESENTATION('',(#11144),#11148);
#11144 = LINE('',#11145,#11146);
#11145 = CARTESIAN_POINT('',(0.,0.));
#11146 = VECTOR('',#11147,1.);
#11147 = DIRECTION('',(0.,1.));
#11148 = ( GEOMETRIC_REPRESENTATION_CONTEXT(2) 
PARAMETRIC_REPRESENTATION_CONTEXT() REPRESENTATION_CONTEXT('2D SPACE',''
  ) );
#11149 = ORIENTED_EDGE('',*,*,#11150,.T.);
#11150 = EDGE_CURVE('',#11128,#11151,#11153,.T.);
#11151 = VERTEX_POINT('',#11152);
#11152 = CARTESIAN_POINT('',(-68.5,6.,-110.));
#11153 = SURFACE_CURVE('',#11154,(#11158,#11164),.PCURVE_S1.);
#11154 = LINE('',#11155,#11156);
#11155 = CARTESIAN_POINT('',(-68.5,-13.75,-110.));
#11156 = VECTOR('',#11157,1.);
#11157 = DIRECTION('',(0.,1.,0.));
#11158 = PCURVE('',#7831,#11159);
#11159 = DEFINITIONAL_REPRESENTATION('',(#11160),#11163);
#11160 = B_SPLINE_CURVE_WITH_KNOTS('',1,(#11161,#11162),.UNSPECIFIED.,
  .F.,.F.,(2,2),(7.75,19.75),.PIECEWISE_BEZIER_KNOTS.);
#11161 = CARTESIAN_POINT('',(0.5,-6.5));
#11162 = CARTESIAN_POINT('',(0.5,-18.5));
#11163 = ( GEOMETRIC_REPRESENTATION_CONTEXT(2) 
PARAMETRIC_REPRESENTATION_CONTEXT() REPRESENTATION_CONTEXT('2D SPACE',''
  ) );
#11164 = PCURVE('',#8235,#11165);
#11165 = DEFINITIONAL_REPRESENTATION('',(#11166),#11169);
#11166 = B_SPLINE_CURVE_WITH_KNOTS('',1,(#11167,#11168),.UNSPECIFIED.,
  .F.,.F.,(2,2),(7.75,19.75),.PIECEWISE_BEZIER_KNOTS.);
#11167 = CARTESIAN_POINT('',(2.5,9.));
#11168 = CARTESIAN_POINT('',(2.5,21.));
#11169 = ( GEOMETRIC_REPRESENTATION_CONTEXT(2) 
PARAMETRIC_REPRESENTATION_CONTEXT() REPRESENTATION_CONTEXT('2D SPACE',''
  ) );
#11170 = ORIENTED_EDGE('',*,*,#11171,.T.);
#11171 = EDGE_CURVE('',#11151,#10097,#11172,.T.);
#11172 = SURFACE_CURVE('',#11173,(#11177,#11184),.PCURVE_S1.);
#11173 = LINE('',#11174,#11175);
#11174 = CARTESIAN_POINT('',(-68.5,6.,-110.5));
#11175 = VECTOR('',#11176,1.);
#11176 = DIRECTION('',(0.,0.,1.));
#11177 = PCURVE('',#7831,#11178);
#11178 = DEFINITIONAL_REPRESENTATION('',(#11179),#11183);
#11179 = LINE('',#11180,#11181);
#11180 = CARTESIAN_POINT('',(0.,-18.5));
#11181 = VECTOR('',#11182,1.);
#11182 = DIRECTION('',(1.,0.));
#11183 = ( GEOMETRIC_REPRESENTATION_CONTEXT(2) 
PARAMETRIC_REPRESENTATION_CONTEXT() REPRESENTATION_CONTEXT('2D SPACE',''
  ) );
#11184 = PCURVE('',#10265,#11185);
#11185 = DEFINITIONAL_REPRESENTATION('',(#11186),#11190);
#11186 = LINE('',#11187,#11188);
#11187 = CARTESIAN_POINT('',(-0.,0.));
#11188 = VECTOR('',#11189,1.);
#11189 = DIRECTION('',(-0.,1.));
#11190 = ( GEOMETRIC_REPRESENTATION_CONTEXT(2) 
PARAMETRIC_REPRESENTATION_CONTEXT() REPRESENTATION_CONTEXT('2D SPACE',''
  ) );
#11191 = ADVANCED_FACE('',(#11192),#7806,.F.);
#11192 = FACE_BOUND('',#11193,.F.);
#11193 = EDGE_LOOP('',(#11194,#11195,#11217,#11218,#11219,#11220,#11221,
    #11222,#11223,#11224,#11225,#11226));
#11194 = ORIENTED_EDGE('',*,*,#11127,.F.);
#11195 = ORIENTED_EDGE('',*,*,#11196,.T.);
#11196 = EDGE_CURVE('',#11128,#10818,#11197,.T.);
#11197 = SURFACE_CURVE('',#11198,(#11203,#11210),.PCURVE_S1.);
#11198 = CIRCLE('',#11199,6.5);
#11199 = AXIS2_PLACEMENT_3D('',#11200,#11201,#11202);
#11200 = CARTESIAN_POINT('',(-62.,-6.,-110.));
#11201 = DIRECTION('',(0.,0.,1.));
#11202 = DIRECTION('',(-1.,-0.,0.));
#11203 = PCURVE('',#7806,#11204);
#11204 = DEFINITIONAL_REPRESENTATION('',(#11205),#11209);
#11205 = LINE('',#11206,#11207);
#11206 = CARTESIAN_POINT('',(0.,0.5));
#11207 = VECTOR('',#11208,1.);
#11208 = DIRECTION('',(1.,0.));
#11209 = ( GEOMETRIC_REPRESENTATION_CONTEXT(2) 
PARAMETRIC_REPRESENTATION_CONTEXT() REPRESENTATION_CONTEXT('2D SPACE',''
  ) );
#11210 = PCURVE('',#8235,#11211);
#11211 = DEFINITIONAL_REPRESENTATION('',(#11212),#11216);
#11212 = CIRCLE('',#11213,6.5);
#11213 = AXIS2_PLACEMENT_2D('',#11214,#11215);
#11214 = CARTESIAN_POINT('',(9.,9.));
#11215 = DIRECTION('',(-1.,0.));
#11216 = ( GEOMETRIC_REPRESENTATION_CONTEXT(2) 
PARAMETRIC_REPRESENTATION_CONTEXT() REPRESENTATION_CONTEXT('2D SPACE',''
  ) );
#11217 = ORIENTED_EDGE('',*,*,#10840,.T.);
#11218 = ORIENTED_EDGE('',*,*,#10119,.F.);
#11219 = ORIENTED_EDGE('',*,*,#11079,.F.);
#11220 = ORIENTED_EDGE('',*,*,#8131,.T.);
#11221 = ORIENTED_EDGE('',*,*,#8083,.F.);
#11222 = ORIENTED_EDGE('',*,*,#8012,.F.);
#11223 = ORIENTED_EDGE('',*,*,#11103,.F.);
#11224 = ORIENTED_EDGE('',*,*,#7918,.T.);
#11225 = ORIENTED_EDGE('',*,*,#7870,.F.);
#11226 = ORIENTED_EDGE('',*,*,#7789,.F.);
#11227 = ADVANCED_FACE('',(#11228),#8235,.F.);
#11228 = FACE_BOUND('',#11229,.F.);
#11229 = EDGE_LOOP('',(#11230,#11231,#11232,#11233,#11234,#11235,#11236,
    #11237,#11238,#11262,#11283,#11284,#11285,#11286));
#11230 = ORIENTED_EDGE('',*,*,#10049,.F.);
#11231 = ORIENTED_EDGE('',*,*,#8220,.F.);
#11232 = ORIENTED_EDGE('',*,*,#8277,.F.);
#11233 = ORIENTED_EDGE('',*,*,#8434,.F.);
#11234 = ORIENTED_EDGE('',*,*,#8488,.T.);
#11235 = ORIENTED_EDGE('',*,*,#10817,.T.);
#11236 = ORIENTED_EDGE('',*,*,#11196,.F.);
#11237 = ORIENTED_EDGE('',*,*,#11150,.T.);
#11238 = ORIENTED_EDGE('',*,*,#11239,.F.);
#11239 = EDGE_CURVE('',#11240,#11151,#11242,.T.);
#11240 = VERTEX_POINT('',#11241);
#11241 = CARTESIAN_POINT('',(-62.,12.5,-110.));
#11242 = SURFACE_CURVE('',#11243,(#11248,#11255),.PCURVE_S1.);
#11243 = CIRCLE('',#11244,6.5);
#11244 = AXIS2_PLACEMENT_3D('',#11245,#11246,#11247);
#11245 = CARTESIAN_POINT('',(-62.,6.,-110.));
#11246 = DIRECTION('',(0.,0.,1.));
#11247 = DIRECTION('',(-1.,-0.,0.));
#11248 = PCURVE('',#8235,#11249);
#11249 = DEFINITIONAL_REPRESENTATION('',(#11250),#11254);
#11250 = CIRCLE('',#11251,6.5);
#11251 = AXIS2_PLACEMENT_2D('',#11252,#11253);
#11252 = CARTESIAN_POINT('',(9.,21.));
#11253 = DIRECTION('',(-1.,0.));
#11254 = ( GEOMETRIC_REPRESENTATION_CONTEXT(2) 
PARAMETRIC_REPRESENTATION_CONTEXT() REPRESENTATION_CONTEXT('2D SPACE',''
  ) );
#11255 = PCURVE('',#10265,#11256);
#11256 = DEFINITIONAL_REPRESENTATION('',(#11257),#11261);
#11257 = LINE('',#11258,#11259);
#11258 = CARTESIAN_POINT('',(-6.28318530718,0.5));
#11259 = VECTOR('',#11260,1.);
#11260 = DIRECTION('',(1.,-0.));
#11261 = ( GEOMETRIC_REPRESENTATION_CONTEXT(2) 
PARAMETRIC_REPRESENTATION_CONTEXT() REPRESENTATION_CONTEXT('2D SPACE',''
  ) );
#11262 = ORIENTED_EDGE('',*,*,#11263,.F.);
#11263 = EDGE_CURVE('',#9414,#11240,#11264,.T.);
#11264 = SURFACE_CURVE('',#11265,(#11269,#11276),.PCURVE_S1.);
#11265 = LINE('',#11266,#11267);
#11266 = CARTESIAN_POINT('',(-29.69565627563,12.5,-110.));
#11267 = VECTOR('',#11268,1.);
#11268 = DIRECTION('',(-1.,0.,0.));
#11269 = PCURVE('',#8235,#11270);
#11270 = DEFINITIONAL_REPRESENTATION('',(#11271),#11275);
#11271 = LINE('',#11272,#11273);
#11272 = CARTESIAN_POINT('',(41.304343724361,27.5));
#11273 = VECTOR('',#11274,1.);
#11274 = DIRECTION('',(-1.,0.));
#11275 = ( GEOMETRIC_REPRESENTATION_CONTEXT(2) 
PARAMETRIC_REPRESENTATION_CONTEXT() REPRESENTATION_CONTEXT('2D SPACE',''
  ) );
#11276 = PCURVE('',#9428,#11277);
#11277 = DEFINITIONAL_REPRESENTATION('',(#11278),#11282);
#11278 = LINE('',#11279,#11280);
#11279 = CARTESIAN_POINT('',(0.5,3.304343724361));
#11280 = VECTOR('',#11281,1.);
#11281 = DIRECTION('',(0.,-1.));
#11282 = ( GEOMETRIC_REPRESENTATION_CONTEXT(2) 
PARAMETRIC_REPRESENTATION_CONTEXT() REPRESENTATION_CONTEXT('2D SPACE',''
  ) );
#11283 = ORIENTED_EDGE('',*,*,#9440,.T.);
#11284 = ORIENTED_EDGE('',*,*,#9356,.F.);
#11285 = ORIENTED_EDGE('',*,*,#9920,.F.);
#11286 = ORIENTED_EDGE('',*,*,#9967,.F.);
#11287 = ADVANCED_FACE('',(#11288),#8342,.T.);
#11288 = FACE_BOUND('',#11289,.T.);
#11289 = EDGE_LOOP('',(#11290,#11291,#11292,#11293));
#11290 = ORIENTED_EDGE('',*,*,#9189,.F.);
#11291 = ORIENTED_EDGE('',*,*,#9120,.F.);
#11292 = ORIENTED_EDGE('',*,*,#8356,.T.);
#11293 = ORIENTED_EDGE('',*,*,#8329,.F.);
#11294 = ADVANCED_FACE('',(#11295),#8316,.F.);
#11295 = FACE_BOUND('',#11296,.T.);
#11296 = EDGE_LOOP('',(#11297,#11298,#11299,#11300));
#11297 = ORIENTED_EDGE('',*,*,#9717,.F.);
#11298 = ORIENTED_EDGE('',*,*,#8302,.T.);
#11299 = ORIENTED_EDGE('',*,*,#8789,.T.);
#11300 = ORIENTED_EDGE('',*,*,#11301,.F.);
#11301 = EDGE_CURVE('',#9718,#8790,#11302,.T.);
#11302 = SURFACE_CURVE('',#11303,(#11307,#11314),.PCURVE_S1.);
#11303 = LINE('',#11304,#11305);
#11304 = CARTESIAN_POINT('',(-24.,6.,-110.));
#11305 = VECTOR('',#11306,1.);
#11306 = DIRECTION('',(-0.,-1.,-0.));
#11307 = PCURVE('',#8316,#11308);
#11308 = DEFINITIONAL_REPRESENTATION('',(#11309),#11313);
#11309 = LINE('',#11310,#11311);
#11310 = CARTESIAN_POINT('',(-0.,0.707106781187));
#11311 = VECTOR('',#11312,1.);
#11312 = DIRECTION('',(-1.,0.));
#11313 = ( GEOMETRIC_REPRESENTATION_CONTEXT(2) 
PARAMETRIC_REPRESENTATION_CONTEXT() REPRESENTATION_CONTEXT('2D SPACE',''
  ) );
#11314 = PCURVE('',#8775,#11315);
#11315 = DEFINITIONAL_REPRESENTATION('',(#11316),#11320);
#11316 = LINE('',#11317,#11318);
#11317 = CARTESIAN_POINT('',(47.,21.));
#11318 = VECTOR('',#11319,1.);
#11319 = DIRECTION('',(-0.,-1.));
#11320 = ( GEOMETRIC_REPRESENTATION_CONTEXT(2) 
PARAMETRIC_REPRESENTATION_CONTEXT() REPRESENTATION_CONTEXT('2D SPACE',''
  ) );
#11321 = ADVANCED_FACE('',(#11322),#8570,.F.);
#11322 = FACE_BOUND('',#11323,.F.);
#11323 = EDGE_LOOP('',(#11324,#11347,#11370,#11396,#11422,#11448,#11469,
    #11470));
#11324 = ORIENTED_EDGE('',*,*,#11325,.F.);
#11325 = EDGE_CURVE('',#11326,#8585,#11328,.T.);
#11326 = VERTEX_POINT('',#11327);
#11327 = CARTESIAN_POINT('',(-60.,-13.5,-107.4035533905));
#11328 = SURFACE_CURVE('',#11329,(#11333,#11340),.PCURVE_S1.);
#11329 = LINE('',#11330,#11331);
#11330 = CARTESIAN_POINT('',(-60.,-13.5,-107.4035533905));
#11331 = VECTOR('',#11332,1.);
#11332 = DIRECTION('',(0.,0.,1.));
#11333 = PCURVE('',#8570,#11334);
#11334 = DEFINITIONAL_REPRESENTATION('',(#11335),#11339);
#11335 = LINE('',#11336,#11337);
#11336 = CARTESIAN_POINT('',(0.,0.));
#11337 = VECTOR('',#11338,1.);
#11338 = DIRECTION('',(1.,0.));
#11339 = ( GEOMETRIC_REPRESENTATION_CONTEXT(2) 
PARAMETRIC_REPRESENTATION_CONTEXT() REPRESENTATION_CONTEXT('2D SPACE',''
  ) );
#11340 = PCURVE('',#8602,#11341);
#11341 = DEFINITIONAL_REPRESENTATION('',(#11342),#11346);
#11342 = LINE('',#11343,#11344);
#11343 = CARTESIAN_POINT('',(0.467157287525,0.753737185355));
#11344 = VECTOR('',#11345,1.);
#11345 = DIRECTION('',(-1.,0.));
#11346 = ( GEOMETRIC_REPRESENTATION_CONTEXT(2) 
PARAMETRIC_REPRESENTATION_CONTEXT() REPRESENTATION_CONTEXT('2D SPACE',''
  ) );
#11347 = ORIENTED_EDGE('',*,*,#11348,.T.);
#11348 = EDGE_CURVE('',#11326,#11349,#11351,.T.);
#11349 = VERTEX_POINT('',#11350);
#11350 = CARTESIAN_POINT('',(-58.15,-13.5,-107.4035533905));
#11351 = SURFACE_CURVE('',#11352,(#11356,#11363),.PCURVE_S1.);
#11352 = LINE('',#11353,#11354);
#11353 = CARTESIAN_POINT('',(-60.,-13.5,-107.4035533905));
#11354 = VECTOR('',#11355,1.);
#11355 = DIRECTION('',(1.,0.,0.));
#11356 = PCURVE('',#8570,#11357);
#11357 = DEFINITIONAL_REPRESENTATION('',(#11358),#11362);
#11358 = LINE('',#11359,#11360);
#11359 = CARTESIAN_POINT('',(0.,0.));
#11360 = VECTOR('',#11361,1.);
#11361 = DIRECTION('',(0.,-1.));
#11362 = ( GEOMETRIC_REPRESENTATION_CONTEXT(2) 
PARAMETRIC_REPRESENTATION_CONTEXT() REPRESENTATION_CONTEXT('2D SPACE',''
  ) );
#11363 = PCURVE('',#8546,#11364);
#11364 = DEFINITIONAL_REPRESENTATION('',(#11365),#11369);
#11365 = LINE('',#11366,#11367);
#11366 = CARTESIAN_POINT('',(1.838477631085,0.));
#11367 = VECTOR('',#11368,1.);
#11368 = DIRECTION('',(0.,-1.));
#11369 = ( GEOMETRIC_REPRESENTATION_CONTEXT(2) 
PARAMETRIC_REPRESENTATION_CONTEXT() REPRESENTATION_CONTEXT('2D SPACE',''
  ) );
#11370 = ORIENTED_EDGE('',*,*,#11371,.T.);
#11371 = EDGE_CURVE('',#11349,#11372,#11374,.T.);
#11372 = VERTEX_POINT('',#11373);
#11373 = CARTESIAN_POINT('',(-58.15,-13.5,-105.7));
#11374 = SURFACE_CURVE('',#11375,(#11379,#11385),.PCURVE_S1.);
#11375 = LINE('',#11376,#11377);
#11376 = CARTESIAN_POINT('',(-58.15,-13.5,-107.4267766952));
#11377 = VECTOR('',#11378,1.);
#11378 = DIRECTION('',(0.,0.,1.));
#11379 = PCURVE('',#8570,#11380);
#11380 = DEFINITIONAL_REPRESENTATION('',(#11381),#11384);
#11381 = B_SPLINE_CURVE_WITH_KNOTS('',1,(#11382,#11383),.UNSPECIFIED.,
  .F.,.F.,(2,2),(2.322330470336E-02,1.726776695297),
  .PIECEWISE_BEZIER_KNOTS.);
#11382 = CARTESIAN_POINT('',(0.,-1.85));
#11383 = CARTESIAN_POINT('',(1.703553390593,-1.85));
#11384 = ( GEOMETRIC_REPRESENTATION_CONTEXT(2) 
PARAMETRIC_REPRESENTATION_CONTEXT() REPRESENTATION_CONTEXT('2D SPACE',''
  ) );
#11385 = PCURVE('',#11386,#11391);
#11386 = PLANE('',#11387);
#11387 = AXIS2_PLACEMENT_3D('',#11388,#11389,#11390);
#11388 = CARTESIAN_POINT('',(-58.15,-13.75,-107.45));
#11389 = DIRECTION('',(1.,0.,-0.));
#11390 = DIRECTION('',(0.,0.,1.));
#11391 = DEFINITIONAL_REPRESENTATION('',(#11392),#11395);
#11392 = B_SPLINE_CURVE_WITH_KNOTS('',1,(#11393,#11394),.UNSPECIFIED.,
  .F.,.F.,(2,2),(2.322330470336E-02,1.726776695297),
  .PIECEWISE_BEZIER_KNOTS.);
#11393 = CARTESIAN_POINT('',(4.644660940673E-02,-0.25));
#11394 = CARTESIAN_POINT('',(1.75,-0.25));
#11395 = ( GEOMETRIC_REPRESENTATION_CONTEXT(2) 
PARAMETRIC_REPRESENTATION_CONTEXT() REPRESENTATION_CONTEXT('2D SPACE',''
  ) );
#11396 = ORIENTED_EDGE('',*,*,#11397,.F.);
#11397 = EDGE_CURVE('',#11398,#11372,#11400,.T.);
#11398 = VERTEX_POINT('',#11399);
#11399 = CARTESIAN_POINT('',(-55.85,-13.5,-105.7));
#11400 = SURFACE_CURVE('',#11401,(#11405,#11411),.PCURVE_S1.);
#11401 = LINE('',#11402,#11403);
#11402 = CARTESIAN_POINT('',(-59.075,-13.5,-105.7));
#11403 = VECTOR('',#11404,1.);
#11404 = DIRECTION('',(-1.,0.,0.));
#11405 = PCURVE('',#8570,#11406);
#11406 = DEFINITIONAL_REPRESENTATION('',(#11407),#11410);
#11407 = B_SPLINE_CURVE_WITH_KNOTS('',1,(#11408,#11409),.UNSPECIFIED.,
  .F.,.F.,(2,2),(-3.225,-0.925),.PIECEWISE_BEZIER_KNOTS.);
#11408 = CARTESIAN_POINT('',(1.703553390593,-4.15));
#11409 = CARTESIAN_POINT('',(1.703553390593,-1.85));
#11410 = ( GEOMETRIC_REPRESENTATION_CONTEXT(2) 
PARAMETRIC_REPRESENTATION_CONTEXT() REPRESENTATION_CONTEXT('2D SPACE',''
  ) );
#11411 = PCURVE('',#11412,#11417);
#11412 = PLANE('',#11413);
#11413 = AXIS2_PLACEMENT_3D('',#11414,#11415,#11416);
#11414 = CARTESIAN_POINT('',(-58.15,-13.75,-105.7));
#11415 = DIRECTION('',(0.,0.,1.));
#11416 = DIRECTION('',(1.,0.,-0.));
#11417 = DEFINITIONAL_REPRESENTATION('',(#11418),#11421);
#11418 = B_SPLINE_CURVE_WITH_KNOTS('',1,(#11419,#11420),.UNSPECIFIED.,
  .F.,.F.,(2,2),(-3.225,-0.925),.PIECEWISE_BEZIER_KNOTS.);
#11419 = CARTESIAN_POINT('',(2.3,0.25));
#11420 = CARTESIAN_POINT('',(0.,0.25));
#11421 = ( GEOMETRIC_REPRESENTATION_CONTEXT(2) 
PARAMETRIC_REPRESENTATION_CONTEXT() REPRESENTATION_CONTEXT('2D SPACE',''
  ) );
#11422 = ORIENTED_EDGE('',*,*,#11423,.F.);
#11423 = EDGE_CURVE('',#11424,#11398,#11426,.T.);
#11424 = VERTEX_POINT('',#11425);
#11425 = CARTESIAN_POINT('',(-55.85,-13.5,-107.4035533905));
#11426 = SURFACE_CURVE('',#11427,(#11431,#11437),.PCURVE_S1.);
#11427 = LINE('',#11428,#11429);
#11428 = CARTESIAN_POINT('',(-55.85,-13.5,-107.4267766952));
#11429 = VECTOR('',#11430,1.);
#11430 = DIRECTION('',(0.,0.,1.));
#11431 = PCURVE('',#8570,#11432);
#11432 = DEFINITIONAL_REPRESENTATION('',(#11433),#11436);
#11433 = B_SPLINE_CURVE_WITH_KNOTS('',1,(#11434,#11435),.UNSPECIFIED.,
  .F.,.F.,(2,2),(2.322330470336E-02,1.726776695297),
  .PIECEWISE_BEZIER_KNOTS.);
#11434 = CARTESIAN_POINT('',(0.,-4.15));
#11435 = CARTESIAN_POINT('',(1.703553390593,-4.15));
#11436 = ( GEOMETRIC_REPRESENTATION_CONTEXT(2) 
PARAMETRIC_REPRESENTATION_CONTEXT() REPRESENTATION_CONTEXT('2D SPACE',''
  ) );
#11437 = PCURVE('',#11438,#11443);
#11438 = PLANE('',#11439);
#11439 = AXIS2_PLACEMENT_3D('',#11440,#11441,#11442);
#11440 = CARTESIAN_POINT('',(-55.85,-13.75,-107.45));
#11441 = DIRECTION('',(1.,0.,-0.));
#11442 = DIRECTION('',(0.,0.,1.));
#11443 = DEFINITIONAL_REPRESENTATION('',(#11444),#11447);
#11444 = B_SPLINE_CURVE_WITH_KNOTS('',1,(#11445,#11446),.UNSPECIFIED.,
  .F.,.F.,(2,2),(2.322330470336E-02,1.726776695297),
  .PIECEWISE_BEZIER_KNOTS.);
#11445 = CARTESIAN_POINT('',(4.644660940673E-02,-0.25));
#11446 = CARTESIAN_POINT('',(1.75,-0.25));
#11447 = ( GEOMETRIC_REPRESENTATION_CONTEXT(2) 
PARAMETRIC_REPRESENTATION_CONTEXT() REPRESENTATION_CONTEXT('2D SPACE',''
  ) );
#11448 = ORIENTED_EDGE('',*,*,#11449,.T.);
#11449 = EDGE_CURVE('',#11424,#8532,#11450,.T.);
#11450 = SURFACE_CURVE('',#11451,(#11455,#11462),.PCURVE_S1.);
#11451 = LINE('',#11452,#11453);
#11452 = CARTESIAN_POINT('',(-60.,-13.5,-107.4035533905));
#11453 = VECTOR('',#11454,1.);
#11454 = DIRECTION('',(1.,0.,0.));
#11455 = PCURVE('',#8570,#11456);
#11456 = DEFINITIONAL_REPRESENTATION('',(#11457),#11461);
#11457 = LINE('',#11458,#11459);
#11458 = CARTESIAN_POINT('',(0.,0.));
#11459 = VECTOR('',#11460,1.);
#11460 = DIRECTION('',(0.,-1.));
#11461 = ( GEOMETRIC_REPRESENTATION_CONTEXT(2) 
PARAMETRIC_REPRESENTATION_CONTEXT() REPRESENTATION_CONTEXT('2D SPACE',''
  ) );
#11462 = PCURVE('',#8546,#11463);
#11463 = DEFINITIONAL_REPRESENTATION('',(#11464),#11468);
#11464 = LINE('',#11465,#11466);
#11465 = CARTESIAN_POINT('',(1.838477631085,0.));
#11466 = VECTOR('',#11467,1.);
#11467 = DIRECTION('',(0.,-1.));
#11468 = ( GEOMETRIC_REPRESENTATION_CONTEXT(2) 
PARAMETRIC_REPRESENTATION_CONTEXT() REPRESENTATION_CONTEXT('2D SPACE',''
  ) );
#11469 = ORIENTED_EDGE('',*,*,#8557,.T.);
#11470 = ORIENTED_EDGE('',*,*,#8614,.F.);
#11471 = ADVANCED_FACE('',(#11472),#8546,.F.);
#11472 = FACE_BOUND('',#11473,.F.);
#11473 = EDGE_LOOP('',(#11474,#11495,#11496,#11497,#11498,#11519,#11545,
    #11564));
#11474 = ORIENTED_EDGE('',*,*,#11475,.F.);
#11475 = EDGE_CURVE('',#10794,#11326,#11476,.T.);
#11476 = SURFACE_CURVE('',#11477,(#11481,#11488),.PCURVE_S1.);
#11477 = LINE('',#11478,#11479);
#11478 = CARTESIAN_POINT('',(-60.,-12.2,-108.7035533905));
#11479 = VECTOR('',#11480,1.);
#11480 = DIRECTION('',(0.,-0.707106781187,0.707106781187));
#11481 = PCURVE('',#8546,#11482);
#11482 = DEFINITIONAL_REPRESENTATION('',(#11483),#11487);
#11483 = LINE('',#11484,#11485);
#11484 = CARTESIAN_POINT('',(0.,0.));
#11485 = VECTOR('',#11486,1.);
#11486 = DIRECTION('',(1.,0.));
#11487 = ( GEOMETRIC_REPRESENTATION_CONTEXT(2) 
PARAMETRIC_REPRESENTATION_CONTEXT() REPRESENTATION_CONTEXT('2D SPACE',''
  ) );
#11488 = PCURVE('',#8602,#11489);
#11489 = DEFINITIONAL_REPRESENTATION('',(#11490),#11494);
#11490 = LINE('',#11491,#11492);
#11491 = CARTESIAN_POINT('',(1.767157287525,-0.546262814645));
#11492 = VECTOR('',#11493,1.);
#11493 = DIRECTION('',(-0.707106781187,0.707106781187));
#11494 = ( GEOMETRIC_REPRESENTATION_CONTEXT(2) 
PARAMETRIC_REPRESENTATION_CONTEXT() REPRESENTATION_CONTEXT('2D SPACE',''
  ) );
#11495 = ORIENTED_EDGE('',*,*,#10793,.T.);
#11496 = ORIENTED_EDGE('',*,*,#8531,.T.);
#11497 = ORIENTED_EDGE('',*,*,#11449,.F.);
#11498 = ORIENTED_EDGE('',*,*,#11499,.F.);
#11499 = EDGE_CURVE('',#11500,#11424,#11502,.T.);
#11500 = VERTEX_POINT('',#11501);
#11501 = CARTESIAN_POINT('',(-55.85,-13.45355339059,-107.45));
#11502 = SURFACE_CURVE('',#11503,(#11507,#11513),.PCURVE_S1.);
#11503 = LINE('',#11504,#11505);
#11504 = CARTESIAN_POINT('',(-55.85,-12.90088834764,-108.0026650429));
#11505 = VECTOR('',#11506,1.);
#11506 = DIRECTION('',(0.,-0.707106781187,0.707106781187));
#11507 = PCURVE('',#8546,#11508);
#11508 = DEFINITIONAL_REPRESENTATION('',(#11509),#11512);
#11509 = B_SPLINE_CURVE_WITH_KNOTS('',1,(#11510,#11511),.UNSPECIFIED.,
  .F.,.F.,(2,2),(0.781586399182,0.847271824132),
  .PIECEWISE_BEZIER_KNOTS.);
#11510 = CARTESIAN_POINT('',(1.772792206136,-4.15));
#11511 = CARTESIAN_POINT('',(1.838477631085,-4.15));
#11512 = ( GEOMETRIC_REPRESENTATION_CONTEXT(2) 
PARAMETRIC_REPRESENTATION_CONTEXT() REPRESENTATION_CONTEXT('2D SPACE',''
  ) );
#11513 = PCURVE('',#11438,#11514);
#11514 = DEFINITIONAL_REPRESENTATION('',(#11515),#11518);
#11515 = B_SPLINE_CURVE_WITH_KNOTS('',1,(#11516,#11517),.UNSPECIFIED.,
  .F.,.F.,(2,2),(0.781586399182,0.847271824132),
  .PIECEWISE_BEZIER_KNOTS.);
#11516 = CARTESIAN_POINT('',(0.,-0.296446609407));
#11517 = CARTESIAN_POINT('',(4.644660940673E-02,-0.25));
#11518 = ( GEOMETRIC_REPRESENTATION_CONTEXT(2) 
PARAMETRIC_REPRESENTATION_CONTEXT() REPRESENTATION_CONTEXT('2D SPACE',''
  ) );
#11519 = ORIENTED_EDGE('',*,*,#11520,.T.);
#11520 = EDGE_CURVE('',#11500,#11521,#11523,.T.);
#11521 = VERTEX_POINT('',#11522);
#11522 = CARTESIAN_POINT('',(-58.15,-13.45355339059,-107.45));
#11523 = SURFACE_CURVE('',#11524,(#11528,#11534),.PCURVE_S1.);
#11524 = LINE('',#11525,#11526);
#11525 = CARTESIAN_POINT('',(-59.075,-13.45355339059,-107.45));
#11526 = VECTOR('',#11527,1.);
#11527 = DIRECTION('',(-1.,-0.,0.));
#11528 = PCURVE('',#8546,#11529);
#11529 = DEFINITIONAL_REPRESENTATION('',(#11530),#11533);
#11530 = B_SPLINE_CURVE_WITH_KNOTS('',1,(#11531,#11532),.UNSPECIFIED.,
  .F.,.F.,(2,2),(-3.225,-0.925),.PIECEWISE_BEZIER_KNOTS.);
#11531 = CARTESIAN_POINT('',(1.772792206136,-4.15));
#11532 = CARTESIAN_POINT('',(1.772792206136,-1.85));
#11533 = ( GEOMETRIC_REPRESENTATION_CONTEXT(2) 
PARAMETRIC_REPRESENTATION_CONTEXT() REPRESENTATION_CONTEXT('2D SPACE',''
  ) );
#11534 = PCURVE('',#11535,#11540);
#11535 = PLANE('',#11536);
#11536 = AXIS2_PLACEMENT_3D('',#11537,#11538,#11539);
#11537 = CARTESIAN_POINT('',(-58.15,-13.75,-107.45));
#11538 = DIRECTION('',(0.,0.,1.));
#11539 = DIRECTION('',(1.,0.,-0.));
#11540 = DEFINITIONAL_REPRESENTATION('',(#11541),#11544);
#11541 = B_SPLINE_CURVE_WITH_KNOTS('',1,(#11542,#11543),.UNSPECIFIED.,
  .F.,.F.,(2,2),(-3.225,-0.925),.PIECEWISE_BEZIER_KNOTS.);
#11542 = CARTESIAN_POINT('',(2.3,0.296446609407));
#11543 = CARTESIAN_POINT('',(0.,0.296446609407));
#11544 = ( GEOMETRIC_REPRESENTATION_CONTEXT(2) 
PARAMETRIC_REPRESENTATION_CONTEXT() REPRESENTATION_CONTEXT('2D SPACE',''
  ) );
#11545 = ORIENTED_EDGE('',*,*,#11546,.T.);
#11546 = EDGE_CURVE('',#11521,#11349,#11547,.T.);
#11547 = SURFACE_CURVE('',#11548,(#11552,#11558),.PCURVE_S1.);
#11548 = LINE('',#11549,#11550);
#11549 = CARTESIAN_POINT('',(-58.15,-12.90088834764,-108.0026650429));
#11550 = VECTOR('',#11551,1.);
#11551 = DIRECTION('',(0.,-0.707106781187,0.707106781187));
#11552 = PCURVE('',#8546,#11553);
#11553 = DEFINITIONAL_REPRESENTATION('',(#11554),#11557);
#11554 = B_SPLINE_CURVE_WITH_KNOTS('',1,(#11555,#11556),.UNSPECIFIED.,
  .F.,.F.,(2,2),(0.781586399182,0.847271824132),
  .PIECEWISE_BEZIER_KNOTS.);
#11555 = CARTESIAN_POINT('',(1.772792206136,-1.85));
#11556 = CARTESIAN_POINT('',(1.838477631085,-1.85));
#11557 = ( GEOMETRIC_REPRESENTATION_CONTEXT(2) 
PARAMETRIC_REPRESENTATION_CONTEXT() REPRESENTATION_CONTEXT('2D SPACE',''
  ) );
#11558 = PCURVE('',#11386,#11559);
#11559 = DEFINITIONAL_REPRESENTATION('',(#11560),#11563);
#11560 = B_SPLINE_CURVE_WITH_KNOTS('',1,(#11561,#11562),.UNSPECIFIED.,
  .F.,.F.,(2,2),(0.781586399182,0.847271824132),
  .PIECEWISE_BEZIER_KNOTS.);
#11561 = CARTESIAN_POINT('',(0.,-0.296446609407));
#11562 = CARTESIAN_POINT('',(4.644660940673E-02,-0.25));
#11563 = ( GEOMETRIC_REPRESENTATION_CONTEXT(2) 
PARAMETRIC_REPRESENTATION_CONTEXT() REPRESENTATION_CONTEXT('2D SPACE',''
  ) );
#11564 = ORIENTED_EDGE('',*,*,#11348,.F.);
#11565 = ADVANCED_FACE('',(#11566),#8602,.F.);
#11566 = FACE_BOUND('',#11567,.F.);
#11567 = EDGE_LOOP('',(#11568,#11569,#11570,#11571));
#11568 = ORIENTED_EDGE('',*,*,#11027,.F.);
#11569 = ORIENTED_EDGE('',*,*,#11475,.T.);
#11570 = ORIENTED_EDGE('',*,*,#11325,.T.);
#11571 = ORIENTED_EDGE('',*,*,#8584,.T.);
#11572 = ADVANCED_FACE('',(#11573),#8677,.F.);
#11573 = FACE_BOUND('',#11574,.T.);
#11574 = EDGE_LOOP('',(#11575,#11605,#11627,#11628,#11629,#11630,#11654,
    #11680));
#11575 = ORIENTED_EDGE('',*,*,#11576,.F.);
#11576 = EDGE_CURVE('',#11577,#11579,#11581,.T.);
#11577 = VERTEX_POINT('',#11578);
#11578 = CARTESIAN_POINT('',(-25.5,-6.,-110.));
#11579 = VERTEX_POINT('',#11580);
#11580 = CARTESIAN_POINT('',(-25.5,-6.,-36.));
#11581 = SURFACE_CURVE('',#11582,(#11586,#11593),.PCURVE_S1.);
#11582 = LINE('',#11583,#11584);
#11583 = CARTESIAN_POINT('',(-25.5,-6.,-110.5));
#11584 = VECTOR('',#11585,1.);
#11585 = DIRECTION('',(0.,0.,1.));
#11586 = PCURVE('',#8677,#11587);
#11587 = DEFINITIONAL_REPRESENTATION('',(#11588),#11592);
#11588 = LINE('',#11589,#11590);
#11589 = CARTESIAN_POINT('',(-0.,0.));
#11590 = VECTOR('',#11591,1.);
#11591 = DIRECTION('',(-0.,1.));
#11592 = ( GEOMETRIC_REPRESENTATION_CONTEXT(2) 
PARAMETRIC_REPRESENTATION_CONTEXT() REPRESENTATION_CONTEXT('2D SPACE',''
  ) );
#11593 = PCURVE('',#11594,#11599);
#11594 = PLANE('',#11595);
#11595 = AXIS2_PLACEMENT_3D('',#11596,#11597,#11598);
#11596 = CARTESIAN_POINT('',(-25.5,-12.5,-110.5));
#11597 = DIRECTION('',(1.,0.,0.));
#11598 = DIRECTION('',(0.,0.,1.));
#11599 = DEFINITIONAL_REPRESENTATION('',(#11600),#11604);
#11600 = LINE('',#11601,#11602);
#11601 = CARTESIAN_POINT('',(0.,-6.5));
#11602 = VECTOR('',#11603,1.);
#11603 = DIRECTION('',(1.,0.));
#11604 = ( GEOMETRIC_REPRESENTATION_CONTEXT(2) 
PARAMETRIC_REPRESENTATION_CONTEXT() REPRESENTATION_CONTEXT('2D SPACE',''
  ) );
#11605 = ORIENTED_EDGE('',*,*,#11606,.F.);
#11606 = EDGE_CURVE('',#8713,#11577,#11607,.T.);
#11607 = SURFACE_CURVE('',#11608,(#11613,#11620),.PCURVE_S1.);
#11608 = CIRCLE('',#11609,6.5);
#11609 = AXIS2_PLACEMENT_3D('',#11610,#11611,#11612);
#11610 = CARTESIAN_POINT('',(-32.,-6.,-110.));
#11611 = DIRECTION('',(0.,0.,1.));
#11612 = DIRECTION('',(1.,0.,-0.));
#11613 = PCURVE('',#8677,#11614);
#11614 = DEFINITIONAL_REPRESENTATION('',(#11615),#11619);
#11615 = LINE('',#11616,#11617);
#11616 = CARTESIAN_POINT('',(-6.28318530718,0.5));
#11617 = VECTOR('',#11618,1.);
#11618 = DIRECTION('',(1.,-0.));
#11619 = ( GEOMETRIC_REPRESENTATION_CONTEXT(2) 
PARAMETRIC_REPRESENTATION_CONTEXT() REPRESENTATION_CONTEXT('2D SPACE',''
  ) );
#11620 = PCURVE('',#8775,#11621);
#11621 = DEFINITIONAL_REPRESENTATION('',(#11622),#11626);
#11622 = CIRCLE('',#11623,6.5);
#11623 = AXIS2_PLACEMENT_2D('',#11624,#11625);
#11624 = CARTESIAN_POINT('',(39.,9.));
#11625 = DIRECTION('',(1.,0.));
#11626 = ( GEOMETRIC_REPRESENTATION_CONTEXT(2) 
PARAMETRIC_REPRESENTATION_CONTEXT() REPRESENTATION_CONTEXT('2D SPACE',''
  ) );
#11627 = ORIENTED_EDGE('',*,*,#8712,.T.);
#11628 = ORIENTED_EDGE('',*,*,#8660,.F.);
#11629 = ORIENTED_EDGE('',*,*,#11005,.T.);
#11630 = ORIENTED_EDGE('',*,*,#11631,.T.);
#11631 = EDGE_CURVE('',#10984,#11632,#11634,.T.);
#11632 = VERTEX_POINT('',#11633);
#11633 = CARTESIAN_POINT('',(-25.92052633857,-8.3,-29.1));
#11634 = SURFACE_CURVE('',#11635,(#11640,#11647),.PCURVE_S1.);
#11635 = CIRCLE('',#11636,6.5);
#11636 = AXIS2_PLACEMENT_3D('',#11637,#11638,#11639);
#11637 = CARTESIAN_POINT('',(-32.,-6.,-29.1));
#11638 = DIRECTION('',(0.,0.,1.));
#11639 = DIRECTION('',(1.,0.,-0.));
#11640 = PCURVE('',#8677,#11641);
#11641 = DEFINITIONAL_REPRESENTATION('',(#11642),#11646);
#11642 = LINE('',#11643,#11644);
#11643 = CARTESIAN_POINT('',(-6.28318530718,81.4));
#11644 = VECTOR('',#11645,1.);
#11645 = DIRECTION('',(1.,-0.));
#11646 = ( GEOMETRIC_REPRESENTATION_CONTEXT(2) 
PARAMETRIC_REPRESENTATION_CONTEXT() REPRESENTATION_CONTEXT('2D SPACE',''
  ) );
#11647 = PCURVE('',#9105,#11648);
#11648 = DEFINITIONAL_REPRESENTATION('',(#11649),#11653);
#11649 = CIRCLE('',#11650,6.5);
#11650 = AXIS2_PLACEMENT_2D('',#11651,#11652);
#11651 = CARTESIAN_POINT('',(4.85,6.6));
#11652 = DIRECTION('',(1.,0.));
#11653 = ( GEOMETRIC_REPRESENTATION_CONTEXT(2) 
PARAMETRIC_REPRESENTATION_CONTEXT() REPRESENTATION_CONTEXT('2D SPACE',''
  ) );
#11654 = ORIENTED_EDGE('',*,*,#11655,.F.);
#11655 = EDGE_CURVE('',#11656,#11632,#11658,.T.);
#11656 = VERTEX_POINT('',#11657);
#11657 = CARTESIAN_POINT('',(-25.92052633857,-8.3,-36.));
#11658 = SURFACE_CURVE('',#11659,(#11663,#11669),.PCURVE_S1.);
#11659 = LINE('',#11660,#11661);
#11660 = CARTESIAN_POINT('',(-25.92052633857,-8.3,-110.5));
#11661 = VECTOR('',#11662,1.);
#11662 = DIRECTION('',(0.,0.,1.));
#11663 = PCURVE('',#8677,#11664);
#11664 = DEFINITIONAL_REPRESENTATION('',(#11665),#11668);
#11665 = B_SPLINE_CURVE_WITH_KNOTS('',1,(#11666,#11667),.UNSPECIFIED.,
  .F.,.F.,(2,2),(73.81,82.09),.PIECEWISE_BEZIER_KNOTS.);
#11666 = CARTESIAN_POINT('',(-0.361680119508,73.81));
#11667 = CARTESIAN_POINT('',(-0.361680119508,82.09));
#11668 = ( GEOMETRIC_REPRESENTATION_CONTEXT(2) 
PARAMETRIC_REPRESENTATION_CONTEXT() REPRESENTATION_CONTEXT('2D SPACE',''
  ) );
#11669 = PCURVE('',#11670,#11675);
#11670 = PLANE('',#11671);
#11671 = AXIS2_PLACEMENT_3D('',#11672,#11673,#11674);
#11672 = CARTESIAN_POINT('',(-26.25,-8.3,-36.));
#11673 = DIRECTION('',(-0.,1.,0.));
#11674 = DIRECTION('',(0.,0.,1.));
#11675 = DEFINITIONAL_REPRESENTATION('',(#11676),#11679);
#11676 = B_SPLINE_CURVE_WITH_KNOTS('',1,(#11677,#11678),.UNSPECIFIED.,
  .F.,.F.,(2,2),(73.81,82.09),.PIECEWISE_BEZIER_KNOTS.);
#11677 = CARTESIAN_POINT('',(-0.69,0.329473661428));
#11678 = CARTESIAN_POINT('',(7.59,0.329473661428));
#11679 = ( GEOMETRIC_REPRESENTATION_CONTEXT(2) 
PARAMETRIC_REPRESENTATION_CONTEXT() REPRESENTATION_CONTEXT('2D SPACE',''
  ) );
#11680 = ORIENTED_EDGE('',*,*,#11681,.T.);
#11681 = EDGE_CURVE('',#11656,#11579,#11682,.T.);
#11682 = SURFACE_CURVE('',#11683,(#11688,#11695),.PCURVE_S1.);
#11683 = CIRCLE('',#11684,6.5);
#11684 = AXIS2_PLACEMENT_3D('',#11685,#11686,#11687);
#11685 = CARTESIAN_POINT('',(-32.,-6.,-36.));
#11686 = DIRECTION('',(0.,0.,1.));
#11687 = DIRECTION('',(1.,0.,-0.));
#11688 = PCURVE('',#8677,#11689);
#11689 = DEFINITIONAL_REPRESENTATION('',(#11690),#11694);
#11690 = LINE('',#11691,#11692);
#11691 = CARTESIAN_POINT('',(-6.28318530718,74.5));
#11692 = VECTOR('',#11693,1.);
#11693 = DIRECTION('',(1.,-0.));
#11694 = ( GEOMETRIC_REPRESENTATION_CONTEXT(2) 
PARAMETRIC_REPRESENTATION_CONTEXT() REPRESENTATION_CONTEXT('2D SPACE',''
  ) );
#11695 = PCURVE('',#11696,#11701);
#11696 = PLANE('',#11697);
#11697 = AXIS2_PLACEMENT_3D('',#11698,#11699,#11700);
#11698 = CARTESIAN_POINT('',(-26.25,-8.3,-36.));
#11699 = DIRECTION('',(0.,0.,1.));
#11700 = DIRECTION('',(1.,0.,-0.));
#11701 = DEFINITIONAL_REPRESENTATION('',(#11702),#11706);
#11702 = CIRCLE('',#11703,6.5);
#11703 = AXIS2_PLACEMENT_2D('',#11704,#11705);
#11704 = CARTESIAN_POINT('',(-5.75,2.3));
#11705 = DIRECTION('',(1.,0.));
#11706 = ( GEOMETRIC_REPRESENTATION_CONTEXT(2) 
PARAMETRIC_REPRESENTATION_CONTEXT() REPRESENTATION_CONTEXT('2D SPACE',''
  ) );
#11707 = ADVANCED_FACE('',(#11708),#8775,.F.);
#11708 = FACE_BOUND('',#11709,.F.);
#11709 = EDGE_LOOP('',(#11710,#11711,#11712,#11713,#11714,#11715,#11739,
    #11758));
#11710 = ORIENTED_EDGE('',*,*,#8762,.F.);
#11711 = ORIENTED_EDGE('',*,*,#8812,.F.);
#11712 = ORIENTED_EDGE('',*,*,#11301,.F.);
#11713 = ORIENTED_EDGE('',*,*,#9738,.F.);
#11714 = ORIENTED_EDGE('',*,*,#9693,.T.);
#11715 = ORIENTED_EDGE('',*,*,#11716,.F.);
#11716 = EDGE_CURVE('',#11717,#9644,#11719,.T.);
#11717 = VERTEX_POINT('',#11718);
#11718 = CARTESIAN_POINT('',(-25.5,6.,-110.));
#11719 = SURFACE_CURVE('',#11720,(#11725,#11732),.PCURVE_S1.);
#11720 = CIRCLE('',#11721,6.5);
#11721 = AXIS2_PLACEMENT_3D('',#11722,#11723,#11724);
#11722 = CARTESIAN_POINT('',(-32.,6.,-110.));
#11723 = DIRECTION('',(0.,0.,1.));
#11724 = DIRECTION('',(1.,0.,-0.));
#11725 = PCURVE('',#8775,#11726);
#11726 = DEFINITIONAL_REPRESENTATION('',(#11727),#11731);
#11727 = CIRCLE('',#11728,6.5);
#11728 = AXIS2_PLACEMENT_2D('',#11729,#11730);
#11729 = CARTESIAN_POINT('',(39.,21.));
#11730 = DIRECTION('',(1.,0.));
#11731 = ( GEOMETRIC_REPRESENTATION_CONTEXT(2) 
PARAMETRIC_REPRESENTATION_CONTEXT() REPRESENTATION_CONTEXT('2D SPACE',''
  ) );
#11732 = PCURVE('',#9608,#11733);
#11733 = DEFINITIONAL_REPRESENTATION('',(#11734),#11738);
#11734 = LINE('',#11735,#11736);
#11735 = CARTESIAN_POINT('',(0.,0.5));
#11736 = VECTOR('',#11737,1.);
#11737 = DIRECTION('',(1.,0.));
#11738 = ( GEOMETRIC_REPRESENTATION_CONTEXT(2) 
PARAMETRIC_REPRESENTATION_CONTEXT() REPRESENTATION_CONTEXT('2D SPACE',''
  ) );
#11739 = ORIENTED_EDGE('',*,*,#11740,.F.);
#11740 = EDGE_CURVE('',#11577,#11717,#11741,.T.);
#11741 = SURFACE_CURVE('',#11742,(#11746,#11752),.PCURVE_S1.);
#11742 = LINE('',#11743,#11744);
#11743 = CARTESIAN_POINT('',(-25.5,-13.75,-110.));
#11744 = VECTOR('',#11745,1.);
#11745 = DIRECTION('',(0.,1.,0.));
#11746 = PCURVE('',#8775,#11747);
#11747 = DEFINITIONAL_REPRESENTATION('',(#11748),#11751);
#11748 = B_SPLINE_CURVE_WITH_KNOTS('',1,(#11749,#11750),.UNSPECIFIED.,
  .F.,.F.,(2,2),(7.75,19.75),.PIECEWISE_BEZIER_KNOTS.);
#11749 = CARTESIAN_POINT('',(45.5,9.));
#11750 = CARTESIAN_POINT('',(45.5,21.));
#11751 = ( GEOMETRIC_REPRESENTATION_CONTEXT(2) 
PARAMETRIC_REPRESENTATION_CONTEXT() REPRESENTATION_CONTEXT('2D SPACE',''
  ) );
#11752 = PCURVE('',#11594,#11753);
#11753 = DEFINITIONAL_REPRESENTATION('',(#11754),#11757);
#11754 = B_SPLINE_CURVE_WITH_KNOTS('',1,(#11755,#11756),.UNSPECIFIED.,
  .F.,.F.,(2,2),(7.75,19.75),.PIECEWISE_BEZIER_KNOTS.);
#11755 = CARTESIAN_POINT('',(0.5,-6.5));
#11756 = CARTESIAN_POINT('',(0.5,-18.5));
#11757 = ( GEOMETRIC_REPRESENTATION_CONTEXT(2) 
PARAMETRIC_REPRESENTATION_CONTEXT() REPRESENTATION_CONTEXT('2D SPACE',''
  ) );
#11758 = ORIENTED_EDGE('',*,*,#11606,.F.);
#11759 = ADVANCED_FACE('',(#11760),#8988,.F.);
#11760 = FACE_BOUND('',#11761,.F.);
#11761 = EDGE_LOOP('',(#11762,#11787,#11810,#11838,#11857,#11858,#11859)
  );
#11762 = ORIENTED_EDGE('',*,*,#11763,.F.);
#11763 = EDGE_CURVE('',#11764,#11766,#11768,.T.);
#11764 = VERTEX_POINT('',#11765);
#11765 = CARTESIAN_POINT('',(-26.25,-8.3,-36.));
#11766 = VERTEX_POINT('',#11767);
#11767 = CARTESIAN_POINT('',(-26.25,-8.3,-29.1));
#11768 = SURFACE_CURVE('',#11769,(#11773,#11780),.PCURVE_S1.);
#11769 = LINE('',#11770,#11771);
#11770 = CARTESIAN_POINT('',(-26.25,-8.3,-36.));
#11771 = VECTOR('',#11772,1.);
#11772 = DIRECTION('',(0.,0.,1.));
#11773 = PCURVE('',#8988,#11774);
#11774 = DEFINITIONAL_REPRESENTATION('',(#11775),#11779);
#11775 = LINE('',#11776,#11777);
#11776 = CARTESIAN_POINT('',(0.,0.));
#11777 = VECTOR('',#11778,1.);
#11778 = DIRECTION('',(1.,0.));
#11779 = ( GEOMETRIC_REPRESENTATION_CONTEXT(2) 
PARAMETRIC_REPRESENTATION_CONTEXT() REPRESENTATION_CONTEXT('2D SPACE',''
  ) );
#11780 = PCURVE('',#11670,#11781);
#11781 = DEFINITIONAL_REPRESENTATION('',(#11782),#11786);
#11782 = LINE('',#11783,#11784);
#11783 = CARTESIAN_POINT('',(0.,0.));
#11784 = VECTOR('',#11785,1.);
#11785 = DIRECTION('',(1.,0.));
#11786 = ( GEOMETRIC_REPRESENTATION_CONTEXT(2) 
PARAMETRIC_REPRESENTATION_CONTEXT() REPRESENTATION_CONTEXT('2D SPACE',''
  ) );
#11787 = ORIENTED_EDGE('',*,*,#11788,.T.);
#11788 = EDGE_CURVE('',#11764,#11789,#11791,.T.);
#11789 = VERTEX_POINT('',#11790);
#11790 = CARTESIAN_POINT('',(-26.25,8.3,-36.));
#11791 = SURFACE_CURVE('',#11792,(#11796,#11803),.PCURVE_S1.);
#11792 = LINE('',#11793,#11794);
#11793 = CARTESIAN_POINT('',(-26.25,-8.3,-36.));
#11794 = VECTOR('',#11795,1.);
#11795 = DIRECTION('',(-0.,1.,0.));
#11796 = PCURVE('',#8988,#11797);
#11797 = DEFINITIONAL_REPRESENTATION('',(#11798),#11802);
#11798 = LINE('',#11799,#11800);
#11799 = CARTESIAN_POINT('',(0.,0.));
#11800 = VECTOR('',#11801,1.);
#11801 = DIRECTION('',(0.,-1.));
#11802 = ( GEOMETRIC_REPRESENTATION_CONTEXT(2) 
PARAMETRIC_REPRESENTATION_CONTEXT() REPRESENTATION_CONTEXT('2D SPACE',''
  ) );
#11803 = PCURVE('',#11696,#11804);
#11804 = DEFINITIONAL_REPRESENTATION('',(#11805),#11809);
#11805 = LINE('',#11806,#11807);
#11806 = CARTESIAN_POINT('',(0.,0.));
#11807 = VECTOR('',#11808,1.);
#11808 = DIRECTION('',(0.,1.));
#11809 = ( GEOMETRIC_REPRESENTATION_CONTEXT(2) 
PARAMETRIC_REPRESENTATION_CONTEXT() REPRESENTATION_CONTEXT('2D SPACE',''
  ) );
#11810 = ORIENTED_EDGE('',*,*,#11811,.T.);
#11811 = EDGE_CURVE('',#11789,#11812,#11814,.T.);
#11812 = VERTEX_POINT('',#11813);
#11813 = CARTESIAN_POINT('',(-26.25,8.3,-29.1));
#11814 = SURFACE_CURVE('',#11815,(#11819,#11826),.PCURVE_S1.);
#11815 = LINE('',#11816,#11817);
#11816 = CARTESIAN_POINT('',(-26.25,8.3,-36.));
#11817 = VECTOR('',#11818,1.);
#11818 = DIRECTION('',(0.,0.,1.));
#11819 = PCURVE('',#8988,#11820);
#11820 = DEFINITIONAL_REPRESENTATION('',(#11821),#11825);
#11821 = LINE('',#11822,#11823);
#11822 = CARTESIAN_POINT('',(0.,-16.6));
#11823 = VECTOR('',#11824,1.);
#11824 = DIRECTION('',(1.,0.));
#11825 = ( GEOMETRIC_REPRESENTATION_CONTEXT(2) 
PARAMETRIC_REPRESENTATION_CONTEXT() REPRESENTATION_CONTEXT('2D SPACE',''
  ) );
#11826 = PCURVE('',#11827,#11832);
#11827 = PLANE('',#11828);
#11828 = AXIS2_PLACEMENT_3D('',#11829,#11830,#11831);
#11829 = CARTESIAN_POINT('',(-26.25,8.3,-36.));
#11830 = DIRECTION('',(-0.,1.,0.));
#11831 = DIRECTION('',(0.,0.,1.));
#11832 = DEFINITIONAL_REPRESENTATION('',(#11833),#11837);
#11833 = LINE('',#11834,#11835);
#11834 = CARTESIAN_POINT('',(0.,0.));
#11835 = VECTOR('',#11836,1.);
#11836 = DIRECTION('',(1.,0.));
#11837 = ( GEOMETRIC_REPRESENTATION_CONTEXT(2) 
PARAMETRIC_REPRESENTATION_CONTEXT() REPRESENTATION_CONTEXT('2D SPACE',''
  ) );
#11838 = ORIENTED_EDGE('',*,*,#11839,.F.);
#11839 = EDGE_CURVE('',#8972,#11812,#11840,.T.);
#11840 = SURFACE_CURVE('',#11841,(#11845,#11851),.PCURVE_S1.);
#11841 = LINE('',#11842,#11843);
#11842 = CARTESIAN_POINT('',(-26.25,-10.45,-29.1));
#11843 = VECTOR('',#11844,1.);
#11844 = DIRECTION('',(-0.,1.,0.));
#11845 = PCURVE('',#8988,#11846);
#11846 = DEFINITIONAL_REPRESENTATION('',(#11847),#11850);
#11847 = B_SPLINE_CURVE_WITH_KNOTS('',1,(#11848,#11849),.UNSPECIFIED.,
  .F.,.F.,(2,2),(2.15,18.75),.PIECEWISE_BEZIER_KNOTS.);
#11848 = CARTESIAN_POINT('',(6.9,0.));
#11849 = CARTESIAN_POINT('',(6.9,-16.6));
#11850 = ( GEOMETRIC_REPRESENTATION_CONTEXT(2) 
PARAMETRIC_REPRESENTATION_CONTEXT() REPRESENTATION_CONTEXT('2D SPACE',''
  ) );
#11851 = PCURVE('',#9105,#11852);
#11852 = DEFINITIONAL_REPRESENTATION('',(#11853),#11856);
#11853 = B_SPLINE_CURVE_WITH_KNOTS('',1,(#11854,#11855),.UNSPECIFIED.,
  .F.,.F.,(2,2),(2.15,18.75),.PIECEWISE_BEZIER_KNOTS.);
#11854 = CARTESIAN_POINT('',(10.6,4.3));
#11855 = CARTESIAN_POINT('',(10.6,20.9));
#11856 = ( GEOMETRIC_REPRESENTATION_CONTEXT(2) 
PARAMETRIC_REPRESENTATION_CONTEXT() REPRESENTATION_CONTEXT('2D SPACE',''
  ) );
#11857 = ORIENTED_EDGE('',*,*,#8971,.T.);
#11858 = ORIENTED_EDGE('',*,*,#9220,.T.);
#11859 = ORIENTED_EDGE('',*,*,#11860,.F.);
#11860 = EDGE_CURVE('',#11766,#9221,#11861,.T.);
#11861 = SURFACE_CURVE('',#11862,(#11866,#11872),.PCURVE_S1.);
#11862 = LINE('',#11863,#11864);
#11863 = CARTESIAN_POINT('',(-26.25,-10.45,-29.1));
#11864 = VECTOR('',#11865,1.);
#11865 = DIRECTION('',(-0.,1.,0.));
#11866 = PCURVE('',#8988,#11867);
#11867 = DEFINITIONAL_REPRESENTATION('',(#11868),#11871);
#11868 = B_SPLINE_CURVE_WITH_KNOTS('',1,(#11869,#11870),.UNSPECIFIED.,
  .F.,.F.,(2,2),(2.15,18.75),.PIECEWISE_BEZIER_KNOTS.);
#11869 = CARTESIAN_POINT('',(6.9,0.));
#11870 = CARTESIAN_POINT('',(6.9,-16.6));
#11871 = ( GEOMETRIC_REPRESENTATION_CONTEXT(2) 
PARAMETRIC_REPRESENTATION_CONTEXT() REPRESENTATION_CONTEXT('2D SPACE',''
  ) );
#11872 = PCURVE('',#9105,#11873);
#11873 = DEFINITIONAL_REPRESENTATION('',(#11874),#11877);
#11874 = B_SPLINE_CURVE_WITH_KNOTS('',1,(#11875,#11876),.UNSPECIFIED.,
  .F.,.F.,(2,2),(2.15,18.75),.PIECEWISE_BEZIER_KNOTS.);
#11875 = CARTESIAN_POINT('',(10.6,4.3));
#11876 = CARTESIAN_POINT('',(10.6,20.9));
#11877 = ( GEOMETRIC_REPRESENTATION_CONTEXT(2) 
PARAMETRIC_REPRESENTATION_CONTEXT() REPRESENTATION_CONTEXT('2D SPACE',''
  ) );
#11878 = ADVANCED_FACE('',(#11879),#9105,.F.);
#11879 = FACE_BOUND('',#11880,.F.);
#11880 = EDGE_LOOP('',(#11881,#11904,#11905,#11906,#11925,#11926,#11927,
    #11946,#11947,#11948,#11969,#11993));
#11881 = ORIENTED_EDGE('',*,*,#11882,.F.);
#11882 = EDGE_CURVE('',#10957,#11883,#11885,.T.);
#11883 = VERTEX_POINT('',#11884);
#11884 = CARTESIAN_POINT('',(-36.85,12.5,-29.1));
#11885 = SURFACE_CURVE('',#11886,(#11890,#11897),.PCURVE_S1.);
#11886 = LINE('',#11887,#11888);
#11887 = CARTESIAN_POINT('',(-36.85,-12.6,-29.1));
#11888 = VECTOR('',#11889,1.);
#11889 = DIRECTION('',(-0.,1.,0.));
#11890 = PCURVE('',#9105,#11891);
#11891 = DEFINITIONAL_REPRESENTATION('',(#11892),#11896);
#11892 = LINE('',#11893,#11894);
#11893 = CARTESIAN_POINT('',(0.,0.));
#11894 = VECTOR('',#11895,1.);
#11895 = DIRECTION('',(0.,1.));
#11896 = ( GEOMETRIC_REPRESENTATION_CONTEXT(2) 
PARAMETRIC_REPRESENTATION_CONTEXT() REPRESENTATION_CONTEXT('2D SPACE',''
  ) );
#11897 = PCURVE('',#10972,#11898);
#11898 = DEFINITIONAL_REPRESENTATION('',(#11899),#11903);
#11899 = LINE('',#11900,#11901);
#11900 = CARTESIAN_POINT('',(0.,0.));
#11901 = VECTOR('',#11902,1.);
#11902 = DIRECTION('',(0.,-1.));
#11903 = ( GEOMETRIC_REPRESENTATION_CONTEXT(2) 
PARAMETRIC_REPRESENTATION_CONTEXT() REPRESENTATION_CONTEXT('2D SPACE',''
  ) );
#11904 = ORIENTED_EDGE('',*,*,#10983,.T.);
#11905 = ORIENTED_EDGE('',*,*,#11631,.T.);
#11906 = ORIENTED_EDGE('',*,*,#11907,.T.);
#11907 = EDGE_CURVE('',#11632,#11766,#11908,.T.);
#11908 = SURFACE_CURVE('',#11909,(#11913,#11919),.PCURVE_S1.);
#11909 = LINE('',#11910,#11911);
#11910 = CARTESIAN_POINT('',(-31.55,-8.3,-29.1));
#11911 = VECTOR('',#11912,1.);
#11912 = DIRECTION('',(-1.,-0.,0.));
#11913 = PCURVE('',#9105,#11914);
#11914 = DEFINITIONAL_REPRESENTATION('',(#11915),#11918);
#11915 = B_SPLINE_CURVE_WITH_KNOTS('',1,(#11916,#11917),.UNSPECIFIED.,
  .F.,.F.,(2,2),(-6.15,-5.3),.PIECEWISE_BEZIER_KNOTS.);
#11916 = CARTESIAN_POINT('',(11.45,4.3));
#11917 = CARTESIAN_POINT('',(10.6,4.3));
#11918 = ( GEOMETRIC_REPRESENTATION_CONTEXT(2) 
PARAMETRIC_REPRESENTATION_CONTEXT() REPRESENTATION_CONTEXT('2D SPACE',''
  ) );
#11919 = PCURVE('',#11670,#11920);
#11920 = DEFINITIONAL_REPRESENTATION('',(#11921),#11924);
#11921 = B_SPLINE_CURVE_WITH_KNOTS('',1,(#11922,#11923),.UNSPECIFIED.,
  .F.,.F.,(2,2),(-6.15,-5.3),.PIECEWISE_BEZIER_KNOTS.);
#11922 = CARTESIAN_POINT('',(6.9,0.85));
#11923 = CARTESIAN_POINT('',(6.9,0.));
#11924 = ( GEOMETRIC_REPRESENTATION_CONTEXT(2) 
PARAMETRIC_REPRESENTATION_CONTEXT() REPRESENTATION_CONTEXT('2D SPACE',''
  ) );
#11925 = ORIENTED_EDGE('',*,*,#11860,.T.);
#11926 = ORIENTED_EDGE('',*,*,#9241,.T.);
#11927 = ORIENTED_EDGE('',*,*,#11928,.T.);
#11928 = EDGE_CURVE('',#9242,#9065,#11929,.T.);
#11929 = SURFACE_CURVE('',#11930,(#11934,#11940),.PCURVE_S1.);
#11930 = LINE('',#11931,#11932);
#11931 = CARTESIAN_POINT('',(-26.85,-6.3,-29.1));
#11932 = VECTOR('',#11933,1.);
#11933 = DIRECTION('',(0.,1.,0.));
#11934 = PCURVE('',#9105,#11935);
#11935 = DEFINITIONAL_REPRESENTATION('',(#11936),#11939);
#11936 = B_SPLINE_CURVE_WITH_KNOTS('',1,(#11937,#11938),.UNSPECIFIED.,
  .F.,.F.,(2,2),(-0.5,13.1),.PIECEWISE_BEZIER_KNOTS.);
#11937 = CARTESIAN_POINT('',(10.,5.8));
#11938 = CARTESIAN_POINT('',(10.,19.4));
#11939 = ( GEOMETRIC_REPRESENTATION_CONTEXT(2) 
PARAMETRIC_REPRESENTATION_CONTEXT() REPRESENTATION_CONTEXT('2D SPACE',''
  ) );
#11940 = PCURVE('',#9080,#11941);
#11941 = DEFINITIONAL_REPRESENTATION('',(#11942),#11945);
#11942 = B_SPLINE_CURVE_WITH_KNOTS('',1,(#11943,#11944),.UNSPECIFIED.,
  .F.,.F.,(2,2),(-0.5,13.1),.PIECEWISE_BEZIER_KNOTS.);
#11943 = CARTESIAN_POINT('',(-8.1,6.8));
#11944 = CARTESIAN_POINT('',(-8.1,-6.8));
#11945 = ( GEOMETRIC_REPRESENTATION_CONTEXT(2) 
PARAMETRIC_REPRESENTATION_CONTEXT() REPRESENTATION_CONTEXT('2D SPACE',''
  ) );
#11946 = ORIENTED_EDGE('',*,*,#9092,.T.);
#11947 = ORIENTED_EDGE('',*,*,#11839,.T.);
#11948 = ORIENTED_EDGE('',*,*,#11949,.F.);
#11949 = EDGE_CURVE('',#11950,#11812,#11952,.T.);
#11950 = VERTEX_POINT('',#11951);
#11951 = CARTESIAN_POINT('',(-25.92052633857,8.3,-29.1));
#11952 = SURFACE_CURVE('',#11953,(#11957,#11963),.PCURVE_S1.);
#11953 = LINE('',#11954,#11955);
#11954 = CARTESIAN_POINT('',(-31.55,8.3,-29.1));
#11955 = VECTOR('',#11956,1.);
#11956 = DIRECTION('',(-1.,-0.,0.));
#11957 = PCURVE('',#9105,#11958);
#11958 = DEFINITIONAL_REPRESENTATION('',(#11959),#11962);
#11959 = B_SPLINE_CURVE_WITH_KNOTS('',1,(#11960,#11961),.UNSPECIFIED.,
  .F.,.F.,(2,2),(-6.15,-5.3),.PIECEWISE_BEZIER_KNOTS.);
#11960 = CARTESIAN_POINT('',(11.45,20.9));
#11961 = CARTESIAN_POINT('',(10.6,20.9));
#11962 = ( GEOMETRIC_REPRESENTATION_CONTEXT(2) 
PARAMETRIC_REPRESENTATION_CONTEXT() REPRESENTATION_CONTEXT('2D SPACE',''
  ) );
#11963 = PCURVE('',#11827,#11964);
#11964 = DEFINITIONAL_REPRESENTATION('',(#11965),#11968);
#11965 = B_SPLINE_CURVE_WITH_KNOTS('',1,(#11966,#11967),.UNSPECIFIED.,
  .F.,.F.,(2,2),(-6.15,-5.3),.PIECEWISE_BEZIER_KNOTS.);
#11966 = CARTESIAN_POINT('',(6.9,0.85));
#11967 = CARTESIAN_POINT('',(6.9,0.));
#11968 = ( GEOMETRIC_REPRESENTATION_CONTEXT(2) 
PARAMETRIC_REPRESENTATION_CONTEXT() REPRESENTATION_CONTEXT('2D SPACE',''
  ) );
#11969 = ORIENTED_EDGE('',*,*,#11970,.T.);
#11970 = EDGE_CURVE('',#11950,#11971,#11973,.T.);
#11971 = VERTEX_POINT('',#11972);
#11972 = CARTESIAN_POINT('',(-32.,12.5,-29.1));
#11973 = SURFACE_CURVE('',#11974,(#11979,#11986),.PCURVE_S1.);
#11974 = CIRCLE('',#11975,6.5);
#11975 = AXIS2_PLACEMENT_3D('',#11976,#11977,#11978);
#11976 = CARTESIAN_POINT('',(-32.,6.,-29.1));
#11977 = DIRECTION('',(0.,0.,1.));
#11978 = DIRECTION('',(1.,0.,-0.));
#11979 = PCURVE('',#9105,#11980);
#11980 = DEFINITIONAL_REPRESENTATION('',(#11981),#11985);
#11981 = CIRCLE('',#11982,6.5);
#11982 = AXIS2_PLACEMENT_2D('',#11983,#11984);
#11983 = CARTESIAN_POINT('',(4.85,18.6));
#11984 = DIRECTION('',(1.,0.));
#11985 = ( GEOMETRIC_REPRESENTATION_CONTEXT(2) 
PARAMETRIC_REPRESENTATION_CONTEXT() REPRESENTATION_CONTEXT('2D SPACE',''
  ) );
#11986 = PCURVE('',#9608,#11987);
#11987 = DEFINITIONAL_REPRESENTATION('',(#11988),#11992);
#11988 = LINE('',#11989,#11990);
#11989 = CARTESIAN_POINT('',(0.,81.4));
#11990 = VECTOR('',#11991,1.);
#11991 = DIRECTION('',(1.,0.));
#11992 = ( GEOMETRIC_REPRESENTATION_CONTEXT(2) 
PARAMETRIC_REPRESENTATION_CONTEXT() REPRESENTATION_CONTEXT('2D SPACE',''
  ) );
#11993 = ORIENTED_EDGE('',*,*,#11994,.F.);
#11994 = EDGE_CURVE('',#11883,#11971,#11995,.T.);
#11995 = SURFACE_CURVE('',#11996,(#12000,#12006),.PCURVE_S1.);
#11996 = LINE('',#11997,#11998);
#11997 = CARTESIAN_POINT('',(-52.675,12.5,-29.1));
#11998 = VECTOR('',#11999,1.);
#11999 = DIRECTION('',(1.,0.,0.));
#12000 = PCURVE('',#9105,#12001);
#12001 = DEFINITIONAL_REPRESENTATION('',(#12002),#12005);
#12002 = B_SPLINE_CURVE_WITH_KNOTS('',1,(#12003,#12004),.UNSPECIFIED.,
  .F.,.F.,(2,2),(15.825,20.675),.PIECEWISE_BEZIER_KNOTS.);
#12003 = CARTESIAN_POINT('',(0.,25.1));
#12004 = CARTESIAN_POINT('',(4.85,25.1));
#12005 = ( GEOMETRIC_REPRESENTATION_CONTEXT(2) 
PARAMETRIC_REPRESENTATION_CONTEXT() REPRESENTATION_CONTEXT('2D SPACE',''
  ) );
#12006 = PCURVE('',#9428,#12007);
#12007 = DEFINITIONAL_REPRESENTATION('',(#12008),#12012);
#12008 = LINE('',#12009,#12010);
#12009 = CARTESIAN_POINT('',(81.4,-19.675));
#12010 = VECTOR('',#12011,1.);
#12011 = DIRECTION('',(0.,1.));
#12012 = ( GEOMETRIC_REPRESENTATION_CONTEXT(2) 
PARAMETRIC_REPRESENTATION_CONTEXT() REPRESENTATION_CONTEXT('2D SPACE',''
  ) );
#12013 = ADVANCED_FACE('',(#12014),#9080,.T.);
#12014 = FACE_BOUND('',#12015,.T.);
#12015 = EDGE_LOOP('',(#12016,#12017,#12018,#12019));
#12016 = ORIENTED_EDGE('',*,*,#10645,.F.);
#12017 = ORIENTED_EDGE('',*,*,#9262,.T.);
#12018 = ORIENTED_EDGE('',*,*,#11928,.T.);
#12019 = ORIENTED_EDGE('',*,*,#9064,.T.);
#12020 = ADVANCED_FACE('',(#12021),#9402,.T.);
#12021 = FACE_BOUND('',#12022,.T.);
#12022 = EDGE_LOOP('',(#12023,#12048,#12069,#12070,#12093,#12119,#12145,
    #12171));
#12023 = ORIENTED_EDGE('',*,*,#12024,.F.);
#12024 = EDGE_CURVE('',#12025,#12027,#12029,.T.);
#12025 = VERTEX_POINT('',#12026);
#12026 = CARTESIAN_POINT('',(-60.,12.5,-108.4035533905));
#12027 = VERTEX_POINT('',#12028);
#12028 = CARTESIAN_POINT('',(-60.,13.5,-107.4035533905));
#12029 = SURFACE_CURVE('',#12030,(#12034,#12041),.PCURVE_S1.);
#12030 = LINE('',#12031,#12032);
#12031 = CARTESIAN_POINT('',(-60.,12.2,-108.7035533905));
#12032 = VECTOR('',#12033,1.);
#12033 = DIRECTION('',(0.,0.707106781187,0.707106781187));
#12034 = PCURVE('',#9402,#12035);
#12035 = DEFINITIONAL_REPRESENTATION('',(#12036),#12040);
#12036 = LINE('',#12037,#12038);
#12037 = CARTESIAN_POINT('',(0.,0.));
#12038 = VECTOR('',#12039,1.);
#12039 = DIRECTION('',(1.,0.));
#12040 = ( GEOMETRIC_REPRESENTATION_CONTEXT(2) 
PARAMETRIC_REPRESENTATION_CONTEXT() REPRESENTATION_CONTEXT('2D SPACE',''
  ) );
#12041 = PCURVE('',#9529,#12042);
#12042 = DEFINITIONAL_REPRESENTATION('',(#12043),#12047);
#12043 = LINE('',#12044,#12045);
#12044 = CARTESIAN_POINT('',(-1.767157287525,0.546262814645));
#12045 = VECTOR('',#12046,1.);
#12046 = DIRECTION('',(0.707106781187,-0.707106781187));
#12047 = ( GEOMETRIC_REPRESENTATION_CONTEXT(2) 
PARAMETRIC_REPRESENTATION_CONTEXT() REPRESENTATION_CONTEXT('2D SPACE',''
  ) );
#12048 = ORIENTED_EDGE('',*,*,#12049,.T.);
#12049 = EDGE_CURVE('',#12025,#9386,#12050,.T.);
#12050 = SURFACE_CURVE('',#12051,(#12055,#12062),.PCURVE_S1.);
#12051 = LINE('',#12052,#12053);
#12052 = CARTESIAN_POINT('',(-60.,12.5,-108.4035533905));
#12053 = VECTOR('',#12054,1.);
#12054 = DIRECTION('',(1.,0.,0.));
#12055 = PCURVE('',#9402,#12056);
#12056 = DEFINITIONAL_REPRESENTATION('',(#12057),#12061);
#12057 = LINE('',#12058,#12059);
#12058 = CARTESIAN_POINT('',(0.424264068712,0.));
#12059 = VECTOR('',#12060,1.);
#12060 = DIRECTION('',(0.,-1.));
#12061 = ( GEOMETRIC_REPRESENTATION_CONTEXT(2) 
PARAMETRIC_REPRESENTATION_CONTEXT() REPRESENTATION_CONTEXT('2D SPACE',''
  ) );
#12062 = PCURVE('',#9428,#12063);
#12063 = DEFINITIONAL_REPRESENTATION('',(#12064),#12068);
#12064 = LINE('',#12065,#12066);
#12065 = CARTESIAN_POINT('',(2.096446609407,-27.));
#12066 = VECTOR('',#12067,1.);
#12067 = DIRECTION('',(0.,1.));
#12068 = ( GEOMETRIC_REPRESENTATION_CONTEXT(2) 
PARAMETRIC_REPRESENTATION_CONTEXT() REPRESENTATION_CONTEXT('2D SPACE',''
  ) );
#12069 = ORIENTED_EDGE('',*,*,#9385,.T.);
#12070 = ORIENTED_EDGE('',*,*,#12071,.F.);
#12071 = EDGE_CURVE('',#12072,#9388,#12074,.T.);
#12072 = VERTEX_POINT('',#12073);
#12073 = CARTESIAN_POINT('',(-55.85,13.5,-107.4035533905));
#12074 = SURFACE_CURVE('',#12075,(#12079,#12086),.PCURVE_S1.);
#12075 = LINE('',#12076,#12077);
#12076 = CARTESIAN_POINT('',(-60.,13.5,-107.4035533905));
#12077 = VECTOR('',#12078,1.);
#12078 = DIRECTION('',(1.,0.,0.));
#12079 = PCURVE('',#9402,#12080);
#12080 = DEFINITIONAL_REPRESENTATION('',(#12081),#12085);
#12081 = LINE('',#12082,#12083);
#12082 = CARTESIAN_POINT('',(1.838477631085,0.));
#12083 = VECTOR('',#12084,1.);
#12084 = DIRECTION('',(0.,-1.));
#12085 = ( GEOMETRIC_REPRESENTATION_CONTEXT(2) 
PARAMETRIC_REPRESENTATION_CONTEXT() REPRESENTATION_CONTEXT('2D SPACE',''
  ) );
#12086 = PCURVE('',#9497,#12087);
#12087 = DEFINITIONAL_REPRESENTATION('',(#12088),#12092);
#12088 = LINE('',#12089,#12090);
#12089 = CARTESIAN_POINT('',(0.,0.));
#12090 = VECTOR('',#12091,1.);
#12091 = DIRECTION('',(0.,-1.));
#12092 = ( GEOMETRIC_REPRESENTATION_CONTEXT(2) 
PARAMETRIC_REPRESENTATION_CONTEXT() REPRESENTATION_CONTEXT('2D SPACE',''
  ) );
#12093 = ORIENTED_EDGE('',*,*,#12094,.F.);
#12094 = EDGE_CURVE('',#12095,#12072,#12097,.T.);
#12095 = VERTEX_POINT('',#12096);
#12096 = CARTESIAN_POINT('',(-55.85,13.453553390593,-107.45));
#12097 = SURFACE_CURVE('',#12098,(#12102,#12108),.PCURVE_S1.);
#12098 = LINE('',#12099,#12100);
#12099 = CARTESIAN_POINT('',(-55.85,12.813388347648,-108.0901650429));
#12100 = VECTOR('',#12101,1.);
#12101 = DIRECTION('',(0.,0.707106781187,0.707106781187));
#12102 = PCURVE('',#9402,#12103);
#12103 = DEFINITIONAL_REPRESENTATION('',(#12104),#12107);
#12104 = B_SPLINE_CURVE_WITH_KNOTS('',1,(#12105,#12106),.UNSPECIFIED.,
  .F.,.F.,(2,2),(0.90533008589,0.971015510839),
  .PIECEWISE_BEZIER_KNOTS.);
#12105 = CARTESIAN_POINT('',(1.772792206136,-4.15));
#12106 = CARTESIAN_POINT('',(1.838477631085,-4.15));
#12107 = ( GEOMETRIC_REPRESENTATION_CONTEXT(2) 
PARAMETRIC_REPRESENTATION_CONTEXT() REPRESENTATION_CONTEXT('2D SPACE',''
  ) );
#12108 = PCURVE('',#12109,#12114);
#12109 = PLANE('',#12110);
#12110 = AXIS2_PLACEMENT_3D('',#12111,#12112,#12113);
#12111 = CARTESIAN_POINT('',(-55.85,13.4,-107.45));
#12112 = DIRECTION('',(1.,0.,-0.));
#12113 = DIRECTION('',(0.,0.,1.));
#12114 = DEFINITIONAL_REPRESENTATION('',(#12115),#12118);
#12115 = B_SPLINE_CURVE_WITH_KNOTS('',1,(#12116,#12117),.UNSPECIFIED.,
  .F.,.F.,(2,2),(0.90533008589,0.971015510839),
  .PIECEWISE_BEZIER_KNOTS.);
#12116 = CARTESIAN_POINT('',(0.,-5.355339059327E-02));
#12117 = CARTESIAN_POINT('',(4.644660940673E-02,-0.1));
#12118 = ( GEOMETRIC_REPRESENTATION_CONTEXT(2) 
PARAMETRIC_REPRESENTATION_CONTEXT() REPRESENTATION_CONTEXT('2D SPACE',''
  ) );
#12119 = ORIENTED_EDGE('',*,*,#12120,.T.);
#12120 = EDGE_CURVE('',#12095,#12121,#12123,.T.);
#12121 = VERTEX_POINT('',#12122);
#12122 = CARTESIAN_POINT('',(-58.15,13.453553390593,-107.45));
#12123 = SURFACE_CURVE('',#12124,(#12128,#12134),.PCURVE_S1.);
#12124 = LINE('',#12125,#12126);
#12125 = CARTESIAN_POINT('',(-59.075,13.453553390593,-107.45));
#12126 = VECTOR('',#12127,1.);
#12127 = DIRECTION('',(-1.,0.,0.));
#12128 = PCURVE('',#9402,#12129);
#12129 = DEFINITIONAL_REPRESENTATION('',(#12130),#12133);
#12130 = B_SPLINE_CURVE_WITH_KNOTS('',1,(#12131,#12132),.UNSPECIFIED.,
  .F.,.F.,(2,2),(-3.225,-0.925),.PIECEWISE_BEZIER_KNOTS.);
#12131 = CARTESIAN_POINT('',(1.772792206136,-4.15));
#12132 = CARTESIAN_POINT('',(1.772792206136,-1.85));
#12133 = ( GEOMETRIC_REPRESENTATION_CONTEXT(2) 
PARAMETRIC_REPRESENTATION_CONTEXT() REPRESENTATION_CONTEXT('2D SPACE',''
  ) );
#12134 = PCURVE('',#12135,#12140);
#12135 = PLANE('',#12136);
#12136 = AXIS2_PLACEMENT_3D('',#12137,#12138,#12139);
#12137 = CARTESIAN_POINT('',(-58.15,13.4,-107.45));
#12138 = DIRECTION('',(0.,0.,1.));
#12139 = DIRECTION('',(1.,0.,-0.));
#12140 = DEFINITIONAL_REPRESENTATION('',(#12141),#12144);
#12141 = B_SPLINE_CURVE_WITH_KNOTS('',1,(#12142,#12143),.UNSPECIFIED.,
  .F.,.F.,(2,2),(-3.225,-0.925),.PIECEWISE_BEZIER_KNOTS.);
#12142 = CARTESIAN_POINT('',(2.3,5.355339059327E-02));
#12143 = CARTESIAN_POINT('',(0.,5.355339059327E-02));
#12144 = ( GEOMETRIC_REPRESENTATION_CONTEXT(2) 
PARAMETRIC_REPRESENTATION_CONTEXT() REPRESENTATION_CONTEXT('2D SPACE',''
  ) );
#12145 = ORIENTED_EDGE('',*,*,#12146,.T.);
#12146 = EDGE_CURVE('',#12121,#12147,#12149,.T.);
#12147 = VERTEX_POINT('',#12148);
#12148 = CARTESIAN_POINT('',(-58.15,13.5,-107.4035533905));
#12149 = SURFACE_CURVE('',#12150,(#12154,#12160),.PCURVE_S1.);
#12150 = LINE('',#12151,#12152);
#12151 = CARTESIAN_POINT('',(-58.15,12.813388347648,-108.0901650429));
#12152 = VECTOR('',#12153,1.);
#12153 = DIRECTION('',(0.,0.707106781187,0.707106781187));
#12154 = PCURVE('',#9402,#12155);
#12155 = DEFINITIONAL_REPRESENTATION('',(#12156),#12159);
#12156 = B_SPLINE_CURVE_WITH_KNOTS('',1,(#12157,#12158),.UNSPECIFIED.,
  .F.,.F.,(2,2),(0.90533008589,0.971015510839),
  .PIECEWISE_BEZIER_KNOTS.);
#12157 = CARTESIAN_POINT('',(1.772792206136,-1.85));
#12158 = CARTESIAN_POINT('',(1.838477631085,-1.85));
#12159 = ( GEOMETRIC_REPRESENTATION_CONTEXT(2) 
PARAMETRIC_REPRESENTATION_CONTEXT() REPRESENTATION_CONTEXT('2D SPACE',''
  ) );
#12160 = PCURVE('',#12161,#12166);
#12161 = PLANE('',#12162);
#12162 = AXIS2_PLACEMENT_3D('',#12163,#12164,#12165);
#12163 = CARTESIAN_POINT('',(-58.15,13.4,-107.45));
#12164 = DIRECTION('',(1.,0.,-0.));
#12165 = DIRECTION('',(0.,0.,1.));
#12166 = DEFINITIONAL_REPRESENTATION('',(#12167),#12170);
#12167 = B_SPLINE_CURVE_WITH_KNOTS('',1,(#12168,#12169),.UNSPECIFIED.,
  .F.,.F.,(2,2),(0.90533008589,0.971015510839),
  .PIECEWISE_BEZIER_KNOTS.);
#12168 = CARTESIAN_POINT('',(0.,-5.355339059327E-02));
#12169 = CARTESIAN_POINT('',(4.644660940673E-02,-0.1));
#12170 = ( GEOMETRIC_REPRESENTATION_CONTEXT(2) 
PARAMETRIC_REPRESENTATION_CONTEXT() REPRESENTATION_CONTEXT('2D SPACE',''
  ) );
#12171 = ORIENTED_EDGE('',*,*,#12172,.F.);
#12172 = EDGE_CURVE('',#12027,#12147,#12173,.T.);
#12173 = SURFACE_CURVE('',#12174,(#12178,#12185),.PCURVE_S1.);
#12174 = LINE('',#12175,#12176);
#12175 = CARTESIAN_POINT('',(-60.,13.5,-107.4035533905));
#12176 = VECTOR('',#12177,1.);
#12177 = DIRECTION('',(1.,0.,0.));
#12178 = PCURVE('',#9402,#12179);
#12179 = DEFINITIONAL_REPRESENTATION('',(#12180),#12184);
#12180 = LINE('',#12181,#12182);
#12181 = CARTESIAN_POINT('',(1.838477631085,0.));
#12182 = VECTOR('',#12183,1.);
#12183 = DIRECTION('',(0.,-1.));
#12184 = ( GEOMETRIC_REPRESENTATION_CONTEXT(2) 
PARAMETRIC_REPRESENTATION_CONTEXT() REPRESENTATION_CONTEXT('2D SPACE',''
  ) );
#12185 = PCURVE('',#9497,#12186);
#12186 = DEFINITIONAL_REPRESENTATION('',(#12187),#12191);
#12187 = LINE('',#12188,#12189);
#12188 = CARTESIAN_POINT('',(0.,0.));
#12189 = VECTOR('',#12190,1.);
#12190 = DIRECTION('',(0.,-1.));
#12191 = ( GEOMETRIC_REPRESENTATION_CONTEXT(2) 
PARAMETRIC_REPRESENTATION_CONTEXT() REPRESENTATION_CONTEXT('2D SPACE',''
  ) );
#12192 = ADVANCED_FACE('',(#12193),#9497,.T.);
#12193 = FACE_BOUND('',#12194,.T.);
#12194 = EDGE_LOOP('',(#12195,#12216,#12217,#12238,#12264,#12283,#12284,
    #12285));
#12195 = ORIENTED_EDGE('',*,*,#12196,.F.);
#12196 = EDGE_CURVE('',#12027,#9512,#12197,.T.);
#12197 = SURFACE_CURVE('',#12198,(#12202,#12209),.PCURVE_S1.);
#12198 = LINE('',#12199,#12200);
#12199 = CARTESIAN_POINT('',(-60.,13.5,-107.4035533905));
#12200 = VECTOR('',#12201,1.);
#12201 = DIRECTION('',(0.,0.,1.));
#12202 = PCURVE('',#9497,#12203);
#12203 = DEFINITIONAL_REPRESENTATION('',(#12204),#12208);
#12204 = LINE('',#12205,#12206);
#12205 = CARTESIAN_POINT('',(0.,0.));
#12206 = VECTOR('',#12207,1.);
#12207 = DIRECTION('',(1.,0.));
#12208 = ( GEOMETRIC_REPRESENTATION_CONTEXT(2) 
PARAMETRIC_REPRESENTATION_CONTEXT() REPRESENTATION_CONTEXT('2D SPACE',''
  ) );
#12209 = PCURVE('',#9529,#12210);
#12210 = DEFINITIONAL_REPRESENTATION('',(#12211),#12215);
#12211 = LINE('',#12212,#12213);
#12212 = CARTESIAN_POINT('',(-0.467157287525,-0.753737185355));
#12213 = VECTOR('',#12214,1.);
#12214 = DIRECTION('',(1.,0.));
#12215 = ( GEOMETRIC_REPRESENTATION_CONTEXT(2) 
PARAMETRIC_REPRESENTATION_CONTEXT() REPRESENTATION_CONTEXT('2D SPACE',''
  ) );
#12216 = ORIENTED_EDGE('',*,*,#12172,.T.);
#12217 = ORIENTED_EDGE('',*,*,#12218,.T.);
#12218 = EDGE_CURVE('',#12147,#12219,#12221,.T.);
#12219 = VERTEX_POINT('',#12220);
#12220 = CARTESIAN_POINT('',(-58.15,13.5,-105.7));
#12221 = SURFACE_CURVE('',#12222,(#12226,#12232),.PCURVE_S1.);
#12222 = LINE('',#12223,#12224);
#12223 = CARTESIAN_POINT('',(-58.15,13.5,-107.4267766952));
#12224 = VECTOR('',#12225,1.);
#12225 = DIRECTION('',(0.,0.,1.));
#12226 = PCURVE('',#9497,#12227);
#12227 = DEFINITIONAL_REPRESENTATION('',(#12228),#12231);
#12228 = B_SPLINE_CURVE_WITH_KNOTS('',1,(#12229,#12230),.UNSPECIFIED.,
  .F.,.F.,(2,2),(2.322330470336E-02,1.726776695297),
  .PIECEWISE_BEZIER_KNOTS.);
#12229 = CARTESIAN_POINT('',(0.,-1.85));
#12230 = CARTESIAN_POINT('',(1.703553390593,-1.85));
#12231 = ( GEOMETRIC_REPRESENTATION_CONTEXT(2) 
PARAMETRIC_REPRESENTATION_CONTEXT() REPRESENTATION_CONTEXT('2D SPACE',''
  ) );
#12232 = PCURVE('',#12161,#12233);
#12233 = DEFINITIONAL_REPRESENTATION('',(#12234),#12237);
#12234 = B_SPLINE_CURVE_WITH_KNOTS('',1,(#12235,#12236),.UNSPECIFIED.,
  .F.,.F.,(2,2),(2.322330470336E-02,1.726776695297),
  .PIECEWISE_BEZIER_KNOTS.);
#12235 = CARTESIAN_POINT('',(4.644660940673E-02,-1.E-01));
#12236 = CARTESIAN_POINT('',(1.75,-1.E-01));
#12237 = ( GEOMETRIC_REPRESENTATION_CONTEXT(2) 
PARAMETRIC_REPRESENTATION_CONTEXT() REPRESENTATION_CONTEXT('2D SPACE',''
  ) );
#12238 = ORIENTED_EDGE('',*,*,#12239,.F.);
#12239 = EDGE_CURVE('',#12240,#12219,#12242,.T.);
#12240 = VERTEX_POINT('',#12241);
#12241 = CARTESIAN_POINT('',(-55.85,13.5,-105.7));
#12242 = SURFACE_CURVE('',#12243,(#12247,#12253),.PCURVE_S1.);
#12243 = LINE('',#12244,#12245);
#12244 = CARTESIAN_POINT('',(-59.075,13.5,-105.7));
#12245 = VECTOR('',#12246,1.);
#12246 = DIRECTION('',(-1.,0.,0.));
#12247 = PCURVE('',#9497,#12248);
#12248 = DEFINITIONAL_REPRESENTATION('',(#12249),#12252);
#12249 = B_SPLINE_CURVE_WITH_KNOTS('',1,(#12250,#12251),.UNSPECIFIED.,
  .F.,.F.,(2,2),(-3.225,-0.925),.PIECEWISE_BEZIER_KNOTS.);
#12250 = CARTESIAN_POINT('',(1.703553390593,-4.15));
#12251 = CARTESIAN_POINT('',(1.703553390593,-1.85));
#12252 = ( GEOMETRIC_REPRESENTATION_CONTEXT(2) 
PARAMETRIC_REPRESENTATION_CONTEXT() REPRESENTATION_CONTEXT('2D SPACE',''
  ) );
#12253 = PCURVE('',#12254,#12259);
#12254 = PLANE('',#12255);
#12255 = AXIS2_PLACEMENT_3D('',#12256,#12257,#12258);
#12256 = CARTESIAN_POINT('',(-58.15,13.4,-105.7));
#12257 = DIRECTION('',(0.,0.,1.));
#12258 = DIRECTION('',(1.,0.,-0.));
#12259 = DEFINITIONAL_REPRESENTATION('',(#12260),#12263);
#12260 = B_SPLINE_CURVE_WITH_KNOTS('',1,(#12261,#12262),.UNSPECIFIED.,
  .F.,.F.,(2,2),(-3.225,-0.925),.PIECEWISE_BEZIER_KNOTS.);
#12261 = CARTESIAN_POINT('',(2.3,1.E-01));
#12262 = CARTESIAN_POINT('',(0.,1.E-01));
#12263 = ( GEOMETRIC_REPRESENTATION_CONTEXT(2) 
PARAMETRIC_REPRESENTATION_CONTEXT() REPRESENTATION_CONTEXT('2D SPACE',''
  ) );
#12264 = ORIENTED_EDGE('',*,*,#12265,.F.);
#12265 = EDGE_CURVE('',#12072,#12240,#12266,.T.);
#12266 = SURFACE_CURVE('',#12267,(#12271,#12277),.PCURVE_S1.);
#12267 = LINE('',#12268,#12269);
#12268 = CARTESIAN_POINT('',(-55.85,13.5,-107.4267766952));
#12269 = VECTOR('',#12270,1.);
#12270 = DIRECTION('',(0.,0.,1.));
#12271 = PCURVE('',#9497,#12272);
#12272 = DEFINITIONAL_REPRESENTATION('',(#12273),#12276);
#12273 = B_SPLINE_CURVE_WITH_KNOTS('',1,(#12274,#12275),.UNSPECIFIED.,
  .F.,.F.,(2,2),(2.322330470336E-02,1.726776695297),
  .PIECEWISE_BEZIER_KNOTS.);
#12274 = CARTESIAN_POINT('',(0.,-4.15));
#12275 = CARTESIAN_POINT('',(1.703553390593,-4.15));
#12276 = ( GEOMETRIC_REPRESENTATION_CONTEXT(2) 
PARAMETRIC_REPRESENTATION_CONTEXT() REPRESENTATION_CONTEXT('2D SPACE',''
  ) );
#12277 = PCURVE('',#12109,#12278);
#12278 = DEFINITIONAL_REPRESENTATION('',(#12279),#12282);
#12279 = B_SPLINE_CURVE_WITH_KNOTS('',1,(#12280,#12281),.UNSPECIFIED.,
  .F.,.F.,(2,2),(2.322330470336E-02,1.726776695297),
  .PIECEWISE_BEZIER_KNOTS.);
#12280 = CARTESIAN_POINT('',(4.644660940673E-02,-1.E-01));
#12281 = CARTESIAN_POINT('',(1.75,-1.E-01));
#12282 = ( GEOMETRIC_REPRESENTATION_CONTEXT(2) 
PARAMETRIC_REPRESENTATION_CONTEXT() REPRESENTATION_CONTEXT('2D SPACE',''
  ) );
#12283 = ORIENTED_EDGE('',*,*,#12071,.T.);
#12284 = ORIENTED_EDGE('',*,*,#9484,.T.);
#12285 = ORIENTED_EDGE('',*,*,#9541,.F.);
#12286 = ADVANCED_FACE('',(#12287),#9428,.F.);
#12287 = FACE_BOUND('',#12288,.F.);
#12288 = EDGE_LOOP('',(#12289,#12290,#12291,#12312,#12313,#12334,#12335,
    #12357,#12379,#12399,#12400,#12421,#12422,#12442));
#12289 = ORIENTED_EDGE('',*,*,#9413,.T.);
#12290 = ORIENTED_EDGE('',*,*,#11263,.T.);
#12291 = ORIENTED_EDGE('',*,*,#12292,.T.);
#12292 = EDGE_CURVE('',#11240,#10224,#12293,.T.);
#12293 = SURFACE_CURVE('',#12294,(#12298,#12305),.PCURVE_S1.);
#12294 = LINE('',#12295,#12296);
#12295 = CARTESIAN_POINT('',(-62.,12.5,-110.5));
#12296 = VECTOR('',#12297,1.);
#12297 = DIRECTION('',(0.,0.,1.));
#12298 = PCURVE('',#9428,#12299);
#12299 = DEFINITIONAL_REPRESENTATION('',(#12300),#12304);
#12300 = LINE('',#12301,#12302);
#12301 = CARTESIAN_POINT('',(0.,-29.));
#12302 = VECTOR('',#12303,1.);
#12303 = DIRECTION('',(1.,0.));
#12304 = ( GEOMETRIC_REPRESENTATION_CONTEXT(2) 
PARAMETRIC_REPRESENTATION_CONTEXT() REPRESENTATION_CONTEXT('2D SPACE',''
  ) );
#12305 = PCURVE('',#10265,#12306);
#12306 = DEFINITIONAL_REPRESENTATION('',(#12307),#12311);
#12307 = LINE('',#12308,#12309);
#12308 = CARTESIAN_POINT('',(-1.570796326795,0.));
#12309 = VECTOR('',#12310,1.);
#12310 = DIRECTION('',(-0.,1.));
#12311 = ( GEOMETRIC_REPRESENTATION_CONTEXT(2) 
PARAMETRIC_REPRESENTATION_CONTEXT() REPRESENTATION_CONTEXT('2D SPACE',''
  ) );
#12312 = ORIENTED_EDGE('',*,*,#10223,.T.);
#12313 = ORIENTED_EDGE('',*,*,#12314,.F.);
#12314 = EDGE_CURVE('',#10328,#10195,#12315,.T.);
#12315 = SURFACE_CURVE('',#12316,(#12320,#12327),.PCURVE_S1.);
#12316 = LINE('',#12317,#12318);
#12317 = CARTESIAN_POINT('',(-32.,12.5,-110.5));
#12318 = VECTOR('',#12319,1.);
#12319 = DIRECTION('',(0.,0.,1.));
#12320 = PCURVE('',#9428,#12321);
#12321 = DEFINITIONAL_REPRESENTATION('',(#12322),#12326);
#12322 = LINE('',#12323,#12324);
#12323 = CARTESIAN_POINT('',(0.,1.));
#12324 = VECTOR('',#12325,1.);
#12325 = DIRECTION('',(1.,0.));
#12326 = ( GEOMETRIC_REPRESENTATION_CONTEXT(2) 
PARAMETRIC_REPRESENTATION_CONTEXT() REPRESENTATION_CONTEXT('2D SPACE',''
  ) );
#12327 = PCURVE('',#10211,#12328);
#12328 = DEFINITIONAL_REPRESENTATION('',(#12329),#12333);
#12329 = LINE('',#12330,#12331);
#12330 = CARTESIAN_POINT('',(1.570796326795,0.));
#12331 = VECTOR('',#12332,1.);
#12332 = DIRECTION('',(0.,1.));
#12333 = ( GEOMETRIC_REPRESENTATION_CONTEXT(2) 
PARAMETRIC_REPRESENTATION_CONTEXT() REPRESENTATION_CONTEXT('2D SPACE',''
  ) );
#12334 = ORIENTED_EDGE('',*,*,#10325,.F.);
#12335 = ORIENTED_EDGE('',*,*,#12336,.F.);
#12336 = EDGE_CURVE('',#12337,#10326,#12339,.T.);
#12337 = VERTEX_POINT('',#12338);
#12338 = CARTESIAN_POINT('',(-35.25,12.5,-20.2));
#12339 = SURFACE_CURVE('',#12340,(#12344,#12351),.PCURVE_S1.);
#12340 = LINE('',#12341,#12342);
#12341 = CARTESIAN_POINT('',(-35.25,12.5,-69.8));
#12342 = VECTOR('',#12343,1.);
#12343 = DIRECTION('',(-0.,0.,-1.));
#12344 = PCURVE('',#9428,#12345);
#12345 = DEFINITIONAL_REPRESENTATION('',(#12346),#12350);
#12346 = LINE('',#12347,#12348);
#12347 = CARTESIAN_POINT('',(40.7,-2.25));
#12348 = VECTOR('',#12349,1.);
#12349 = DIRECTION('',(-1.,0.));
#12350 = ( GEOMETRIC_REPRESENTATION_CONTEXT(2) 
PARAMETRIC_REPRESENTATION_CONTEXT() REPRESENTATION_CONTEXT('2D SPACE',''
  ) );
#12351 = PCURVE('',#10364,#12352);
#12352 = DEFINITIONAL_REPRESENTATION('',(#12353),#12356);
#12353 = B_SPLINE_CURVE_WITH_KNOTS('',1,(#12354,#12355),.UNSPECIFIED.,
  .F.,.F.,(2,2),(-49.6,-42.3),.PIECEWISE_BEZIER_KNOTS.);
#12354 = CARTESIAN_POINT('',(8.9,-25.1));
#12355 = CARTESIAN_POINT('',(1.6,-25.1));
#12356 = ( GEOMETRIC_REPRESENTATION_CONTEXT(2) 
PARAMETRIC_REPRESENTATION_CONTEXT() REPRESENTATION_CONTEXT('2D SPACE',''
  ) );
#12357 = ORIENTED_EDGE('',*,*,#12358,.F.);
#12358 = EDGE_CURVE('',#12359,#12337,#12361,.T.);
#12359 = VERTEX_POINT('',#12360);
#12360 = CARTESIAN_POINT('',(-36.85,12.5,-20.2));
#12361 = SURFACE_CURVE('',#12362,(#12366,#12373),.PCURVE_S1.);
#12362 = LINE('',#12363,#12364);
#12363 = CARTESIAN_POINT('',(-52.675,12.5,-20.2));
#12364 = VECTOR('',#12365,1.);
#12365 = DIRECTION('',(1.,0.,0.));
#12366 = PCURVE('',#9428,#12367);
#12367 = DEFINITIONAL_REPRESENTATION('',(#12368),#12372);
#12368 = LINE('',#12369,#12370);
#12369 = CARTESIAN_POINT('',(90.3,-19.675));
#12370 = VECTOR('',#12371,1.);
#12371 = DIRECTION('',(0.,1.));
#12372 = ( GEOMETRIC_REPRESENTATION_CONTEXT(2) 
PARAMETRIC_REPRESENTATION_CONTEXT() REPRESENTATION_CONTEXT('2D SPACE',''
  ) );
#12373 = PCURVE('',#10945,#12374);
#12374 = DEFINITIONAL_REPRESENTATION('',(#12375),#12378);
#12375 = B_SPLINE_CURVE_WITH_KNOTS('',1,(#12376,#12377),.UNSPECIFIED.,
  .F.,.F.,(2,2),(15.825,17.425),.PIECEWISE_BEZIER_KNOTS.);
#12376 = CARTESIAN_POINT('',(0.,25.1));
#12377 = CARTESIAN_POINT('',(1.6,25.1));
#12378 = ( GEOMETRIC_REPRESENTATION_CONTEXT(2) 
PARAMETRIC_REPRESENTATION_CONTEXT() REPRESENTATION_CONTEXT('2D SPACE',''
  ) );
#12379 = ORIENTED_EDGE('',*,*,#12380,.T.);
#12380 = EDGE_CURVE('',#12359,#11883,#12381,.T.);
#12381 = SURFACE_CURVE('',#12382,(#12386,#12393),.PCURVE_S1.);
#12382 = LINE('',#12383,#12384);
#12383 = CARTESIAN_POINT('',(-36.85,12.5,-69.8));
#12384 = VECTOR('',#12385,1.);
#12385 = DIRECTION('',(-0.,0.,-1.));
#12386 = PCURVE('',#9428,#12387);
#12387 = DEFINITIONAL_REPRESENTATION('',(#12388),#12392);
#12388 = LINE('',#12389,#12390);
#12389 = CARTESIAN_POINT('',(40.7,-3.85));
#12390 = VECTOR('',#12391,1.);
#12391 = DIRECTION('',(-1.,0.));
#12392 = ( GEOMETRIC_REPRESENTATION_CONTEXT(2) 
PARAMETRIC_REPRESENTATION_CONTEXT() REPRESENTATION_CONTEXT('2D SPACE',''
  ) );
#12393 = PCURVE('',#10972,#12394);
#12394 = DEFINITIONAL_REPRESENTATION('',(#12395),#12398);
#12395 = B_SPLINE_CURVE_WITH_KNOTS('',1,(#12396,#12397),.UNSPECIFIED.,
  .F.,.F.,(2,2),(-49.6,-40.7),.PIECEWISE_BEZIER_KNOTS.);
#12396 = CARTESIAN_POINT('',(8.9,-25.1));
#12397 = CARTESIAN_POINT('',(0.,-25.1));
#12398 = ( GEOMETRIC_REPRESENTATION_CONTEXT(2) 
PARAMETRIC_REPRESENTATION_CONTEXT() REPRESENTATION_CONTEXT('2D SPACE',''
  ) );
#12399 = ORIENTED_EDGE('',*,*,#11994,.T.);
#12400 = ORIENTED_EDGE('',*,*,#12401,.F.);
#12401 = EDGE_CURVE('',#9588,#11971,#12402,.T.);
#12402 = SURFACE_CURVE('',#12403,(#12407,#12414),.PCURVE_S1.);
#12403 = LINE('',#12404,#12405);
#12404 = CARTESIAN_POINT('',(-32.,12.5,-110.5));
#12405 = VECTOR('',#12406,1.);
#12406 = DIRECTION('',(0.,0.,1.));
#12407 = PCURVE('',#9428,#12408);
#12408 = DEFINITIONAL_REPRESENTATION('',(#12409),#12413);
#12409 = LINE('',#12410,#12411);
#12410 = CARTESIAN_POINT('',(0.,1.));
#12411 = VECTOR('',#12412,1.);
#12412 = DIRECTION('',(1.,0.));
#12413 = ( GEOMETRIC_REPRESENTATION_CONTEXT(2) 
PARAMETRIC_REPRESENTATION_CONTEXT() REPRESENTATION_CONTEXT('2D SPACE',''
  ) );
#12414 = PCURVE('',#9608,#12415);
#12415 = DEFINITIONAL_REPRESENTATION('',(#12416),#12420);
#12416 = LINE('',#12417,#12418);
#12417 = CARTESIAN_POINT('',(1.570796326795,0.));
#12418 = VECTOR('',#12419,1.);
#12419 = DIRECTION('',(0.,1.));
#12420 = ( GEOMETRIC_REPRESENTATION_CONTEXT(2) 
PARAMETRIC_REPRESENTATION_CONTEXT() REPRESENTATION_CONTEXT('2D SPACE',''
  ) );
#12421 = ORIENTED_EDGE('',*,*,#9620,.T.);
#12422 = ORIENTED_EDGE('',*,*,#12423,.T.);
#12423 = EDGE_CURVE('',#9514,#12025,#12424,.T.);
#12424 = SURFACE_CURVE('',#12425,(#12429,#12436),.PCURVE_S1.);
#12425 = LINE('',#12426,#12427);
#12426 = CARTESIAN_POINT('',(-60.,12.5,-108.7181980515));
#12427 = VECTOR('',#12428,1.);
#12428 = DIRECTION('',(0.,0.,-1.));
#12429 = PCURVE('',#9428,#12430);
#12430 = DEFINITIONAL_REPRESENTATION('',(#12431),#12435);
#12431 = LINE('',#12432,#12433);
#12432 = CARTESIAN_POINT('',(1.781801948466,-27.));
#12433 = VECTOR('',#12434,1.);
#12434 = DIRECTION('',(-1.,0.));
#12435 = ( GEOMETRIC_REPRESENTATION_CONTEXT(2) 
PARAMETRIC_REPRESENTATION_CONTEXT() REPRESENTATION_CONTEXT('2D SPACE',''
  ) );
#12436 = PCURVE('',#9529,#12437);
#12437 = DEFINITIONAL_REPRESENTATION('',(#12438),#12441);
#12438 = B_SPLINE_CURVE_WITH_KNOTS('',1,(#12439,#12440),.UNSPECIFIED.,
  .F.,.F.,(2,2),(-3.168198051534,-1.464466094069E-02),
  .PIECEWISE_BEZIER_KNOTS.);
#12439 = CARTESIAN_POINT('',(1.386396103068,0.246262814645));
#12440 = CARTESIAN_POINT('',(-1.767157287525,0.246262814645));
#12441 = ( GEOMETRIC_REPRESENTATION_CONTEXT(2) 
PARAMETRIC_REPRESENTATION_CONTEXT() REPRESENTATION_CONTEXT('2D SPACE',''
  ) );
#12442 = ORIENTED_EDGE('',*,*,#12049,.T.);
#12443 = ADVANCED_FACE('',(#12444),#9529,.T.);
#12444 = FACE_BOUND('',#12445,.T.);
#12445 = EDGE_LOOP('',(#12446,#12447,#12448,#12449));
#12446 = ORIENTED_EDGE('',*,*,#12423,.T.);
#12447 = ORIENTED_EDGE('',*,*,#12024,.T.);
#12448 = ORIENTED_EDGE('',*,*,#12196,.T.);
#12449 = ORIENTED_EDGE('',*,*,#9511,.T.);
#12450 = ADVANCED_FACE('',(#12451),#9608,.F.);
#12451 = FACE_BOUND('',#12452,.F.);
#12452 = EDGE_LOOP('',(#12453,#12476,#12477,#12478,#12479,#12480,#12481,
    #12502));
#12453 = ORIENTED_EDGE('',*,*,#12454,.F.);
#12454 = EDGE_CURVE('',#11717,#12455,#12457,.T.);
#12455 = VERTEX_POINT('',#12456);
#12456 = CARTESIAN_POINT('',(-25.5,6.,-36.));
#12457 = SURFACE_CURVE('',#12458,(#12462,#12469),.PCURVE_S1.);
#12458 = LINE('',#12459,#12460);
#12459 = CARTESIAN_POINT('',(-25.5,6.,-110.5));
#12460 = VECTOR('',#12461,1.);
#12461 = DIRECTION('',(0.,0.,1.));
#12462 = PCURVE('',#9608,#12463);
#12463 = DEFINITIONAL_REPRESENTATION('',(#12464),#12468);
#12464 = LINE('',#12465,#12466);
#12465 = CARTESIAN_POINT('',(0.,0.));
#12466 = VECTOR('',#12467,1.);
#12467 = DIRECTION('',(0.,1.));
#12468 = ( GEOMETRIC_REPRESENTATION_CONTEXT(2) 
PARAMETRIC_REPRESENTATION_CONTEXT() REPRESENTATION_CONTEXT('2D SPACE',''
  ) );
#12469 = PCURVE('',#11594,#12470);
#12470 = DEFINITIONAL_REPRESENTATION('',(#12471),#12475);
#12471 = LINE('',#12472,#12473);
#12472 = CARTESIAN_POINT('',(0.,-18.5));
#12473 = VECTOR('',#12474,1.);
#12474 = DIRECTION('',(1.,0.));
#12475 = ( GEOMETRIC_REPRESENTATION_CONTEXT(2) 
PARAMETRIC_REPRESENTATION_CONTEXT() REPRESENTATION_CONTEXT('2D SPACE',''
  ) );
#12476 = ORIENTED_EDGE('',*,*,#11716,.T.);
#12477 = ORIENTED_EDGE('',*,*,#9643,.T.);
#12478 = ORIENTED_EDGE('',*,*,#9587,.T.);
#12479 = ORIENTED_EDGE('',*,*,#12401,.T.);
#12480 = ORIENTED_EDGE('',*,*,#11970,.F.);
#12481 = ORIENTED_EDGE('',*,*,#12482,.F.);
#12482 = EDGE_CURVE('',#12483,#11950,#12485,.T.);
#12483 = VERTEX_POINT('',#12484);
#12484 = CARTESIAN_POINT('',(-25.92052633857,8.3,-36.));
#12485 = SURFACE_CURVE('',#12486,(#12490,#12496),.PCURVE_S1.);
#12486 = LINE('',#12487,#12488);
#12487 = CARTESIAN_POINT('',(-25.92052633857,8.3,-110.5));
#12488 = VECTOR('',#12489,1.);
#12489 = DIRECTION('',(0.,0.,1.));
#12490 = PCURVE('',#9608,#12491);
#12491 = DEFINITIONAL_REPRESENTATION('',(#12492),#12495);
#12492 = B_SPLINE_CURVE_WITH_KNOTS('',1,(#12493,#12494),.UNSPECIFIED.,
  .F.,.F.,(2,2),(73.81,82.09),.PIECEWISE_BEZIER_KNOTS.);
#12493 = CARTESIAN_POINT('',(0.361680119508,73.81));
#12494 = CARTESIAN_POINT('',(0.361680119508,82.09));
#12495 = ( GEOMETRIC_REPRESENTATION_CONTEXT(2) 
PARAMETRIC_REPRESENTATION_CONTEXT() REPRESENTATION_CONTEXT('2D SPACE',''
  ) );
#12496 = PCURVE('',#11827,#12497);
#12497 = DEFINITIONAL_REPRESENTATION('',(#12498),#12501);
#12498 = B_SPLINE_CURVE_WITH_KNOTS('',1,(#12499,#12500),.UNSPECIFIED.,
  .F.,.F.,(2,2),(73.81,82.09),.PIECEWISE_BEZIER_KNOTS.);
#12499 = CARTESIAN_POINT('',(-0.69,0.329473661428));
#12500 = CARTESIAN_POINT('',(7.59,0.329473661428));
#12501 = ( GEOMETRIC_REPRESENTATION_CONTEXT(2) 
PARAMETRIC_REPRESENTATION_CONTEXT() REPRESENTATION_CONTEXT('2D SPACE',''
  ) );
#12502 = ORIENTED_EDGE('',*,*,#12503,.F.);
#12503 = EDGE_CURVE('',#12455,#12483,#12504,.T.);
#12504 = SURFACE_CURVE('',#12505,(#12510,#12517),.PCURVE_S1.);
#12505 = CIRCLE('',#12506,6.5);
#12506 = AXIS2_PLACEMENT_3D('',#12507,#12508,#12509);
#12507 = CARTESIAN_POINT('',(-32.,6.,-36.));
#12508 = DIRECTION('',(0.,0.,1.));
#12509 = DIRECTION('',(1.,0.,-0.));
#12510 = PCURVE('',#9608,#12511);
#12511 = DEFINITIONAL_REPRESENTATION('',(#12512),#12516);
#12512 = LINE('',#12513,#12514);
#12513 = CARTESIAN_POINT('',(0.,74.5));
#12514 = VECTOR('',#12515,1.);
#12515 = DIRECTION('',(1.,0.));
#12516 = ( GEOMETRIC_REPRESENTATION_CONTEXT(2) 
PARAMETRIC_REPRESENTATION_CONTEXT() REPRESENTATION_CONTEXT('2D SPACE',''
  ) );
#12517 = PCURVE('',#11696,#12518);
#12518 = DEFINITIONAL_REPRESENTATION('',(#12519),#12523);
#12519 = CIRCLE('',#12520,6.5);
#12520 = AXIS2_PLACEMENT_2D('',#12521,#12522);
#12521 = CARTESIAN_POINT('',(-5.75,14.3));
#12522 = DIRECTION('',(1.,0.));
#12523 = ( GEOMETRIC_REPRESENTATION_CONTEXT(2) 
PARAMETRIC_REPRESENTATION_CONTEXT() REPRESENTATION_CONTEXT('2D SPACE',''
  ) );
#12524 = ADVANCED_FACE('',(#12525),#10265,.F.);
#12525 = FACE_BOUND('',#12526,.T.);
#12526 = EDGE_LOOP('',(#12527,#12528,#12529,#12530));
#12527 = ORIENTED_EDGE('',*,*,#11171,.F.);
#12528 = ORIENTED_EDGE('',*,*,#11239,.F.);
#12529 = ORIENTED_EDGE('',*,*,#12292,.T.);
#12530 = ORIENTED_EDGE('',*,*,#10246,.F.);
#12531 = ADVANCED_FACE('',(#12532),#10211,.F.);
#12532 = FACE_BOUND('',#12533,.F.);
#12533 = EDGE_LOOP('',(#12534,#12535,#12536,#12537));
#12534 = ORIENTED_EDGE('',*,*,#10194,.F.);
#12535 = ORIENTED_EDGE('',*,*,#10280,.F.);
#12536 = ORIENTED_EDGE('',*,*,#10667,.T.);
#12537 = ORIENTED_EDGE('',*,*,#12314,.T.);
#12538 = ADVANCED_FACE('',(#12539),#10612,.F.);
#12539 = FACE_BOUND('',#12540,.T.);
#12540 = EDGE_LOOP('',(#12541,#12542,#12543,#12544));
#12541 = ORIENTED_EDGE('',*,*,#10761,.F.);
#12542 = ORIENTED_EDGE('',*,*,#10692,.F.);
#12543 = ORIENTED_EDGE('',*,*,#10595,.F.);
#12544 = ORIENTED_EDGE('',*,*,#10885,.T.);
#12545 = ADVANCED_FACE('',(#12546),#10364,.T.);
#12546 = FACE_BOUND('',#12547,.T.);
#12547 = EDGE_LOOP('',(#12548,#12549,#12550,#12571,#12592,#12611,#12612,
    #12633,#12654,#12673,#12674,#12675));
#12548 = ORIENTED_EDGE('',*,*,#10907,.T.);
#12549 = ORIENTED_EDGE('',*,*,#10552,.T.);
#12550 = ORIENTED_EDGE('',*,*,#12551,.T.);
#12551 = EDGE_CURVE('',#10527,#12552,#12554,.T.);
#12552 = VERTEX_POINT('',#12553);
#12553 = CARTESIAN_POINT('',(-35.25,-7.85,-20.55));
#12554 = SURFACE_CURVE('',#12555,(#12559,#12565),.PCURVE_S1.);
#12555 = LINE('',#12556,#12557);
#12556 = CARTESIAN_POINT('',(-35.25,-7.85,-27.07872429815));
#12557 = VECTOR('',#12558,1.);
#12558 = DIRECTION('',(0.,-0.,1.));
#12559 = PCURVE('',#10364,#12560);
#12560 = DEFINITIONAL_REPRESENTATION('',(#12561),#12564);
#12561 = B_SPLINE_CURVE_WITH_KNOTS('',1,(#12562,#12563),.UNSPECIFIED.,
  .F.,.F.,(2,2),(-0.421275701841,6.578724298159),
  .PIECEWISE_BEZIER_KNOTS.);
#12562 = CARTESIAN_POINT('',(1.6,-4.75));
#12563 = CARTESIAN_POINT('',(8.6,-4.75));
#12564 = ( GEOMETRIC_REPRESENTATION_CONTEXT(2) 
PARAMETRIC_REPRESENTATION_CONTEXT() REPRESENTATION_CONTEXT('2D SPACE',''
  ) );
#12565 = PCURVE('',#10541,#12566);
#12566 = DEFINITIONAL_REPRESENTATION('',(#12567),#12570);
#12567 = B_SPLINE_CURVE_WITH_KNOTS('',1,(#12568,#12569),.UNSPECIFIED.,
  .F.,.F.,(2,2),(-0.421275701841,6.578724298159),
  .PIECEWISE_BEZIER_KNOTS.);
#12568 = CARTESIAN_POINT('',(-2.442551403683,-2.442551403683));
#12569 = CARTESIAN_POINT('',(4.557448596317,-2.442551403683));
#12570 = ( GEOMETRIC_REPRESENTATION_CONTEXT(2) 
PARAMETRIC_REPRESENTATION_CONTEXT() REPRESENTATION_CONTEXT('2D SPACE',''
  ) );
#12571 = ORIENTED_EDGE('',*,*,#12572,.F.);
#12572 = EDGE_CURVE('',#12573,#12552,#12575,.T.);
#12573 = VERTEX_POINT('',#12574);
#12574 = CARTESIAN_POINT('',(-35.25,-6.25,-20.55));
#12575 = SURFACE_CURVE('',#12576,(#12580,#12586),.PCURVE_S1.);
#12576 = LINE('',#12577,#12578);
#12577 = CARTESIAN_POINT('',(-35.25,-9.425,-20.55));
#12578 = VECTOR('',#12579,1.);
#12579 = DIRECTION('',(0.,-1.,0.));
#12580 = PCURVE('',#10364,#12581);
#12581 = DEFINITIONAL_REPRESENTATION('',(#12582),#12585);
#12582 = B_SPLINE_CURVE_WITH_KNOTS('',1,(#12583,#12584),.UNSPECIFIED.,
  .F.,.F.,(2,2),(-3.175,-1.575),.PIECEWISE_BEZIER_KNOTS.);
#12583 = CARTESIAN_POINT('',(8.55,-6.35));
#12584 = CARTESIAN_POINT('',(8.55,-4.75));
#12585 = ( GEOMETRIC_REPRESENTATION_CONTEXT(2) 
PARAMETRIC_REPRESENTATION_CONTEXT() REPRESENTATION_CONTEXT('2D SPACE',''
  ) );
#12586 = PCURVE('',#10515,#12587);
#12587 = DEFINITIONAL_REPRESENTATION('',(#12588),#12591);
#12588 = B_SPLINE_CURVE_WITH_KNOTS('',1,(#12589,#12590),.UNSPECIFIED.,
  .F.,.F.,(2,2),(-3.175,-1.575),.PIECEWISE_BEZIER_KNOTS.);
#12589 = CARTESIAN_POINT('',(7.071067811865E-02,0.));
#12590 = CARTESIAN_POINT('',(7.071067811865E-02,-1.6));
#12591 = ( GEOMETRIC_REPRESENTATION_CONTEXT(2) 
PARAMETRIC_REPRESENTATION_CONTEXT() REPRESENTATION_CONTEXT('2D SPACE',''
  ) );
#12592 = ORIENTED_EDGE('',*,*,#12593,.F.);
#12593 = EDGE_CURVE('',#10454,#12573,#12594,.T.);
#12594 = SURFACE_CURVE('',#12595,(#12599,#12605),.PCURVE_S1.);
#12595 = LINE('',#12596,#12597);
#12596 = CARTESIAN_POINT('',(-35.25,-6.25,-27.07872429815));
#12597 = VECTOR('',#12598,1.);
#12598 = DIRECTION('',(0.,-0.,1.));
#12599 = PCURVE('',#10364,#12600);
#12600 = DEFINITIONAL_REPRESENTATION('',(#12601),#12604);
#12601 = B_SPLINE_CURVE_WITH_KNOTS('',1,(#12602,#12603),.UNSPECIFIED.,
  .F.,.F.,(2,2),(-0.421275701841,6.578724298159),
  .PIECEWISE_BEZIER_KNOTS.);
#12602 = CARTESIAN_POINT('',(1.6,-6.35));
#12603 = CARTESIAN_POINT('',(8.6,-6.35));
#12604 = ( GEOMETRIC_REPRESENTATION_CONTEXT(2) 
PARAMETRIC_REPRESENTATION_CONTEXT() REPRESENTATION_CONTEXT('2D SPACE',''
  ) );
#12605 = PCURVE('',#10489,#12606);
#12606 = DEFINITIONAL_REPRESENTATION('',(#12607),#12610);
#12607 = B_SPLINE_CURVE_WITH_KNOTS('',1,(#12608,#12609),.UNSPECIFIED.,
  .F.,.F.,(2,2),(-0.421275701841,6.578724298159),
  .PIECEWISE_BEZIER_KNOTS.);
#12608 = CARTESIAN_POINT('',(-2.442551403683,-2.442551403683));
#12609 = CARTESIAN_POINT('',(4.557448596317,-2.442551403683));
#12610 = ( GEOMETRIC_REPRESENTATION_CONTEXT(2) 
PARAMETRIC_REPRESENTATION_CONTEXT() REPRESENTATION_CONTEXT('2D SPACE',''
  ) );
#12611 = ORIENTED_EDGE('',*,*,#10453,.T.);
#12612 = ORIENTED_EDGE('',*,*,#12613,.T.);
#12613 = EDGE_CURVE('',#10428,#12614,#12616,.T.);
#12614 = VERTEX_POINT('',#12615);
#12615 = CARTESIAN_POINT('',(-35.25,6.25,-20.55));
#12616 = SURFACE_CURVE('',#12617,(#12621,#12627),.PCURVE_S1.);
#12617 = LINE('',#12618,#12619);
#12618 = CARTESIAN_POINT('',(-35.25,6.25,-27.07872429815));
#12619 = VECTOR('',#12620,1.);
#12620 = DIRECTION('',(0.,-0.,1.));
#12621 = PCURVE('',#10364,#12622);
#12622 = DEFINITIONAL_REPRESENTATION('',(#12623),#12626);
#12623 = B_SPLINE_CURVE_WITH_KNOTS('',1,(#12624,#12625),.UNSPECIFIED.,
  .F.,.F.,(2,2),(-0.421275701841,6.578724298159),
  .PIECEWISE_BEZIER_KNOTS.);
#12624 = CARTESIAN_POINT('',(1.6,-18.85));
#12625 = CARTESIAN_POINT('',(8.6,-18.85));
#12626 = ( GEOMETRIC_REPRESENTATION_CONTEXT(2) 
PARAMETRIC_REPRESENTATION_CONTEXT() REPRESENTATION_CONTEXT('2D SPACE',''
  ) );
#12627 = PCURVE('',#10442,#12628);
#12628 = DEFINITIONAL_REPRESENTATION('',(#12629),#12632);
#12629 = B_SPLINE_CURVE_WITH_KNOTS('',1,(#12630,#12631),.UNSPECIFIED.,
  .F.,.F.,(2,2),(-0.421275701841,6.578724298159),
  .PIECEWISE_BEZIER_KNOTS.);
#12630 = CARTESIAN_POINT('',(-2.442551403683,-2.442551403683));
#12631 = CARTESIAN_POINT('',(4.557448596317,-2.442551403683));
#12632 = ( GEOMETRIC_REPRESENTATION_CONTEXT(2) 
PARAMETRIC_REPRESENTATION_CONTEXT() REPRESENTATION_CONTEXT('2D SPACE',''
  ) );
#12633 = ORIENTED_EDGE('',*,*,#12634,.F.);
#12634 = EDGE_CURVE('',#12635,#12614,#12637,.T.);
#12635 = VERTEX_POINT('',#12636);
#12636 = CARTESIAN_POINT('',(-35.25,7.85,-20.55));
#12637 = SURFACE_CURVE('',#12638,(#12642,#12648),.PCURVE_S1.);
#12638 = LINE('',#12639,#12640);
#12639 = CARTESIAN_POINT('',(-35.25,-2.375,-20.55));
#12640 = VECTOR('',#12641,1.);
#12641 = DIRECTION('',(0.,-1.,0.));
#12642 = PCURVE('',#10364,#12643);
#12643 = DEFINITIONAL_REPRESENTATION('',(#12644),#12647);
#12644 = B_SPLINE_CURVE_WITH_KNOTS('',1,(#12645,#12646),.UNSPECIFIED.,
  .F.,.F.,(2,2),(-10.225,-8.625),.PIECEWISE_BEZIER_KNOTS.);
#12645 = CARTESIAN_POINT('',(8.55,-20.45));
#12646 = CARTESIAN_POINT('',(8.55,-18.85));
#12647 = ( GEOMETRIC_REPRESENTATION_CONTEXT(2) 
PARAMETRIC_REPRESENTATION_CONTEXT() REPRESENTATION_CONTEXT('2D SPACE',''
  ) );
#12648 = PCURVE('',#10416,#12649);
#12649 = DEFINITIONAL_REPRESENTATION('',(#12650),#12653);
#12650 = B_SPLINE_CURVE_WITH_KNOTS('',1,(#12651,#12652),.UNSPECIFIED.,
  .F.,.F.,(2,2),(-10.225,-8.625),.PIECEWISE_BEZIER_KNOTS.);
#12651 = CARTESIAN_POINT('',(7.071067811865E-02,0.));
#12652 = CARTESIAN_POINT('',(7.071067811865E-02,-1.6));
#12653 = ( GEOMETRIC_REPRESENTATION_CONTEXT(2) 
PARAMETRIC_REPRESENTATION_CONTEXT() REPRESENTATION_CONTEXT('2D SPACE',''
  ) );
#12654 = ORIENTED_EDGE('',*,*,#12655,.F.);
#12655 = EDGE_CURVE('',#10350,#12635,#12656,.T.);
#12656 = SURFACE_CURVE('',#12657,(#12661,#12667),.PCURVE_S1.);
#12657 = LINE('',#12658,#12659);
#12658 = CARTESIAN_POINT('',(-35.25,7.85,-27.07872429815));
#12659 = VECTOR('',#12660,1.);
#12660 = DIRECTION('',(0.,-0.,1.));
#12661 = PCURVE('',#10364,#12662);
#12662 = DEFINITIONAL_REPRESENTATION('',(#12663),#12666);
#12663 = B_SPLINE_CURVE_WITH_KNOTS('',1,(#12664,#12665),.UNSPECIFIED.,
  .F.,.F.,(2,2),(-0.421275701841,6.578724298159),
  .PIECEWISE_BEZIER_KNOTS.);
#12664 = CARTESIAN_POINT('',(1.6,-20.45));
#12665 = CARTESIAN_POINT('',(8.6,-20.45));
#12666 = ( GEOMETRIC_REPRESENTATION_CONTEXT(2) 
PARAMETRIC_REPRESENTATION_CONTEXT() REPRESENTATION_CONTEXT('2D SPACE',''
  ) );
#12667 = PCURVE('',#10390,#12668);
#12668 = DEFINITIONAL_REPRESENTATION('',(#12669),#12672);
#12669 = B_SPLINE_CURVE_WITH_KNOTS('',1,(#12670,#12671),.UNSPECIFIED.,
  .F.,.F.,(2,2),(-0.421275701841,6.578724298159),
  .PIECEWISE_BEZIER_KNOTS.);
#12670 = CARTESIAN_POINT('',(-2.442551403683,-2.442551403683));
#12671 = CARTESIAN_POINT('',(4.557448596317,-2.442551403683));
#12672 = ( GEOMETRIC_REPRESENTATION_CONTEXT(2) 
PARAMETRIC_REPRESENTATION_CONTEXT() REPRESENTATION_CONTEXT('2D SPACE',''
  ) );
#12673 = ORIENTED_EDGE('',*,*,#10349,.T.);
#12674 = ORIENTED_EDGE('',*,*,#12336,.F.);
#12675 = ORIENTED_EDGE('',*,*,#12676,.F.);
#12676 = EDGE_CURVE('',#10908,#12337,#12677,.T.);
#12677 = SURFACE_CURVE('',#12678,(#12682,#12689),.PCURVE_S1.);
#12678 = LINE('',#12679,#12680);
#12679 = CARTESIAN_POINT('',(-35.25,-12.6,-20.2));
#12680 = VECTOR('',#12681,1.);
#12681 = DIRECTION('',(-0.,1.,0.));
#12682 = PCURVE('',#10364,#12683);
#12683 = DEFINITIONAL_REPRESENTATION('',(#12684),#12688);
#12684 = LINE('',#12685,#12686);
#12685 = CARTESIAN_POINT('',(8.9,0.));
#12686 = VECTOR('',#12687,1.);
#12687 = DIRECTION('',(0.,-1.));
#12688 = ( GEOMETRIC_REPRESENTATION_CONTEXT(2) 
PARAMETRIC_REPRESENTATION_CONTEXT() REPRESENTATION_CONTEXT('2D SPACE',''
  ) );
#12689 = PCURVE('',#10945,#12690);
#12690 = DEFINITIONAL_REPRESENTATION('',(#12691),#12695);
#12691 = LINE('',#12692,#12693);
#12692 = CARTESIAN_POINT('',(1.6,0.));
#12693 = VECTOR('',#12694,1.);
#12694 = DIRECTION('',(0.,1.));
#12695 = ( GEOMETRIC_REPRESENTATION_CONTEXT(2) 
PARAMETRIC_REPRESENTATION_CONTEXT() REPRESENTATION_CONTEXT('2D SPACE',''
  ) );
#12696 = ADVANCED_FACE('',(#12697),#10541,.F.);
#12697 = FACE_BOUND('',#12698,.F.);
#12698 = EDGE_LOOP('',(#12699,#12700,#12721));
#12699 = ORIENTED_EDGE('',*,*,#12551,.T.);
#12700 = ORIENTED_EDGE('',*,*,#12701,.T.);
#12701 = EDGE_CURVE('',#12552,#10501,#12702,.T.);
#12702 = SURFACE_CURVE('',#12703,(#12707,#12714),.PCURVE_S1.);
#12703 = LINE('',#12704,#12705);
#12704 = CARTESIAN_POINT('',(-35.3,-7.85,-20.5));
#12705 = VECTOR('',#12706,1.);
#12706 = DIRECTION('',(0.707106781187,0.,-0.707106781187));
#12707 = PCURVE('',#10541,#12708);
#12708 = DEFINITIONAL_REPRESENTATION('',(#12709),#12713);
#12709 = LINE('',#12710,#12711);
#12710 = CARTESIAN_POINT('',(4.557448596317,-2.492551403683));
#12711 = VECTOR('',#12712,1.);
#12712 = DIRECTION('',(-0.707106781187,0.707106781187));
#12713 = ( GEOMETRIC_REPRESENTATION_CONTEXT(2) 
PARAMETRIC_REPRESENTATION_CONTEXT() REPRESENTATION_CONTEXT('2D SPACE',''
  ) );
#12714 = PCURVE('',#10515,#12715);
#12715 = DEFINITIONAL_REPRESENTATION('',(#12716),#12720);
#12716 = LINE('',#12717,#12718);
#12717 = CARTESIAN_POINT('',(0.,-1.6));
#12718 = VECTOR('',#12719,1.);
#12719 = DIRECTION('',(1.,0.));
#12720 = ( GEOMETRIC_REPRESENTATION_CONTEXT(2) 
PARAMETRIC_REPRESENTATION_CONTEXT() REPRESENTATION_CONTEXT('2D SPACE',''
  ) );
#12721 = ORIENTED_EDGE('',*,*,#10526,.T.);
#12722 = ADVANCED_FACE('',(#12723),#10515,.T.);
#12723 = FACE_BOUND('',#12724,.T.);
#12724 = EDGE_LOOP('',(#12725,#12746,#12747,#12748));
#12725 = ORIENTED_EDGE('',*,*,#12726,.F.);
#12726 = EDGE_CURVE('',#12573,#10475,#12727,.T.);
#12727 = SURFACE_CURVE('',#12728,(#12732,#12739),.PCURVE_S1.);
#12728 = LINE('',#12729,#12730);
#12729 = CARTESIAN_POINT('',(-35.3,-6.25,-20.5));
#12730 = VECTOR('',#12731,1.);
#12731 = DIRECTION('',(0.707106781187,0.,-0.707106781187));
#12732 = PCURVE('',#10515,#12733);
#12733 = DEFINITIONAL_REPRESENTATION('',(#12734),#12738);
#12734 = LINE('',#12735,#12736);
#12735 = CARTESIAN_POINT('',(0.,0.));
#12736 = VECTOR('',#12737,1.);
#12737 = DIRECTION('',(1.,0.));
#12738 = ( GEOMETRIC_REPRESENTATION_CONTEXT(2) 
PARAMETRIC_REPRESENTATION_CONTEXT() REPRESENTATION_CONTEXT('2D SPACE',''
  ) );
#12739 = PCURVE('',#10489,#12740);
#12740 = DEFINITIONAL_REPRESENTATION('',(#12741),#12745);
#12741 = LINE('',#12742,#12743);
#12742 = CARTESIAN_POINT('',(4.557448596317,-2.492551403683));
#12743 = VECTOR('',#12744,1.);
#12744 = DIRECTION('',(-0.707106781187,0.707106781187));
#12745 = ( GEOMETRIC_REPRESENTATION_CONTEXT(2) 
PARAMETRIC_REPRESENTATION_CONTEXT() REPRESENTATION_CONTEXT('2D SPACE',''
  ) );
#12746 = ORIENTED_EDGE('',*,*,#12572,.T.);
#12747 = ORIENTED_EDGE('',*,*,#12701,.T.);
#12748 = ORIENTED_EDGE('',*,*,#10500,.T.);
#12749 = ADVANCED_FACE('',(#12750),#10489,.T.);
#12750 = FACE_BOUND('',#12751,.T.);
#12751 = EDGE_LOOP('',(#12752,#12753,#12754));
#12752 = ORIENTED_EDGE('',*,*,#12593,.T.);
#12753 = ORIENTED_EDGE('',*,*,#12726,.T.);
#12754 = ORIENTED_EDGE('',*,*,#10474,.T.);
#12755 = ADVANCED_FACE('',(#12756),#10442,.F.);
#12756 = FACE_BOUND('',#12757,.F.);
#12757 = EDGE_LOOP('',(#12758,#12759,#12780));
#12758 = ORIENTED_EDGE('',*,*,#12613,.T.);
#12759 = ORIENTED_EDGE('',*,*,#12760,.T.);
#12760 = EDGE_CURVE('',#12614,#10402,#12761,.T.);
#12761 = SURFACE_CURVE('',#12762,(#12766,#12773),.PCURVE_S1.);
#12762 = LINE('',#12763,#12764);
#12763 = CARTESIAN_POINT('',(-35.3,6.25,-20.5));
#12764 = VECTOR('',#12765,1.);
#12765 = DIRECTION('',(0.707106781187,0.,-0.707106781187));
#12766 = PCURVE('',#10442,#12767);
#12767 = DEFINITIONAL_REPRESENTATION('',(#12768),#12772);
#12768 = LINE('',#12769,#12770);
#12769 = CARTESIAN_POINT('',(4.557448596317,-2.492551403683));
#12770 = VECTOR('',#12771,1.);
#12771 = DIRECTION('',(-0.707106781187,0.707106781187));
#12772 = ( GEOMETRIC_REPRESENTATION_CONTEXT(2) 
PARAMETRIC_REPRESENTATION_CONTEXT() REPRESENTATION_CONTEXT('2D SPACE',''
  ) );
#12773 = PCURVE('',#10416,#12774);
#12774 = DEFINITIONAL_REPRESENTATION('',(#12775),#12779);
#12775 = LINE('',#12776,#12777);
#12776 = CARTESIAN_POINT('',(0.,-1.6));
#12777 = VECTOR('',#12778,1.);
#12778 = DIRECTION('',(1.,0.));
#12779 = ( GEOMETRIC_REPRESENTATION_CONTEXT(2) 
PARAMETRIC_REPRESENTATION_CONTEXT() REPRESENTATION_CONTEXT('2D SPACE',''
  ) );
#12780 = ORIENTED_EDGE('',*,*,#10427,.T.);
#12781 = ADVANCED_FACE('',(#12782),#10416,.T.);
#12782 = FACE_BOUND('',#12783,.T.);
#12783 = EDGE_LOOP('',(#12784,#12805,#12806,#12807));
#12784 = ORIENTED_EDGE('',*,*,#12785,.F.);
#12785 = EDGE_CURVE('',#12635,#10376,#12786,.T.);
#12786 = SURFACE_CURVE('',#12787,(#12791,#12798),.PCURVE_S1.);
#12787 = LINE('',#12788,#12789);
#12788 = CARTESIAN_POINT('',(-35.3,7.85,-20.5));
#12789 = VECTOR('',#12790,1.);
#12790 = DIRECTION('',(0.707106781187,0.,-0.707106781187));
#12791 = PCURVE('',#10416,#12792);
#12792 = DEFINITIONAL_REPRESENTATION('',(#12793),#12797);
#12793 = LINE('',#12794,#12795);
#12794 = CARTESIAN_POINT('',(0.,0.));
#12795 = VECTOR('',#12796,1.);
#12796 = DIRECTION('',(1.,0.));
#12797 = ( GEOMETRIC_REPRESENTATION_CONTEXT(2) 
PARAMETRIC_REPRESENTATION_CONTEXT() REPRESENTATION_CONTEXT('2D SPACE',''
  ) );
#12798 = PCURVE('',#10390,#12799);
#12799 = DEFINITIONAL_REPRESENTATION('',(#12800),#12804);
#12800 = LINE('',#12801,#12802);
#12801 = CARTESIAN_POINT('',(4.557448596317,-2.492551403683));
#12802 = VECTOR('',#12803,1.);
#12803 = DIRECTION('',(-0.707106781187,0.707106781187));
#12804 = ( GEOMETRIC_REPRESENTATION_CONTEXT(2) 
PARAMETRIC_REPRESENTATION_CONTEXT() REPRESENTATION_CONTEXT('2D SPACE',''
  ) );
#12805 = ORIENTED_EDGE('',*,*,#12634,.T.);
#12806 = ORIENTED_EDGE('',*,*,#12760,.T.);
#12807 = ORIENTED_EDGE('',*,*,#10401,.T.);
#12808 = ADVANCED_FACE('',(#12809),#10390,.T.);
#12809 = FACE_BOUND('',#12810,.T.);
#12810 = EDGE_LOOP('',(#12811,#12812,#12813));
#12811 = ORIENTED_EDGE('',*,*,#12655,.T.);
#12812 = ORIENTED_EDGE('',*,*,#12785,.T.);
#12813 = ORIENTED_EDGE('',*,*,#10375,.T.);
#12814 = ADVANCED_FACE('',(#12815),#10945,.T.);
#12815 = FACE_BOUND('',#12816,.T.);
#12816 = EDGE_LOOP('',(#12817,#12838,#12839,#12840));
#12817 = ORIENTED_EDGE('',*,*,#12818,.F.);
#12818 = EDGE_CURVE('',#10930,#12359,#12819,.T.);
#12819 = SURFACE_CURVE('',#12820,(#12824,#12831),.PCURVE_S1.);
#12820 = LINE('',#12821,#12822);
#12821 = CARTESIAN_POINT('',(-36.85,-12.6,-20.2));
#12822 = VECTOR('',#12823,1.);
#12823 = DIRECTION('',(-0.,1.,0.));
#12824 = PCURVE('',#10945,#12825);
#12825 = DEFINITIONAL_REPRESENTATION('',(#12826),#12830);
#12826 = LINE('',#12827,#12828);
#12827 = CARTESIAN_POINT('',(0.,0.));
#12828 = VECTOR('',#12829,1.);
#12829 = DIRECTION('',(0.,1.));
#12830 = ( GEOMETRIC_REPRESENTATION_CONTEXT(2) 
PARAMETRIC_REPRESENTATION_CONTEXT() REPRESENTATION_CONTEXT('2D SPACE',''
  ) );
#12831 = PCURVE('',#10972,#12832);
#12832 = DEFINITIONAL_REPRESENTATION('',(#12833),#12837);
#12833 = LINE('',#12834,#12835);
#12834 = CARTESIAN_POINT('',(8.9,0.));
#12835 = VECTOR('',#12836,1.);
#12836 = DIRECTION('',(0.,-1.));
#12837 = ( GEOMETRIC_REPRESENTATION_CONTEXT(2) 
PARAMETRIC_REPRESENTATION_CONTEXT() REPRESENTATION_CONTEXT('2D SPACE',''
  ) );
#12838 = ORIENTED_EDGE('',*,*,#10929,.T.);
#12839 = ORIENTED_EDGE('',*,*,#12676,.T.);
#12840 = ORIENTED_EDGE('',*,*,#12358,.F.);
#12841 = ADVANCED_FACE('',(#12842),#10972,.F.);
#12842 = FACE_BOUND('',#12843,.F.);
#12843 = EDGE_LOOP('',(#12844,#12845,#12846,#12847));
#12844 = ORIENTED_EDGE('',*,*,#10956,.T.);
#12845 = ORIENTED_EDGE('',*,*,#11882,.T.);
#12846 = ORIENTED_EDGE('',*,*,#12380,.F.);
#12847 = ORIENTED_EDGE('',*,*,#12818,.F.);
#12848 = ADVANCED_FACE('',(#12849),#11438,.F.);
#12849 = FACE_BOUND('',#12850,.F.);
#12850 = EDGE_LOOP('',(#12851,#12874,#12902,#12923,#12924));
#12851 = ORIENTED_EDGE('',*,*,#12852,.F.);
#12852 = EDGE_CURVE('',#12853,#11398,#12855,.T.);
#12853 = VERTEX_POINT('',#12854);
#12854 = CARTESIAN_POINT('',(-55.85,-13.75,-105.7));
#12855 = SURFACE_CURVE('',#12856,(#12860,#12867),.PCURVE_S1.);
#12856 = LINE('',#12857,#12858);
#12857 = CARTESIAN_POINT('',(-55.85,-13.75,-105.7));
#12858 = VECTOR('',#12859,1.);
#12859 = DIRECTION('',(-0.,1.,0.));
#12860 = PCURVE('',#11438,#12861);
#12861 = DEFINITIONAL_REPRESENTATION('',(#12862),#12866);
#12862 = LINE('',#12863,#12864);
#12863 = CARTESIAN_POINT('',(1.75,0.));
#12864 = VECTOR('',#12865,1.);
#12865 = DIRECTION('',(0.,-1.));
#12866 = ( GEOMETRIC_REPRESENTATION_CONTEXT(2) 
PARAMETRIC_REPRESENTATION_CONTEXT() REPRESENTATION_CONTEXT('2D SPACE',''
  ) );
#12867 = PCURVE('',#11412,#12868);
#12868 = DEFINITIONAL_REPRESENTATION('',(#12869),#12873);
#12869 = LINE('',#12870,#12871);
#12870 = CARTESIAN_POINT('',(2.3,0.));
#12871 = VECTOR('',#12872,1.);
#12872 = DIRECTION('',(0.,1.));
#12873 = ( GEOMETRIC_REPRESENTATION_CONTEXT(2) 
PARAMETRIC_REPRESENTATION_CONTEXT() REPRESENTATION_CONTEXT('2D SPACE',''
  ) );
#12874 = ORIENTED_EDGE('',*,*,#12875,.F.);
#12875 = EDGE_CURVE('',#12876,#12853,#12878,.T.);
#12876 = VERTEX_POINT('',#12877);
#12877 = CARTESIAN_POINT('',(-55.85,-13.75,-107.45));
#12878 = SURFACE_CURVE('',#12879,(#12883,#12890),.PCURVE_S1.);
#12879 = LINE('',#12880,#12881);
#12880 = CARTESIAN_POINT('',(-55.85,-13.75,-107.45));
#12881 = VECTOR('',#12882,1.);
#12882 = DIRECTION('',(0.,0.,1.));
#12883 = PCURVE('',#11438,#12884);
#12884 = DEFINITIONAL_REPRESENTATION('',(#12885),#12889);
#12885 = LINE('',#12886,#12887);
#12886 = CARTESIAN_POINT('',(0.,0.));
#12887 = VECTOR('',#12888,1.);
#12888 = DIRECTION('',(1.,0.));
#12889 = ( GEOMETRIC_REPRESENTATION_CONTEXT(2) 
PARAMETRIC_REPRESENTATION_CONTEXT() REPRESENTATION_CONTEXT('2D SPACE',''
  ) );
#12890 = PCURVE('',#12891,#12896);
#12891 = PLANE('',#12892);
#12892 = AXIS2_PLACEMENT_3D('',#12893,#12894,#12895);
#12893 = CARTESIAN_POINT('',(-58.15,-13.75,-107.45));
#12894 = DIRECTION('',(-0.,1.,0.));
#12895 = DIRECTION('',(0.,0.,1.));
#12896 = DEFINITIONAL_REPRESENTATION('',(#12897),#12901);
#12897 = LINE('',#12898,#12899);
#12898 = CARTESIAN_POINT('',(0.,2.3));
#12899 = VECTOR('',#12900,1.);
#12900 = DIRECTION('',(1.,0.));
#12901 = ( GEOMETRIC_REPRESENTATION_CONTEXT(2) 
PARAMETRIC_REPRESENTATION_CONTEXT() REPRESENTATION_CONTEXT('2D SPACE',''
  ) );
#12902 = ORIENTED_EDGE('',*,*,#12903,.T.);
#12903 = EDGE_CURVE('',#12876,#11500,#12904,.T.);
#12904 = SURFACE_CURVE('',#12905,(#12909,#12916),.PCURVE_S1.);
#12905 = LINE('',#12906,#12907);
#12906 = CARTESIAN_POINT('',(-55.85,-13.75,-107.45));
#12907 = VECTOR('',#12908,1.);
#12908 = DIRECTION('',(-0.,1.,0.));
#12909 = PCURVE('',#11438,#12910);
#12910 = DEFINITIONAL_REPRESENTATION('',(#12911),#12915);
#12911 = LINE('',#12912,#12913);
#12912 = CARTESIAN_POINT('',(0.,0.));
#12913 = VECTOR('',#12914,1.);
#12914 = DIRECTION('',(0.,-1.));
#12915 = ( GEOMETRIC_REPRESENTATION_CONTEXT(2) 
PARAMETRIC_REPRESENTATION_CONTEXT() REPRESENTATION_CONTEXT('2D SPACE',''
  ) );
#12916 = PCURVE('',#11535,#12917);
#12917 = DEFINITIONAL_REPRESENTATION('',(#12918),#12922);
#12918 = LINE('',#12919,#12920);
#12919 = CARTESIAN_POINT('',(2.3,0.));
#12920 = VECTOR('',#12921,1.);
#12921 = DIRECTION('',(0.,1.));
#12922 = ( GEOMETRIC_REPRESENTATION_CONTEXT(2) 
PARAMETRIC_REPRESENTATION_CONTEXT() REPRESENTATION_CONTEXT('2D SPACE',''
  ) );
#12923 = ORIENTED_EDGE('',*,*,#11499,.T.);
#12924 = ORIENTED_EDGE('',*,*,#11423,.T.);
#12925 = ADVANCED_FACE('',(#12926),#11412,.F.);
#12926 = FACE_BOUND('',#12927,.F.);
#12927 = EDGE_LOOP('',(#12928,#12951,#12972,#12973));
#12928 = ORIENTED_EDGE('',*,*,#12929,.F.);
#12929 = EDGE_CURVE('',#12930,#11372,#12932,.T.);
#12930 = VERTEX_POINT('',#12931);
#12931 = CARTESIAN_POINT('',(-58.15,-13.75,-105.7));
#12932 = SURFACE_CURVE('',#12933,(#12937,#12944),.PCURVE_S1.);
#12933 = LINE('',#12934,#12935);
#12934 = CARTESIAN_POINT('',(-58.15,-13.75,-105.7));
#12935 = VECTOR('',#12936,1.);
#12936 = DIRECTION('',(-0.,1.,0.));
#12937 = PCURVE('',#11412,#12938);
#12938 = DEFINITIONAL_REPRESENTATION('',(#12939),#12943);
#12939 = LINE('',#12940,#12941);
#12940 = CARTESIAN_POINT('',(0.,0.));
#12941 = VECTOR('',#12942,1.);
#12942 = DIRECTION('',(0.,1.));
#12943 = ( GEOMETRIC_REPRESENTATION_CONTEXT(2) 
PARAMETRIC_REPRESENTATION_CONTEXT() REPRESENTATION_CONTEXT('2D SPACE',''
  ) );
#12944 = PCURVE('',#11386,#12945);
#12945 = DEFINITIONAL_REPRESENTATION('',(#12946),#12950);
#12946 = LINE('',#12947,#12948);
#12947 = CARTESIAN_POINT('',(1.75,0.));
#12948 = VECTOR('',#12949,1.);
#12949 = DIRECTION('',(0.,-1.));
#12950 = ( GEOMETRIC_REPRESENTATION_CONTEXT(2) 
PARAMETRIC_REPRESENTATION_CONTEXT() REPRESENTATION_CONTEXT('2D SPACE',''
  ) );
#12951 = ORIENTED_EDGE('',*,*,#12952,.T.);
#12952 = EDGE_CURVE('',#12930,#12853,#12953,.T.);
#12953 = SURFACE_CURVE('',#12954,(#12958,#12965),.PCURVE_S1.);
#12954 = LINE('',#12955,#12956);
#12955 = CARTESIAN_POINT('',(-58.15,-13.75,-105.7));
#12956 = VECTOR('',#12957,1.);
#12957 = DIRECTION('',(1.,0.,-0.));
#12958 = PCURVE('',#11412,#12959);
#12959 = DEFINITIONAL_REPRESENTATION('',(#12960),#12964);
#12960 = LINE('',#12961,#12962);
#12961 = CARTESIAN_POINT('',(0.,0.));
#12962 = VECTOR('',#12963,1.);
#12963 = DIRECTION('',(1.,0.));
#12964 = ( GEOMETRIC_REPRESENTATION_CONTEXT(2) 
PARAMETRIC_REPRESENTATION_CONTEXT() REPRESENTATION_CONTEXT('2D SPACE',''
  ) );
#12965 = PCURVE('',#12891,#12966);
#12966 = DEFINITIONAL_REPRESENTATION('',(#12967),#12971);
#12967 = LINE('',#12968,#12969);
#12968 = CARTESIAN_POINT('',(1.75,0.));
#12969 = VECTOR('',#12970,1.);
#12970 = DIRECTION('',(0.,1.));
#12971 = ( GEOMETRIC_REPRESENTATION_CONTEXT(2) 
PARAMETRIC_REPRESENTATION_CONTEXT() REPRESENTATION_CONTEXT('2D SPACE',''
  ) );
#12972 = ORIENTED_EDGE('',*,*,#12852,.T.);
#12973 = ORIENTED_EDGE('',*,*,#11397,.T.);
#12974 = ADVANCED_FACE('',(#12975),#11386,.T.);
#12975 = FACE_BOUND('',#12976,.T.);
#12976 = EDGE_LOOP('',(#12977,#12978,#13001,#13022,#13023));
#12977 = ORIENTED_EDGE('',*,*,#12929,.F.);
#12978 = ORIENTED_EDGE('',*,*,#12979,.F.);
#12979 = EDGE_CURVE('',#12980,#12930,#12982,.T.);
#12980 = VERTEX_POINT('',#12981);
#12981 = CARTESIAN_POINT('',(-58.15,-13.75,-107.45));
#12982 = SURFACE_CURVE('',#12983,(#12987,#12994),.PCURVE_S1.);
#12983 = LINE('',#12984,#12985);
#12984 = CARTESIAN_POINT('',(-58.15,-13.75,-107.45));
#12985 = VECTOR('',#12986,1.);
#12986 = DIRECTION('',(0.,0.,1.));
#12987 = PCURVE('',#11386,#12988);
#12988 = DEFINITIONAL_REPRESENTATION('',(#12989),#12993);
#12989 = LINE('',#12990,#12991);
#12990 = CARTESIAN_POINT('',(0.,0.));
#12991 = VECTOR('',#12992,1.);
#12992 = DIRECTION('',(1.,0.));
#12993 = ( GEOMETRIC_REPRESENTATION_CONTEXT(2) 
PARAMETRIC_REPRESENTATION_CONTEXT() REPRESENTATION_CONTEXT('2D SPACE',''
  ) );
#12994 = PCURVE('',#12891,#12995);
#12995 = DEFINITIONAL_REPRESENTATION('',(#12996),#13000);
#12996 = LINE('',#12997,#12998);
#12997 = CARTESIAN_POINT('',(0.,0.));
#12998 = VECTOR('',#12999,1.);
#12999 = DIRECTION('',(1.,0.));
#13000 = ( GEOMETRIC_REPRESENTATION_CONTEXT(2) 
PARAMETRIC_REPRESENTATION_CONTEXT() REPRESENTATION_CONTEXT('2D SPACE',''
  ) );
#13001 = ORIENTED_EDGE('',*,*,#13002,.T.);
#13002 = EDGE_CURVE('',#12980,#11521,#13003,.T.);
#13003 = SURFACE_CURVE('',#13004,(#13008,#13015),.PCURVE_S1.);
#13004 = LINE('',#13005,#13006);
#13005 = CARTESIAN_POINT('',(-58.15,-13.75,-107.45));
#13006 = VECTOR('',#13007,1.);
#13007 = DIRECTION('',(-0.,1.,0.));
#13008 = PCURVE('',#11386,#13009);
#13009 = DEFINITIONAL_REPRESENTATION('',(#13010),#13014);
#13010 = LINE('',#13011,#13012);
#13011 = CARTESIAN_POINT('',(0.,0.));
#13012 = VECTOR('',#13013,1.);
#13013 = DIRECTION('',(0.,-1.));
#13014 = ( GEOMETRIC_REPRESENTATION_CONTEXT(2) 
PARAMETRIC_REPRESENTATION_CONTEXT() REPRESENTATION_CONTEXT('2D SPACE',''
  ) );
#13015 = PCURVE('',#11535,#13016);
#13016 = DEFINITIONAL_REPRESENTATION('',(#13017),#13021);
#13017 = LINE('',#13018,#13019);
#13018 = CARTESIAN_POINT('',(0.,0.));
#13019 = VECTOR('',#13020,1.);
#13020 = DIRECTION('',(0.,1.));
#13021 = ( GEOMETRIC_REPRESENTATION_CONTEXT(2) 
PARAMETRIC_REPRESENTATION_CONTEXT() REPRESENTATION_CONTEXT('2D SPACE',''
  ) );
#13022 = ORIENTED_EDGE('',*,*,#11546,.T.);
#13023 = ORIENTED_EDGE('',*,*,#11371,.T.);
#13024 = ADVANCED_FACE('',(#13025),#11535,.T.);
#13025 = FACE_BOUND('',#13026,.T.);
#13026 = EDGE_LOOP('',(#13027,#13028,#13049,#13050));
#13027 = ORIENTED_EDGE('',*,*,#13002,.F.);
#13028 = ORIENTED_EDGE('',*,*,#13029,.T.);
#13029 = EDGE_CURVE('',#12980,#12876,#13030,.T.);
#13030 = SURFACE_CURVE('',#13031,(#13035,#13042),.PCURVE_S1.);
#13031 = LINE('',#13032,#13033);
#13032 = CARTESIAN_POINT('',(-58.15,-13.75,-107.45));
#13033 = VECTOR('',#13034,1.);
#13034 = DIRECTION('',(1.,0.,-0.));
#13035 = PCURVE('',#11535,#13036);
#13036 = DEFINITIONAL_REPRESENTATION('',(#13037),#13041);
#13037 = LINE('',#13038,#13039);
#13038 = CARTESIAN_POINT('',(0.,0.));
#13039 = VECTOR('',#13040,1.);
#13040 = DIRECTION('',(1.,0.));
#13041 = ( GEOMETRIC_REPRESENTATION_CONTEXT(2) 
PARAMETRIC_REPRESENTATION_CONTEXT() REPRESENTATION_CONTEXT('2D SPACE',''
  ) );
#13042 = PCURVE('',#12891,#13043);
#13043 = DEFINITIONAL_REPRESENTATION('',(#13044),#13048);
#13044 = LINE('',#13045,#13046);
#13045 = CARTESIAN_POINT('',(0.,0.));
#13046 = VECTOR('',#13047,1.);
#13047 = DIRECTION('',(0.,1.));
#13048 = ( GEOMETRIC_REPRESENTATION_CONTEXT(2) 
PARAMETRIC_REPRESENTATION_CONTEXT() REPRESENTATION_CONTEXT('2D SPACE',''
  ) );
#13049 = ORIENTED_EDGE('',*,*,#12903,.T.);
#13050 = ORIENTED_EDGE('',*,*,#11520,.T.);
#13051 = ADVANCED_FACE('',(#13052),#11594,.F.);
#13052 = FACE_BOUND('',#13053,.F.);
#13053 = EDGE_LOOP('',(#13054,#13073,#13074,#13075));
#13054 = ORIENTED_EDGE('',*,*,#13055,.T.);
#13055 = EDGE_CURVE('',#12455,#11579,#13056,.T.);
#13056 = SURFACE_CURVE('',#13057,(#13061,#13067),.PCURVE_S1.);
#13057 = LINE('',#13058,#13059);
#13058 = CARTESIAN_POINT('',(-25.5,-10.4,-36.));
#13059 = VECTOR('',#13060,1.);
#13060 = DIRECTION('',(0.,-1.,0.));
#13061 = PCURVE('',#11594,#13062);
#13062 = DEFINITIONAL_REPRESENTATION('',(#13063),#13066);
#13063 = B_SPLINE_CURVE_WITH_KNOTS('',1,(#13064,#13065),.UNSPECIFIED.,
  .F.,.F.,(2,2),(-16.4,-4.4),.PIECEWISE_BEZIER_KNOTS.);
#13064 = CARTESIAN_POINT('',(74.5,-18.5));
#13065 = CARTESIAN_POINT('',(74.5,-6.5));
#13066 = ( GEOMETRIC_REPRESENTATION_CONTEXT(2) 
PARAMETRIC_REPRESENTATION_CONTEXT() REPRESENTATION_CONTEXT('2D SPACE',''
  ) );
#13067 = PCURVE('',#11696,#13068);
#13068 = DEFINITIONAL_REPRESENTATION('',(#13069),#13072);
#13069 = B_SPLINE_CURVE_WITH_KNOTS('',1,(#13070,#13071),.UNSPECIFIED.,
  .F.,.F.,(2,2),(-16.4,-4.4),.PIECEWISE_BEZIER_KNOTS.);
#13070 = CARTESIAN_POINT('',(0.75,14.3));
#13071 = CARTESIAN_POINT('',(0.75,2.3));
#13072 = ( GEOMETRIC_REPRESENTATION_CONTEXT(2) 
PARAMETRIC_REPRESENTATION_CONTEXT() REPRESENTATION_CONTEXT('2D SPACE',''
  ) );
#13073 = ORIENTED_EDGE('',*,*,#11576,.F.);
#13074 = ORIENTED_EDGE('',*,*,#11740,.T.);
#13075 = ORIENTED_EDGE('',*,*,#12454,.T.);
#13076 = ADVANCED_FACE('',(#13077),#11696,.F.);
#13077 = FACE_BOUND('',#13078,.F.);
#13078 = EDGE_LOOP('',(#13079,#13100,#13101,#13122,#13123,#13124));
#13079 = ORIENTED_EDGE('',*,*,#13080,.F.);
#13080 = EDGE_CURVE('',#11789,#12483,#13081,.T.);
#13081 = SURFACE_CURVE('',#13082,(#13086,#13093),.PCURVE_S1.);
#13082 = LINE('',#13083,#13084);
#13083 = CARTESIAN_POINT('',(-26.25,8.3,-36.));
#13084 = VECTOR('',#13085,1.);
#13085 = DIRECTION('',(1.,0.,-0.));
#13086 = PCURVE('',#11696,#13087);
#13087 = DEFINITIONAL_REPRESENTATION('',(#13088),#13092);
#13088 = LINE('',#13089,#13090);
#13089 = CARTESIAN_POINT('',(0.,16.6));
#13090 = VECTOR('',#13091,1.);
#13091 = DIRECTION('',(1.,0.));
#13092 = ( GEOMETRIC_REPRESENTATION_CONTEXT(2) 
PARAMETRIC_REPRESENTATION_CONTEXT() REPRESENTATION_CONTEXT('2D SPACE',''
  ) );
#13093 = PCURVE('',#11827,#13094);
#13094 = DEFINITIONAL_REPRESENTATION('',(#13095),#13099);
#13095 = LINE('',#13096,#13097);
#13096 = CARTESIAN_POINT('',(0.,0.));
#13097 = VECTOR('',#13098,1.);
#13098 = DIRECTION('',(0.,1.));
#13099 = ( GEOMETRIC_REPRESENTATION_CONTEXT(2) 
PARAMETRIC_REPRESENTATION_CONTEXT() REPRESENTATION_CONTEXT('2D SPACE',''
  ) );
#13100 = ORIENTED_EDGE('',*,*,#11788,.F.);
#13101 = ORIENTED_EDGE('',*,*,#13102,.T.);
#13102 = EDGE_CURVE('',#11764,#11656,#13103,.T.);
#13103 = SURFACE_CURVE('',#13104,(#13108,#13115),.PCURVE_S1.);
#13104 = LINE('',#13105,#13106);
#13105 = CARTESIAN_POINT('',(-26.25,-8.3,-36.));
#13106 = VECTOR('',#13107,1.);
#13107 = DIRECTION('',(1.,0.,-0.));
#13108 = PCURVE('',#11696,#13109);
#13109 = DEFINITIONAL_REPRESENTATION('',(#13110),#13114);
#13110 = LINE('',#13111,#13112);
#13111 = CARTESIAN_POINT('',(0.,0.));
#13112 = VECTOR('',#13113,1.);
#13113 = DIRECTION('',(1.,0.));
#13114 = ( GEOMETRIC_REPRESENTATION_CONTEXT(2) 
PARAMETRIC_REPRESENTATION_CONTEXT() REPRESENTATION_CONTEXT('2D SPACE',''
  ) );
#13115 = PCURVE('',#11670,#13116);
#13116 = DEFINITIONAL_REPRESENTATION('',(#13117),#13121);
#13117 = LINE('',#13118,#13119);
#13118 = CARTESIAN_POINT('',(0.,0.));
#13119 = VECTOR('',#13120,1.);
#13120 = DIRECTION('',(0.,1.));
#13121 = ( GEOMETRIC_REPRESENTATION_CONTEXT(2) 
PARAMETRIC_REPRESENTATION_CONTEXT() REPRESENTATION_CONTEXT('2D SPACE',''
  ) );
#13122 = ORIENTED_EDGE('',*,*,#11681,.T.);
#13123 = ORIENTED_EDGE('',*,*,#13055,.F.);
#13124 = ORIENTED_EDGE('',*,*,#12503,.T.);
#13125 = ADVANCED_FACE('',(#13126),#11670,.F.);
#13126 = FACE_BOUND('',#13127,.F.);
#13127 = EDGE_LOOP('',(#13128,#13129,#13130,#13131));
#13128 = ORIENTED_EDGE('',*,*,#11655,.F.);
#13129 = ORIENTED_EDGE('',*,*,#13102,.F.);
#13130 = ORIENTED_EDGE('',*,*,#11763,.T.);
#13131 = ORIENTED_EDGE('',*,*,#11907,.F.);
#13132 = ADVANCED_FACE('',(#13133),#11827,.T.);
#13133 = FACE_BOUND('',#13134,.T.);
#13134 = EDGE_LOOP('',(#13135,#13136,#13137,#13138));
#13135 = ORIENTED_EDGE('',*,*,#12482,.F.);
#13136 = ORIENTED_EDGE('',*,*,#13080,.F.);
#13137 = ORIENTED_EDGE('',*,*,#11811,.T.);
#13138 = ORIENTED_EDGE('',*,*,#11949,.F.);
#13139 = ADVANCED_FACE('',(#13140),#12109,.F.);
#13140 = FACE_BOUND('',#13141,.F.);
#13141 = EDGE_LOOP('',(#13142,#13165,#13166,#13167,#13190));
#13142 = ORIENTED_EDGE('',*,*,#13143,.F.);
#13143 = EDGE_CURVE('',#12240,#13144,#13146,.T.);
#13144 = VERTEX_POINT('',#13145);
#13145 = CARTESIAN_POINT('',(-55.85,13.75,-105.7));
#13146 = SURFACE_CURVE('',#13147,(#13151,#13158),.PCURVE_S1.);
#13147 = LINE('',#13148,#13149);
#13148 = CARTESIAN_POINT('',(-55.85,13.4,-105.7));
#13149 = VECTOR('',#13150,1.);
#13150 = DIRECTION('',(-0.,1.,0.));
#13151 = PCURVE('',#12109,#13152);
#13152 = DEFINITIONAL_REPRESENTATION('',(#13153),#13157);
#13153 = LINE('',#13154,#13155);
#13154 = CARTESIAN_POINT('',(1.75,0.));
#13155 = VECTOR('',#13156,1.);
#13156 = DIRECTION('',(0.,-1.));
#13157 = ( GEOMETRIC_REPRESENTATION_CONTEXT(2) 
PARAMETRIC_REPRESENTATION_CONTEXT() REPRESENTATION_CONTEXT('2D SPACE',''
  ) );
#13158 = PCURVE('',#12254,#13159);
#13159 = DEFINITIONAL_REPRESENTATION('',(#13160),#13164);
#13160 = LINE('',#13161,#13162);
#13161 = CARTESIAN_POINT('',(2.3,0.));
#13162 = VECTOR('',#13163,1.);
#13163 = DIRECTION('',(0.,1.));
#13164 = ( GEOMETRIC_REPRESENTATION_CONTEXT(2) 
PARAMETRIC_REPRESENTATION_CONTEXT() REPRESENTATION_CONTEXT('2D SPACE',''
  ) );
#13165 = ORIENTED_EDGE('',*,*,#12265,.F.);
#13166 = ORIENTED_EDGE('',*,*,#12094,.F.);
#13167 = ORIENTED_EDGE('',*,*,#13168,.T.);
#13168 = EDGE_CURVE('',#12095,#13169,#13171,.T.);
#13169 = VERTEX_POINT('',#13170);
#13170 = CARTESIAN_POINT('',(-55.85,13.75,-107.45));
#13171 = SURFACE_CURVE('',#13172,(#13176,#13183),.PCURVE_S1.);
#13172 = LINE('',#13173,#13174);
#13173 = CARTESIAN_POINT('',(-55.85,13.4,-107.45));
#13174 = VECTOR('',#13175,1.);
#13175 = DIRECTION('',(-0.,1.,0.));
#13176 = PCURVE('',#12109,#13177);
#13177 = DEFINITIONAL_REPRESENTATION('',(#13178),#13182);
#13178 = LINE('',#13179,#13180);
#13179 = CARTESIAN_POINT('',(0.,0.));
#13180 = VECTOR('',#13181,1.);
#13181 = DIRECTION('',(0.,-1.));
#13182 = ( GEOMETRIC_REPRESENTATION_CONTEXT(2) 
PARAMETRIC_REPRESENTATION_CONTEXT() REPRESENTATION_CONTEXT('2D SPACE',''
  ) );
#13183 = PCURVE('',#12135,#13184);
#13184 = DEFINITIONAL_REPRESENTATION('',(#13185),#13189);
#13185 = LINE('',#13186,#13187);
#13186 = CARTESIAN_POINT('',(2.3,0.));
#13187 = VECTOR('',#13188,1.);
#13188 = DIRECTION('',(0.,1.));
#13189 = ( GEOMETRIC_REPRESENTATION_CONTEXT(2) 
PARAMETRIC_REPRESENTATION_CONTEXT() REPRESENTATION_CONTEXT('2D SPACE',''
  ) );
#13190 = ORIENTED_EDGE('',*,*,#13191,.T.);
#13191 = EDGE_CURVE('',#13169,#13144,#13192,.T.);
#13192 = SURFACE_CURVE('',#13193,(#13197,#13204),.PCURVE_S1.);
#13193 = LINE('',#13194,#13195);
#13194 = CARTESIAN_POINT('',(-55.85,13.75,-107.45));
#13195 = VECTOR('',#13196,1.);
#13196 = DIRECTION('',(0.,0.,1.));
#13197 = PCURVE('',#12109,#13198);
#13198 = DEFINITIONAL_REPRESENTATION('',(#13199),#13203);
#13199 = LINE('',#13200,#13201);
#13200 = CARTESIAN_POINT('',(0.,-0.35));
#13201 = VECTOR('',#13202,1.);
#13202 = DIRECTION('',(1.,0.));
#13203 = ( GEOMETRIC_REPRESENTATION_CONTEXT(2) 
PARAMETRIC_REPRESENTATION_CONTEXT() REPRESENTATION_CONTEXT('2D SPACE',''
  ) );
#13204 = PCURVE('',#13205,#13210);
#13205 = PLANE('',#13206);
#13206 = AXIS2_PLACEMENT_3D('',#13207,#13208,#13209);
#13207 = CARTESIAN_POINT('',(-58.15,13.75,-107.45));
#13208 = DIRECTION('',(-0.,1.,0.));
#13209 = DIRECTION('',(0.,0.,1.));
#13210 = DEFINITIONAL_REPRESENTATION('',(#13211),#13215);
#13211 = LINE('',#13212,#13213);
#13212 = CARTESIAN_POINT('',(0.,2.3));
#13213 = VECTOR('',#13214,1.);
#13214 = DIRECTION('',(1.,0.));
#13215 = ( GEOMETRIC_REPRESENTATION_CONTEXT(2) 
PARAMETRIC_REPRESENTATION_CONTEXT() REPRESENTATION_CONTEXT('2D SPACE',''
  ) );
#13216 = ADVANCED_FACE('',(#13217),#12135,.T.);
#13217 = FACE_BOUND('',#13218,.T.);
#13218 = EDGE_LOOP('',(#13219,#13242,#13243,#13244));
#13219 = ORIENTED_EDGE('',*,*,#13220,.F.);
#13220 = EDGE_CURVE('',#12121,#13221,#13223,.T.);
#13221 = VERTEX_POINT('',#13222);
#13222 = CARTESIAN_POINT('',(-58.15,13.75,-107.45));
#13223 = SURFACE_CURVE('',#13224,(#13228,#13235),.PCURVE_S1.);
#13224 = LINE('',#13225,#13226);
#13225 = CARTESIAN_POINT('',(-58.15,13.4,-107.45));
#13226 = VECTOR('',#13227,1.);
#13227 = DIRECTION('',(-0.,1.,0.));
#13228 = PCURVE('',#12135,#13229);
#13229 = DEFINITIONAL_REPRESENTATION('',(#13230),#13234);
#13230 = LINE('',#13231,#13232);
#13231 = CARTESIAN_POINT('',(0.,0.));
#13232 = VECTOR('',#13233,1.);
#13233 = DIRECTION('',(0.,1.));
#13234 = ( GEOMETRIC_REPRESENTATION_CONTEXT(2) 
PARAMETRIC_REPRESENTATION_CONTEXT() REPRESENTATION_CONTEXT('2D SPACE',''
  ) );
#13235 = PCURVE('',#12161,#13236);
#13236 = DEFINITIONAL_REPRESENTATION('',(#13237),#13241);
#13237 = LINE('',#13238,#13239);
#13238 = CARTESIAN_POINT('',(0.,0.));
#13239 = VECTOR('',#13240,1.);
#13240 = DIRECTION('',(0.,-1.));
#13241 = ( GEOMETRIC_REPRESENTATION_CONTEXT(2) 
PARAMETRIC_REPRESENTATION_CONTEXT() REPRESENTATION_CONTEXT('2D SPACE',''
  ) );
#13242 = ORIENTED_EDGE('',*,*,#12120,.F.);
#13243 = ORIENTED_EDGE('',*,*,#13168,.T.);
#13244 = ORIENTED_EDGE('',*,*,#13245,.F.);
#13245 = EDGE_CURVE('',#13221,#13169,#13246,.T.);
#13246 = SURFACE_CURVE('',#13247,(#13251,#13258),.PCURVE_S1.);
#13247 = LINE('',#13248,#13249);
#13248 = CARTESIAN_POINT('',(-58.15,13.75,-107.45));
#13249 = VECTOR('',#13250,1.);
#13250 = DIRECTION('',(1.,0.,-0.));
#13251 = PCURVE('',#12135,#13252);
#13252 = DEFINITIONAL_REPRESENTATION('',(#13253),#13257);
#13253 = LINE('',#13254,#13255);
#13254 = CARTESIAN_POINT('',(0.,0.35));
#13255 = VECTOR('',#13256,1.);
#13256 = DIRECTION('',(1.,0.));
#13257 = ( GEOMETRIC_REPRESENTATION_CONTEXT(2) 
PARAMETRIC_REPRESENTATION_CONTEXT() REPRESENTATION_CONTEXT('2D SPACE',''
  ) );
#13258 = PCURVE('',#13205,#13259);
#13259 = DEFINITIONAL_REPRESENTATION('',(#13260),#13264);
#13260 = LINE('',#13261,#13262);
#13261 = CARTESIAN_POINT('',(0.,0.));
#13262 = VECTOR('',#13263,1.);
#13263 = DIRECTION('',(0.,1.));
#13264 = ( GEOMETRIC_REPRESENTATION_CONTEXT(2) 
PARAMETRIC_REPRESENTATION_CONTEXT() REPRESENTATION_CONTEXT('2D SPACE',''
  ) );
#13265 = ADVANCED_FACE('',(#13266),#12161,.T.);
#13266 = FACE_BOUND('',#13267,.T.);
#13267 = EDGE_LOOP('',(#13268,#13291,#13292,#13293,#13294));
#13268 = ORIENTED_EDGE('',*,*,#13269,.F.);
#13269 = EDGE_CURVE('',#12219,#13270,#13272,.T.);
#13270 = VERTEX_POINT('',#13271);
#13271 = CARTESIAN_POINT('',(-58.15,13.75,-105.7));
#13272 = SURFACE_CURVE('',#13273,(#13277,#13284),.PCURVE_S1.);
#13273 = LINE('',#13274,#13275);
#13274 = CARTESIAN_POINT('',(-58.15,13.4,-105.7));
#13275 = VECTOR('',#13276,1.);
#13276 = DIRECTION('',(-0.,1.,0.));
#13277 = PCURVE('',#12161,#13278);
#13278 = DEFINITIONAL_REPRESENTATION('',(#13279),#13283);
#13279 = LINE('',#13280,#13281);
#13280 = CARTESIAN_POINT('',(1.75,0.));
#13281 = VECTOR('',#13282,1.);
#13282 = DIRECTION('',(0.,-1.));
#13283 = ( GEOMETRIC_REPRESENTATION_CONTEXT(2) 
PARAMETRIC_REPRESENTATION_CONTEXT() REPRESENTATION_CONTEXT('2D SPACE',''
  ) );
#13284 = PCURVE('',#12254,#13285);
#13285 = DEFINITIONAL_REPRESENTATION('',(#13286),#13290);
#13286 = LINE('',#13287,#13288);
#13287 = CARTESIAN_POINT('',(0.,0.));
#13288 = VECTOR('',#13289,1.);
#13289 = DIRECTION('',(0.,1.));
#13290 = ( GEOMETRIC_REPRESENTATION_CONTEXT(2) 
PARAMETRIC_REPRESENTATION_CONTEXT() REPRESENTATION_CONTEXT('2D SPACE',''
  ) );
#13291 = ORIENTED_EDGE('',*,*,#12218,.F.);
#13292 = ORIENTED_EDGE('',*,*,#12146,.F.);
#13293 = ORIENTED_EDGE('',*,*,#13220,.T.);
#13294 = ORIENTED_EDGE('',*,*,#13295,.T.);
#13295 = EDGE_CURVE('',#13221,#13270,#13296,.T.);
#13296 = SURFACE_CURVE('',#13297,(#13301,#13308),.PCURVE_S1.);
#13297 = LINE('',#13298,#13299);
#13298 = CARTESIAN_POINT('',(-58.15,13.75,-107.45));
#13299 = VECTOR('',#13300,1.);
#13300 = DIRECTION('',(0.,0.,1.));
#13301 = PCURVE('',#12161,#13302);
#13302 = DEFINITIONAL_REPRESENTATION('',(#13303),#13307);
#13303 = LINE('',#13304,#13305);
#13304 = CARTESIAN_POINT('',(0.,-0.35));
#13305 = VECTOR('',#13306,1.);
#13306 = DIRECTION('',(1.,0.));
#13307 = ( GEOMETRIC_REPRESENTATION_CONTEXT(2) 
PARAMETRIC_REPRESENTATION_CONTEXT() REPRESENTATION_CONTEXT('2D SPACE',''
  ) );
#13308 = PCURVE('',#13205,#13309);
#13309 = DEFINITIONAL_REPRESENTATION('',(#13310),#13314);
#13310 = LINE('',#13311,#13312);
#13311 = CARTESIAN_POINT('',(0.,0.));
#13312 = VECTOR('',#13313,1.);
#13313 = DIRECTION('',(1.,0.));
#13314 = ( GEOMETRIC_REPRESENTATION_CONTEXT(2) 
PARAMETRIC_REPRESENTATION_CONTEXT() REPRESENTATION_CONTEXT('2D SPACE',''
  ) );
#13315 = ADVANCED_FACE('',(#13316),#12254,.F.);
#13316 = FACE_BOUND('',#13317,.F.);
#13317 = EDGE_LOOP('',(#13318,#13319,#13320,#13321));
#13318 = ORIENTED_EDGE('',*,*,#13269,.F.);
#13319 = ORIENTED_EDGE('',*,*,#12239,.F.);
#13320 = ORIENTED_EDGE('',*,*,#13143,.T.);
#13321 = ORIENTED_EDGE('',*,*,#13322,.F.);
#13322 = EDGE_CURVE('',#13270,#13144,#13323,.T.);
#13323 = SURFACE_CURVE('',#13324,(#13328,#13335),.PCURVE_S1.);
#13324 = LINE('',#13325,#13326);
#13325 = CARTESIAN_POINT('',(-58.15,13.75,-105.7));
#13326 = VECTOR('',#13327,1.);
#13327 = DIRECTION('',(1.,0.,-0.));
#13328 = PCURVE('',#12254,#13329);
#13329 = DEFINITIONAL_REPRESENTATION('',(#13330),#13334);
#13330 = LINE('',#13331,#13332);
#13331 = CARTESIAN_POINT('',(0.,0.35));
#13332 = VECTOR('',#13333,1.);
#13333 = DIRECTION('',(1.,0.));
#13334 = ( GEOMETRIC_REPRESENTATION_CONTEXT(2) 
PARAMETRIC_REPRESENTATION_CONTEXT() REPRESENTATION_CONTEXT('2D SPACE',''
  ) );
#13335 = PCURVE('',#13205,#13336);
#13336 = DEFINITIONAL_REPRESENTATION('',(#13337),#13341);
#13337 = LINE('',#13338,#13339);
#13338 = CARTESIAN_POINT('',(1.75,0.));
#13339 = VECTOR('',#13340,1.);
#13340 = DIRECTION('',(0.,1.));
#13341 = ( GEOMETRIC_REPRESENTATION_CONTEXT(2) 
PARAMETRIC_REPRESENTATION_CONTEXT() REPRESENTATION_CONTEXT('2D SPACE',''
  ) );
#13342 = ADVANCED_FACE('',(#13343),#12891,.T.);
#13343 = FACE_BOUND('',#13344,.T.);
#13344 = EDGE_LOOP('',(#13345,#13346,#13347,#13348));
#13345 = ORIENTED_EDGE('',*,*,#13029,.F.);
#13346 = ORIENTED_EDGE('',*,*,#12979,.T.);
#13347 = ORIENTED_EDGE('',*,*,#12952,.T.);
#13348 = ORIENTED_EDGE('',*,*,#12875,.F.);
#13349 = ADVANCED_FACE('',(#13350),#13205,.F.);
#13350 = FACE_BOUND('',#13351,.F.);
#13351 = EDGE_LOOP('',(#13352,#13353,#13354,#13355));
#13352 = ORIENTED_EDGE('',*,*,#13245,.F.);
#13353 = ORIENTED_EDGE('',*,*,#13295,.T.);
#13354 = ORIENTED_EDGE('',*,*,#13322,.T.);
#13355 = ORIENTED_EDGE('',*,*,#13191,.F.);
#13356 = ( GEOMETRIC_REPRESENTATION_CONTEXT(3) 
GLOBAL_UNCERTAINTY_ASSIGNED_CONTEXT((#13360)) 
GLOBAL_UNIT_ASSIGNED_CONTEXT((#13357,#13358,#13359)) 
REPRESENTATION_CONTEXT('Context #1',
  '3D Context with UNIT and UNCERTAINTY') );
#13357 = ( LENGTH_UNIT() NAMED_UNIT(*) SI_UNIT(.MILLI.,.METRE.) );
#13358 = ( NAMED_UNIT(*) PLANE_ANGLE_UNIT() SI_UNIT($,.RADIAN.) );
#13359 = ( NAMED_UNIT(*) SI_UNIT($,.STERADIAN.) SOLID_ANGLE_UNIT() );
#13360 = UNCERTAINTY_MEASURE_WITH_UNIT(LENGTH_MEASURE(1.E-07),#13357,
  'distance_accuracy_value','confusion accuracy');
#13361 = PRODUCT_RELATED_PRODUCT_CATEGORY('part',$,(#7));
ENDSEC;
END-ISO-10303-21;
