ISO-10303-21;
HEADER;
FILE_DESCRIPTION(('Open CASCADE Model'),'2;1');
FILE_NAME('Open CASCADE Shape Model','2026-10-08T15:56:31',('Author'),(
    'Open CASCADE'),'Open CASCADE STEP processor 7.8','Open CASCADE 7.8'
  ,'Unknown');
FILE_SCHEMA(('AUTOMOTIVE_DESIGN { 1 0 10303 214 1 1 1 1 }'));
ENDSEC;
DATA;
#1 = APPLICATION_PROTOCOL_DEFINITION('international standard',
  'automotive_design',2000,#2);
#2 = APPLICATION_CONTEXT(
  'core data for automotive mechanical design processes');
#3 = SHAPE_DEFINITION_REPRESENTATION(#4,#10);
#4 = PRODUCT_DEFINITION_SHAPE('','',#5);
#5 = PRODUCT_DEFINITION('design','',#6,#9);
#6 = PRODUCT_DEFINITION_FORMATION('','',#7);
#7 = PRODUCT('Open CASCADE STEP translator 7.8 8',
  'Open CASCADE STEP translator 7.8 8','',(#8));
#8 = PRODUCT_CONTEXT('',#2,'mechanical');
#9 = PRODUCT_DEFINITION_CONTEXT('part definition',#2,'design');
#10 = ADVANCED_BREP_SHAPE_REPRESENTATION('',(#11,#15),#14749);
#11 = AXIS2_PLACEMENT_3D('',#12,#13,#14);
#12 = CARTESIAN_POINT('',(0.,0.,0.));
#13 = DIRECTION('',(0.,0.,1.));
#14 = DIRECTION('',(1.,0.,-0.));
#15 = MANIFOLD_SOLID_BREP('',#16);
#16 = CLOSED_SHELL('',(#17,#3945,#3998,#4051,#4127,#4176,#4225,#4252,
    #4328,#4377,#4426,#4453,#4529,#4578,#4627,#4654,#4730,#4779,#4828,
    #4855,#4931,#4980,#5029,#5056,#5132,#5181,#5230,#5257,#5333,#5382,
    #5431,#5458,#5534,#5583,#5632,#5659,#5735,#5784,#5833,#5860,#5936,
    #5985,#6034,#6061,#6137,#6186,#6235,#6262,#6338,#6387,#6436,#6463,
    #6539,#6588,#6637,#6664,#6740,#6789,#6838,#6865,#6941,#6990,#7039,
    #7066,#7142,#7191,#7240,#7267,#7343,#7392,#7441,#7468,#7544,#7593,
    #7642,#7669,#7745,#7794,#7843,#7870,#7946,#7995,#8044,#8071,#8147,
    #8196,#8245,#8272,#8348,#8397,#8446,#8473,#8549,#8598,#8647,#8674,
    #8750,#8799,#8848,#8875,#8951,#9000,#9049,#9076,#9152,#9201,#9250,
    #9277,#9353,#9402,#9451,#9478,#9554,#9603,#9652,#9679,#9755,#9804,
    #9853,#9880,#9956,#10005,#10054,#10081,#10157,#10206,#10255,#10282,
    #10358,#10407,#10456,#10483,#10518,#11904,#11911,#11918,#11925,
    #11932,#11939,#11946,#11953,#11960,#11967,#11974,#11981,#11988,
    #11995,#12002,#12009,#12016,#12023,#12030,#12037,#12044,#12051,
    #12058,#12065,#12072,#12079,#12086,#12093,#12100,#12107,#12114,
    #12121,#12128,#12183,#12259,#12308,#12357,#12384,#12453,#12500,
    #12547,#12594,#12641,#12688,#12735,#12782,#12829,#12876,#12923,
    #12970,#13017,#13064,#13111,#13158,#13205,#13252,#13299,#13346,
    #13393,#13440,#13487,#13534,#13581,#13628,#13675,#13722,#13769,
    #13816,#13863,#13910,#13957,#14004,#14051,#14098,#14145,#14192,
    #14239,#14286,#14333,#14380,#14427,#14474,#14521,#14568,#14615,
    #14662,#14687,#14742));
#17 = ADVANCED_FACE('',(#18,#105,#225,#345,#465,#585,#705,#825,#945,
    #1065,#1185,#1305,#1425,#1545,#1665,#1785,#1905,#2025,#2145,#2265,
    #2385,#2505,#2625,#2745,#2865,#2985,#3105,#3225,#3345,#3465,#3585,
    #3705,#3825),#31,.T.);
#18 = FACE_BOUND('',#19,.T.);
#19 = EDGE_LOOP('',(#20,#54,#77,#104));
#20 = ORIENTED_EDGE('',*,*,#21,.T.);
#21 = EDGE_CURVE('',#22,#22,#24,.T.);
#22 = VERTEX_POINT('',#23);
#23 = CARTESIAN_POINT('',(-123.,36.,66.4));
#24 = SURFACE_CURVE('',#25,(#30,#42),.PCURVE_S1.);
#25 = CIRCLE('',#26,9.4);
#26 = AXIS2_PLACEMENT_3D('',#27,#28,#29);
#27 = CARTESIAN_POINT('',(-123.,36.,57.));
#28 = DIRECTION('',(0.,1.,0.));
#29 = DIRECTION('',(0.,-0.,1.));
#30 = PCURVE('',#31,#36);
#31 = CYLINDRICAL_SURFACE('',#32,9.4);
#32 = AXIS2_PLACEMENT_3D('',#33,#34,#35);
#33 = CARTESIAN_POINT('',(-123.,35.2,57.));
#34 = DIRECTION('',(0.,1.,0.));
#35 = DIRECTION('',(0.,-0.,1.));
#36 = DEFINITIONAL_REPRESENTATION('',(#37),#41);
#37 = LINE('',#38,#39);
#38 = CARTESIAN_POINT('',(0.,0.8));
#39 = VECTOR('',#40,1.);
#40 = DIRECTION('',(1.,0.));
#41 = ( GEOMETRIC_REPRESENTATION_CONTEXT(2) 
PARAMETRIC_REPRESENTATION_CONTEXT() REPRESENTATION_CONTEXT('2D SPACE',''
  ) );
#42 = PCURVE('',#43,#48);
#43 = CONICAL_SURFACE('',#44,9.4,0.785398163397);
#44 = AXIS2_PLACEMENT_3D('',#45,#46,#47);
#45 = CARTESIAN_POINT('',(-123.,36.,57.));
#46 = DIRECTION('',(0.,1.,0.));
#47 = DIRECTION('',(0.,-0.,1.));
#48 = DEFINITIONAL_REPRESENTATION('',(#49),#53);
#49 = LINE('',#50,#51);
#50 = CARTESIAN_POINT('',(0.,-0.));
#51 = VECTOR('',#52,1.);
#52 = DIRECTION('',(1.,-0.));
#53 = ( GEOMETRIC_REPRESENTATION_CONTEXT(2) 
PARAMETRIC_REPRESENTATION_CONTEXT() REPRESENTATION_CONTEXT('2D SPACE',''
  ) );
#54 = ORIENTED_EDGE('',*,*,#55,.T.);
#55 = EDGE_CURVE('',#22,#56,#58,.T.);
#56 = VERTEX_POINT('',#57);
#57 = CARTESIAN_POINT('',(-123.,41.6,66.4));
#58 = SEAM_CURVE('',#59,(#63,#70),.PCURVE_S1.);
#59 = LINE('',#60,#61);
#60 = CARTESIAN_POINT('',(-123.,35.2,66.4));
#61 = VECTOR('',#62,1.);
#62 = DIRECTION('',(0.,1.,0.));
#63 = PCURVE('',#31,#64);
#64 = DEFINITIONAL_REPRESENTATION('',(#65),#69);
#65 = LINE('',#66,#67);
#66 = CARTESIAN_POINT('',(0.,-0.));
#67 = VECTOR('',#68,1.);
#68 = DIRECTION('',(0.,1.));
#69 = ( GEOMETRIC_REPRESENTATION_CONTEXT(2) 
PARAMETRIC_REPRESENTATION_CONTEXT() REPRESENTATION_CONTEXT('2D SPACE',''
  ) );
#70 = PCURVE('',#31,#71);
#71 = DEFINITIONAL_REPRESENTATION('',(#72),#76);
#72 = LINE('',#73,#74);
#73 = CARTESIAN_POINT('',(6.28318530718,-0.));
#74 = VECTOR('',#75,1.);
#75 = DIRECTION('',(0.,1.));
#76 = ( GEOMETRIC_REPRESENTATION_CONTEXT(2) 
PARAMETRIC_REPRESENTATION_CONTEXT() REPRESENTATION_CONTEXT('2D SPACE',''
  ) );
#77 = ORIENTED_EDGE('',*,*,#78,.F.);
#78 = EDGE_CURVE('',#56,#56,#79,.T.);
#79 = SURFACE_CURVE('',#80,(#85,#92),.PCURVE_S1.);
#80 = CIRCLE('',#81,9.4);
#81 = AXIS2_PLACEMENT_3D('',#82,#83,#84);
#82 = CARTESIAN_POINT('',(-123.,41.6,57.));
#83 = DIRECTION('',(0.,1.,0.));
#84 = DIRECTION('',(0.,-0.,1.));
#85 = PCURVE('',#31,#86);
#86 = DEFINITIONAL_REPRESENTATION('',(#87),#91);
#87 = LINE('',#88,#89);
#88 = CARTESIAN_POINT('',(0.,6.4));
#89 = VECTOR('',#90,1.);
#90 = DIRECTION('',(1.,0.));
#91 = ( GEOMETRIC_REPRESENTATION_CONTEXT(2) 
PARAMETRIC_REPRESENTATION_CONTEXT() REPRESENTATION_CONTEXT('2D SPACE',''
  ) );
#92 = PCURVE('',#93,#98);
#93 = CONICAL_SURFACE('',#94,9.4,0.785398163397);
#94 = AXIS2_PLACEMENT_3D('',#95,#96,#97);
#95 = CARTESIAN_POINT('',(-123.,41.6,57.));
#96 = DIRECTION('',(-0.,-1.,-0.));
#97 = DIRECTION('',(0.,0.,1.));
#98 = DEFINITIONAL_REPRESENTATION('',(#99),#103);
#99 = LINE('',#100,#101);
#100 = CARTESIAN_POINT('',(-0.,-0.));
#101 = VECTOR('',#102,1.);
#102 = DIRECTION('',(-1.,-0.));
#103 = ( GEOMETRIC_REPRESENTATION_CONTEXT(2) 
PARAMETRIC_REPRESENTATION_CONTEXT() REPRESENTATION_CONTEXT('2D SPACE',''
  ) );
#104 = ORIENTED_EDGE('',*,*,#55,.F.);
#105 = FACE_BOUND('',#106,.T.);
#106 = EDGE_LOOP('',(#107,#135,#168,#194));
#107 = ORIENTED_EDGE('',*,*,#108,.F.);
#108 = EDGE_CURVE('',#109,#111,#113,.T.);
#109 = VERTEX_POINT('',#110);
#110 = CARTESIAN_POINT('',(-121.2076477404,36.2,66.227538858096));
#111 = VERTEX_POINT('',#112);
#112 = CARTESIAN_POINT('',(-121.2076477404,41.4,66.227538858096));
#113 = SURFACE_CURVE('',#114,(#118,#124),.PCURVE_S1.);
#114 = LINE('',#115,#116);
#115 = CARTESIAN_POINT('',(-121.2076477404,35.2,66.227538858096));
#116 = VECTOR('',#117,1.);
#117 = DIRECTION('',(0.,1.,0.));
#118 = PCURVE('',#31,#119);
#119 = DEFINITIONAL_REPRESENTATION('',(#120),#123);
#120 = B_SPLINE_CURVE_WITH_KNOTS('',1,(#121,#122),.UNSPECIFIED.,.F.,.F.,
  (2,2),(0.7999994,6.4000006),.PIECEWISE_BEZIER_KNOTS.);
#121 = CARTESIAN_POINT('',(0.19185050293,0.7999994));
#122 = CARTESIAN_POINT('',(0.19185050293,6.4000006));
#123 = ( GEOMETRIC_REPRESENTATION_CONTEXT(2) 
PARAMETRIC_REPRESENTATION_CONTEXT() REPRESENTATION_CONTEXT('2D SPACE',''
  ) );
#124 = PCURVE('',#125,#130);
#125 = PLANE('',#126);
#126 = AXIS2_PLACEMENT_3D('',#127,#128,#129);
#127 = CARTESIAN_POINT('',(-121.1856600052,41.4,66.12130310775));
#128 = DIRECTION('',(-0.979245924011,-0.,-0.202675652972));
#129 = DIRECTION('',(-0.202675652972,0.,0.979245924011));
#130 = DEFINITIONAL_REPRESENTATION('',(#131),#134);
#131 = B_SPLINE_CURVE_WITH_KNOTS('',1,(#132,#133),.UNSPECIFIED.,.F.,.F.,
  (2,2),(0.7999994,6.4000006),.PIECEWISE_BEZIER_KNOTS.);
#132 = CARTESIAN_POINT('',(0.108487304099,-5.4000006));
#133 = CARTESIAN_POINT('',(0.108487304099,0.2000006));
#134 = ( GEOMETRIC_REPRESENTATION_CONTEXT(2) 
PARAMETRIC_REPRESENTATION_CONTEXT() REPRESENTATION_CONTEXT('2D SPACE',''
  ) );
#135 = ORIENTED_EDGE('',*,*,#136,.F.);
#136 = EDGE_CURVE('',#137,#109,#139,.T.);
#137 = VERTEX_POINT('',#138);
#138 = CARTESIAN_POINT('',(-122.4044025812,36.2,66.381112072394));
#139 = SURFACE_CURVE('',#140,(#145,#152),.PCURVE_S1.);
#140 = CIRCLE('',#141,9.4);
#141 = AXIS2_PLACEMENT_3D('',#142,#143,#144);
#142 = CARTESIAN_POINT('',(-123.,36.2,57.));
#143 = DIRECTION('',(0.,1.,0.));
#144 = DIRECTION('',(0.,-0.,1.));
#145 = PCURVE('',#31,#146);
#146 = DEFINITIONAL_REPRESENTATION('',(#147),#151);
#147 = LINE('',#148,#149);
#148 = CARTESIAN_POINT('',(0.,1.));
#149 = VECTOR('',#150,1.);
#150 = DIRECTION('',(1.,0.));
#151 = ( GEOMETRIC_REPRESENTATION_CONTEXT(2) 
PARAMETRIC_REPRESENTATION_CONTEXT() REPRESENTATION_CONTEXT('2D SPACE',''
  ) );
#152 = PCURVE('',#153,#158);
#153 = PLANE('',#154);
#154 = AXIS2_PLACEMENT_3D('',#155,#156,#157);
#155 = CARTESIAN_POINT('',(-123.,36.2,57.));
#156 = DIRECTION('',(-0.,-1.,-0.));
#157 = DIRECTION('',(0.,0.,-1.));
#158 = DEFINITIONAL_REPRESENTATION('',(#159),#167);
#159 = ( BOUNDED_CURVE() B_SPLINE_CURVE(2,(#160,#161,#162,#163,#164,#165
,#166),.UNSPECIFIED.,.T.,.F.) B_SPLINE_CURVE_WITH_KNOTS((1,2,2,2,2,1),(
    -2.094395102393,0.,2.094395102393,4.188790204786,6.28318530718,
8.377580409573),.UNSPECIFIED.) CURVE() GEOMETRIC_REPRESENTATION_ITEM() 
RATIONAL_B_SPLINE_CURVE((1.,0.5,1.,0.5,1.,0.5,1.)) REPRESENTATION_ITEM(
  '') );
#160 = CARTESIAN_POINT('',(-9.4,-2.84217094304E-14));
#161 = CARTESIAN_POINT('',(-9.4,16.281277591147));
#162 = CARTESIAN_POINT('',(4.7,8.140638795574));
#163 = CARTESIAN_POINT('',(18.8,-2.611937344801E-14));
#164 = CARTESIAN_POINT('',(4.7,-8.140638795574));
#165 = CARTESIAN_POINT('',(-9.4,-16.28127759114));
#166 = CARTESIAN_POINT('',(-9.4,-2.84217094304E-14));
#167 = ( GEOMETRIC_REPRESENTATION_CONTEXT(2) 
PARAMETRIC_REPRESENTATION_CONTEXT() REPRESENTATION_CONTEXT('2D SPACE',''
  ) );
#168 = ORIENTED_EDGE('',*,*,#169,.T.);
#169 = EDGE_CURVE('',#137,#170,#172,.T.);
#170 = VERTEX_POINT('',#171);
#171 = CARTESIAN_POINT('',(-122.4044025812,41.4,66.381112072394));
#172 = SURFACE_CURVE('',#173,(#177,#183),.PCURVE_S1.);
#173 = LINE('',#174,#175);
#174 = CARTESIAN_POINT('',(-122.4044025812,35.2,66.381112072394));
#175 = VECTOR('',#176,1.);
#176 = DIRECTION('',(0.,1.,0.));
#177 = PCURVE('',#31,#178);
#178 = DEFINITIONAL_REPRESENTATION('',(#179),#182);
#179 = B_SPLINE_CURVE_WITH_KNOTS('',1,(#180,#181),.UNSPECIFIED.,.F.,.F.,
  (2,2),(0.7999994,6.4000006),.PIECEWISE_BEZIER_KNOTS.);
#180 = CARTESIAN_POINT('',(6.340390017466E-02,0.7999994));
#181 = CARTESIAN_POINT('',(6.340390017466E-02,6.4000006));
#182 = ( GEOMETRIC_REPRESENTATION_CONTEXT(2) 
PARAMETRIC_REPRESENTATION_CONTEXT() REPRESENTATION_CONTEXT('2D SPACE',''
  ) );
#183 = PCURVE('',#184,#189);
#184 = PLANE('',#185);
#185 = AXIS2_PLACEMENT_3D('',#186,#187,#188);
#186 = CARTESIAN_POINT('',(-122.1175762947,41.4,66.960990332517));
#187 = DIRECTION('',(0.896343572029,0.,-0.443360125498));
#188 = DIRECTION('',(-0.443360125498,0.,-0.896343572029));
#189 = DEFINITIONAL_REPRESENTATION('',(#190),#193);
#190 = B_SPLINE_CURVE_WITH_KNOTS('',1,(#191,#192),.UNSPECIFIED.,.F.,.F.,
  (2,2),(0.7999994,6.4000006),.PIECEWISE_BEZIER_KNOTS.);
#191 = CARTESIAN_POINT('',(0.646937489394,-5.4000006));
#192 = CARTESIAN_POINT('',(0.646937489394,0.2000006));
#193 = ( GEOMETRIC_REPRESENTATION_CONTEXT(2) 
PARAMETRIC_REPRESENTATION_CONTEXT() REPRESENTATION_CONTEXT('2D SPACE',''
  ) );
#194 = ORIENTED_EDGE('',*,*,#195,.T.);
#195 = EDGE_CURVE('',#170,#111,#196,.T.);
#196 = SURFACE_CURVE('',#197,(#202,#209),.PCURVE_S1.);
#197 = CIRCLE('',#198,9.4);
#198 = AXIS2_PLACEMENT_3D('',#199,#200,#201);
#199 = CARTESIAN_POINT('',(-123.,41.4,57.));
#200 = DIRECTION('',(0.,1.,0.));
#201 = DIRECTION('',(0.,-0.,1.));
#202 = PCURVE('',#31,#203);
#203 = DEFINITIONAL_REPRESENTATION('',(#204),#208);
#204 = LINE('',#205,#206);
#205 = CARTESIAN_POINT('',(0.,6.2));
#206 = VECTOR('',#207,1.);
#207 = DIRECTION('',(1.,0.));
#208 = ( GEOMETRIC_REPRESENTATION_CONTEXT(2) 
PARAMETRIC_REPRESENTATION_CONTEXT() REPRESENTATION_CONTEXT('2D SPACE',''
  ) );
#209 = PCURVE('',#210,#215);
#210 = PLANE('',#211);
#211 = AXIS2_PLACEMENT_3D('',#212,#213,#214);
#212 = CARTESIAN_POINT('',(-123.,41.4,57.));
#213 = DIRECTION('',(-0.,-1.,-0.));
#214 = DIRECTION('',(0.,0.,-1.));
#215 = DEFINITIONAL_REPRESENTATION('',(#216),#224);
#216 = ( BOUNDED_CURVE() B_SPLINE_CURVE(2,(#217,#218,#219,#220,#221,#222
,#223),.UNSPECIFIED.,.T.,.F.) B_SPLINE_CURVE_WITH_KNOTS((1,2,2,2,2,1),(
    -2.094395102393,0.,2.094395102393,4.188790204786,6.28318530718,
8.377580409573),.UNSPECIFIED.) CURVE() GEOMETRIC_REPRESENTATION_ITEM() 
RATIONAL_B_SPLINE_CURVE((1.,0.5,1.,0.5,1.,0.5,1.)) REPRESENTATION_ITEM(
  '') );
#217 = CARTESIAN_POINT('',(-9.4,-2.84217094304E-14));
#218 = CARTESIAN_POINT('',(-9.4,16.281277591147));
#219 = CARTESIAN_POINT('',(4.7,8.140638795574));
#220 = CARTESIAN_POINT('',(18.8,-2.611937344801E-14));
#221 = CARTESIAN_POINT('',(4.7,-8.140638795574));
#222 = CARTESIAN_POINT('',(-9.4,-16.28127759114));
#223 = CARTESIAN_POINT('',(-9.4,-2.84217094304E-14));
#224 = ( GEOMETRIC_REPRESENTATION_CONTEXT(2) 
PARAMETRIC_REPRESENTATION_CONTEXT() REPRESENTATION_CONTEXT('2D SPACE',''
  ) );
#225 = FACE_BOUND('',#226,.T.);
#226 = EDGE_LOOP('',(#227,#255,#288,#314));
#227 = ORIENTED_EDGE('',*,*,#228,.F.);
#228 = EDGE_CURVE('',#229,#231,#233,.T.);
#229 = VERTEX_POINT('',#230);
#230 = CARTESIAN_POINT('',(-119.4418837592,36.2,65.700563706887));
#231 = VERTEX_POINT('',#232);
#232 = CARTESIAN_POINT('',(-119.4418837592,41.4,65.700563706887));
#233 = SURFACE_CURVE('',#234,(#238,#244),.PCURVE_S1.);
#234 = LINE('',#235,#236);
#235 = CARTESIAN_POINT('',(-119.4418837592,35.2,65.700563706887));
#236 = VECTOR('',#237,1.);
#237 = DIRECTION('',(0.,1.,0.));
#238 = PCURVE('',#31,#239);
#239 = DEFINITIONAL_REPRESENTATION('',(#240),#243);
#240 = B_SPLINE_CURVE_WITH_KNOTS('',1,(#241,#242),.UNSPECIFIED.,.F.,.F.,
  (2,2),(0.7999994,6.4000006),.PIECEWISE_BEZIER_KNOTS.);
#241 = CARTESIAN_POINT('',(0.388200043779,0.7999994));
#242 = CARTESIAN_POINT('',(0.388200043779,6.4000006));
#243 = ( GEOMETRIC_REPRESENTATION_CONTEXT(2) 
PARAMETRIC_REPRESENTATION_CONTEXT() REPRESENTATION_CONTEXT('2D SPACE',''
  ) );
#244 = PCURVE('',#245,#250);
#245 = PLANE('',#246);
#246 = AXIS2_PLACEMENT_3D('',#247,#248,#249);
#247 = CARTESIAN_POINT('',(-119.441044079,41.4,65.592079652355));
#248 = DIRECTION('',(-0.999970046568,-0.,-7.739894482597E-03));
#249 = DIRECTION('',(-7.739894482597E-03,0.,0.999970046568));
#250 = DEFINITIONAL_REPRESENTATION('',(#251),#254);
#251 = B_SPLINE_CURVE_WITH_KNOTS('',1,(#252,#253),.UNSPECIFIED.,.F.,.F.,
  (2,2),(0.7999994,6.4000006),.PIECEWISE_BEZIER_KNOTS.);
#252 = CARTESIAN_POINT('',(0.108487304099,-5.4000006));
#253 = CARTESIAN_POINT('',(0.108487304099,0.2000006));
#254 = ( GEOMETRIC_REPRESENTATION_CONTEXT(2) 
PARAMETRIC_REPRESENTATION_CONTEXT() REPRESENTATION_CONTEXT('2D SPACE',''
  ) );
#255 = ORIENTED_EDGE('',*,*,#256,.F.);
#256 = EDGE_CURVE('',#257,#229,#259,.T.);
#257 = VERTEX_POINT('',#258);
#258 = CARTESIAN_POINT('',(-120.5856826436,36.2,66.084661342208));
#259 = SURFACE_CURVE('',#260,(#265,#272),.PCURVE_S1.);
#260 = CIRCLE('',#261,9.4);
#261 = AXIS2_PLACEMENT_3D('',#262,#263,#264);
#262 = CARTESIAN_POINT('',(-123.,36.2,57.));
#263 = DIRECTION('',(0.,1.,0.));
#264 = DIRECTION('',(0.,-0.,1.));
#265 = PCURVE('',#31,#266);
#266 = DEFINITIONAL_REPRESENTATION('',(#267),#271);
#267 = LINE('',#268,#269);
#268 = CARTESIAN_POINT('',(0.,1.));
#269 = VECTOR('',#270,1.);
#270 = DIRECTION('',(1.,0.));
#271 = ( GEOMETRIC_REPRESENTATION_CONTEXT(2) 
PARAMETRIC_REPRESENTATION_CONTEXT() REPRESENTATION_CONTEXT('2D SPACE',''
  ) );
#272 = PCURVE('',#273,#278);
#273 = PLANE('',#274);
#274 = AXIS2_PLACEMENT_3D('',#275,#276,#277);
#275 = CARTESIAN_POINT('',(-123.,36.2,57.));
#276 = DIRECTION('',(-0.,-1.,-0.));
#277 = DIRECTION('',(0.,0.,-1.));
#278 = DEFINITIONAL_REPRESENTATION('',(#279),#287);
#279 = ( BOUNDED_CURVE() B_SPLINE_CURVE(2,(#280,#281,#282,#283,#284,#285
,#286),.UNSPECIFIED.,.T.,.F.) B_SPLINE_CURVE_WITH_KNOTS((1,2,2,2,2,1),(
    -2.094395102393,0.,2.094395102393,4.188790204786,6.28318530718,
8.377580409573),.UNSPECIFIED.) CURVE() GEOMETRIC_REPRESENTATION_ITEM() 
RATIONAL_B_SPLINE_CURVE((1.,0.5,1.,0.5,1.,0.5,1.)) REPRESENTATION_ITEM(
  '') );
#280 = CARTESIAN_POINT('',(-9.4,-2.84217094304E-14));
#281 = CARTESIAN_POINT('',(-9.4,16.281277591147));
#282 = CARTESIAN_POINT('',(4.7,8.140638795574));
#283 = CARTESIAN_POINT('',(18.8,-2.611937344801E-14));
#284 = CARTESIAN_POINT('',(4.7,-8.140638795574));
#285 = CARTESIAN_POINT('',(-9.4,-16.28127759114));
#286 = CARTESIAN_POINT('',(-9.4,-2.84217094304E-14));
#287 = ( GEOMETRIC_REPRESENTATION_CONTEXT(2) 
PARAMETRIC_REPRESENTATION_CONTEXT() REPRESENTATION_CONTEXT('2D SPACE',''
  ) );
#288 = ORIENTED_EDGE('',*,*,#289,.T.);
#289 = EDGE_CURVE('',#257,#290,#292,.T.);
#290 = VERTEX_POINT('',#291);
#291 = CARTESIAN_POINT('',(-120.5856826436,41.4,66.084661342208));
#292 = SURFACE_CURVE('',#293,(#297,#303),.PCURVE_S1.);
#293 = LINE('',#294,#295);
#294 = CARTESIAN_POINT('',(-120.5856826436,35.2,66.084661342208));
#295 = VECTOR('',#296,1.);
#296 = DIRECTION('',(0.,1.,0.));
#297 = PCURVE('',#31,#298);
#298 = DEFINITIONAL_REPRESENTATION('',(#299),#302);
#299 = B_SPLINE_CURVE_WITH_KNOTS('',1,(#300,#301),.UNSPECIFIED.,.F.,.F.,
  (2,2),(0.7999994,6.4000006),.PIECEWISE_BEZIER_KNOTS.);
#300 = CARTESIAN_POINT('',(0.259753441024,0.7999994));
#301 = CARTESIAN_POINT('',(0.259753441024,6.4000006));
#302 = ( GEOMETRIC_REPRESENTATION_CONTEXT(2) 
PARAMETRIC_REPRESENTATION_CONTEXT() REPRESENTATION_CONTEXT('2D SPACE',''
  ) );
#303 = PCURVE('',#304,#309);
#304 = PLANE('',#305);
#305 = AXIS2_PLACEMENT_3D('',#306,#307,#308);
#306 = CARTESIAN_POINT('',(-120.1912390072,41.4,66.597440371569));
#307 = DIRECTION('',(0.792625311978,0.,-0.609709041111));
#308 = DIRECTION('',(-0.609709041111,0.,-0.792625311978));
#309 = DEFINITIONAL_REPRESENTATION('',(#310),#313);
#310 = B_SPLINE_CURVE_WITH_KNOTS('',1,(#311,#312),.UNSPECIFIED.,.F.,.F.,
  (2,2),(0.7999994,6.4000006),.PIECEWISE_BEZIER_KNOTS.);
#311 = CARTESIAN_POINT('',(0.646937489394,-5.4000006));
#312 = CARTESIAN_POINT('',(0.646937489394,0.2000006));
#313 = ( GEOMETRIC_REPRESENTATION_CONTEXT(2) 
PARAMETRIC_REPRESENTATION_CONTEXT() REPRESENTATION_CONTEXT('2D SPACE',''
  ) );
#314 = ORIENTED_EDGE('',*,*,#315,.T.);
#315 = EDGE_CURVE('',#290,#231,#316,.T.);
#316 = SURFACE_CURVE('',#317,(#322,#329),.PCURVE_S1.);
#317 = CIRCLE('',#318,9.4);
#318 = AXIS2_PLACEMENT_3D('',#319,#320,#321);
#319 = CARTESIAN_POINT('',(-123.,41.4,57.));
#320 = DIRECTION('',(0.,1.,0.));
#321 = DIRECTION('',(0.,-0.,1.));
#322 = PCURVE('',#31,#323);
#323 = DEFINITIONAL_REPRESENTATION('',(#324),#328);
#324 = LINE('',#325,#326);
#325 = CARTESIAN_POINT('',(0.,6.2));
#326 = VECTOR('',#327,1.);
#327 = DIRECTION('',(1.,0.));
#328 = ( GEOMETRIC_REPRESENTATION_CONTEXT(2) 
PARAMETRIC_REPRESENTATION_CONTEXT() REPRESENTATION_CONTEXT('2D SPACE',''
  ) );
#329 = PCURVE('',#330,#335);
#330 = PLANE('',#331);
#331 = AXIS2_PLACEMENT_3D('',#332,#333,#334);
#332 = CARTESIAN_POINT('',(-123.,41.4,57.));
#333 = DIRECTION('',(-0.,-1.,-0.));
#334 = DIRECTION('',(0.,0.,-1.));
#335 = DEFINITIONAL_REPRESENTATION('',(#336),#344);
#336 = ( BOUNDED_CURVE() B_SPLINE_CURVE(2,(#337,#338,#339,#340,#341,#342
,#343),.UNSPECIFIED.,.T.,.F.) B_SPLINE_CURVE_WITH_KNOTS((1,2,2,2,2,1),(
    -2.094395102393,0.,2.094395102393,4.188790204786,6.28318530718,
8.377580409573),.UNSPECIFIED.) CURVE() GEOMETRIC_REPRESENTATION_ITEM() 
RATIONAL_B_SPLINE_CURVE((1.,0.5,1.,0.5,1.,0.5,1.)) REPRESENTATION_ITEM(
  '') );
#337 = CARTESIAN_POINT('',(-9.4,-2.84217094304E-14));
#338 = CARTESIAN_POINT('',(-9.4,16.281277591147));
#339 = CARTESIAN_POINT('',(4.7,8.140638795574));
#340 = CARTESIAN_POINT('',(18.8,-2.611937344801E-14));
#341 = CARTESIAN_POINT('',(4.7,-8.140638795574));
#342 = CARTESIAN_POINT('',(-9.4,-16.28127759114));
#343 = CARTESIAN_POINT('',(-9.4,-2.84217094304E-14));
#344 = ( GEOMETRIC_REPRESENTATION_CONTEXT(2) 
PARAMETRIC_REPRESENTATION_CONTEXT() REPRESENTATION_CONTEXT('2D SPACE',''
  ) );
#345 = FACE_BOUND('',#346,.T.);
#346 = EDGE_LOOP('',(#347,#375,#408,#434));
#347 = ORIENTED_EDGE('',*,*,#348,.F.);
#348 = EDGE_CURVE('',#349,#351,#353,.T.);
#349 = VERTEX_POINT('',#350);
#350 = CARTESIAN_POINT('',(-117.8128561898,36.2,64.839230771755));
#351 = VERTEX_POINT('',#352);
#352 = CARTESIAN_POINT('',(-117.8128561898,41.4,64.839230771755));
#353 = SURFACE_CURVE('',#354,(#358,#364),.PCURVE_S1.);
#354 = LINE('',#355,#356);
#355 = CARTESIAN_POINT('',(-117.8128561898,35.2,64.839230771755));
#356 = VECTOR('',#357,1.);
#357 = DIRECTION('',(0.,1.,0.));
#358 = PCURVE('',#31,#359);
#359 = DEFINITIONAL_REPRESENTATION('',(#360),#363);
#360 = B_SPLINE_CURVE_WITH_KNOTS('',1,(#361,#362),.UNSPECIFIED.,.F.,.F.,
  (2,2),(0.7999994,6.4000006),.PIECEWISE_BEZIER_KNOTS.);
#361 = CARTESIAN_POINT('',(0.584549584628,0.7999994));
#362 = CARTESIAN_POINT('',(0.584549584628,6.4000006));
#363 = ( GEOMETRIC_REPRESENTATION_CONTEXT(2) 
PARAMETRIC_REPRESENTATION_CONTEXT() REPRESENTATION_CONTEXT('2D SPACE',''
  ) );
#364 = PCURVE('',#365,#370);
#365 = PLANE('',#366);
#366 = AXIS2_PLACEMENT_3D('',#367,#368,#369);
#367 = CARTESIAN_POINT('',(-117.8331968329,41.4,64.732667394414));
#368 = DIRECTION('',(-0.982265881025,0.,0.187493303811));
#369 = DIRECTION('',(0.187493303811,0.,0.982265881025));
#370 = DEFINITIONAL_REPRESENTATION('',(#371),#374);
#371 = B_SPLINE_CURVE_WITH_KNOTS('',1,(#372,#373),.UNSPECIFIED.,.F.,.F.,
  (2,2),(0.7999994,6.4000006),.PIECEWISE_BEZIER_KNOTS.);
#372 = CARTESIAN_POINT('',(0.108487304099,-5.4000006));
#373 = CARTESIAN_POINT('',(0.108487304099,0.2000006));
#374 = ( GEOMETRIC_REPRESENTATION_CONTEXT(2) 
PARAMETRIC_REPRESENTATION_CONTEXT() REPRESENTATION_CONTEXT('2D SPACE',''
  ) );
#375 = ORIENTED_EDGE('',*,*,#376,.F.);
#376 = EDGE_CURVE('',#377,#349,#379,.T.);
#377 = VERTEX_POINT('',#378);
#378 = CARTESIAN_POINT('',(-118.8597435679,36.2,65.439092171377));
#379 = SURFACE_CURVE('',#380,(#385,#392),.PCURVE_S1.);
#380 = CIRCLE('',#381,9.4);
#381 = AXIS2_PLACEMENT_3D('',#382,#383,#384);
#382 = CARTESIAN_POINT('',(-123.,36.2,57.));
#383 = DIRECTION('',(0.,1.,0.));
#384 = DIRECTION('',(0.,-0.,1.));
#385 = PCURVE('',#31,#386);
#386 = DEFINITIONAL_REPRESENTATION('',(#387),#391);
#387 = LINE('',#388,#389);
#388 = CARTESIAN_POINT('',(0.,1.));
#389 = VECTOR('',#390,1.);
#390 = DIRECTION('',(1.,0.));
#391 = ( GEOMETRIC_REPRESENTATION_CONTEXT(2) 
PARAMETRIC_REPRESENTATION_CONTEXT() REPRESENTATION_CONTEXT('2D SPACE',''
  ) );
#392 = PCURVE('',#393,#398);
#393 = PLANE('',#394);
#394 = AXIS2_PLACEMENT_3D('',#395,#396,#397);
#395 = CARTESIAN_POINT('',(-123.,36.2,57.));
#396 = DIRECTION('',(-0.,-1.,-0.));
#397 = DIRECTION('',(0.,0.,-1.));
#398 = DEFINITIONAL_REPRESENTATION('',(#399),#407);
#399 = ( BOUNDED_CURVE() B_SPLINE_CURVE(2,(#400,#401,#402,#403,#404,#405
,#406),.UNSPECIFIED.,.T.,.F.) B_SPLINE_CURVE_WITH_KNOTS((1,2,2,2,2,1),(
    -2.094395102393,0.,2.094395102393,4.188790204786,6.28318530718,
8.377580409573),.UNSPECIFIED.) CURVE() GEOMETRIC_REPRESENTATION_ITEM() 
RATIONAL_B_SPLINE_CURVE((1.,0.5,1.,0.5,1.,0.5,1.)) REPRESENTATION_ITEM(
  '') );
#400 = CARTESIAN_POINT('',(-9.4,-2.84217094304E-14));
#401 = CARTESIAN_POINT('',(-9.4,16.281277591147));
#402 = CARTESIAN_POINT('',(4.7,8.140638795574));
#403 = CARTESIAN_POINT('',(18.8,-2.611937344801E-14));
#404 = CARTESIAN_POINT('',(4.7,-8.140638795574));
#405 = CARTESIAN_POINT('',(-9.4,-16.28127759114));
#406 = CARTESIAN_POINT('',(-9.4,-2.84217094304E-14));
#407 = ( GEOMETRIC_REPRESENTATION_CONTEXT(2) 
PARAMETRIC_REPRESENTATION_CONTEXT() REPRESENTATION_CONTEXT('2D SPACE',''
  ) );
#408 = ORIENTED_EDGE('',*,*,#409,.T.);
#409 = EDGE_CURVE('',#377,#410,#412,.T.);
#410 = VERTEX_POINT('',#411);
#411 = CARTESIAN_POINT('',(-118.8597435679,41.4,65.439092171377));
#412 = SURFACE_CURVE('',#413,(#417,#423),.PCURVE_S1.);
#413 = LINE('',#414,#415);
#414 = CARTESIAN_POINT('',(-118.8597435679,35.2,65.439092171377));
#415 = VECTOR('',#416,1.);
#416 = DIRECTION('',(0.,1.,0.));
#417 = PCURVE('',#31,#418);
#418 = DEFINITIONAL_REPRESENTATION('',(#419),#422);
#419 = B_SPLINE_CURVE_WITH_KNOTS('',1,(#420,#421),.UNSPECIFIED.,.F.,.F.,
  (2,2),(0.7999994,6.4000006),.PIECEWISE_BEZIER_KNOTS.);
#420 = CARTESIAN_POINT('',(0.456102981873,0.7999994));
#421 = CARTESIAN_POINT('',(0.456102981873,6.4000006));
#422 = ( GEOMETRIC_REPRESENTATION_CONTEXT(2) 
PARAMETRIC_REPRESENTATION_CONTEXT() REPRESENTATION_CONTEXT('2D SPACE',''
  ) );
#423 = PCURVE('',#424,#429);
#424 = PLANE('',#425);
#425 = AXIS2_PLACEMENT_3D('',#426,#427,#428);
#426 = CARTESIAN_POINT('',(-118.3728408295,41.4,65.865066159447));
#427 = DIRECTION('',(0.658446905696,0.,-0.752627180202));
#428 = DIRECTION('',(-0.752627180202,0.,-0.658446905696));
#429 = DEFINITIONAL_REPRESENTATION('',(#430),#433);
#430 = B_SPLINE_CURVE_WITH_KNOTS('',1,(#431,#432),.UNSPECIFIED.,.F.,.F.,
  (2,2),(0.7999994,6.4000006),.PIECEWISE_BEZIER_KNOTS.);
#431 = CARTESIAN_POINT('',(0.646937489394,-5.4000006));
#432 = CARTESIAN_POINT('',(0.646937489394,0.2000006));
#433 = ( GEOMETRIC_REPRESENTATION_CONTEXT(2) 
PARAMETRIC_REPRESENTATION_CONTEXT() REPRESENTATION_CONTEXT('2D SPACE',''
  ) );
#434 = ORIENTED_EDGE('',*,*,#435,.T.);
#435 = EDGE_CURVE('',#410,#351,#436,.T.);
#436 = SURFACE_CURVE('',#437,(#442,#449),.PCURVE_S1.);
#437 = CIRCLE('',#438,9.4);
#438 = AXIS2_PLACEMENT_3D('',#439,#440,#441);
#439 = CARTESIAN_POINT('',(-123.,41.4,57.));
#440 = DIRECTION('',(0.,1.,0.));
#441 = DIRECTION('',(0.,-0.,1.));
#442 = PCURVE('',#31,#443);
#443 = DEFINITIONAL_REPRESENTATION('',(#444),#448);
#444 = LINE('',#445,#446);
#445 = CARTESIAN_POINT('',(0.,6.2));
#446 = VECTOR('',#447,1.);
#447 = DIRECTION('',(1.,0.));
#448 = ( GEOMETRIC_REPRESENTATION_CONTEXT(2) 
PARAMETRIC_REPRESENTATION_CONTEXT() REPRESENTATION_CONTEXT('2D SPACE',''
  ) );
#449 = PCURVE('',#450,#455);
#450 = PLANE('',#451);
#451 = AXIS2_PLACEMENT_3D('',#452,#453,#454);
#452 = CARTESIAN_POINT('',(-123.,41.4,57.));
#453 = DIRECTION('',(-0.,-1.,-0.));
#454 = DIRECTION('',(0.,0.,-1.));
#455 = DEFINITIONAL_REPRESENTATION('',(#456),#464);
#456 = ( BOUNDED_CURVE() B_SPLINE_CURVE(2,(#457,#458,#459,#460,#461,#462
,#463),.UNSPECIFIED.,.T.,.F.) B_SPLINE_CURVE_WITH_KNOTS((1,2,2,2,2,1),(
    -2.094395102393,0.,2.094395102393,4.188790204786,6.28318530718,
8.377580409573),.UNSPECIFIED.) CURVE() GEOMETRIC_REPRESENTATION_ITEM() 
RATIONAL_B_SPLINE_CURVE((1.,0.5,1.,0.5,1.,0.5,1.)) REPRESENTATION_ITEM(
  '') );
#457 = CARTESIAN_POINT('',(-9.4,-2.84217094304E-14));
#458 = CARTESIAN_POINT('',(-9.4,16.281277591147));
#459 = CARTESIAN_POINT('',(4.7,8.140638795574));
#460 = CARTESIAN_POINT('',(18.8,-2.611937344801E-14));
#461 = CARTESIAN_POINT('',(4.7,-8.140638795574));
#462 = CARTESIAN_POINT('',(-9.4,-16.28127759114));
#463 = CARTESIAN_POINT('',(-9.4,-2.84217094304E-14));
#464 = ( GEOMETRIC_REPRESENTATION_CONTEXT(2) 
PARAMETRIC_REPRESENTATION_CONTEXT() REPRESENTATION_CONTEXT('2D SPACE',''
  ) );
#465 = FACE_BOUND('',#466,.T.);
#466 = EDGE_LOOP('',(#467,#495,#528,#554));
#467 = ORIENTED_EDGE('',*,*,#468,.F.);
#468 = EDGE_CURVE('',#469,#471,#473,.T.);
#469 = VERTEX_POINT('',#470);
#470 = CARTESIAN_POINT('',(-116.383167648,36.2,63.676640594355));
#471 = VERTEX_POINT('',#472);
#472 = CARTESIAN_POINT('',(-116.383167648,41.4,63.676640594355));
#473 = SURFACE_CURVE('',#474,(#478,#484),.PCURVE_S1.);
#474 = LINE('',#475,#476);
#475 = CARTESIAN_POINT('',(-116.383167648,35.2,63.676640594355));
#476 = VECTOR('',#477,1.);
#477 = DIRECTION('',(0.,1.,0.));
#478 = PCURVE('',#31,#479);
#479 = DEFINITIONAL_REPRESENTATION('',(#480),#483);
#480 = B_SPLINE_CURVE_WITH_KNOTS('',1,(#481,#482),.UNSPECIFIED.,.F.,.F.,
  (2,2),(0.7999994,6.4000006),.PIECEWISE_BEZIER_KNOTS.);
#481 = CARTESIAN_POINT('',(0.780899125478,0.7999994));
#482 = CARTESIAN_POINT('',(0.780899125478,6.4000006));
#483 = ( GEOMETRIC_REPRESENTATION_CONTEXT(2) 
PARAMETRIC_REPRESENTATION_CONTEXT() REPRESENTATION_CONTEXT('2D SPACE',''
  ) );
#484 = PCURVE('',#485,#490);
#485 = PLANE('',#486);
#486 = AXIS2_PLACEMENT_3D('',#487,#488,#489);
#487 = CARTESIAN_POINT('',(-116.4239069349,41.4,63.576093065035));
#488 = DIRECTION('',(-0.926813788535,0.,0.375521239587));
#489 = DIRECTION('',(0.375521239587,0.,0.926813788535));
#490 = DEFINITIONAL_REPRESENTATION('',(#491),#494);
#491 = B_SPLINE_CURVE_WITH_KNOTS('',1,(#492,#493),.UNSPECIFIED.,.F.,.F.,
  (2,2),(0.7999994,6.4000006),.PIECEWISE_BEZIER_KNOTS.);
#492 = CARTESIAN_POINT('',(0.108487304099,-5.4000006));
#493 = CARTESIAN_POINT('',(0.108487304099,0.2000006));
#494 = ( GEOMETRIC_REPRESENTATION_CONTEXT(2) 
PARAMETRIC_REPRESENTATION_CONTEXT() REPRESENTATION_CONTEXT('2D SPACE',''
  ) );
#495 = ORIENTED_EDGE('',*,*,#496,.F.);
#496 = EDGE_CURVE('',#497,#469,#499,.T.);
#497 = VERTEX_POINT('',#498);
#498 = CARTESIAN_POINT('',(-117.2929122251,36.2,64.469213421098));
#499 = SURFACE_CURVE('',#500,(#505,#512),.PCURVE_S1.);
#500 = CIRCLE('',#501,9.4);
#501 = AXIS2_PLACEMENT_3D('',#502,#503,#504);
#502 = CARTESIAN_POINT('',(-123.,36.2,57.));
#503 = DIRECTION('',(0.,1.,0.));
#504 = DIRECTION('',(0.,-0.,1.));
#505 = PCURVE('',#31,#506);
#506 = DEFINITIONAL_REPRESENTATION('',(#507),#511);
#507 = LINE('',#508,#509);
#508 = CARTESIAN_POINT('',(0.,1.));
#509 = VECTOR('',#510,1.);
#510 = DIRECTION('',(1.,0.));
#511 = ( GEOMETRIC_REPRESENTATION_CONTEXT(2) 
PARAMETRIC_REPRESENTATION_CONTEXT() REPRESENTATION_CONTEXT('2D SPACE',''
  ) );
#512 = PCURVE('',#513,#518);
#513 = PLANE('',#514);
#514 = AXIS2_PLACEMENT_3D('',#515,#516,#517);
#515 = CARTESIAN_POINT('',(-123.,36.2,57.));
#516 = DIRECTION('',(-0.,-1.,-0.));
#517 = DIRECTION('',(0.,0.,-1.));
#518 = DEFINITIONAL_REPRESENTATION('',(#519),#527);
#519 = ( BOUNDED_CURVE() B_SPLINE_CURVE(2,(#520,#521,#522,#523,#524,#525
,#526),.UNSPECIFIED.,.T.,.F.) B_SPLINE_CURVE_WITH_KNOTS((1,2,2,2,2,1),(
    -2.094395102393,0.,2.094395102393,4.188790204786,6.28318530718,
8.377580409573),.UNSPECIFIED.) CURVE() GEOMETRIC_REPRESENTATION_ITEM() 
RATIONAL_B_SPLINE_CURVE((1.,0.5,1.,0.5,1.,0.5,1.)) REPRESENTATION_ITEM(
  '') );
#520 = CARTESIAN_POINT('',(-9.4,-2.84217094304E-14));
#521 = CARTESIAN_POINT('',(-9.4,16.281277591147));
#522 = CARTESIAN_POINT('',(4.7,8.140638795574));
#523 = CARTESIAN_POINT('',(18.8,-2.611937344801E-14));
#524 = CARTESIAN_POINT('',(4.7,-8.140638795574));
#525 = CARTESIAN_POINT('',(-9.4,-16.28127759114));
#526 = CARTESIAN_POINT('',(-9.4,-2.84217094304E-14));
#527 = ( GEOMETRIC_REPRESENTATION_CONTEXT(2) 
PARAMETRIC_REPRESENTATION_CONTEXT() REPRESENTATION_CONTEXT('2D SPACE',''
  ) );
#528 = ORIENTED_EDGE('',*,*,#529,.T.);
#529 = EDGE_CURVE('',#497,#530,#532,.T.);
#530 = VERTEX_POINT('',#531);
#531 = CARTESIAN_POINT('',(-117.2929122251,41.4,64.469213421098));
#532 = SURFACE_CURVE('',#533,(#537,#543),.PCURVE_S1.);
#533 = LINE('',#534,#535);
#534 = CARTESIAN_POINT('',(-117.2929122251,35.2,64.469213421098));
#535 = VECTOR('',#536,1.);
#536 = DIRECTION('',(0.,1.,0.));
#537 = PCURVE('',#31,#538);
#538 = DEFINITIONAL_REPRESENTATION('',(#539),#542);
#539 = B_SPLINE_CURVE_WITH_KNOTS('',1,(#540,#541),.UNSPECIFIED.,.F.,.F.,
  (2,2),(0.7999994,6.4000006),.PIECEWISE_BEZIER_KNOTS.);
#540 = CARTESIAN_POINT('',(0.652452522723,0.7999994));
#541 = CARTESIAN_POINT('',(0.652452522723,6.4000006));
#542 = ( GEOMETRIC_REPRESENTATION_CONTEXT(2) 
PARAMETRIC_REPRESENTATION_CONTEXT() REPRESENTATION_CONTEXT('2D SPACE',''
  ) );
#543 = PCURVE('',#544,#549);
#544 = PLANE('',#545);
#545 = AXIS2_PLACEMENT_3D('',#546,#547,#548);
#546 = CARTESIAN_POINT('',(-116.7322617838,41.4,64.792012426405));
#547 = DIRECTION('',(0.49896475409,0.,-0.866622278836));
#548 = DIRECTION('',(-0.866622278836,0.,-0.49896475409));
#549 = DEFINITIONAL_REPRESENTATION('',(#550),#553);
#550 = B_SPLINE_CURVE_WITH_KNOTS('',1,(#551,#552),.UNSPECIFIED.,.F.,.F.,
  (2,2),(0.7999994,6.4000006),.PIECEWISE_BEZIER_KNOTS.);
#551 = CARTESIAN_POINT('',(0.646937489394,-5.4000006));
#552 = CARTESIAN_POINT('',(0.646937489394,0.2000006));
#553 = ( GEOMETRIC_REPRESENTATION_CONTEXT(2) 
PARAMETRIC_REPRESENTATION_CONTEXT() REPRESENTATION_CONTEXT('2D SPACE',''
  ) );
#554 = ORIENTED_EDGE('',*,*,#555,.T.);
#555 = EDGE_CURVE('',#530,#471,#556,.T.);
#556 = SURFACE_CURVE('',#557,(#562,#569),.PCURVE_S1.);
#557 = CIRCLE('',#558,9.4);
#558 = AXIS2_PLACEMENT_3D('',#559,#560,#561);
#559 = CARTESIAN_POINT('',(-123.,41.4,57.));
#560 = DIRECTION('',(0.,1.,0.));
#561 = DIRECTION('',(0.,-0.,1.));
#562 = PCURVE('',#31,#563);
#563 = DEFINITIONAL_REPRESENTATION('',(#564),#568);
#564 = LINE('',#565,#566);
#565 = CARTESIAN_POINT('',(0.,6.2));
#566 = VECTOR('',#567,1.);
#567 = DIRECTION('',(1.,0.));
#568 = ( GEOMETRIC_REPRESENTATION_CONTEXT(2) 
PARAMETRIC_REPRESENTATION_CONTEXT() REPRESENTATION_CONTEXT('2D SPACE',''
  ) );
#569 = PCURVE('',#570,#575);
#570 = PLANE('',#571);
#571 = AXIS2_PLACEMENT_3D('',#572,#573,#574);
#572 = CARTESIAN_POINT('',(-123.,41.4,57.));
#573 = DIRECTION('',(-0.,-1.,-0.));
#574 = DIRECTION('',(0.,0.,-1.));
#575 = DEFINITIONAL_REPRESENTATION('',(#576),#584);
#576 = ( BOUNDED_CURVE() B_SPLINE_CURVE(2,(#577,#578,#579,#580,#581,#582
,#583),.UNSPECIFIED.,.T.,.F.) B_SPLINE_CURVE_WITH_KNOTS((1,2,2,2,2,1),(
    -2.094395102393,0.,2.094395102393,4.188790204786,6.28318530718,
8.377580409573),.UNSPECIFIED.) CURVE() GEOMETRIC_REPRESENTATION_ITEM() 
RATIONAL_B_SPLINE_CURVE((1.,0.5,1.,0.5,1.,0.5,1.)) REPRESENTATION_ITEM(
  '') );
#577 = CARTESIAN_POINT('',(-9.4,-2.84217094304E-14));
#578 = CARTESIAN_POINT('',(-9.4,16.281277591147));
#579 = CARTESIAN_POINT('',(4.7,8.140638795574));
#580 = CARTESIAN_POINT('',(18.8,-2.611937344801E-14));
#581 = CARTESIAN_POINT('',(4.7,-8.140638795574));
#582 = CARTESIAN_POINT('',(-9.4,-16.28127759114));
#583 = CARTESIAN_POINT('',(-9.4,-2.84217094304E-14));
#584 = ( GEOMETRIC_REPRESENTATION_CONTEXT(2) 
PARAMETRIC_REPRESENTATION_CONTEXT() REPRESENTATION_CONTEXT('2D SPACE',''
  ) );
#585 = FACE_BOUND('',#586,.T.);
#586 = EDGE_LOOP('',(#587,#615,#648,#674));
#587 = ORIENTED_EDGE('',*,*,#588,.F.);
#588 = EDGE_CURVE('',#589,#591,#593,.T.);
#589 = VERTEX_POINT('',#590);
#590 = CARTESIAN_POINT('',(-115.2077602627,36.2,62.257470863217));
#591 = VERTEX_POINT('',#592);
#592 = CARTESIAN_POINT('',(-115.2077602627,41.4,62.257470863217));
#593 = SURFACE_CURVE('',#594,(#598,#604),.PCURVE_S1.);
#594 = LINE('',#595,#596);
#595 = CARTESIAN_POINT('',(-115.2077602627,35.2,62.257470863218));
#596 = VECTOR('',#597,1.);
#597 = DIRECTION('',(0.,1.,0.));
#598 = PCURVE('',#31,#599);
#599 = DEFINITIONAL_REPRESENTATION('',(#600),#603);
#600 = B_SPLINE_CURVE_WITH_KNOTS('',1,(#601,#602),.UNSPECIFIED.,.F.,.F.,
  (2,2),(0.7999994,6.4000006),.PIECEWISE_BEZIER_KNOTS.);
#601 = CARTESIAN_POINT('',(0.977248666327,0.7999994));
#602 = CARTESIAN_POINT('',(0.977248666327,6.4000006));
#603 = ( GEOMETRIC_REPRESENTATION_CONTEXT(2) 
PARAMETRIC_REPRESENTATION_CONTEXT() REPRESENTATION_CONTEXT('2D SPACE',''
  ) );
#604 = PCURVE('',#605,#610);
#605 = PLANE('',#606);
#606 = AXIS2_PLACEMENT_3D('',#607,#608,#609);
#607 = CARTESIAN_POINT('',(-115.2673326055,41.4,62.166803167082));
#608 = DIRECTION('',(-0.835744761915,0.,0.54911810472));
#609 = DIRECTION('',(0.54911810472,0.,0.835744761915));
#610 = DEFINITIONAL_REPRESENTATION('',(#611),#614);
#611 = B_SPLINE_CURVE_WITH_KNOTS('',1,(#612,#613),.UNSPECIFIED.,.F.,.F.,
  (2,2),(0.7999994,6.4000006),.PIECEWISE_BEZIER_KNOTS.);
#612 = CARTESIAN_POINT('',(0.108487304099,-5.4000006));
#613 = CARTESIAN_POINT('',(0.108487304099,0.2000006));
#614 = ( GEOMETRIC_REPRESENTATION_CONTEXT(2) 
PARAMETRIC_REPRESENTATION_CONTEXT() REPRESENTATION_CONTEXT('2D SPACE',''
  ) );
#615 = ORIENTED_EDGE('',*,*,#616,.F.);
#616 = EDGE_CURVE('',#617,#589,#619,.T.);
#617 = VERTEX_POINT('',#618);
#618 = CARTESIAN_POINT('',(-115.9454010649,36.2,63.212296987829));
#619 = SURFACE_CURVE('',#620,(#625,#632),.PCURVE_S1.);
#620 = CIRCLE('',#621,9.4);
#621 = AXIS2_PLACEMENT_3D('',#622,#623,#624);
#622 = CARTESIAN_POINT('',(-123.,36.2,57.));
#623 = DIRECTION('',(0.,1.,0.));
#624 = DIRECTION('',(0.,-0.,1.));
#625 = PCURVE('',#31,#626);
#626 = DEFINITIONAL_REPRESENTATION('',(#627),#631);
#627 = LINE('',#628,#629);
#628 = CARTESIAN_POINT('',(0.,1.));
#629 = VECTOR('',#630,1.);
#630 = DIRECTION('',(1.,0.));
#631 = ( GEOMETRIC_REPRESENTATION_CONTEXT(2) 
PARAMETRIC_REPRESENTATION_CONTEXT() REPRESENTATION_CONTEXT('2D SPACE',''
  ) );
#632 = PCURVE('',#633,#638);
#633 = PLANE('',#634);
#634 = AXIS2_PLACEMENT_3D('',#635,#636,#637);
#635 = CARTESIAN_POINT('',(-123.,36.2,57.));
#636 = DIRECTION('',(-0.,-1.,-0.));
#637 = DIRECTION('',(0.,0.,-1.));
#638 = DEFINITIONAL_REPRESENTATION('',(#639),#647);
#639 = ( BOUNDED_CURVE() B_SPLINE_CURVE(2,(#640,#641,#642,#643,#644,#645
,#646),.UNSPECIFIED.,.T.,.F.) B_SPLINE_CURVE_WITH_KNOTS((1,2,2,2,2,1),(
    -2.094395102393,0.,2.094395102393,4.188790204786,6.28318530718,
8.377580409573),.UNSPECIFIED.) CURVE() GEOMETRIC_REPRESENTATION_ITEM() 
RATIONAL_B_SPLINE_CURVE((1.,0.5,1.,0.5,1.,0.5,1.)) REPRESENTATION_ITEM(
  '') );
#640 = CARTESIAN_POINT('',(-9.4,-2.84217094304E-14));
#641 = CARTESIAN_POINT('',(-9.4,16.281277591147));
#642 = CARTESIAN_POINT('',(4.7,8.140638795574));
#643 = CARTESIAN_POINT('',(18.8,-2.611937344801E-14));
#644 = CARTESIAN_POINT('',(4.7,-8.140638795574));
#645 = CARTESIAN_POINT('',(-9.4,-16.28127759114));
#646 = CARTESIAN_POINT('',(-9.4,-2.84217094304E-14));
#647 = ( GEOMETRIC_REPRESENTATION_CONTEXT(2) 
PARAMETRIC_REPRESENTATION_CONTEXT() REPRESENTATION_CONTEXT('2D SPACE',''
  ) );
#648 = ORIENTED_EDGE('',*,*,#649,.T.);
#649 = EDGE_CURVE('',#617,#650,#652,.T.);
#650 = VERTEX_POINT('',#651);
#651 = CARTESIAN_POINT('',(-115.9454010649,41.4,63.212296987829));
#652 = SURFACE_CURVE('',#653,(#657,#663),.PCURVE_S1.);
#653 = LINE('',#654,#655);
#654 = CARTESIAN_POINT('',(-115.9454010649,35.2,63.212296987829));
#655 = VECTOR('',#656,1.);
#656 = DIRECTION('',(0.,1.,0.));
#657 = PCURVE('',#31,#658);
#658 = DEFINITIONAL_REPRESENTATION('',(#659),#662);
#659 = B_SPLINE_CURVE_WITH_KNOTS('',1,(#660,#661),.UNSPECIFIED.,.F.,.F.,
  (2,2),(0.7999994,6.4000006),.PIECEWISE_BEZIER_KNOTS.);
#660 = CARTESIAN_POINT('',(0.848802063572,0.7999994));
#661 = CARTESIAN_POINT('',(0.848802063572,6.4000006));
#662 = ( GEOMETRIC_REPRESENTATION_CONTEXT(2) 
PARAMETRIC_REPRESENTATION_CONTEXT() REPRESENTATION_CONTEXT('2D SPACE',''
  ) );
#663 = PCURVE('',#664,#669);
#664 = PLANE('',#665);
#665 = AXIS2_PLACEMENT_3D('',#666,#667,#668);
#666 = CARTESIAN_POINT('',(-115.3325484027,41.4,63.419516025627));
#667 = DIRECTION('',(0.320307666807,0.,-0.947313569302));
#668 = DIRECTION('',(-0.947313569302,0.,-0.320307666807));
#669 = DEFINITIONAL_REPRESENTATION('',(#670),#673);
#670 = B_SPLINE_CURVE_WITH_KNOTS('',1,(#671,#672),.UNSPECIFIED.,.F.,.F.,
  (2,2),(0.7999994,6.4000006),.PIECEWISE_BEZIER_KNOTS.);
#671 = CARTESIAN_POINT('',(0.646937489394,-5.4000006));
#672 = CARTESIAN_POINT('',(0.646937489394,0.2000006));
#673 = ( GEOMETRIC_REPRESENTATION_CONTEXT(2) 
PARAMETRIC_REPRESENTATION_CONTEXT() REPRESENTATION_CONTEXT('2D SPACE',''
  ) );
#674 = ORIENTED_EDGE('',*,*,#675,.T.);
#675 = EDGE_CURVE('',#650,#591,#676,.T.);
#676 = SURFACE_CURVE('',#677,(#682,#689),.PCURVE_S1.);
#677 = CIRCLE('',#678,9.4);
#678 = AXIS2_PLACEMENT_3D('',#679,#680,#681);
#679 = CARTESIAN_POINT('',(-123.,41.4,57.));
#680 = DIRECTION('',(0.,1.,0.));
#681 = DIRECTION('',(0.,-0.,1.));
#682 = PCURVE('',#31,#683);
#683 = DEFINITIONAL_REPRESENTATION('',(#684),#688);
#684 = LINE('',#685,#686);
#685 = CARTESIAN_POINT('',(0.,6.2));
#686 = VECTOR('',#687,1.);
#687 = DIRECTION('',(1.,0.));
#688 = ( GEOMETRIC_REPRESENTATION_CONTEXT(2) 
PARAMETRIC_REPRESENTATION_CONTEXT() REPRESENTATION_CONTEXT('2D SPACE',''
  ) );
#689 = PCURVE('',#690,#695);
#690 = PLANE('',#691);
#691 = AXIS2_PLACEMENT_3D('',#692,#693,#694);
#692 = CARTESIAN_POINT('',(-123.,41.4,57.));
#693 = DIRECTION('',(-0.,-1.,-0.));
#694 = DIRECTION('',(0.,0.,-1.));
#695 = DEFINITIONAL_REPRESENTATION('',(#696),#704);
#696 = ( BOUNDED_CURVE() B_SPLINE_CURVE(2,(#697,#698,#699,#700,#701,#702
,#703),.UNSPECIFIED.,.T.,.F.) B_SPLINE_CURVE_WITH_KNOTS((1,2,2,2,2,1),(
    -2.094395102393,0.,2.094395102393,4.188790204786,6.28318530718,
8.377580409573),.UNSPECIFIED.) CURVE() GEOMETRIC_REPRESENTATION_ITEM() 
RATIONAL_B_SPLINE_CURVE((1.,0.5,1.,0.5,1.,0.5,1.)) REPRESENTATION_ITEM(
  '') );
#697 = CARTESIAN_POINT('',(-9.4,-2.84217094304E-14));
#698 = CARTESIAN_POINT('',(-9.4,16.281277591147));
#699 = CARTESIAN_POINT('',(4.7,8.140638795574));
#700 = CARTESIAN_POINT('',(18.8,-2.611937344801E-14));
#701 = CARTESIAN_POINT('',(4.7,-8.140638795574));
#702 = CARTESIAN_POINT('',(-9.4,-16.28127759114));
#703 = CARTESIAN_POINT('',(-9.4,-2.84217094304E-14));
#704 = ( GEOMETRIC_REPRESENTATION_CONTEXT(2) 
PARAMETRIC_REPRESENTATION_CONTEXT() REPRESENTATION_CONTEXT('2D SPACE',''
  ) );
#705 = FACE_BOUND('',#706,.T.);
#706 = EDGE_LOOP('',(#707,#735,#768,#794));
#707 = ORIENTED_EDGE('',*,*,#708,.F.);
#708 = EDGE_CURVE('',#709,#711,#713,.T.);
#709 = VERTEX_POINT('',#710);
#710 = CARTESIAN_POINT('',(-114.3318042806,36.2,60.63625947523));
#711 = VERTEX_POINT('',#712);
#712 = CARTESIAN_POINT('',(-114.3318042806,41.4,60.63625947523));
#713 = SURFACE_CURVE('',#714,(#718,#724),.PCURVE_S1.);
#714 = LINE('',#715,#716);
#715 = CARTESIAN_POINT('',(-114.3318042806,35.2,60.63625947523));
#716 = VECTOR('',#717,1.);
#717 = DIRECTION('',(0.,1.,0.));
#718 = PCURVE('',#31,#719);
#719 = DEFINITIONAL_REPRESENTATION('',(#720),#723);
#720 = B_SPLINE_CURVE_WITH_KNOTS('',1,(#721,#722),.UNSPECIFIED.,.F.,.F.,
  (2,2),(0.7999994,6.4000006),.PIECEWISE_BEZIER_KNOTS.);
#721 = CARTESIAN_POINT('',(1.173598207176,0.7999994));
#722 = CARTESIAN_POINT('',(1.173598207176,6.4000006));
#723 = ( GEOMETRIC_REPRESENTATION_CONTEXT(2) 
PARAMETRIC_REPRESENTATION_CONTEXT() REPRESENTATION_CONTEXT('2D SPACE',''
  ) );
#724 = PCURVE('',#725,#730);
#725 = PLANE('',#726);
#726 = AXIS2_PLACEMENT_3D('',#727,#728,#729);
#727 = CARTESIAN_POINT('',(-114.4079203476,41.4,60.558955920995));
#728 = DIRECTION('',(-0.712558532786,0.,0.701612669037));
#729 = DIRECTION('',(0.701612669037,0.,0.712558532786));
#730 = DEFINITIONAL_REPRESENTATION('',(#731),#734);
#731 = B_SPLINE_CURVE_WITH_KNOTS('',1,(#732,#733),.UNSPECIFIED.,.F.,.F.,
  (2,2),(0.7999994,6.4000006),.PIECEWISE_BEZIER_KNOTS.);
#732 = CARTESIAN_POINT('',(0.108487304099,-5.4000006));
#733 = CARTESIAN_POINT('',(0.108487304099,0.2000006));
#734 = ( GEOMETRIC_REPRESENTATION_CONTEXT(2) 
PARAMETRIC_REPRESENTATION_CONTEXT() REPRESENTATION_CONTEXT('2D SPACE',''
  ) );
#735 = ORIENTED_EDGE('',*,*,#736,.F.);
#736 = EDGE_CURVE('',#737,#709,#739,.T.);
#737 = VERTEX_POINT('',#738);
#738 = CARTESIAN_POINT('',(-114.8689941854,36.2,61.716645465214));
#739 = SURFACE_CURVE('',#740,(#745,#752),.PCURVE_S1.);
#740 = CIRCLE('',#741,9.4);
#741 = AXIS2_PLACEMENT_3D('',#742,#743,#744);
#742 = CARTESIAN_POINT('',(-123.,36.2,57.));
#743 = DIRECTION('',(0.,1.,0.));
#744 = DIRECTION('',(0.,-0.,1.));
#745 = PCURVE('',#31,#746);
#746 = DEFINITIONAL_REPRESENTATION('',(#747),#751);
#747 = LINE('',#748,#749);
#748 = CARTESIAN_POINT('',(0.,1.));
#749 = VECTOR('',#750,1.);
#750 = DIRECTION('',(1.,0.));
#751 = ( GEOMETRIC_REPRESENTATION_CONTEXT(2) 
PARAMETRIC_REPRESENTATION_CONTEXT() REPRESENTATION_CONTEXT('2D SPACE',''
  ) );
#752 = PCURVE('',#753,#758);
#753 = PLANE('',#754);
#754 = AXIS2_PLACEMENT_3D('',#755,#756,#757);
#755 = CARTESIAN_POINT('',(-123.,36.2,57.));
#756 = DIRECTION('',(-0.,-1.,-0.));
#757 = DIRECTION('',(0.,0.,-1.));
#758 = DEFINITIONAL_REPRESENTATION('',(#759),#767);
#759 = ( BOUNDED_CURVE() B_SPLINE_CURVE(2,(#760,#761,#762,#763,#764,#765
,#766),.UNSPECIFIED.,.T.,.F.) B_SPLINE_CURVE_WITH_KNOTS((1,2,2,2,2,1),(
    -2.094395102393,0.,2.094395102393,4.188790204786,6.28318530718,
8.377580409573),.UNSPECIFIED.) CURVE() GEOMETRIC_REPRESENTATION_ITEM() 
RATIONAL_B_SPLINE_CURVE((1.,0.5,1.,0.5,1.,0.5,1.)) REPRESENTATION_ITEM(
  '') );
#760 = CARTESIAN_POINT('',(-9.4,-2.84217094304E-14));
#761 = CARTESIAN_POINT('',(-9.4,16.281277591147));
#762 = CARTESIAN_POINT('',(4.7,8.140638795574));
#763 = CARTESIAN_POINT('',(18.8,-2.611937344801E-14));
#764 = CARTESIAN_POINT('',(4.7,-8.140638795574));
#765 = CARTESIAN_POINT('',(-9.4,-16.28127759114));
#766 = CARTESIAN_POINT('',(-9.4,-2.84217094304E-14));
#767 = ( GEOMETRIC_REPRESENTATION_CONTEXT(2) 
PARAMETRIC_REPRESENTATION_CONTEXT() REPRESENTATION_CONTEXT('2D SPACE',''
  ) );
#768 = ORIENTED_EDGE('',*,*,#769,.T.);
#769 = EDGE_CURVE('',#737,#770,#772,.T.);
#770 = VERTEX_POINT('',#771);
#771 = CARTESIAN_POINT('',(-114.8689941854,41.4,61.716645465214));
#772 = SURFACE_CURVE('',#773,(#777,#783),.PCURVE_S1.);
#773 = LINE('',#774,#775);
#774 = CARTESIAN_POINT('',(-114.8689941854,35.2,61.716645465214));
#775 = VECTOR('',#776,1.);
#776 = DIRECTION('',(0.,1.,0.));
#777 = PCURVE('',#31,#778);
#778 = DEFINITIONAL_REPRESENTATION('',(#779),#782);
#779 = B_SPLINE_CURVE_WITH_KNOTS('',1,(#780,#781),.UNSPECIFIED.,.F.,.F.,
  (2,2),(0.7999994,6.4000006),.PIECEWISE_BEZIER_KNOTS.);
#780 = CARTESIAN_POINT('',(1.045151604421,0.7999994));
#781 = CARTESIAN_POINT('',(1.045151604421,6.4000006));
#782 = ( GEOMETRIC_REPRESENTATION_CONTEXT(2) 
PARAMETRIC_REPRESENTATION_CONTEXT() REPRESENTATION_CONTEXT('2D SPACE',''
  ) );
#783 = PCURVE('',#784,#789);
#784 = PLANE('',#785);
#785 = AXIS2_PLACEMENT_3D('',#786,#787,#788);
#786 = CARTESIAN_POINT('',(-114.2274908865,41.4,61.80032122409));
#787 = DIRECTION('',(0.129341335519,0.,-0.99160013056));
#788 = DIRECTION('',(-0.99160013056,0.,-0.129341335519));
#789 = DEFINITIONAL_REPRESENTATION('',(#790),#793);
#790 = B_SPLINE_CURVE_WITH_KNOTS('',1,(#791,#792),.UNSPECIFIED.,.F.,.F.,
  (2,2),(0.7999994,6.4000006),.PIECEWISE_BEZIER_KNOTS.);
#791 = CARTESIAN_POINT('',(0.646937489394,-5.4000006));
#792 = CARTESIAN_POINT('',(0.646937489394,0.2000006));
#793 = ( GEOMETRIC_REPRESENTATION_CONTEXT(2) 
PARAMETRIC_REPRESENTATION_CONTEXT() REPRESENTATION_CONTEXT('2D SPACE',''
  ) );
#794 = ORIENTED_EDGE('',*,*,#795,.T.);
#795 = EDGE_CURVE('',#770,#711,#796,.T.);
#796 = SURFACE_CURVE('',#797,(#802,#809),.PCURVE_S1.);
#797 = CIRCLE('',#798,9.4);
#798 = AXIS2_PLACEMENT_3D('',#799,#800,#801);
#799 = CARTESIAN_POINT('',(-123.,41.4,57.));
#800 = DIRECTION('',(0.,1.,0.));
#801 = DIRECTION('',(0.,-0.,1.));
#802 = PCURVE('',#31,#803);
#803 = DEFINITIONAL_REPRESENTATION('',(#804),#808);
#804 = LINE('',#805,#806);
#805 = CARTESIAN_POINT('',(0.,6.2));
#806 = VECTOR('',#807,1.);
#807 = DIRECTION('',(1.,0.));
#808 = ( GEOMETRIC_REPRESENTATION_CONTEXT(2) 
PARAMETRIC_REPRESENTATION_CONTEXT() REPRESENTATION_CONTEXT('2D SPACE',''
  ) );
#809 = PCURVE('',#810,#815);
#810 = PLANE('',#811);
#811 = AXIS2_PLACEMENT_3D('',#812,#813,#814);
#812 = CARTESIAN_POINT('',(-123.,41.4,57.));
#813 = DIRECTION('',(-0.,-1.,-0.));
#814 = DIRECTION('',(0.,0.,-1.));
#815 = DEFINITIONAL_REPRESENTATION('',(#816),#824);
#816 = ( BOUNDED_CURVE() B_SPLINE_CURVE(2,(#817,#818,#819,#820,#821,#822
,#823),.UNSPECIFIED.,.T.,.F.) B_SPLINE_CURVE_WITH_KNOTS((1,2,2,2,2,1),(
    -2.094395102393,0.,2.094395102393,4.188790204786,6.28318530718,
8.377580409573),.UNSPECIFIED.) CURVE() GEOMETRIC_REPRESENTATION_ITEM() 
RATIONAL_B_SPLINE_CURVE((1.,0.5,1.,0.5,1.,0.5,1.)) REPRESENTATION_ITEM(
  '') );
#817 = CARTESIAN_POINT('',(-9.4,-2.84217094304E-14));
#818 = CARTESIAN_POINT('',(-9.4,16.281277591147));
#819 = CARTESIAN_POINT('',(4.7,8.140638795574));
#820 = CARTESIAN_POINT('',(18.8,-2.611937344801E-14));
#821 = CARTESIAN_POINT('',(4.7,-8.140638795574));
#822 = CARTESIAN_POINT('',(-9.4,-16.28127759114));
#823 = CARTESIAN_POINT('',(-9.4,-2.84217094304E-14));
#824 = ( GEOMETRIC_REPRESENTATION_CONTEXT(2) 
PARAMETRIC_REPRESENTATION_CONTEXT() REPRESENTATION_CONTEXT('2D SPACE',''
  ) );
#825 = FACE_BOUND('',#826,.T.);
#826 = EDGE_LOOP('',(#827,#855,#888,#914));
#827 = ORIENTED_EDGE('',*,*,#828,.F.);
#828 = EDGE_CURVE('',#829,#831,#833,.T.);
#829 = VERTEX_POINT('',#830);
#830 = CARTESIAN_POINT('',(-113.7889621988,36.2,58.875308674847));
#831 = VERTEX_POINT('',#832);
#832 = CARTESIAN_POINT('',(-113.7889621988,41.4,58.875308674847));
#833 = SURFACE_CURVE('',#834,(#838,#844),.PCURVE_S1.);
#834 = LINE('',#835,#836);
#835 = CARTESIAN_POINT('',(-113.7889621988,35.2,58.875308674848));
#836 = VECTOR('',#837,1.);
#837 = DIRECTION('',(0.,1.,0.));
#838 = PCURVE('',#31,#839);
#839 = DEFINITIONAL_REPRESENTATION('',(#840),#843);
#840 = B_SPLINE_CURVE_WITH_KNOTS('',1,(#841,#842),.UNSPECIFIED.,.F.,.F.,
  (2,2),(0.7999994,6.4000006),.PIECEWISE_BEZIER_KNOTS.);
#841 = CARTESIAN_POINT('',(1.369947748026,0.7999994));
#842 = CARTESIAN_POINT('',(1.369947748026,6.4000006));
#843 = ( GEOMETRIC_REPRESENTATION_CONTEXT(2) 
PARAMETRIC_REPRESENTATION_CONTEXT() REPRESENTATION_CONTEXT('2D SPACE',''
  ) );
#844 = PCURVE('',#845,#850);
#845 = PLANE('',#846);
#846 = AXIS2_PLACEMENT_3D('',#847,#848,#849);
#847 = CARTESIAN_POINT('',(-113.8786968922,41.4,58.81433999475));
#848 = DIRECTION('',(-0.561989078849,0.,0.827144651953));
#849 = DIRECTION('',(0.827144651953,0.,0.561989078849));
#850 = DEFINITIONAL_REPRESENTATION('',(#851),#854);
#851 = B_SPLINE_CURVE_WITH_KNOTS('',1,(#852,#853),.UNSPECIFIED.,.F.,.F.,
  (2,2),(0.7999994,6.4000006),.PIECEWISE_BEZIER_KNOTS.);
#852 = CARTESIAN_POINT('',(0.108487304099,-5.4000006));
#853 = CARTESIAN_POINT('',(0.108487304099,0.2000006));
#854 = ( GEOMETRIC_REPRESENTATION_CONTEXT(2) 
PARAMETRIC_REPRESENTATION_CONTEXT() REPRESENTATION_CONTEXT('2D SPACE',''
  ) );
#855 = ORIENTED_EDGE('',*,*,#856,.F.);
#856 = EDGE_CURVE('',#857,#829,#859,.T.);
#857 = VERTEX_POINT('',#858);
#858 = CARTESIAN_POINT('',(-114.1050572996,36.2,60.039735902497));
#859 = SURFACE_CURVE('',#860,(#865,#872),.PCURVE_S1.);
#860 = CIRCLE('',#861,9.4);
#861 = AXIS2_PLACEMENT_3D('',#862,#863,#864);
#862 = CARTESIAN_POINT('',(-123.,36.2,57.));
#863 = DIRECTION('',(0.,1.,0.));
#864 = DIRECTION('',(0.,-0.,1.));
#865 = PCURVE('',#31,#866);
#866 = DEFINITIONAL_REPRESENTATION('',(#867),#871);
#867 = LINE('',#868,#869);
#868 = CARTESIAN_POINT('',(0.,1.));
#869 = VECTOR('',#870,1.);
#870 = DIRECTION('',(1.,0.));
#871 = ( GEOMETRIC_REPRESENTATION_CONTEXT(2) 
PARAMETRIC_REPRESENTATION_CONTEXT() REPRESENTATION_CONTEXT('2D SPACE',''
  ) );
#872 = PCURVE('',#873,#878);
#873 = PLANE('',#874);
#874 = AXIS2_PLACEMENT_3D('',#875,#876,#877);
#875 = CARTESIAN_POINT('',(-123.,36.2,57.));
#876 = DIRECTION('',(-0.,-1.,-0.));
#877 = DIRECTION('',(0.,0.,-1.));
#878 = DEFINITIONAL_REPRESENTATION('',(#879),#887);
#879 = ( BOUNDED_CURVE() B_SPLINE_CURVE(2,(#880,#881,#882,#883,#884,#885
,#886),.UNSPECIFIED.,.T.,.F.) B_SPLINE_CURVE_WITH_KNOTS((1,2,2,2,2,1),(
    -2.094395102393,0.,2.094395102393,4.188790204786,6.28318530718,
8.377580409573),.UNSPECIFIED.) CURVE() GEOMETRIC_REPRESENTATION_ITEM() 
RATIONAL_B_SPLINE_CURVE((1.,0.5,1.,0.5,1.,0.5,1.)) REPRESENTATION_ITEM(
  '') );
#880 = CARTESIAN_POINT('',(-9.4,-2.84217094304E-14));
#881 = CARTESIAN_POINT('',(-9.4,16.281277591147));
#882 = CARTESIAN_POINT('',(4.7,8.140638795574));
#883 = CARTESIAN_POINT('',(18.8,-2.611937344801E-14));
#884 = CARTESIAN_POINT('',(4.7,-8.140638795574));
#885 = CARTESIAN_POINT('',(-9.4,-16.28127759114));
#886 = CARTESIAN_POINT('',(-9.4,-2.84217094304E-14));
#887 = ( GEOMETRIC_REPRESENTATION_CONTEXT(2) 
PARAMETRIC_REPRESENTATION_CONTEXT() REPRESENTATION_CONTEXT('2D SPACE',''
  ) );
#888 = ORIENTED_EDGE('',*,*,#889,.T.);
#889 = EDGE_CURVE('',#857,#890,#892,.T.);
#890 = VERTEX_POINT('',#891);
#891 = CARTESIAN_POINT('',(-114.1050572996,41.4,60.039735902497));
#892 = SURFACE_CURVE('',#893,(#897,#903),.PCURVE_S1.);
#893 = LINE('',#894,#895);
#894 = CARTESIAN_POINT('',(-114.1050572996,35.2,60.039735902497));
#895 = VECTOR('',#896,1.);
#896 = DIRECTION('',(0.,1.,0.));
#897 = PCURVE('',#31,#898);
#898 = DEFINITIONAL_REPRESENTATION('',(#899),#902);
#899 = B_SPLINE_CURVE_WITH_KNOTS('',1,(#900,#901),.UNSPECIFIED.,.F.,.F.,
  (2,2),(0.7999994,6.4000006),.PIECEWISE_BEZIER_KNOTS.);
#900 = CARTESIAN_POINT('',(1.241501145271,0.7999994));
#901 = CARTESIAN_POINT('',(1.241501145271,6.4000006));
#902 = ( GEOMETRIC_REPRESENTATION_CONTEXT(2) 
PARAMETRIC_REPRESENTATION_CONTEXT() REPRESENTATION_CONTEXT('2D SPACE',''
  ) );
#903 = PCURVE('',#904,#909);
#904 = PLANE('',#905);
#905 = AXIS2_PLACEMENT_3D('',#906,#907,#908);
#906 = CARTESIAN_POINT('',(-113.4595559759,41.4,59.996652769963));
#907 = DIRECTION('',(-6.659551075701E-02,-0.,-0.997780054895));
#908 = DIRECTION('',(-0.997780054895,0.,6.659551075701E-02));
#909 = DEFINITIONAL_REPRESENTATION('',(#910),#913);
#910 = B_SPLINE_CURVE_WITH_KNOTS('',1,(#911,#912),.UNSPECIFIED.,.F.,.F.,
  (2,2),(0.7999994,6.4000006),.PIECEWISE_BEZIER_KNOTS.);
#911 = CARTESIAN_POINT('',(0.646937489394,-5.4000006));
#912 = CARTESIAN_POINT('',(0.646937489394,0.2000006));
#913 = ( GEOMETRIC_REPRESENTATION_CONTEXT(2) 
PARAMETRIC_REPRESENTATION_CONTEXT() REPRESENTATION_CONTEXT('2D SPACE',''
  ) );
#914 = ORIENTED_EDGE('',*,*,#915,.T.);
#915 = EDGE_CURVE('',#890,#831,#916,.T.);
#916 = SURFACE_CURVE('',#917,(#922,#929),.PCURVE_S1.);
#917 = CIRCLE('',#918,9.4);
#918 = AXIS2_PLACEMENT_3D('',#919,#920,#921);
#919 = CARTESIAN_POINT('',(-123.,41.4,57.));
#920 = DIRECTION('',(0.,1.,0.));
#921 = DIRECTION('',(0.,-0.,1.));
#922 = PCURVE('',#31,#923);
#923 = DEFINITIONAL_REPRESENTATION('',(#924),#928);
#924 = LINE('',#925,#926);
#925 = CARTESIAN_POINT('',(0.,6.2));
#926 = VECTOR('',#927,1.);
#927 = DIRECTION('',(1.,0.));
#928 = ( GEOMETRIC_REPRESENTATION_CONTEXT(2) 
PARAMETRIC_REPRESENTATION_CONTEXT() REPRESENTATION_CONTEXT('2D SPACE',''
  ) );
#929 = PCURVE('',#930,#935);
#930 = PLANE('',#931);
#931 = AXIS2_PLACEMENT_3D('',#932,#933,#934);
#932 = CARTESIAN_POINT('',(-123.,41.4,57.));
#933 = DIRECTION('',(-0.,-1.,-0.));
#934 = DIRECTION('',(0.,0.,-1.));
#935 = DEFINITIONAL_REPRESENTATION('',(#936),#944);
#936 = ( BOUNDED_CURVE() B_SPLINE_CURVE(2,(#937,#938,#939,#940,#941,#942
,#943),.UNSPECIFIED.,.T.,.F.) B_SPLINE_CURVE_WITH_KNOTS((1,2,2,2,2,1),(
    -2.094395102393,0.,2.094395102393,4.188790204786,6.28318530718,
8.377580409573),.UNSPECIFIED.) CURVE() GEOMETRIC_REPRESENTATION_ITEM() 
RATIONAL_B_SPLINE_CURVE((1.,0.5,1.,0.5,1.,0.5,1.)) REPRESENTATION_ITEM(
  '') );
#937 = CARTESIAN_POINT('',(-9.4,-2.84217094304E-14));
#938 = CARTESIAN_POINT('',(-9.4,16.281277591147));
#939 = CARTESIAN_POINT('',(4.7,8.140638795574));
#940 = CARTESIAN_POINT('',(18.8,-2.611937344801E-14));
#941 = CARTESIAN_POINT('',(4.7,-8.140638795574));
#942 = CARTESIAN_POINT('',(-9.4,-16.28127759114));
#943 = CARTESIAN_POINT('',(-9.4,-2.84217094304E-14));
#944 = ( GEOMETRIC_REPRESENTATION_CONTEXT(2) 
PARAMETRIC_REPRESENTATION_CONTEXT() REPRESENTATION_CONTEXT('2D SPACE',''
  ) );
#945 = FACE_BOUND('',#946,.T.);
#946 = EDGE_LOOP('',(#947,#975,#1008,#1034));
#947 = ORIENTED_EDGE('',*,*,#948,.F.);
#948 = EDGE_CURVE('',#949,#951,#953,.T.);
#949 = VERTEX_POINT('',#950);
#950 = CARTESIAN_POINT('',(-113.6000951341,36.2,57.042290813776));
#951 = VERTEX_POINT('',#952);
#952 = CARTESIAN_POINT('',(-113.6000951341,41.4,57.042290813776));
#953 = SURFACE_CURVE('',#954,(#958,#964),.PCURVE_S1.);
#954 = LINE('',#955,#956);
#955 = CARTESIAN_POINT('',(-113.6000951341,35.2,57.042290813776));
#956 = VECTOR('',#957,1.);
#957 = DIRECTION('',(0.,1.,0.));
#958 = PCURVE('',#31,#959);
#959 = DEFINITIONAL_REPRESENTATION('',(#960),#963);
#960 = B_SPLINE_CURVE_WITH_KNOTS('',1,(#961,#962),.UNSPECIFIED.,.F.,.F.,
  (2,2),(0.7999994,6.4000006),.PIECEWISE_BEZIER_KNOTS.);
#961 = CARTESIAN_POINT('',(1.566297288875,0.7999994));
#962 = CARTESIAN_POINT('',(1.566297288875,6.4000006));
#963 = ( GEOMETRIC_REPRESENTATION_CONTEXT(2) 
PARAMETRIC_REPRESENTATION_CONTEXT() REPRESENTATION_CONTEXT('2D SPACE',''
  ) );
#964 = PCURVE('',#965,#970);
#965 = PLANE('',#966);
#966 = AXIS2_PLACEMENT_3D('',#967,#968,#969);
#967 = CARTESIAN_POINT('',(-113.7,41.4,57.));
#968 = DIRECTION('',(-0.389822699779,0.,0.920889929762));
#969 = DIRECTION('',(0.920889929762,0.,0.389822699779));
#970 = DEFINITIONAL_REPRESENTATION('',(#971),#974);
#971 = B_SPLINE_CURVE_WITH_KNOTS('',1,(#972,#973),.UNSPECIFIED.,.F.,.F.,
  (2,2),(0.7999994,6.4000006),.PIECEWISE_BEZIER_KNOTS.);
#972 = CARTESIAN_POINT('',(0.108487304099,-5.4000006));
#973 = CARTESIAN_POINT('',(0.108487304099,0.2000006));
#974 = ( GEOMETRIC_REPRESENTATION_CONTEXT(2) 
PARAMETRIC_REPRESENTATION_CONTEXT() REPRESENTATION_CONTEXT('2D SPACE',''
  ) );
#975 = ORIENTED_EDGE('',*,*,#976,.F.);
#976 = EDGE_CURVE('',#977,#949,#979,.T.);
#977 = VERTEX_POINT('',#978);
#978 = CARTESIAN_POINT('',(-113.6829480733,36.2,58.246010993749));
#979 = SURFACE_CURVE('',#980,(#985,#992),.PCURVE_S1.);
#980 = CIRCLE('',#981,9.4);
#981 = AXIS2_PLACEMENT_3D('',#982,#983,#984);
#982 = CARTESIAN_POINT('',(-123.,36.2,57.));
#983 = DIRECTION('',(0.,1.,0.));
#984 = DIRECTION('',(0.,-0.,1.));
#985 = PCURVE('',#31,#986);
#986 = DEFINITIONAL_REPRESENTATION('',(#987),#991);
#987 = LINE('',#988,#989);
#988 = CARTESIAN_POINT('',(0.,1.));
#989 = VECTOR('',#990,1.);
#990 = DIRECTION('',(1.,0.));
#991 = ( GEOMETRIC_REPRESENTATION_CONTEXT(2) 
PARAMETRIC_REPRESENTATION_CONTEXT() REPRESENTATION_CONTEXT('2D SPACE',''
  ) );
#992 = PCURVE('',#993,#998);
#993 = PLANE('',#994);
#994 = AXIS2_PLACEMENT_3D('',#995,#996,#997);
#995 = CARTESIAN_POINT('',(-123.,36.2,57.));
#996 = DIRECTION('',(-0.,-1.,-0.));
#997 = DIRECTION('',(0.,0.,-1.));
#998 = DEFINITIONAL_REPRESENTATION('',(#999),#1007);
#999 = ( BOUNDED_CURVE() B_SPLINE_CURVE(2,(#1000,#1001,#1002,#1003,#1004
,#1005,#1006),.UNSPECIFIED.,.T.,.F.) B_SPLINE_CURVE_WITH_KNOTS((1,2,2,2,
    2,1),(-2.094395102393,0.,2.094395102393,4.188790204786,6.28318530718
,8.377580409573),.UNSPECIFIED.) CURVE() GEOMETRIC_REPRESENTATION_ITEM() 
RATIONAL_B_SPLINE_CURVE((1.,0.5,1.,0.5,1.,0.5,1.)) REPRESENTATION_ITEM(
  '') );
#1000 = CARTESIAN_POINT('',(-9.4,-2.84217094304E-14));
#1001 = CARTESIAN_POINT('',(-9.4,16.281277591147));
#1002 = CARTESIAN_POINT('',(4.7,8.140638795574));
#1003 = CARTESIAN_POINT('',(18.8,-2.611937344801E-14));
#1004 = CARTESIAN_POINT('',(4.7,-8.140638795574));
#1005 = CARTESIAN_POINT('',(-9.4,-16.28127759114));
#1006 = CARTESIAN_POINT('',(-9.4,-2.84217094304E-14));
#1007 = ( GEOMETRIC_REPRESENTATION_CONTEXT(2) 
PARAMETRIC_REPRESENTATION_CONTEXT() REPRESENTATION_CONTEXT('2D SPACE',''
  ) );
#1008 = ORIENTED_EDGE('',*,*,#1009,.T.);
#1009 = EDGE_CURVE('',#977,#1010,#1012,.T.);
#1010 = VERTEX_POINT('',#1011);
#1011 = CARTESIAN_POINT('',(-113.6829480733,41.4,58.246010993749));
#1012 = SURFACE_CURVE('',#1013,(#1017,#1023),.PCURVE_S1.);
#1013 = LINE('',#1014,#1015);
#1014 = CARTESIAN_POINT('',(-113.6829480733,35.2,58.246010993749));
#1015 = VECTOR('',#1016,1.);
#1016 = DIRECTION('',(0.,1.,0.));
#1017 = PCURVE('',#31,#1018);
#1018 = DEFINITIONAL_REPRESENTATION('',(#1019),#1022);
#1019 = B_SPLINE_CURVE_WITH_KNOTS('',1,(#1020,#1021),.UNSPECIFIED.,.F.,
  .F.,(2,2),(0.7999994,6.4000006),.PIECEWISE_BEZIER_KNOTS.);
#1020 = CARTESIAN_POINT('',(1.43785068612,0.7999994));
#1021 = CARTESIAN_POINT('',(1.43785068612,6.4000006));
#1022 = ( GEOMETRIC_REPRESENTATION_CONTEXT(2) 
PARAMETRIC_REPRESENTATION_CONTEXT() REPRESENTATION_CONTEXT('2D SPACE',''
  ) );
#1023 = PCURVE('',#1024,#1029);
#1024 = PLANE('',#1025);
#1025 = AXIS2_PLACEMENT_3D('',#1026,#1027,#1028);
#1026 = CARTESIAN_POINT('',(-113.0582549788,41.4,58.077824630428));
#1027 = DIRECTION('',(-0.259973128902,-0.,-0.965615851283));
#1028 = DIRECTION('',(-0.965615851283,0.,0.259973128902));
#1029 = DEFINITIONAL_REPRESENTATION('',(#1030),#1033);
#1030 = B_SPLINE_CURVE_WITH_KNOTS('',1,(#1031,#1032),.UNSPECIFIED.,.F.,
  .F.,(2,2),(0.7999994,6.4000006),.PIECEWISE_BEZIER_KNOTS.);
#1031 = CARTESIAN_POINT('',(0.646937489394,-5.4000006));
#1032 = CARTESIAN_POINT('',(0.646937489394,0.2000006));
#1033 = ( GEOMETRIC_REPRESENTATION_CONTEXT(2) 
PARAMETRIC_REPRESENTATION_CONTEXT() REPRESENTATION_CONTEXT('2D SPACE',''
  ) );
#1034 = ORIENTED_EDGE('',*,*,#1035,.T.);
#1035 = EDGE_CURVE('',#1010,#951,#1036,.T.);
#1036 = SURFACE_CURVE('',#1037,(#1042,#1049),.PCURVE_S1.);
#1037 = CIRCLE('',#1038,9.4);
#1038 = AXIS2_PLACEMENT_3D('',#1039,#1040,#1041);
#1039 = CARTESIAN_POINT('',(-123.,41.4,57.));
#1040 = DIRECTION('',(0.,1.,0.));
#1041 = DIRECTION('',(0.,-0.,1.));
#1042 = PCURVE('',#31,#1043);
#1043 = DEFINITIONAL_REPRESENTATION('',(#1044),#1048);
#1044 = LINE('',#1045,#1046);
#1045 = CARTESIAN_POINT('',(0.,6.2));
#1046 = VECTOR('',#1047,1.);
#1047 = DIRECTION('',(1.,0.));
#1048 = ( GEOMETRIC_REPRESENTATION_CONTEXT(2) 
PARAMETRIC_REPRESENTATION_CONTEXT() REPRESENTATION_CONTEXT('2D SPACE',''
  ) );
#1049 = PCURVE('',#1050,#1055);
#1050 = PLANE('',#1051);
#1051 = AXIS2_PLACEMENT_3D('',#1052,#1053,#1054);
#1052 = CARTESIAN_POINT('',(-123.,41.4,57.));
#1053 = DIRECTION('',(-0.,-1.,-0.));
#1054 = DIRECTION('',(0.,0.,-1.));
#1055 = DEFINITIONAL_REPRESENTATION('',(#1056),#1064);
#1056 = ( BOUNDED_CURVE() B_SPLINE_CURVE(2,(#1057,#1058,#1059,#1060,
#1061,#1062,#1063),.UNSPECIFIED.,.T.,.F.) B_SPLINE_CURVE_WITH_KNOTS((1,2
    ,2,2,2,1),(-2.094395102393,0.,2.094395102393,4.188790204786,
6.28318530718,8.377580409573),.UNSPECIFIED.) CURVE() 
GEOMETRIC_REPRESENTATION_ITEM() RATIONAL_B_SPLINE_CURVE((1.,0.5,1.,0.5,
1.,0.5,1.)) REPRESENTATION_ITEM('') );
#1057 = CARTESIAN_POINT('',(-9.4,-2.84217094304E-14));
#1058 = CARTESIAN_POINT('',(-9.4,16.281277591147));
#1059 = CARTESIAN_POINT('',(4.7,8.140638795574));
#1060 = CARTESIAN_POINT('',(18.8,-2.611937344801E-14));
#1061 = CARTESIAN_POINT('',(4.7,-8.140638795574));
#1062 = CARTESIAN_POINT('',(-9.4,-16.28127759114));
#1063 = CARTESIAN_POINT('',(-9.4,-2.84217094304E-14));
#1064 = ( GEOMETRIC_REPRESENTATION_CONTEXT(2) 
PARAMETRIC_REPRESENTATION_CONTEXT() REPRESENTATION_CONTEXT('2D SPACE',''
  ) );
#1065 = FACE_BOUND('',#1066,.T.);
#1066 = EDGE_LOOP('',(#1067,#1095,#1128,#1154));
#1067 = ORIENTED_EDGE('',*,*,#1068,.F.);
#1068 = EDGE_CURVE('',#1069,#1071,#1073,.T.);
#1069 = VERTEX_POINT('',#1070);
#1070 = CARTESIAN_POINT('',(-113.7724611419,36.2,55.207647740447));
#1071 = VERTEX_POINT('',#1072);
#1072 = CARTESIAN_POINT('',(-113.7724611419,41.4,55.207647740447));
#1073 = SURFACE_CURVE('',#1074,(#1078,#1084),.PCURVE_S1.);
#1074 = LINE('',#1075,#1076);
#1075 = CARTESIAN_POINT('',(-113.7724611419,35.2,55.207647740447));
#1076 = VECTOR('',#1077,1.);
#1077 = DIRECTION('',(0.,1.,0.));
#1078 = PCURVE('',#31,#1079);
#1079 = DEFINITIONAL_REPRESENTATION('',(#1080),#1083);
#1080 = B_SPLINE_CURVE_WITH_KNOTS('',1,(#1081,#1082),.UNSPECIFIED.,.F.,
  .F.,(2,2),(0.7999994,6.4000006),.PIECEWISE_BEZIER_KNOTS.);
#1081 = CARTESIAN_POINT('',(1.762646829724,0.7999994));
#1082 = CARTESIAN_POINT('',(1.762646829724,6.4000006));
#1083 = ( GEOMETRIC_REPRESENTATION_CONTEXT(2) 
PARAMETRIC_REPRESENTATION_CONTEXT() REPRESENTATION_CONTEXT('2D SPACE',''
  ) );
#1084 = PCURVE('',#1085,#1090);
#1085 = PLANE('',#1086);
#1086 = AXIS2_PLACEMENT_3D('',#1087,#1088,#1089);
#1087 = CARTESIAN_POINT('',(-113.8786968922,41.4,55.18566000525));
#1088 = DIRECTION('',(-0.202675652972,0.,0.979245924011));
#1089 = DIRECTION('',(0.979245924011,0.,0.202675652972));
#1090 = DEFINITIONAL_REPRESENTATION('',(#1091),#1094);
#1091 = B_SPLINE_CURVE_WITH_KNOTS('',1,(#1092,#1093),.UNSPECIFIED.,.F.,
  .F.,(2,2),(0.7999994,6.4000006),.PIECEWISE_BEZIER_KNOTS.);
#1092 = CARTESIAN_POINT('',(0.108487304099,-5.4000006));
#1093 = CARTESIAN_POINT('',(0.108487304099,0.2000006));
#1094 = ( GEOMETRIC_REPRESENTATION_CONTEXT(2) 
PARAMETRIC_REPRESENTATION_CONTEXT() REPRESENTATION_CONTEXT('2D SPACE',''
  ) );
#1095 = ORIENTED_EDGE('',*,*,#1096,.F.);
#1096 = EDGE_CURVE('',#1097,#1069,#1099,.T.);
#1097 = VERTEX_POINT('',#1098);
#1098 = CARTESIAN_POINT('',(-113.6188879276,36.2,56.404402581283));
#1099 = SURFACE_CURVE('',#1100,(#1105,#1112),.PCURVE_S1.);
#1100 = CIRCLE('',#1101,9.4);
#1101 = AXIS2_PLACEMENT_3D('',#1102,#1103,#1104);
#1102 = CARTESIAN_POINT('',(-123.,36.2,57.));
#1103 = DIRECTION('',(0.,1.,0.));
#1104 = DIRECTION('',(0.,-0.,1.));
#1105 = PCURVE('',#31,#1106);
#1106 = DEFINITIONAL_REPRESENTATION('',(#1107),#1111);
#1107 = LINE('',#1108,#1109);
#1108 = CARTESIAN_POINT('',(0.,1.));
#1109 = VECTOR('',#1110,1.);
#1110 = DIRECTION('',(1.,0.));
#1111 = ( GEOMETRIC_REPRESENTATION_CONTEXT(2) 
PARAMETRIC_REPRESENTATION_CONTEXT() REPRESENTATION_CONTEXT('2D SPACE',''
  ) );
#1112 = PCURVE('',#1113,#1118);
#1113 = PLANE('',#1114);
#1114 = AXIS2_PLACEMENT_3D('',#1115,#1116,#1117);
#1115 = CARTESIAN_POINT('',(-123.,36.2,57.));
#1116 = DIRECTION('',(-0.,-1.,-0.));
#1117 = DIRECTION('',(0.,0.,-1.));
#1118 = DEFINITIONAL_REPRESENTATION('',(#1119),#1127);
#1119 = ( BOUNDED_CURVE() B_SPLINE_CURVE(2,(#1120,#1121,#1122,#1123,
#1124,#1125,#1126),.UNSPECIFIED.,.T.,.F.) B_SPLINE_CURVE_WITH_KNOTS((1,2
    ,2,2,2,1),(-2.094395102393,0.,2.094395102393,4.188790204786,
6.28318530718,8.377580409573),.UNSPECIFIED.) CURVE() 
GEOMETRIC_REPRESENTATION_ITEM() RATIONAL_B_SPLINE_CURVE((1.,0.5,1.,0.5,
1.,0.5,1.)) REPRESENTATION_ITEM('') );
#1120 = CARTESIAN_POINT('',(-9.4,-2.84217094304E-14));
#1121 = CARTESIAN_POINT('',(-9.4,16.281277591147));
#1122 = CARTESIAN_POINT('',(4.7,8.140638795574));
#1123 = CARTESIAN_POINT('',(18.8,-2.611937344801E-14));
#1124 = CARTESIAN_POINT('',(4.7,-8.140638795574));
#1125 = CARTESIAN_POINT('',(-9.4,-16.28127759114));
#1126 = CARTESIAN_POINT('',(-9.4,-2.84217094304E-14));
#1127 = ( GEOMETRIC_REPRESENTATION_CONTEXT(2) 
PARAMETRIC_REPRESENTATION_CONTEXT() REPRESENTATION_CONTEXT('2D SPACE',''
  ) );
#1128 = ORIENTED_EDGE('',*,*,#1129,.T.);
#1129 = EDGE_CURVE('',#1097,#1130,#1132,.T.);
#1130 = VERTEX_POINT('',#1131);
#1131 = CARTESIAN_POINT('',(-113.6188879276,41.4,56.404402581283));
#1132 = SURFACE_CURVE('',#1133,(#1137,#1143),.PCURVE_S1.);
#1133 = LINE('',#1134,#1135);
#1134 = CARTESIAN_POINT('',(-113.6188879276,35.2,56.404402581283));
#1135 = VECTOR('',#1136,1.);
#1136 = DIRECTION('',(0.,1.,0.));
#1137 = PCURVE('',#31,#1138);
#1138 = DEFINITIONAL_REPRESENTATION('',(#1139),#1142);
#1139 = B_SPLINE_CURVE_WITH_KNOTS('',1,(#1140,#1141),.UNSPECIFIED.,.F.,
  .F.,(2,2),(0.7999994,6.4000006),.PIECEWISE_BEZIER_KNOTS.);
#1140 = CARTESIAN_POINT('',(1.63420022697,0.7999994));
#1141 = CARTESIAN_POINT('',(1.63420022697,6.4000006));
#1142 = ( GEOMETRIC_REPRESENTATION_CONTEXT(2) 
PARAMETRIC_REPRESENTATION_CONTEXT() REPRESENTATION_CONTEXT('2D SPACE',''
  ) );
#1143 = PCURVE('',#1144,#1149);
#1144 = PLANE('',#1145);
#1145 = AXIS2_PLACEMENT_3D('',#1146,#1147,#1148);
#1146 = CARTESIAN_POINT('',(-113.0390096674,41.4,56.117576294796));
#1147 = DIRECTION('',(-0.443360125498,-0.,-0.896343572029));
#1148 = DIRECTION('',(-0.896343572029,0.,0.443360125498));
#1149 = DEFINITIONAL_REPRESENTATION('',(#1150),#1153);
#1150 = B_SPLINE_CURVE_WITH_KNOTS('',1,(#1151,#1152),.UNSPECIFIED.,.F.,
  .F.,(2,2),(0.7999994,6.4000006),.PIECEWISE_BEZIER_KNOTS.);
#1151 = CARTESIAN_POINT('',(0.646937489394,-5.4000006));
#1152 = CARTESIAN_POINT('',(0.646937489394,0.2000006));
#1153 = ( GEOMETRIC_REPRESENTATION_CONTEXT(2) 
PARAMETRIC_REPRESENTATION_CONTEXT() REPRESENTATION_CONTEXT('2D SPACE',''
  ) );
#1154 = ORIENTED_EDGE('',*,*,#1155,.T.);
#1155 = EDGE_CURVE('',#1130,#1071,#1156,.T.);
#1156 = SURFACE_CURVE('',#1157,(#1162,#1169),.PCURVE_S1.);
#1157 = CIRCLE('',#1158,9.4);
#1158 = AXIS2_PLACEMENT_3D('',#1159,#1160,#1161);
#1159 = CARTESIAN_POINT('',(-123.,41.4,57.));
#1160 = DIRECTION('',(0.,1.,0.));
#1161 = DIRECTION('',(0.,-0.,1.));
#1162 = PCURVE('',#31,#1163);
#1163 = DEFINITIONAL_REPRESENTATION('',(#1164),#1168);
#1164 = LINE('',#1165,#1166);
#1165 = CARTESIAN_POINT('',(0.,6.2));
#1166 = VECTOR('',#1167,1.);
#1167 = DIRECTION('',(1.,0.));
#1168 = ( GEOMETRIC_REPRESENTATION_CONTEXT(2) 
PARAMETRIC_REPRESENTATION_CONTEXT() REPRESENTATION_CONTEXT('2D SPACE',''
  ) );
#1169 = PCURVE('',#1170,#1175);
#1170 = PLANE('',#1171);
#1171 = AXIS2_PLACEMENT_3D('',#1172,#1173,#1174);
#1172 = CARTESIAN_POINT('',(-123.,41.4,57.));
#1173 = DIRECTION('',(-0.,-1.,-0.));
#1174 = DIRECTION('',(0.,0.,-1.));
#1175 = DEFINITIONAL_REPRESENTATION('',(#1176),#1184);
#1176 = ( BOUNDED_CURVE() B_SPLINE_CURVE(2,(#1177,#1178,#1179,#1180,
#1181,#1182,#1183),.UNSPECIFIED.,.T.,.F.) B_SPLINE_CURVE_WITH_KNOTS((1,2
    ,2,2,2,1),(-2.094395102393,0.,2.094395102393,4.188790204786,
6.28318530718,8.377580409573),.UNSPECIFIED.) CURVE() 
GEOMETRIC_REPRESENTATION_ITEM() RATIONAL_B_SPLINE_CURVE((1.,0.5,1.,0.5,
1.,0.5,1.)) REPRESENTATION_ITEM('') );
#1177 = CARTESIAN_POINT('',(-9.4,-2.84217094304E-14));
#1178 = CARTESIAN_POINT('',(-9.4,16.281277591147));
#1179 = CARTESIAN_POINT('',(4.7,8.140638795574));
#1180 = CARTESIAN_POINT('',(18.8,-2.611937344801E-14));
#1181 = CARTESIAN_POINT('',(4.7,-8.140638795574));
#1182 = CARTESIAN_POINT('',(-9.4,-16.28127759114));
#1183 = CARTESIAN_POINT('',(-9.4,-2.84217094304E-14));
#1184 = ( GEOMETRIC_REPRESENTATION_CONTEXT(2) 
PARAMETRIC_REPRESENTATION_CONTEXT() REPRESENTATION_CONTEXT('2D SPACE',''
  ) );
#1185 = FACE_BOUND('',#1186,.T.);
#1186 = EDGE_LOOP('',(#1187,#1215,#1248,#1274));
#1187 = ORIENTED_EDGE('',*,*,#1188,.F.);
#1188 = EDGE_CURVE('',#1189,#1191,#1193,.T.);
#1189 = VERTEX_POINT('',#1190);
#1190 = CARTESIAN_POINT('',(-114.2994362931,36.2,53.441883759291));
#1191 = VERTEX_POINT('',#1192);
#1192 = CARTESIAN_POINT('',(-114.2994362931,41.4,53.441883759291));
#1193 = SURFACE_CURVE('',#1194,(#1198,#1204),.PCURVE_S1.);
#1194 = LINE('',#1195,#1196);
#1195 = CARTESIAN_POINT('',(-114.2994362931,35.2,53.441883759291));
#1196 = VECTOR('',#1197,1.);
#1197 = DIRECTION('',(0.,1.,0.));
#1198 = PCURVE('',#31,#1199);
#1199 = DEFINITIONAL_REPRESENTATION('',(#1200),#1203);
#1200 = B_SPLINE_CURVE_WITH_KNOTS('',1,(#1201,#1202),.UNSPECIFIED.,.F.,
  .F.,(2,2),(0.7999994,6.4000006),.PIECEWISE_BEZIER_KNOTS.);
#1201 = CARTESIAN_POINT('',(1.958996370574,0.7999994));
#1202 = CARTESIAN_POINT('',(1.958996370574,6.4000006));
#1203 = ( GEOMETRIC_REPRESENTATION_CONTEXT(2) 
PARAMETRIC_REPRESENTATION_CONTEXT() REPRESENTATION_CONTEXT('2D SPACE',''
  ) );
#1204 = PCURVE('',#1205,#1210);
#1205 = PLANE('',#1206);
#1206 = AXIS2_PLACEMENT_3D('',#1207,#1208,#1209);
#1207 = CARTESIAN_POINT('',(-114.4079203476,41.4,53.441044079005));
#1208 = DIRECTION('',(-7.739894482588E-03,0.,0.999970046568));
#1209 = DIRECTION('',(0.999970046568,0.,7.739894482588E-03));
#1210 = DEFINITIONAL_REPRESENTATION('',(#1211),#1214);
#1211 = B_SPLINE_CURVE_WITH_KNOTS('',1,(#1212,#1213),.UNSPECIFIED.,.F.,
  .F.,(2,2),(0.7999994,6.4000006),.PIECEWISE_BEZIER_KNOTS.);
#1212 = CARTESIAN_POINT('',(0.108487304099,-5.4000006));
#1213 = CARTESIAN_POINT('',(0.108487304099,0.2000006));
#1214 = ( GEOMETRIC_REPRESENTATION_CONTEXT(2) 
PARAMETRIC_REPRESENTATION_CONTEXT() REPRESENTATION_CONTEXT('2D SPACE',''
  ) );
#1215 = ORIENTED_EDGE('',*,*,#1216,.F.);
#1216 = EDGE_CURVE('',#1217,#1189,#1219,.T.);
#1217 = VERTEX_POINT('',#1218);
#1218 = CARTESIAN_POINT('',(-113.9153386577,36.2,54.585682643604));
#1219 = SURFACE_CURVE('',#1220,(#1225,#1232),.PCURVE_S1.);
#1220 = CIRCLE('',#1221,9.4);
#1221 = AXIS2_PLACEMENT_3D('',#1222,#1223,#1224);
#1222 = CARTESIAN_POINT('',(-123.,36.2,57.));
#1223 = DIRECTION('',(0.,1.,0.));
#1224 = DIRECTION('',(0.,-0.,1.));
#1225 = PCURVE('',#31,#1226);
#1226 = DEFINITIONAL_REPRESENTATION('',(#1227),#1231);
#1227 = LINE('',#1228,#1229);
#1228 = CARTESIAN_POINT('',(0.,1.));
#1229 = VECTOR('',#1230,1.);
#1230 = DIRECTION('',(1.,0.));
#1231 = ( GEOMETRIC_REPRESENTATION_CONTEXT(2) 
PARAMETRIC_REPRESENTATION_CONTEXT() REPRESENTATION_CONTEXT('2D SPACE',''
  ) );
#1232 = PCURVE('',#1233,#1238);
#1233 = PLANE('',#1234);
#1234 = AXIS2_PLACEMENT_3D('',#1235,#1236,#1237);
#1235 = CARTESIAN_POINT('',(-123.,36.2,57.));
#1236 = DIRECTION('',(-0.,-1.,-0.));
#1237 = DIRECTION('',(0.,0.,-1.));
#1238 = DEFINITIONAL_REPRESENTATION('',(#1239),#1247);
#1239 = ( BOUNDED_CURVE() B_SPLINE_CURVE(2,(#1240,#1241,#1242,#1243,
#1244,#1245,#1246),.UNSPECIFIED.,.T.,.F.) B_SPLINE_CURVE_WITH_KNOTS((1,2
    ,2,2,2,1),(-2.094395102393,0.,2.094395102393,4.188790204786,
6.28318530718,8.377580409573),.UNSPECIFIED.) CURVE() 
GEOMETRIC_REPRESENTATION_ITEM() RATIONAL_B_SPLINE_CURVE((1.,0.5,1.,0.5,
1.,0.5,1.)) REPRESENTATION_ITEM('') );
#1240 = CARTESIAN_POINT('',(-9.4,-2.84217094304E-14));
#1241 = CARTESIAN_POINT('',(-9.4,16.281277591147));
#1242 = CARTESIAN_POINT('',(4.7,8.140638795574));
#1243 = CARTESIAN_POINT('',(18.8,-2.611937344801E-14));
#1244 = CARTESIAN_POINT('',(4.7,-8.140638795574));
#1245 = CARTESIAN_POINT('',(-9.4,-16.28127759114));
#1246 = CARTESIAN_POINT('',(-9.4,-2.84217094304E-14));
#1247 = ( GEOMETRIC_REPRESENTATION_CONTEXT(2) 
PARAMETRIC_REPRESENTATION_CONTEXT() REPRESENTATION_CONTEXT('2D SPACE',''
  ) );
#1248 = ORIENTED_EDGE('',*,*,#1249,.T.);
#1249 = EDGE_CURVE('',#1217,#1250,#1252,.T.);
#1250 = VERTEX_POINT('',#1251);
#1251 = CARTESIAN_POINT('',(-113.9153386577,41.4,54.585682643604));
#1252 = SURFACE_CURVE('',#1253,(#1257,#1263),.PCURVE_S1.);
#1253 = LINE('',#1254,#1255);
#1254 = CARTESIAN_POINT('',(-113.9153386577,35.2,54.585682643604));
#1255 = VECTOR('',#1256,1.);
#1256 = DIRECTION('',(0.,1.,0.));
#1257 = PCURVE('',#31,#1258);
#1258 = DEFINITIONAL_REPRESENTATION('',(#1259),#1262);
#1259 = B_SPLINE_CURVE_WITH_KNOTS('',1,(#1260,#1261),.UNSPECIFIED.,.F.,
  .F.,(2,2),(0.7999994,6.4000006),.PIECEWISE_BEZIER_KNOTS.);
#1260 = CARTESIAN_POINT('',(1.830549767819,0.7999994));
#1261 = CARTESIAN_POINT('',(1.830549767819,6.4000006));
#1262 = ( GEOMETRIC_REPRESENTATION_CONTEXT(2) 
PARAMETRIC_REPRESENTATION_CONTEXT() REPRESENTATION_CONTEXT('2D SPACE',''
  ) );
#1263 = PCURVE('',#1264,#1269);
#1264 = PLANE('',#1265);
#1265 = AXIS2_PLACEMENT_3D('',#1266,#1267,#1268);
#1266 = CARTESIAN_POINT('',(-113.4025596284,41.4,54.191239007287));
#1267 = DIRECTION('',(-0.609709041111,-0.,-0.792625311978));
#1268 = DIRECTION('',(-0.792625311978,0.,0.609709041111));
#1269 = DEFINITIONAL_REPRESENTATION('',(#1270),#1273);
#1270 = B_SPLINE_CURVE_WITH_KNOTS('',1,(#1271,#1272),.UNSPECIFIED.,.F.,
  .F.,(2,2),(0.7999994,6.4000006),.PIECEWISE_BEZIER_KNOTS.);
#1271 = CARTESIAN_POINT('',(0.646937489394,-5.4000006));
#1272 = CARTESIAN_POINT('',(0.646937489394,0.2000006));
#1273 = ( GEOMETRIC_REPRESENTATION_CONTEXT(2) 
PARAMETRIC_REPRESENTATION_CONTEXT() REPRESENTATION_CONTEXT('2D SPACE',''
  ) );
#1274 = ORIENTED_EDGE('',*,*,#1275,.T.);
#1275 = EDGE_CURVE('',#1250,#1191,#1276,.T.);
#1276 = SURFACE_CURVE('',#1277,(#1282,#1289),.PCURVE_S1.);
#1277 = CIRCLE('',#1278,9.4);
#1278 = AXIS2_PLACEMENT_3D('',#1279,#1280,#1281);
#1279 = CARTESIAN_POINT('',(-123.,41.4,57.));
#1280 = DIRECTION('',(0.,1.,0.));
#1281 = DIRECTION('',(0.,-0.,1.));
#1282 = PCURVE('',#31,#1283);
#1283 = DEFINITIONAL_REPRESENTATION('',(#1284),#1288);
#1284 = LINE('',#1285,#1286);
#1285 = CARTESIAN_POINT('',(0.,6.2));
#1286 = VECTOR('',#1287,1.);
#1287 = DIRECTION('',(1.,0.));
#1288 = ( GEOMETRIC_REPRESENTATION_CONTEXT(2) 
PARAMETRIC_REPRESENTATION_CONTEXT() REPRESENTATION_CONTEXT('2D SPACE',''
  ) );
#1289 = PCURVE('',#1290,#1295);
#1290 = PLANE('',#1291);
#1291 = AXIS2_PLACEMENT_3D('',#1292,#1293,#1294);
#1292 = CARTESIAN_POINT('',(-123.,41.4,57.));
#1293 = DIRECTION('',(-0.,-1.,-0.));
#1294 = DIRECTION('',(0.,0.,-1.));
#1295 = DEFINITIONAL_REPRESENTATION('',(#1296),#1304);
#1296 = ( BOUNDED_CURVE() B_SPLINE_CURVE(2,(#1297,#1298,#1299,#1300,
#1301,#1302,#1303),.UNSPECIFIED.,.T.,.F.) B_SPLINE_CURVE_WITH_KNOTS((1,2
    ,2,2,2,1),(-2.094395102393,0.,2.094395102393,4.188790204786,
6.28318530718,8.377580409573),.UNSPECIFIED.) CURVE() 
GEOMETRIC_REPRESENTATION_ITEM() RATIONAL_B_SPLINE_CURVE((1.,0.5,1.,0.5,
1.,0.5,1.)) REPRESENTATION_ITEM('') );
#1297 = CARTESIAN_POINT('',(-9.4,-2.84217094304E-14));
#1298 = CARTESIAN_POINT('',(-9.4,16.281277591147));
#1299 = CARTESIAN_POINT('',(4.7,8.140638795574));
#1300 = CARTESIAN_POINT('',(18.8,-2.611937344801E-14));
#1301 = CARTESIAN_POINT('',(4.7,-8.140638795574));
#1302 = CARTESIAN_POINT('',(-9.4,-16.28127759114));
#1303 = CARTESIAN_POINT('',(-9.4,-2.84217094304E-14));
#1304 = ( GEOMETRIC_REPRESENTATION_CONTEXT(2) 
PARAMETRIC_REPRESENTATION_CONTEXT() REPRESENTATION_CONTEXT('2D SPACE',''
  ) );
#1305 = FACE_BOUND('',#1306,.T.);
#1306 = EDGE_LOOP('',(#1307,#1335,#1368,#1394));
#1307 = ORIENTED_EDGE('',*,*,#1308,.F.);
#1308 = EDGE_CURVE('',#1309,#1311,#1313,.T.);
#1309 = VERTEX_POINT('',#1310);
#1310 = CARTESIAN_POINT('',(-115.1607692282,36.2,51.812856189851));
#1311 = VERTEX_POINT('',#1312);
#1312 = CARTESIAN_POINT('',(-115.1607692282,41.4,51.812856189851));
#1313 = SURFACE_CURVE('',#1314,(#1318,#1324),.PCURVE_S1.);
#1314 = LINE('',#1315,#1316);
#1315 = CARTESIAN_POINT('',(-115.1607692282,35.2,51.812856189851));
#1316 = VECTOR('',#1317,1.);
#1317 = DIRECTION('',(0.,1.,0.));
#1318 = PCURVE('',#31,#1319);
#1319 = DEFINITIONAL_REPRESENTATION('',(#1320),#1323);
#1320 = B_SPLINE_CURVE_WITH_KNOTS('',1,(#1321,#1322),.UNSPECIFIED.,.F.,
  .F.,(2,2),(0.7999994,6.4000006),.PIECEWISE_BEZIER_KNOTS.);
#1321 = CARTESIAN_POINT('',(2.155345911423,0.7999994));
#1322 = CARTESIAN_POINT('',(2.155345911423,6.4000006));
#1323 = ( GEOMETRIC_REPRESENTATION_CONTEXT(2) 
PARAMETRIC_REPRESENTATION_CONTEXT() REPRESENTATION_CONTEXT('2D SPACE',''
  ) );
#1324 = PCURVE('',#1325,#1330);
#1325 = PLANE('',#1326);
#1326 = AXIS2_PLACEMENT_3D('',#1327,#1328,#1329);
#1327 = CARTESIAN_POINT('',(-115.2673326055,41.4,51.833196832918));
#1328 = DIRECTION('',(0.187493303811,0.,0.982265881025));
#1329 = DIRECTION('',(0.982265881025,0.,-0.187493303811));
#1330 = DEFINITIONAL_REPRESENTATION('',(#1331),#1334);
#1331 = B_SPLINE_CURVE_WITH_KNOTS('',1,(#1332,#1333),.UNSPECIFIED.,.F.,
  .F.,(2,2),(0.7999994,6.4000006),.PIECEWISE_BEZIER_KNOTS.);
#1332 = CARTESIAN_POINT('',(0.108487304099,-5.4000006));
#1333 = CARTESIAN_POINT('',(0.108487304099,0.2000006));
#1334 = ( GEOMETRIC_REPRESENTATION_CONTEXT(2) 
PARAMETRIC_REPRESENTATION_CONTEXT() REPRESENTATION_CONTEXT('2D SPACE',''
  ) );
#1335 = ORIENTED_EDGE('',*,*,#1336,.F.);
#1336 = EDGE_CURVE('',#1337,#1309,#1339,.T.);
#1337 = VERTEX_POINT('',#1338);
#1338 = CARTESIAN_POINT('',(-114.5609078286,36.2,52.859743567966));
#1339 = SURFACE_CURVE('',#1340,(#1345,#1352),.PCURVE_S1.);
#1340 = CIRCLE('',#1341,9.4);
#1341 = AXIS2_PLACEMENT_3D('',#1342,#1343,#1344);
#1342 = CARTESIAN_POINT('',(-123.,36.2,57.));
#1343 = DIRECTION('',(0.,1.,0.));
#1344 = DIRECTION('',(0.,-0.,1.));
#1345 = PCURVE('',#31,#1346);
#1346 = DEFINITIONAL_REPRESENTATION('',(#1347),#1351);
#1347 = LINE('',#1348,#1349);
#1348 = CARTESIAN_POINT('',(0.,1.));
#1349 = VECTOR('',#1350,1.);
#1350 = DIRECTION('',(1.,0.));
#1351 = ( GEOMETRIC_REPRESENTATION_CONTEXT(2) 
PARAMETRIC_REPRESENTATION_CONTEXT() REPRESENTATION_CONTEXT('2D SPACE',''
  ) );
#1352 = PCURVE('',#1353,#1358);
#1353 = PLANE('',#1354);
#1354 = AXIS2_PLACEMENT_3D('',#1355,#1356,#1357);
#1355 = CARTESIAN_POINT('',(-123.,36.2,57.));
#1356 = DIRECTION('',(-0.,-1.,-0.));
#1357 = DIRECTION('',(0.,0.,-1.));
#1358 = DEFINITIONAL_REPRESENTATION('',(#1359),#1367);
#1359 = ( BOUNDED_CURVE() B_SPLINE_CURVE(2,(#1360,#1361,#1362,#1363,
#1364,#1365,#1366),.UNSPECIFIED.,.T.,.F.) B_SPLINE_CURVE_WITH_KNOTS((1,2
    ,2,2,2,1),(-2.094395102393,0.,2.094395102393,4.188790204786,
6.28318530718,8.377580409573),.UNSPECIFIED.) CURVE() 
GEOMETRIC_REPRESENTATION_ITEM() RATIONAL_B_SPLINE_CURVE((1.,0.5,1.,0.5,
1.,0.5,1.)) REPRESENTATION_ITEM('') );
#1360 = CARTESIAN_POINT('',(-9.4,-2.84217094304E-14));
#1361 = CARTESIAN_POINT('',(-9.4,16.281277591147));
#1362 = CARTESIAN_POINT('',(4.7,8.140638795574));
#1363 = CARTESIAN_POINT('',(18.8,-2.611937344801E-14));
#1364 = CARTESIAN_POINT('',(4.7,-8.140638795574));
#1365 = CARTESIAN_POINT('',(-9.4,-16.28127759114));
#1366 = CARTESIAN_POINT('',(-9.4,-2.84217094304E-14));
#1367 = ( GEOMETRIC_REPRESENTATION_CONTEXT(2) 
PARAMETRIC_REPRESENTATION_CONTEXT() REPRESENTATION_CONTEXT('2D SPACE',''
  ) );
#1368 = ORIENTED_EDGE('',*,*,#1369,.T.);
#1369 = EDGE_CURVE('',#1337,#1370,#1372,.T.);
#1370 = VERTEX_POINT('',#1371);
#1371 = CARTESIAN_POINT('',(-114.5609078286,41.4,52.859743567966));
#1372 = SURFACE_CURVE('',#1373,(#1377,#1383),.PCURVE_S1.);
#1373 = LINE('',#1374,#1375);
#1374 = CARTESIAN_POINT('',(-114.5609078286,35.2,52.859743567966));
#1375 = VECTOR('',#1376,1.);
#1376 = DIRECTION('',(0.,1.,0.));
#1377 = PCURVE('',#31,#1378);
#1378 = DEFINITIONAL_REPRESENTATION('',(#1379),#1382);
#1379 = B_SPLINE_CURVE_WITH_KNOTS('',1,(#1380,#1381),.UNSPECIFIED.,.F.,
  .F.,(2,2),(0.7999994,6.4000006),.PIECEWISE_BEZIER_KNOTS.);
#1380 = CARTESIAN_POINT('',(2.026899308668,0.7999994));
#1381 = CARTESIAN_POINT('',(2.026899308668,6.4000006));
#1382 = ( GEOMETRIC_REPRESENTATION_CONTEXT(2) 
PARAMETRIC_REPRESENTATION_CONTEXT() REPRESENTATION_CONTEXT('2D SPACE',''
  ) );
#1383 = PCURVE('',#1384,#1389);
#1384 = PLANE('',#1385);
#1385 = AXIS2_PLACEMENT_3D('',#1386,#1387,#1388);
#1386 = CARTESIAN_POINT('',(-114.1349338405,41.4,52.372840829557));
#1387 = DIRECTION('',(-0.752627180202,-0.,-0.658446905696));
#1388 = DIRECTION('',(-0.658446905696,0.,0.752627180202));
#1389 = DEFINITIONAL_REPRESENTATION('',(#1390),#1393);
#1390 = B_SPLINE_CURVE_WITH_KNOTS('',1,(#1391,#1392),.UNSPECIFIED.,.F.,
  .F.,(2,2),(0.7999994,6.4000006),.PIECEWISE_BEZIER_KNOTS.);
#1391 = CARTESIAN_POINT('',(0.646937489394,-5.4000006));
#1392 = CARTESIAN_POINT('',(0.646937489394,0.2000006));
#1393 = ( GEOMETRIC_REPRESENTATION_CONTEXT(2) 
PARAMETRIC_REPRESENTATION_CONTEXT() REPRESENTATION_CONTEXT('2D SPACE',''
  ) );
#1394 = ORIENTED_EDGE('',*,*,#1395,.T.);
#1395 = EDGE_CURVE('',#1370,#1311,#1396,.T.);
#1396 = SURFACE_CURVE('',#1397,(#1402,#1409),.PCURVE_S1.);
#1397 = CIRCLE('',#1398,9.4);
#1398 = AXIS2_PLACEMENT_3D('',#1399,#1400,#1401);
#1399 = CARTESIAN_POINT('',(-123.,41.4,57.));
#1400 = DIRECTION('',(0.,1.,0.));
#1401 = DIRECTION('',(0.,-0.,1.));
#1402 = PCURVE('',#31,#1403);
#1403 = DEFINITIONAL_REPRESENTATION('',(#1404),#1408);
#1404 = LINE('',#1405,#1406);
#1405 = CARTESIAN_POINT('',(0.,6.2));
#1406 = VECTOR('',#1407,1.);
#1407 = DIRECTION('',(1.,0.));
#1408 = ( GEOMETRIC_REPRESENTATION_CONTEXT(2) 
PARAMETRIC_REPRESENTATION_CONTEXT() REPRESENTATION_CONTEXT('2D SPACE',''
  ) );
#1409 = PCURVE('',#1410,#1415);
#1410 = PLANE('',#1411);
#1411 = AXIS2_PLACEMENT_3D('',#1412,#1413,#1414);
#1412 = CARTESIAN_POINT('',(-123.,41.4,57.));
#1413 = DIRECTION('',(-0.,-1.,-0.));
#1414 = DIRECTION('',(0.,0.,-1.));
#1415 = DEFINITIONAL_REPRESENTATION('',(#1416),#1424);
#1416 = ( BOUNDED_CURVE() B_SPLINE_CURVE(2,(#1417,#1418,#1419,#1420,
#1421,#1422,#1423),.UNSPECIFIED.,.T.,.F.) B_SPLINE_CURVE_WITH_KNOTS((1,2
    ,2,2,2,1),(-2.094395102393,0.,2.094395102393,4.188790204786,
6.28318530718,8.377580409573),.UNSPECIFIED.) CURVE() 
GEOMETRIC_REPRESENTATION_ITEM() RATIONAL_B_SPLINE_CURVE((1.,0.5,1.,0.5,
1.,0.5,1.)) REPRESENTATION_ITEM('') );
#1417 = CARTESIAN_POINT('',(-9.4,-2.84217094304E-14));
#1418 = CARTESIAN_POINT('',(-9.4,16.281277591147));
#1419 = CARTESIAN_POINT('',(4.7,8.140638795574));
#1420 = CARTESIAN_POINT('',(18.8,-2.611937344801E-14));
#1421 = CARTESIAN_POINT('',(4.7,-8.140638795574));
#1422 = CARTESIAN_POINT('',(-9.4,-16.28127759114));
#1423 = CARTESIAN_POINT('',(-9.4,-2.84217094304E-14));
#1424 = ( GEOMETRIC_REPRESENTATION_CONTEXT(2) 
PARAMETRIC_REPRESENTATION_CONTEXT() REPRESENTATION_CONTEXT('2D SPACE',''
  ) );
#1425 = FACE_BOUND('',#1426,.T.);
#1426 = EDGE_LOOP('',(#1427,#1455,#1488,#1514));
#1427 = ORIENTED_EDGE('',*,*,#1428,.F.);
#1428 = EDGE_CURVE('',#1429,#1431,#1433,.T.);
#1429 = VERTEX_POINT('',#1430);
#1430 = CARTESIAN_POINT('',(-116.3233594056,36.2,50.38316764805));
#1431 = VERTEX_POINT('',#1432);
#1432 = CARTESIAN_POINT('',(-116.3233594056,41.4,50.38316764805));
#1433 = SURFACE_CURVE('',#1434,(#1438,#1444),.PCURVE_S1.);
#1434 = LINE('',#1435,#1436);
#1435 = CARTESIAN_POINT('',(-116.3233594056,35.2,50.38316764805));
#1436 = VECTOR('',#1437,1.);
#1437 = DIRECTION('',(0.,1.,0.));
#1438 = PCURVE('',#31,#1439);
#1439 = DEFINITIONAL_REPRESENTATION('',(#1440),#1443);
#1440 = B_SPLINE_CURVE_WITH_KNOTS('',1,(#1441,#1442),.UNSPECIFIED.,.F.,
  .F.,(2,2),(0.7999994,6.4000006),.PIECEWISE_BEZIER_KNOTS.);
#1441 = CARTESIAN_POINT('',(2.351695452272,0.7999994));
#1442 = CARTESIAN_POINT('',(2.351695452272,6.4000006));
#1443 = ( GEOMETRIC_REPRESENTATION_CONTEXT(2) 
PARAMETRIC_REPRESENTATION_CONTEXT() REPRESENTATION_CONTEXT('2D SPACE',''
  ) );
#1444 = PCURVE('',#1445,#1450);
#1445 = PLANE('',#1446);
#1446 = AXIS2_PLACEMENT_3D('',#1447,#1448,#1449);
#1447 = CARTESIAN_POINT('',(-116.4239069349,41.4,50.423906934965));
#1448 = DIRECTION('',(0.375521239587,0.,0.926813788535));
#1449 = DIRECTION('',(0.926813788535,0.,-0.375521239587));
#1450 = DEFINITIONAL_REPRESENTATION('',(#1451),#1454);
#1451 = B_SPLINE_CURVE_WITH_KNOTS('',1,(#1452,#1453),.UNSPECIFIED.,.F.,
  .F.,(2,2),(0.7999994,6.4000006),.PIECEWISE_BEZIER_KNOTS.);
#1452 = CARTESIAN_POINT('',(0.108487304099,-5.4000006));
#1453 = CARTESIAN_POINT('',(0.108487304099,0.2000006));
#1454 = ( GEOMETRIC_REPRESENTATION_CONTEXT(2) 
PARAMETRIC_REPRESENTATION_CONTEXT() REPRESENTATION_CONTEXT('2D SPACE',''
  ) );
#1455 = ORIENTED_EDGE('',*,*,#1456,.F.);
#1456 = EDGE_CURVE('',#1457,#1429,#1459,.T.);
#1457 = VERTEX_POINT('',#1458);
#1458 = CARTESIAN_POINT('',(-115.5307865789,36.2,51.292912225128));
#1459 = SURFACE_CURVE('',#1460,(#1465,#1472),.PCURVE_S1.);
#1460 = CIRCLE('',#1461,9.4);
#1461 = AXIS2_PLACEMENT_3D('',#1462,#1463,#1464);
#1462 = CARTESIAN_POINT('',(-123.,36.2,57.));
#1463 = DIRECTION('',(0.,1.,0.));
#1464 = DIRECTION('',(0.,-0.,1.));
#1465 = PCURVE('',#31,#1466);
#1466 = DEFINITIONAL_REPRESENTATION('',(#1467),#1471);
#1467 = LINE('',#1468,#1469);
#1468 = CARTESIAN_POINT('',(0.,1.));
#1469 = VECTOR('',#1470,1.);
#1470 = DIRECTION('',(1.,0.));
#1471 = ( GEOMETRIC_REPRESENTATION_CONTEXT(2) 
PARAMETRIC_REPRESENTATION_CONTEXT() REPRESENTATION_CONTEXT('2D SPACE',''
  ) );
#1472 = PCURVE('',#1473,#1478);
#1473 = PLANE('',#1474);
#1474 = AXIS2_PLACEMENT_3D('',#1475,#1476,#1477);
#1475 = CARTESIAN_POINT('',(-123.,36.2,57.));
#1476 = DIRECTION('',(-0.,-1.,-0.));
#1477 = DIRECTION('',(0.,0.,-1.));
#1478 = DEFINITIONAL_REPRESENTATION('',(#1479),#1487);
#1479 = ( BOUNDED_CURVE() B_SPLINE_CURVE(2,(#1480,#1481,#1482,#1483,
#1484,#1485,#1486),.UNSPECIFIED.,.T.,.F.) B_SPLINE_CURVE_WITH_KNOTS((1,2
    ,2,2,2,1),(-2.094395102393,0.,2.094395102393,4.188790204786,
6.28318530718,8.377580409573),.UNSPECIFIED.) CURVE() 
GEOMETRIC_REPRESENTATION_ITEM() RATIONAL_B_SPLINE_CURVE((1.,0.5,1.,0.5,
1.,0.5,1.)) REPRESENTATION_ITEM('') );
#1480 = CARTESIAN_POINT('',(-9.4,-2.84217094304E-14));
#1481 = CARTESIAN_POINT('',(-9.4,16.281277591147));
#1482 = CARTESIAN_POINT('',(4.7,8.140638795574));
#1483 = CARTESIAN_POINT('',(18.8,-2.611937344801E-14));
#1484 = CARTESIAN_POINT('',(4.7,-8.140638795574));
#1485 = CARTESIAN_POINT('',(-9.4,-16.28127759114));
#1486 = CARTESIAN_POINT('',(-9.4,-2.84217094304E-14));
#1487 = ( GEOMETRIC_REPRESENTATION_CONTEXT(2) 
PARAMETRIC_REPRESENTATION_CONTEXT() REPRESENTATION_CONTEXT('2D SPACE',''
  ) );
#1488 = ORIENTED_EDGE('',*,*,#1489,.T.);
#1489 = EDGE_CURVE('',#1457,#1490,#1492,.T.);
#1490 = VERTEX_POINT('',#1491);
#1491 = CARTESIAN_POINT('',(-115.5307865789,41.4,51.292912225128));
#1492 = SURFACE_CURVE('',#1493,(#1497,#1503),.PCURVE_S1.);
#1493 = LINE('',#1494,#1495);
#1494 = CARTESIAN_POINT('',(-115.5307865789,35.2,51.292912225128));
#1495 = VECTOR('',#1496,1.);
#1496 = DIRECTION('',(0.,1.,0.));
#1497 = PCURVE('',#31,#1498);
#1498 = DEFINITIONAL_REPRESENTATION('',(#1499),#1502);
#1499 = B_SPLINE_CURVE_WITH_KNOTS('',1,(#1500,#1501),.UNSPECIFIED.,.F.,
  .F.,(2,2),(0.7999994,6.4000006),.PIECEWISE_BEZIER_KNOTS.);
#1500 = CARTESIAN_POINT('',(2.223248849518,0.7999994));
#1501 = CARTESIAN_POINT('',(2.223248849518,6.4000006));
#1502 = ( GEOMETRIC_REPRESENTATION_CONTEXT(2) 
PARAMETRIC_REPRESENTATION_CONTEXT() REPRESENTATION_CONTEXT('2D SPACE',''
  ) );
#1503 = PCURVE('',#1504,#1509);
#1504 = PLANE('',#1505);
#1505 = AXIS2_PLACEMENT_3D('',#1506,#1507,#1508);
#1506 = CARTESIAN_POINT('',(-115.2079875735,41.4,50.732261783805));
#1507 = DIRECTION('',(-0.866622278836,-0.,-0.49896475409));
#1508 = DIRECTION('',(-0.49896475409,0.,0.866622278836));
#1509 = DEFINITIONAL_REPRESENTATION('',(#1510),#1513);
#1510 = B_SPLINE_CURVE_WITH_KNOTS('',1,(#1511,#1512),.UNSPECIFIED.,.F.,
  .F.,(2,2),(0.7999994,6.4000006),.PIECEWISE_BEZIER_KNOTS.);
#1511 = CARTESIAN_POINT('',(0.646937489394,-5.4000006));
#1512 = CARTESIAN_POINT('',(0.646937489394,0.2000006));
#1513 = ( GEOMETRIC_REPRESENTATION_CONTEXT(2) 
PARAMETRIC_REPRESENTATION_CONTEXT() REPRESENTATION_CONTEXT('2D SPACE',''
  ) );
#1514 = ORIENTED_EDGE('',*,*,#1515,.T.);
#1515 = EDGE_CURVE('',#1490,#1431,#1516,.T.);
#1516 = SURFACE_CURVE('',#1517,(#1522,#1529),.PCURVE_S1.);
#1517 = CIRCLE('',#1518,9.4);
#1518 = AXIS2_PLACEMENT_3D('',#1519,#1520,#1521);
#1519 = CARTESIAN_POINT('',(-123.,41.4,57.));
#1520 = DIRECTION('',(0.,1.,0.));
#1521 = DIRECTION('',(0.,-0.,1.));
#1522 = PCURVE('',#31,#1523);
#1523 = DEFINITIONAL_REPRESENTATION('',(#1524),#1528);
#1524 = LINE('',#1525,#1526);
#1525 = CARTESIAN_POINT('',(0.,6.2));
#1526 = VECTOR('',#1527,1.);
#1527 = DIRECTION('',(1.,0.));
#1528 = ( GEOMETRIC_REPRESENTATION_CONTEXT(2) 
PARAMETRIC_REPRESENTATION_CONTEXT() REPRESENTATION_CONTEXT('2D SPACE',''
  ) );
#1529 = PCURVE('',#1530,#1535);
#1530 = PLANE('',#1531);
#1531 = AXIS2_PLACEMENT_3D('',#1532,#1533,#1534);
#1532 = CARTESIAN_POINT('',(-123.,41.4,57.));
#1533 = DIRECTION('',(-0.,-1.,-0.));
#1534 = DIRECTION('',(0.,0.,-1.));
#1535 = DEFINITIONAL_REPRESENTATION('',(#1536),#1544);
#1536 = ( BOUNDED_CURVE() B_SPLINE_CURVE(2,(#1537,#1538,#1539,#1540,
#1541,#1542,#1543),.UNSPECIFIED.,.T.,.F.) B_SPLINE_CURVE_WITH_KNOTS((1,2
    ,2,2,2,1),(-2.094395102393,0.,2.094395102393,4.188790204786,
6.28318530718,8.377580409573),.UNSPECIFIED.) CURVE() 
GEOMETRIC_REPRESENTATION_ITEM() RATIONAL_B_SPLINE_CURVE((1.,0.5,1.,0.5,
1.,0.5,1.)) REPRESENTATION_ITEM('') );
#1537 = CARTESIAN_POINT('',(-9.4,-2.84217094304E-14));
#1538 = CARTESIAN_POINT('',(-9.4,16.281277591147));
#1539 = CARTESIAN_POINT('',(4.7,8.140638795574));
#1540 = CARTESIAN_POINT('',(18.8,-2.611937344801E-14));
#1541 = CARTESIAN_POINT('',(4.7,-8.140638795574));
#1542 = CARTESIAN_POINT('',(-9.4,-16.28127759114));
#1543 = CARTESIAN_POINT('',(-9.4,-2.84217094304E-14));
#1544 = ( GEOMETRIC_REPRESENTATION_CONTEXT(2) 
PARAMETRIC_REPRESENTATION_CONTEXT() REPRESENTATION_CONTEXT('2D SPACE',''
  ) );
#1545 = FACE_BOUND('',#1546,.T.);
#1546 = EDGE_LOOP('',(#1547,#1575,#1608,#1634));
#1547 = ORIENTED_EDGE('',*,*,#1548,.F.);
#1548 = EDGE_CURVE('',#1549,#1551,#1553,.T.);
#1549 = VERTEX_POINT('',#1550);
#1550 = CARTESIAN_POINT('',(-117.7425291367,36.2,49.207760262773));
#1551 = VERTEX_POINT('',#1552);
#1552 = CARTESIAN_POINT('',(-117.7425291367,41.4,49.207760262773));
#1553 = SURFACE_CURVE('',#1554,(#1558,#1564),.PCURVE_S1.);
#1554 = LINE('',#1555,#1556);
#1555 = CARTESIAN_POINT('',(-117.7425291367,35.2,49.207760262773));
#1556 = VECTOR('',#1557,1.);
#1557 = DIRECTION('',(0.,1.,0.));
#1558 = PCURVE('',#31,#1559);
#1559 = DEFINITIONAL_REPRESENTATION('',(#1560),#1563);
#1560 = B_SPLINE_CURVE_WITH_KNOTS('',1,(#1561,#1562),.UNSPECIFIED.,.F.,
  .F.,(2,2),(0.7999994,6.4000006),.PIECEWISE_BEZIER_KNOTS.);
#1561 = CARTESIAN_POINT('',(2.548044993122,0.7999994));
#1562 = CARTESIAN_POINT('',(2.548044993122,6.4000006));
#1563 = ( GEOMETRIC_REPRESENTATION_CONTEXT(2) 
PARAMETRIC_REPRESENTATION_CONTEXT() REPRESENTATION_CONTEXT('2D SPACE',''
  ) );
#1564 = PCURVE('',#1565,#1570);
#1565 = PLANE('',#1566);
#1566 = AXIS2_PLACEMENT_3D('',#1567,#1568,#1569);
#1567 = CARTESIAN_POINT('',(-117.8331968329,41.4,49.267332605586));
#1568 = DIRECTION('',(0.54911810472,0.,0.835744761915));
#1569 = DIRECTION('',(0.835744761915,0.,-0.54911810472));
#1570 = DEFINITIONAL_REPRESENTATION('',(#1571),#1574);
#1571 = B_SPLINE_CURVE_WITH_KNOTS('',1,(#1572,#1573),.UNSPECIFIED.,.F.,
  .F.,(2,2),(0.7999994,6.4000006),.PIECEWISE_BEZIER_KNOTS.);
#1572 = CARTESIAN_POINT('',(0.108487304099,-5.4000006));
#1573 = CARTESIAN_POINT('',(0.108487304099,0.2000006));
#1574 = ( GEOMETRIC_REPRESENTATION_CONTEXT(2) 
PARAMETRIC_REPRESENTATION_CONTEXT() REPRESENTATION_CONTEXT('2D SPACE',''
  ) );
#1575 = ORIENTED_EDGE('',*,*,#1576,.F.);
#1576 = EDGE_CURVE('',#1577,#1549,#1579,.T.);
#1577 = VERTEX_POINT('',#1578);
#1578 = CARTESIAN_POINT('',(-116.7877030121,36.2,49.945401064907));
#1579 = SURFACE_CURVE('',#1580,(#1585,#1592),.PCURVE_S1.);
#1580 = CIRCLE('',#1581,9.4);
#1581 = AXIS2_PLACEMENT_3D('',#1582,#1583,#1584);
#1582 = CARTESIAN_POINT('',(-123.,36.2,57.));
#1583 = DIRECTION('',(0.,1.,0.));
#1584 = DIRECTION('',(0.,-0.,1.));
#1585 = PCURVE('',#31,#1586);
#1586 = DEFINITIONAL_REPRESENTATION('',(#1587),#1591);
#1587 = LINE('',#1588,#1589);
#1588 = CARTESIAN_POINT('',(0.,1.));
#1589 = VECTOR('',#1590,1.);
#1590 = DIRECTION('',(1.,0.));
#1591 = ( GEOMETRIC_REPRESENTATION_CONTEXT(2) 
PARAMETRIC_REPRESENTATION_CONTEXT() REPRESENTATION_CONTEXT('2D SPACE',''
  ) );
#1592 = PCURVE('',#1593,#1598);
#1593 = PLANE('',#1594);
#1594 = AXIS2_PLACEMENT_3D('',#1595,#1596,#1597);
#1595 = CARTESIAN_POINT('',(-123.,36.2,57.));
#1596 = DIRECTION('',(-0.,-1.,-0.));
#1597 = DIRECTION('',(0.,0.,-1.));
#1598 = DEFINITIONAL_REPRESENTATION('',(#1599),#1607);
#1599 = ( BOUNDED_CURVE() B_SPLINE_CURVE(2,(#1600,#1601,#1602,#1603,
#1604,#1605,#1606),.UNSPECIFIED.,.T.,.F.) B_SPLINE_CURVE_WITH_KNOTS((1,2
    ,2,2,2,1),(-2.094395102393,0.,2.094395102393,4.188790204786,
6.28318530718,8.377580409573),.UNSPECIFIED.) CURVE() 
GEOMETRIC_REPRESENTATION_ITEM() RATIONAL_B_SPLINE_CURVE((1.,0.5,1.,0.5,
1.,0.5,1.)) REPRESENTATION_ITEM('') );
#1600 = CARTESIAN_POINT('',(-9.4,-2.84217094304E-14));
#1601 = CARTESIAN_POINT('',(-9.4,16.281277591147));
#1602 = CARTESIAN_POINT('',(4.7,8.140638795574));
#1603 = CARTESIAN_POINT('',(18.8,-2.611937344801E-14));
#1604 = CARTESIAN_POINT('',(4.7,-8.140638795574));
#1605 = CARTESIAN_POINT('',(-9.4,-16.28127759114));
#1606 = CARTESIAN_POINT('',(-9.4,-2.84217094304E-14));
#1607 = ( GEOMETRIC_REPRESENTATION_CONTEXT(2) 
PARAMETRIC_REPRESENTATION_CONTEXT() REPRESENTATION_CONTEXT('2D SPACE',''
  ) );
#1608 = ORIENTED_EDGE('',*,*,#1609,.T.);
#1609 = EDGE_CURVE('',#1577,#1610,#1612,.T.);
#1610 = VERTEX_POINT('',#1611);
#1611 = CARTESIAN_POINT('',(-116.7877030121,41.4,49.945401064907));
#1612 = SURFACE_CURVE('',#1613,(#1617,#1623),.PCURVE_S1.);
#1613 = LINE('',#1614,#1615);
#1614 = CARTESIAN_POINT('',(-116.7877030121,35.2,49.945401064907));
#1615 = VECTOR('',#1616,1.);
#1616 = DIRECTION('',(0.,1.,0.));
#1617 = PCURVE('',#31,#1618);
#1618 = DEFINITIONAL_REPRESENTATION('',(#1619),#1622);
#1619 = B_SPLINE_CURVE_WITH_KNOTS('',1,(#1620,#1621),.UNSPECIFIED.,.F.,
  .F.,(2,2),(0.7999994,6.4000006),.PIECEWISE_BEZIER_KNOTS.);
#1620 = CARTESIAN_POINT('',(2.419598390367,0.7999994));
#1621 = CARTESIAN_POINT('',(2.419598390367,6.4000006));
#1622 = ( GEOMETRIC_REPRESENTATION_CONTEXT(2) 
PARAMETRIC_REPRESENTATION_CONTEXT() REPRESENTATION_CONTEXT('2D SPACE',''
  ) );
#1623 = PCURVE('',#1624,#1629);
#1624 = PLANE('',#1625);
#1625 = AXIS2_PLACEMENT_3D('',#1626,#1627,#1628);
#1626 = CARTESIAN_POINT('',(-116.5804839743,41.4,49.332548402714));
#1627 = DIRECTION('',(-0.947313569302,-0.,-0.320307666807));
#1628 = DIRECTION('',(-0.320307666807,0.,0.947313569302));
#1629 = DEFINITIONAL_REPRESENTATION('',(#1630),#1633);
#1630 = B_SPLINE_CURVE_WITH_KNOTS('',1,(#1631,#1632),.UNSPECIFIED.,.F.,
  .F.,(2,2),(0.7999994,6.4000006),.PIECEWISE_BEZIER_KNOTS.);
#1631 = CARTESIAN_POINT('',(0.646937489394,-5.4000006));
#1632 = CARTESIAN_POINT('',(0.646937489394,0.2000006));
#1633 = ( GEOMETRIC_REPRESENTATION_CONTEXT(2) 
PARAMETRIC_REPRESENTATION_CONTEXT() REPRESENTATION_CONTEXT('2D SPACE',''
  ) );
#1634 = ORIENTED_EDGE('',*,*,#1635,.T.);
#1635 = EDGE_CURVE('',#1610,#1551,#1636,.T.);
#1636 = SURFACE_CURVE('',#1637,(#1642,#1649),.PCURVE_S1.);
#1637 = CIRCLE('',#1638,9.4);
#1638 = AXIS2_PLACEMENT_3D('',#1639,#1640,#1641);
#1639 = CARTESIAN_POINT('',(-123.,41.4,57.));
#1640 = DIRECTION('',(0.,1.,0.));
#1641 = DIRECTION('',(0.,-0.,1.));
#1642 = PCURVE('',#31,#1643);
#1643 = DEFINITIONAL_REPRESENTATION('',(#1644),#1648);
#1644 = LINE('',#1645,#1646);
#1645 = CARTESIAN_POINT('',(0.,6.2));
#1646 = VECTOR('',#1647,1.);
#1647 = DIRECTION('',(1.,0.));
#1648 = ( GEOMETRIC_REPRESENTATION_CONTEXT(2) 
PARAMETRIC_REPRESENTATION_CONTEXT() REPRESENTATION_CONTEXT('2D SPACE',''
  ) );
#1649 = PCURVE('',#1650,#1655);
#1650 = PLANE('',#1651);
#1651 = AXIS2_PLACEMENT_3D('',#1652,#1653,#1654);
#1652 = CARTESIAN_POINT('',(-123.,41.4,57.));
#1653 = DIRECTION('',(-0.,-1.,-0.));
#1654 = DIRECTION('',(0.,0.,-1.));
#1655 = DEFINITIONAL_REPRESENTATION('',(#1656),#1664);
#1656 = ( BOUNDED_CURVE() B_SPLINE_CURVE(2,(#1657,#1658,#1659,#1660,
#1661,#1662,#1663),.UNSPECIFIED.,.T.,.F.) B_SPLINE_CURVE_WITH_KNOTS((1,2
    ,2,2,2,1),(-2.094395102393,0.,2.094395102393,4.188790204786,
6.28318530718,8.377580409573),.UNSPECIFIED.) CURVE() 
GEOMETRIC_REPRESENTATION_ITEM() RATIONAL_B_SPLINE_CURVE((1.,0.5,1.,0.5,
1.,0.5,1.)) REPRESENTATION_ITEM('') );
#1657 = CARTESIAN_POINT('',(-9.4,-2.84217094304E-14));
#1658 = CARTESIAN_POINT('',(-9.4,16.281277591147));
#1659 = CARTESIAN_POINT('',(4.7,8.140638795574));
#1660 = CARTESIAN_POINT('',(18.8,-2.611937344801E-14));
#1661 = CARTESIAN_POINT('',(4.7,-8.140638795574));
#1662 = CARTESIAN_POINT('',(-9.4,-16.28127759114));
#1663 = CARTESIAN_POINT('',(-9.4,-2.84217094304E-14));
#1664 = ( GEOMETRIC_REPRESENTATION_CONTEXT(2) 
PARAMETRIC_REPRESENTATION_CONTEXT() REPRESENTATION_CONTEXT('2D SPACE',''
  ) );
#1665 = FACE_BOUND('',#1666,.T.);
#1666 = EDGE_LOOP('',(#1667,#1695,#1728,#1754));
#1667 = ORIENTED_EDGE('',*,*,#1668,.F.);
#1668 = EDGE_CURVE('',#1669,#1671,#1673,.T.);
#1669 = VERTEX_POINT('',#1670);
#1670 = CARTESIAN_POINT('',(-119.3637405247,36.2,48.331804280659));
#1671 = VERTEX_POINT('',#1672);
#1672 = CARTESIAN_POINT('',(-119.3637405247,41.4,48.331804280659));
#1673 = SURFACE_CURVE('',#1674,(#1678,#1684),.PCURVE_S1.);
#1674 = LINE('',#1675,#1676);
#1675 = CARTESIAN_POINT('',(-119.3637405247,35.2,48.331804280659));
#1676 = VECTOR('',#1677,1.);
#1677 = DIRECTION('',(0.,1.,0.));
#1678 = PCURVE('',#31,#1679);
#1679 = DEFINITIONAL_REPRESENTATION('',(#1680),#1683);
#1680 = B_SPLINE_CURVE_WITH_KNOTS('',1,(#1681,#1682),.UNSPECIFIED.,.F.,
  .F.,(2,2),(0.7999994,6.4000006),.PIECEWISE_BEZIER_KNOTS.);
#1681 = CARTESIAN_POINT('',(2.744394533971,0.7999994));
#1682 = CARTESIAN_POINT('',(2.744394533971,6.4000006));
#1683 = ( GEOMETRIC_REPRESENTATION_CONTEXT(2) 
PARAMETRIC_REPRESENTATION_CONTEXT() REPRESENTATION_CONTEXT('2D SPACE',''
  ) );
#1684 = PCURVE('',#1685,#1690);
#1685 = PLANE('',#1686);
#1686 = AXIS2_PLACEMENT_3D('',#1687,#1688,#1689);
#1687 = CARTESIAN_POINT('',(-119.441044079,41.4,48.407920347645));
#1688 = DIRECTION('',(0.701612669037,0.,0.712558532786));
#1689 = DIRECTION('',(0.712558532786,0.,-0.701612669037));
#1690 = DEFINITIONAL_REPRESENTATION('',(#1691),#1694);
#1691 = B_SPLINE_CURVE_WITH_KNOTS('',1,(#1692,#1693),.UNSPECIFIED.,.F.,
  .F.,(2,2),(0.7999994,6.4000006),.PIECEWISE_BEZIER_KNOTS.);
#1692 = CARTESIAN_POINT('',(0.108487304099,-5.4000006));
#1693 = CARTESIAN_POINT('',(0.108487304099,0.2000006));
#1694 = ( GEOMETRIC_REPRESENTATION_CONTEXT(2) 
PARAMETRIC_REPRESENTATION_CONTEXT() REPRESENTATION_CONTEXT('2D SPACE',''
  ) );
#1695 = ORIENTED_EDGE('',*,*,#1696,.F.);
#1696 = EDGE_CURVE('',#1697,#1669,#1699,.T.);
#1697 = VERTEX_POINT('',#1698);
#1698 = CARTESIAN_POINT('',(-118.2833545347,36.2,48.868994185497));
#1699 = SURFACE_CURVE('',#1700,(#1705,#1712),.PCURVE_S1.);
#1700 = CIRCLE('',#1701,9.4);
#1701 = AXIS2_PLACEMENT_3D('',#1702,#1703,#1704);
#1702 = CARTESIAN_POINT('',(-123.,36.2,57.));
#1703 = DIRECTION('',(0.,1.,0.));
#1704 = DIRECTION('',(0.,-0.,1.));
#1705 = PCURVE('',#31,#1706);
#1706 = DEFINITIONAL_REPRESENTATION('',(#1707),#1711);
#1707 = LINE('',#1708,#1709);
#1708 = CARTESIAN_POINT('',(0.,1.));
#1709 = VECTOR('',#1710,1.);
#1710 = DIRECTION('',(1.,0.));
#1711 = ( GEOMETRIC_REPRESENTATION_CONTEXT(2) 
PARAMETRIC_REPRESENTATION_CONTEXT() REPRESENTATION_CONTEXT('2D SPACE',''
  ) );
#1712 = PCURVE('',#1713,#1718);
#1713 = PLANE('',#1714);
#1714 = AXIS2_PLACEMENT_3D('',#1715,#1716,#1717);
#1715 = CARTESIAN_POINT('',(-123.,36.2,57.));
#1716 = DIRECTION('',(-0.,-1.,-0.));
#1717 = DIRECTION('',(0.,0.,-1.));
#1718 = DEFINITIONAL_REPRESENTATION('',(#1719),#1727);
#1719 = ( BOUNDED_CURVE() B_SPLINE_CURVE(2,(#1720,#1721,#1722,#1723,
#1724,#1725,#1726),.UNSPECIFIED.,.T.,.F.) B_SPLINE_CURVE_WITH_KNOTS((1,2
    ,2,2,2,1),(-2.094395102393,0.,2.094395102393,4.188790204786,
6.28318530718,8.377580409573),.UNSPECIFIED.) CURVE() 
GEOMETRIC_REPRESENTATION_ITEM() RATIONAL_B_SPLINE_CURVE((1.,0.5,1.,0.5,
1.,0.5,1.)) REPRESENTATION_ITEM('') );
#1720 = CARTESIAN_POINT('',(-9.4,-2.84217094304E-14));
#1721 = CARTESIAN_POINT('',(-9.4,16.281277591147));
#1722 = CARTESIAN_POINT('',(4.7,8.140638795574));
#1723 = CARTESIAN_POINT('',(18.8,-2.611937344801E-14));
#1724 = CARTESIAN_POINT('',(4.7,-8.140638795574));
#1725 = CARTESIAN_POINT('',(-9.4,-16.28127759114));
#1726 = CARTESIAN_POINT('',(-9.4,-2.84217094304E-14));
#1727 = ( GEOMETRIC_REPRESENTATION_CONTEXT(2) 
PARAMETRIC_REPRESENTATION_CONTEXT() REPRESENTATION_CONTEXT('2D SPACE',''
  ) );
#1728 = ORIENTED_EDGE('',*,*,#1729,.T.);
#1729 = EDGE_CURVE('',#1697,#1730,#1732,.T.);
#1730 = VERTEX_POINT('',#1731);
#1731 = CARTESIAN_POINT('',(-118.2833545347,41.4,48.868994185497));
#1732 = SURFACE_CURVE('',#1733,(#1737,#1743),.PCURVE_S1.);
#1733 = LINE('',#1734,#1735);
#1734 = CARTESIAN_POINT('',(-118.2833545347,35.2,48.868994185498));
#1735 = VECTOR('',#1736,1.);
#1736 = DIRECTION('',(0.,1.,0.));
#1737 = PCURVE('',#31,#1738);
#1738 = DEFINITIONAL_REPRESENTATION('',(#1739),#1742);
#1739 = B_SPLINE_CURVE_WITH_KNOTS('',1,(#1740,#1741),.UNSPECIFIED.,.F.,
  .F.,(2,2),(0.7999994,6.4000006),.PIECEWISE_BEZIER_KNOTS.);
#1740 = CARTESIAN_POINT('',(2.615947931216,0.7999994));
#1741 = CARTESIAN_POINT('',(2.615947931216,6.4000006));
#1742 = ( GEOMETRIC_REPRESENTATION_CONTEXT(2) 
PARAMETRIC_REPRESENTATION_CONTEXT() REPRESENTATION_CONTEXT('2D SPACE',''
  ) );
#1743 = PCURVE('',#1744,#1749);
#1744 = PLANE('',#1745);
#1745 = AXIS2_PLACEMENT_3D('',#1746,#1747,#1748);
#1746 = CARTESIAN_POINT('',(-118.1996787759,41.4,48.227490886551));
#1747 = DIRECTION('',(-0.99160013056,-0.,-0.129341335519));
#1748 = DIRECTION('',(-0.129341335519,0.,0.99160013056));
#1749 = DEFINITIONAL_REPRESENTATION('',(#1750),#1753);
#1750 = B_SPLINE_CURVE_WITH_KNOTS('',1,(#1751,#1752),.UNSPECIFIED.,.F.,
  .F.,(2,2),(0.7999994,6.4000006),.PIECEWISE_BEZIER_KNOTS.);
#1751 = CARTESIAN_POINT('',(0.646937489394,-5.4000006));
#1752 = CARTESIAN_POINT('',(0.646937489394,0.2000006));
#1753 = ( GEOMETRIC_REPRESENTATION_CONTEXT(2) 
PARAMETRIC_REPRESENTATION_CONTEXT() REPRESENTATION_CONTEXT('2D SPACE',''
  ) );
#1754 = ORIENTED_EDGE('',*,*,#1755,.T.);
#1755 = EDGE_CURVE('',#1730,#1671,#1756,.T.);
#1756 = SURFACE_CURVE('',#1757,(#1762,#1769),.PCURVE_S1.);
#1757 = CIRCLE('',#1758,9.4);
#1758 = AXIS2_PLACEMENT_3D('',#1759,#1760,#1761);
#1759 = CARTESIAN_POINT('',(-123.,41.4,57.));
#1760 = DIRECTION('',(0.,1.,0.));
#1761 = DIRECTION('',(0.,-0.,1.));
#1762 = PCURVE('',#31,#1763);
#1763 = DEFINITIONAL_REPRESENTATION('',(#1764),#1768);
#1764 = LINE('',#1765,#1766);
#1765 = CARTESIAN_POINT('',(0.,6.2));
#1766 = VECTOR('',#1767,1.);
#1767 = DIRECTION('',(1.,0.));
#1768 = ( GEOMETRIC_REPRESENTATION_CONTEXT(2) 
PARAMETRIC_REPRESENTATION_CONTEXT() REPRESENTATION_CONTEXT('2D SPACE',''
  ) );
#1769 = PCURVE('',#1770,#1775);
#1770 = PLANE('',#1771);
#1771 = AXIS2_PLACEMENT_3D('',#1772,#1773,#1774);
#1772 = CARTESIAN_POINT('',(-123.,41.4,57.));
#1773 = DIRECTION('',(-0.,-1.,-0.));
#1774 = DIRECTION('',(0.,0.,-1.));
#1775 = DEFINITIONAL_REPRESENTATION('',(#1776),#1784);
#1776 = ( BOUNDED_CURVE() B_SPLINE_CURVE(2,(#1777,#1778,#1779,#1780,
#1781,#1782,#1783),.UNSPECIFIED.,.T.,.F.) B_SPLINE_CURVE_WITH_KNOTS((1,2
    ,2,2,2,1),(-2.094395102393,0.,2.094395102393,4.188790204786,
6.28318530718,8.377580409573),.UNSPECIFIED.) CURVE() 
GEOMETRIC_REPRESENTATION_ITEM() RATIONAL_B_SPLINE_CURVE((1.,0.5,1.,0.5,
1.,0.5,1.)) REPRESENTATION_ITEM('') );
#1777 = CARTESIAN_POINT('',(-9.4,-2.84217094304E-14));
#1778 = CARTESIAN_POINT('',(-9.4,16.281277591147));
#1779 = CARTESIAN_POINT('',(4.7,8.140638795574));
#1780 = CARTESIAN_POINT('',(18.8,-2.611937344801E-14));
#1781 = CARTESIAN_POINT('',(4.7,-8.140638795574));
#1782 = CARTESIAN_POINT('',(-9.4,-16.28127759114));
#1783 = CARTESIAN_POINT('',(-9.4,-2.84217094304E-14));
#1784 = ( GEOMETRIC_REPRESENTATION_CONTEXT(2) 
PARAMETRIC_REPRESENTATION_CONTEXT() REPRESENTATION_CONTEXT('2D SPACE',''
  ) );
#1785 = FACE_BOUND('',#1786,.T.);
#1786 = EDGE_LOOP('',(#1787,#1815,#1848,#1874));
#1787 = ORIENTED_EDGE('',*,*,#1788,.F.);
#1788 = EDGE_CURVE('',#1789,#1791,#1793,.T.);
#1789 = VERTEX_POINT('',#1790);
#1790 = CARTESIAN_POINT('',(-121.1246913251,36.2,47.78896219886));
#1791 = VERTEX_POINT('',#1792);
#1792 = CARTESIAN_POINT('',(-121.1246913251,41.4,47.78896219886));
#1793 = SURFACE_CURVE('',#1794,(#1798,#1804),.PCURVE_S1.);
#1794 = LINE('',#1795,#1796);
#1795 = CARTESIAN_POINT('',(-121.1246913251,35.2,47.788962198859));
#1796 = VECTOR('',#1797,1.);
#1797 = DIRECTION('',(0.,1.,0.));
#1798 = PCURVE('',#31,#1799);
#1799 = DEFINITIONAL_REPRESENTATION('',(#1800),#1803);
#1800 = B_SPLINE_CURVE_WITH_KNOTS('',1,(#1801,#1802),.UNSPECIFIED.,.F.,
  .F.,(2,2),(0.7999994,6.4000006),.PIECEWISE_BEZIER_KNOTS.);
#1801 = CARTESIAN_POINT('',(2.940744074821,0.7999994));
#1802 = CARTESIAN_POINT('',(2.940744074821,6.4000006));
#1803 = ( GEOMETRIC_REPRESENTATION_CONTEXT(2) 
PARAMETRIC_REPRESENTATION_CONTEXT() REPRESENTATION_CONTEXT('2D SPACE',''
  ) );
#1804 = PCURVE('',#1805,#1810);
#1805 = PLANE('',#1806);
#1806 = AXIS2_PLACEMENT_3D('',#1807,#1808,#1809);
#1807 = CARTESIAN_POINT('',(-121.1856600052,41.4,47.87869689225));
#1808 = DIRECTION('',(0.827144651953,0.,0.561989078849));
#1809 = DIRECTION('',(0.561989078849,0.,-0.827144651953));
#1810 = DEFINITIONAL_REPRESENTATION('',(#1811),#1814);
#1811 = B_SPLINE_CURVE_WITH_KNOTS('',1,(#1812,#1813),.UNSPECIFIED.,.F.,
  .F.,(2,2),(0.7999994,6.4000006),.PIECEWISE_BEZIER_KNOTS.);
#1812 = CARTESIAN_POINT('',(0.108487304099,-5.4000006));
#1813 = CARTESIAN_POINT('',(0.108487304099,0.2000006));
#1814 = ( GEOMETRIC_REPRESENTATION_CONTEXT(2) 
PARAMETRIC_REPRESENTATION_CONTEXT() REPRESENTATION_CONTEXT('2D SPACE',''
  ) );
#1815 = ORIENTED_EDGE('',*,*,#1816,.F.);
#1816 = EDGE_CURVE('',#1817,#1789,#1819,.T.);
#1817 = VERTEX_POINT('',#1818);
#1818 = CARTESIAN_POINT('',(-119.9602640975,36.2,48.105057299618));
#1819 = SURFACE_CURVE('',#1820,(#1825,#1832),.PCURVE_S1.);
#1820 = CIRCLE('',#1821,9.4);
#1821 = AXIS2_PLACEMENT_3D('',#1822,#1823,#1824);
#1822 = CARTESIAN_POINT('',(-123.,36.2,57.));
#1823 = DIRECTION('',(0.,1.,0.));
#1824 = DIRECTION('',(0.,-0.,1.));
#1825 = PCURVE('',#31,#1826);
#1826 = DEFINITIONAL_REPRESENTATION('',(#1827),#1831);
#1827 = LINE('',#1828,#1829);
#1828 = CARTESIAN_POINT('',(0.,1.));
#1829 = VECTOR('',#1830,1.);
#1830 = DIRECTION('',(1.,0.));
#1831 = ( GEOMETRIC_REPRESENTATION_CONTEXT(2) 
PARAMETRIC_REPRESENTATION_CONTEXT() REPRESENTATION_CONTEXT('2D SPACE',''
  ) );
#1832 = PCURVE('',#1833,#1838);
#1833 = PLANE('',#1834);
#1834 = AXIS2_PLACEMENT_3D('',#1835,#1836,#1837);
#1835 = CARTESIAN_POINT('',(-123.,36.2,57.));
#1836 = DIRECTION('',(-0.,-1.,-0.));
#1837 = DIRECTION('',(0.,0.,-1.));
#1838 = DEFINITIONAL_REPRESENTATION('',(#1839),#1847);
#1839 = ( BOUNDED_CURVE() B_SPLINE_CURVE(2,(#1840,#1841,#1842,#1843,
#1844,#1845,#1846),.UNSPECIFIED.,.T.,.F.) B_SPLINE_CURVE_WITH_KNOTS((1,2
    ,2,2,2,1),(-2.094395102393,0.,2.094395102393,4.188790204786,
6.28318530718,8.377580409573),.UNSPECIFIED.) CURVE() 
GEOMETRIC_REPRESENTATION_ITEM() RATIONAL_B_SPLINE_CURVE((1.,0.5,1.,0.5,
1.,0.5,1.)) REPRESENTATION_ITEM('') );
#1840 = CARTESIAN_POINT('',(-9.4,-2.84217094304E-14));
#1841 = CARTESIAN_POINT('',(-9.4,16.281277591147));
#1842 = CARTESIAN_POINT('',(4.7,8.140638795574));
#1843 = CARTESIAN_POINT('',(18.8,-2.611937344801E-14));
#1844 = CARTESIAN_POINT('',(4.7,-8.140638795574));
#1845 = CARTESIAN_POINT('',(-9.4,-16.28127759114));
#1846 = CARTESIAN_POINT('',(-9.4,-2.84217094304E-14));
#1847 = ( GEOMETRIC_REPRESENTATION_CONTEXT(2) 
PARAMETRIC_REPRESENTATION_CONTEXT() REPRESENTATION_CONTEXT('2D SPACE',''
  ) );
#1848 = ORIENTED_EDGE('',*,*,#1849,.T.);
#1849 = EDGE_CURVE('',#1817,#1850,#1852,.T.);
#1850 = VERTEX_POINT('',#1851);
#1851 = CARTESIAN_POINT('',(-119.9602640975,41.4,48.105057299618));
#1852 = SURFACE_CURVE('',#1853,(#1857,#1863),.PCURVE_S1.);
#1853 = LINE('',#1854,#1855);
#1854 = CARTESIAN_POINT('',(-119.9602640975,35.2,48.105057299618));
#1855 = VECTOR('',#1856,1.);
#1856 = DIRECTION('',(0.,1.,0.));
#1857 = PCURVE('',#31,#1858);
#1858 = DEFINITIONAL_REPRESENTATION('',(#1859),#1862);
#1859 = B_SPLINE_CURVE_WITH_KNOTS('',1,(#1860,#1861),.UNSPECIFIED.,.F.,
  .F.,(2,2),(0.7999994,6.4000006),.PIECEWISE_BEZIER_KNOTS.);
#1860 = CARTESIAN_POINT('',(2.812297472066,0.7999994));
#1861 = CARTESIAN_POINT('',(2.812297472066,6.4000006));
#1862 = ( GEOMETRIC_REPRESENTATION_CONTEXT(2) 
PARAMETRIC_REPRESENTATION_CONTEXT() REPRESENTATION_CONTEXT('2D SPACE',''
  ) );
#1863 = PCURVE('',#1864,#1869);
#1864 = PLANE('',#1865);
#1865 = AXIS2_PLACEMENT_3D('',#1866,#1867,#1868);
#1866 = CARTESIAN_POINT('',(-120.00334723,41.4,47.459555975937));
#1867 = DIRECTION('',(-0.997780054895,0.,6.659551075701E-02));
#1868 = DIRECTION('',(6.659551075701E-02,0.,0.997780054895));
#1869 = DEFINITIONAL_REPRESENTATION('',(#1870),#1873);
#1870 = B_SPLINE_CURVE_WITH_KNOTS('',1,(#1871,#1872),.UNSPECIFIED.,.F.,
  .F.,(2,2),(0.7999994,6.4000006),.PIECEWISE_BEZIER_KNOTS.);
#1871 = CARTESIAN_POINT('',(0.646937489394,-5.4000006));
#1872 = CARTESIAN_POINT('',(0.646937489394,0.2000006));
#1873 = ( GEOMETRIC_REPRESENTATION_CONTEXT(2) 
PARAMETRIC_REPRESENTATION_CONTEXT() REPRESENTATION_CONTEXT('2D SPACE',''
  ) );
#1874 = ORIENTED_EDGE('',*,*,#1875,.T.);
#1875 = EDGE_CURVE('',#1850,#1791,#1876,.T.);
#1876 = SURFACE_CURVE('',#1877,(#1882,#1889),.PCURVE_S1.);
#1877 = CIRCLE('',#1878,9.4);
#1878 = AXIS2_PLACEMENT_3D('',#1879,#1880,#1881);
#1879 = CARTESIAN_POINT('',(-123.,41.4,57.));
#1880 = DIRECTION('',(0.,1.,0.));
#1881 = DIRECTION('',(0.,-0.,1.));
#1882 = PCURVE('',#31,#1883);
#1883 = DEFINITIONAL_REPRESENTATION('',(#1884),#1888);
#1884 = LINE('',#1885,#1886);
#1885 = CARTESIAN_POINT('',(0.,6.2));
#1886 = VECTOR('',#1887,1.);
#1887 = DIRECTION('',(1.,0.));
#1888 = ( GEOMETRIC_REPRESENTATION_CONTEXT(2) 
PARAMETRIC_REPRESENTATION_CONTEXT() REPRESENTATION_CONTEXT('2D SPACE',''
  ) );
#1889 = PCURVE('',#1890,#1895);
#1890 = PLANE('',#1891);
#1891 = AXIS2_PLACEMENT_3D('',#1892,#1893,#1894);
#1892 = CARTESIAN_POINT('',(-123.,41.4,57.));
#1893 = DIRECTION('',(-0.,-1.,-0.));
#1894 = DIRECTION('',(0.,0.,-1.));
#1895 = DEFINITIONAL_REPRESENTATION('',(#1896),#1904);
#1896 = ( BOUNDED_CURVE() B_SPLINE_CURVE(2,(#1897,#1898,#1899,#1900,
#1901,#1902,#1903),.UNSPECIFIED.,.T.,.F.) B_SPLINE_CURVE_WITH_KNOTS((1,2
    ,2,2,2,1),(-2.094395102393,0.,2.094395102393,4.188790204786,
6.28318530718,8.377580409573),.UNSPECIFIED.) CURVE() 
GEOMETRIC_REPRESENTATION_ITEM() RATIONAL_B_SPLINE_CURVE((1.,0.5,1.,0.5,
1.,0.5,1.)) REPRESENTATION_ITEM('') );
#1897 = CARTESIAN_POINT('',(-9.4,-2.84217094304E-14));
#1898 = CARTESIAN_POINT('',(-9.4,16.281277591147));
#1899 = CARTESIAN_POINT('',(4.7,8.140638795574));
#1900 = CARTESIAN_POINT('',(18.8,-2.611937344801E-14));
#1901 = CARTESIAN_POINT('',(4.7,-8.140638795574));
#1902 = CARTESIAN_POINT('',(-9.4,-16.28127759114));
#1903 = CARTESIAN_POINT('',(-9.4,-2.84217094304E-14));
#1904 = ( GEOMETRIC_REPRESENTATION_CONTEXT(2) 
PARAMETRIC_REPRESENTATION_CONTEXT() REPRESENTATION_CONTEXT('2D SPACE',''
  ) );
#1905 = FACE_BOUND('',#1906,.T.);
#1906 = EDGE_LOOP('',(#1907,#1935,#1968,#1994));
#1907 = ORIENTED_EDGE('',*,*,#1908,.F.);
#1908 = EDGE_CURVE('',#1909,#1911,#1913,.T.);
#1909 = VERTEX_POINT('',#1910);
#1910 = CARTESIAN_POINT('',(-122.9577091862,36.2,47.600095134148));
#1911 = VERTEX_POINT('',#1912);
#1912 = CARTESIAN_POINT('',(-122.9577091862,41.4,47.600095134148));
#1913 = SURFACE_CURVE('',#1914,(#1918,#1924),.PCURVE_S1.);
#1914 = LINE('',#1915,#1916);
#1915 = CARTESIAN_POINT('',(-122.9577091862,35.2,47.600095134148));
#1916 = VECTOR('',#1917,1.);
#1917 = DIRECTION('',(0.,1.,0.));
#1918 = PCURVE('',#31,#1919);
#1919 = DEFINITIONAL_REPRESENTATION('',(#1920),#1923);
#1920 = B_SPLINE_CURVE_WITH_KNOTS('',1,(#1921,#1922),.UNSPECIFIED.,.F.,
  .F.,(2,2),(0.7999994,6.4000006),.PIECEWISE_BEZIER_KNOTS.);
#1921 = CARTESIAN_POINT('',(3.13709361567,0.7999994));
#1922 = CARTESIAN_POINT('',(3.13709361567,6.4000006));
#1923 = ( GEOMETRIC_REPRESENTATION_CONTEXT(2) 
PARAMETRIC_REPRESENTATION_CONTEXT() REPRESENTATION_CONTEXT('2D SPACE',''
  ) );
#1924 = PCURVE('',#1925,#1930);
#1925 = PLANE('',#1926);
#1926 = AXIS2_PLACEMENT_3D('',#1927,#1928,#1929);
#1927 = CARTESIAN_POINT('',(-123.,41.4,47.7));
#1928 = DIRECTION('',(0.920889929762,0.,0.389822699779));
#1929 = DIRECTION('',(0.389822699779,0.,-0.920889929762));
#1930 = DEFINITIONAL_REPRESENTATION('',(#1931),#1934);
#1931 = B_SPLINE_CURVE_WITH_KNOTS('',1,(#1932,#1933),.UNSPECIFIED.,.F.,
  .F.,(2,2),(0.7999994,6.4000006),.PIECEWISE_BEZIER_KNOTS.);
#1932 = CARTESIAN_POINT('',(0.108487304099,-5.4000006));
#1933 = CARTESIAN_POINT('',(0.108487304099,0.2000006));
#1934 = ( GEOMETRIC_REPRESENTATION_CONTEXT(2) 
PARAMETRIC_REPRESENTATION_CONTEXT() REPRESENTATION_CONTEXT('2D SPACE',''
  ) );
#1935 = ORIENTED_EDGE('',*,*,#1936,.F.);
#1936 = EDGE_CURVE('',#1937,#1909,#1939,.T.);
#1937 = VERTEX_POINT('',#1938);
#1938 = CARTESIAN_POINT('',(-121.7539890062,36.2,47.682948073374));
#1939 = SURFACE_CURVE('',#1940,(#1945,#1952),.PCURVE_S1.);
#1940 = CIRCLE('',#1941,9.4);
#1941 = AXIS2_PLACEMENT_3D('',#1942,#1943,#1944);
#1942 = CARTESIAN_POINT('',(-123.,36.2,57.));
#1943 = DIRECTION('',(0.,1.,0.));
#1944 = DIRECTION('',(0.,-0.,1.));
#1945 = PCURVE('',#31,#1946);
#1946 = DEFINITIONAL_REPRESENTATION('',(#1947),#1951);
#1947 = LINE('',#1948,#1949);
#1948 = CARTESIAN_POINT('',(0.,1.));
#1949 = VECTOR('',#1950,1.);
#1950 = DIRECTION('',(1.,0.));
#1951 = ( GEOMETRIC_REPRESENTATION_CONTEXT(2) 
PARAMETRIC_REPRESENTATION_CONTEXT() REPRESENTATION_CONTEXT('2D SPACE',''
  ) );
#1952 = PCURVE('',#1953,#1958);
#1953 = PLANE('',#1954);
#1954 = AXIS2_PLACEMENT_3D('',#1955,#1956,#1957);
#1955 = CARTESIAN_POINT('',(-123.,36.2,57.));
#1956 = DIRECTION('',(-0.,-1.,-0.));
#1957 = DIRECTION('',(0.,0.,-1.));
#1958 = DEFINITIONAL_REPRESENTATION('',(#1959),#1967);
#1959 = ( BOUNDED_CURVE() B_SPLINE_CURVE(2,(#1960,#1961,#1962,#1963,
#1964,#1965,#1966),.UNSPECIFIED.,.T.,.F.) B_SPLINE_CURVE_WITH_KNOTS((1,2
    ,2,2,2,1),(-2.094395102393,0.,2.094395102393,4.188790204786,
6.28318530718,8.377580409573),.UNSPECIFIED.) CURVE() 
GEOMETRIC_REPRESENTATION_ITEM() RATIONAL_B_SPLINE_CURVE((1.,0.5,1.,0.5,
1.,0.5,1.)) REPRESENTATION_ITEM('') );
#1960 = CARTESIAN_POINT('',(-9.4,-2.84217094304E-14));
#1961 = CARTESIAN_POINT('',(-9.4,16.281277591147));
#1962 = CARTESIAN_POINT('',(4.7,8.140638795574));
#1963 = CARTESIAN_POINT('',(18.8,-2.611937344801E-14));
#1964 = CARTESIAN_POINT('',(4.7,-8.140638795574));
#1965 = CARTESIAN_POINT('',(-9.4,-16.28127759114));
#1966 = CARTESIAN_POINT('',(-9.4,-2.84217094304E-14));
#1967 = ( GEOMETRIC_REPRESENTATION_CONTEXT(2) 
PARAMETRIC_REPRESENTATION_CONTEXT() REPRESENTATION_CONTEXT('2D SPACE',''
  ) );
#1968 = ORIENTED_EDGE('',*,*,#1969,.T.);
#1969 = EDGE_CURVE('',#1937,#1970,#1972,.T.);
#1970 = VERTEX_POINT('',#1971);
#1971 = CARTESIAN_POINT('',(-121.7539890062,41.4,47.682948073374));
#1972 = SURFACE_CURVE('',#1973,(#1977,#1983),.PCURVE_S1.);
#1973 = LINE('',#1974,#1975);
#1974 = CARTESIAN_POINT('',(-121.7539890062,35.2,47.682948073373));
#1975 = VECTOR('',#1976,1.);
#1976 = DIRECTION('',(0.,1.,0.));
#1977 = PCURVE('',#31,#1978);
#1978 = DEFINITIONAL_REPRESENTATION('',(#1979),#1982);
#1979 = B_SPLINE_CURVE_WITH_KNOTS('',1,(#1980,#1981),.UNSPECIFIED.,.F.,
  .F.,(2,2),(0.7999994,6.4000006),.PIECEWISE_BEZIER_KNOTS.);
#1980 = CARTESIAN_POINT('',(3.008647012915,0.7999994));
#1981 = CARTESIAN_POINT('',(3.008647012915,6.4000006));
#1982 = ( GEOMETRIC_REPRESENTATION_CONTEXT(2) 
PARAMETRIC_REPRESENTATION_CONTEXT() REPRESENTATION_CONTEXT('2D SPACE',''
  ) );
#1983 = PCURVE('',#1984,#1989);
#1984 = PLANE('',#1985);
#1985 = AXIS2_PLACEMENT_3D('',#1986,#1987,#1988);
#1986 = CARTESIAN_POINT('',(-121.9221753695,41.4,47.058254978826));
#1987 = DIRECTION('',(-0.965615851283,0.,0.259973128902));
#1988 = DIRECTION('',(0.259973128902,0.,0.965615851283));
#1989 = DEFINITIONAL_REPRESENTATION('',(#1990),#1993);
#1990 = B_SPLINE_CURVE_WITH_KNOTS('',1,(#1991,#1992),.UNSPECIFIED.,.F.,
  .F.,(2,2),(0.7999994,6.4000006),.PIECEWISE_BEZIER_KNOTS.);
#1991 = CARTESIAN_POINT('',(0.646937489394,-5.4000006));
#1992 = CARTESIAN_POINT('',(0.646937489394,0.2000006));
#1993 = ( GEOMETRIC_REPRESENTATION_CONTEXT(2) 
PARAMETRIC_REPRESENTATION_CONTEXT() REPRESENTATION_CONTEXT('2D SPACE',''
  ) );
#1994 = ORIENTED_EDGE('',*,*,#1995,.T.);
#1995 = EDGE_CURVE('',#1970,#1911,#1996,.T.);
#1996 = SURFACE_CURVE('',#1997,(#2002,#2009),.PCURVE_S1.);
#1997 = CIRCLE('',#1998,9.4);
#1998 = AXIS2_PLACEMENT_3D('',#1999,#2000,#2001);
#1999 = CARTESIAN_POINT('',(-123.,41.4,57.));
#2000 = DIRECTION('',(0.,1.,0.));
#2001 = DIRECTION('',(0.,-0.,1.));
#2002 = PCURVE('',#31,#2003);
#2003 = DEFINITIONAL_REPRESENTATION('',(#2004),#2008);
#2004 = LINE('',#2005,#2006);
#2005 = CARTESIAN_POINT('',(0.,6.2));
#2006 = VECTOR('',#2007,1.);
#2007 = DIRECTION('',(1.,0.));
#2008 = ( GEOMETRIC_REPRESENTATION_CONTEXT(2) 
PARAMETRIC_REPRESENTATION_CONTEXT() REPRESENTATION_CONTEXT('2D SPACE',''
  ) );
#2009 = PCURVE('',#2010,#2015);
#2010 = PLANE('',#2011);
#2011 = AXIS2_PLACEMENT_3D('',#2012,#2013,#2014);
#2012 = CARTESIAN_POINT('',(-123.,41.4,57.));
#2013 = DIRECTION('',(-0.,-1.,-0.));
#2014 = DIRECTION('',(0.,0.,-1.));
#2015 = DEFINITIONAL_REPRESENTATION('',(#2016),#2024);
#2016 = ( BOUNDED_CURVE() B_SPLINE_CURVE(2,(#2017,#2018,#2019,#2020,
#2021,#2022,#2023),.UNSPECIFIED.,.T.,.F.) B_SPLINE_CURVE_WITH_KNOTS((1,2
    ,2,2,2,1),(-2.094395102393,0.,2.094395102393,4.188790204786,
6.28318530718,8.377580409573),.UNSPECIFIED.) CURVE() 
GEOMETRIC_REPRESENTATION_ITEM() RATIONAL_B_SPLINE_CURVE((1.,0.5,1.,0.5,
1.,0.5,1.)) REPRESENTATION_ITEM('') );
#2017 = CARTESIAN_POINT('',(-9.4,-2.84217094304E-14));
#2018 = CARTESIAN_POINT('',(-9.4,16.281277591147));
#2019 = CARTESIAN_POINT('',(4.7,8.140638795574));
#2020 = CARTESIAN_POINT('',(18.8,-2.611937344801E-14));
#2021 = CARTESIAN_POINT('',(4.7,-8.140638795574));
#2022 = CARTESIAN_POINT('',(-9.4,-16.28127759114));
#2023 = CARTESIAN_POINT('',(-9.4,-2.84217094304E-14));
#2024 = ( GEOMETRIC_REPRESENTATION_CONTEXT(2) 
PARAMETRIC_REPRESENTATION_CONTEXT() REPRESENTATION_CONTEXT('2D SPACE',''
  ) );
#2025 = FACE_BOUND('',#2026,.T.);
#2026 = EDGE_LOOP('',(#2027,#2055,#2088,#2114));
#2027 = ORIENTED_EDGE('',*,*,#2028,.F.);
#2028 = EDGE_CURVE('',#2029,#2031,#2033,.T.);
#2029 = VERTEX_POINT('',#2030);
#2030 = CARTESIAN_POINT('',(-124.7923522595,36.2,47.772461141904));
#2031 = VERTEX_POINT('',#2032);
#2032 = CARTESIAN_POINT('',(-124.7923522595,41.4,47.772461141904));
#2033 = SURFACE_CURVE('',#2034,(#2038,#2044),.PCURVE_S1.);
#2034 = LINE('',#2035,#2036);
#2035 = CARTESIAN_POINT('',(-124.7923522595,35.2,47.772461141904));
#2036 = VECTOR('',#2037,1.);
#2037 = DIRECTION('',(0.,1.,0.));
#2038 = PCURVE('',#31,#2039);
#2039 = DEFINITIONAL_REPRESENTATION('',(#2040),#2043);
#2040 = B_SPLINE_CURVE_WITH_KNOTS('',1,(#2041,#2042),.UNSPECIFIED.,.F.,
  .F.,(2,2),(0.7999994,6.4000006),.PIECEWISE_BEZIER_KNOTS.);
#2041 = CARTESIAN_POINT('',(3.333443156519,0.7999994));
#2042 = CARTESIAN_POINT('',(3.333443156519,6.4000006));
#2043 = ( GEOMETRIC_REPRESENTATION_CONTEXT(2) 
PARAMETRIC_REPRESENTATION_CONTEXT() REPRESENTATION_CONTEXT('2D SPACE',''
  ) );
#2044 = PCURVE('',#2045,#2050);
#2045 = PLANE('',#2046);
#2046 = AXIS2_PLACEMENT_3D('',#2047,#2048,#2049);
#2047 = CARTESIAN_POINT('',(-124.8143399947,41.4,47.87869689225));
#2048 = DIRECTION('',(0.979245924011,0.,0.202675652972));
#2049 = DIRECTION('',(0.202675652972,0.,-0.979245924011));
#2050 = DEFINITIONAL_REPRESENTATION('',(#2051),#2054);
#2051 = B_SPLINE_CURVE_WITH_KNOTS('',1,(#2052,#2053),.UNSPECIFIED.,.F.,
  .F.,(2,2),(0.7999994,6.4000006),.PIECEWISE_BEZIER_KNOTS.);
#2052 = CARTESIAN_POINT('',(0.108487304099,-5.4000006));
#2053 = CARTESIAN_POINT('',(0.108487304099,0.2000006));
#2054 = ( GEOMETRIC_REPRESENTATION_CONTEXT(2) 
PARAMETRIC_REPRESENTATION_CONTEXT() REPRESENTATION_CONTEXT('2D SPACE',''
  ) );
#2055 = ORIENTED_EDGE('',*,*,#2056,.F.);
#2056 = EDGE_CURVE('',#2057,#2029,#2059,.T.);
#2057 = VERTEX_POINT('',#2058);
#2058 = CARTESIAN_POINT('',(-123.5955974187,36.2,47.618887927606));
#2059 = SURFACE_CURVE('',#2060,(#2065,#2072),.PCURVE_S1.);
#2060 = CIRCLE('',#2061,9.4);
#2061 = AXIS2_PLACEMENT_3D('',#2062,#2063,#2064);
#2062 = CARTESIAN_POINT('',(-123.,36.2,57.));
#2063 = DIRECTION('',(0.,1.,0.));
#2064 = DIRECTION('',(0.,-0.,1.));
#2065 = PCURVE('',#31,#2066);
#2066 = DEFINITIONAL_REPRESENTATION('',(#2067),#2071);
#2067 = LINE('',#2068,#2069);
#2068 = CARTESIAN_POINT('',(0.,1.));
#2069 = VECTOR('',#2070,1.);
#2070 = DIRECTION('',(1.,0.));
#2071 = ( GEOMETRIC_REPRESENTATION_CONTEXT(2) 
PARAMETRIC_REPRESENTATION_CONTEXT() REPRESENTATION_CONTEXT('2D SPACE',''
  ) );
#2072 = PCURVE('',#2073,#2078);
#2073 = PLANE('',#2074);
#2074 = AXIS2_PLACEMENT_3D('',#2075,#2076,#2077);
#2075 = CARTESIAN_POINT('',(-123.,36.2,57.));
#2076 = DIRECTION('',(-0.,-1.,-0.));
#2077 = DIRECTION('',(0.,0.,-1.));
#2078 = DEFINITIONAL_REPRESENTATION('',(#2079),#2087);
#2079 = ( BOUNDED_CURVE() B_SPLINE_CURVE(2,(#2080,#2081,#2082,#2083,
#2084,#2085,#2086),.UNSPECIFIED.,.T.,.F.) B_SPLINE_CURVE_WITH_KNOTS((1,2
    ,2,2,2,1),(-2.094395102393,0.,2.094395102393,4.188790204786,
6.28318530718,8.377580409573),.UNSPECIFIED.) CURVE() 
GEOMETRIC_REPRESENTATION_ITEM() RATIONAL_B_SPLINE_CURVE((1.,0.5,1.,0.5,
1.,0.5,1.)) REPRESENTATION_ITEM('') );
#2080 = CARTESIAN_POINT('',(-9.4,-2.84217094304E-14));
#2081 = CARTESIAN_POINT('',(-9.4,16.281277591147));
#2082 = CARTESIAN_POINT('',(4.7,8.140638795574));
#2083 = CARTESIAN_POINT('',(18.8,-2.611937344801E-14));
#2084 = CARTESIAN_POINT('',(4.7,-8.140638795574));
#2085 = CARTESIAN_POINT('',(-9.4,-16.28127759114));
#2086 = CARTESIAN_POINT('',(-9.4,-2.84217094304E-14));
#2087 = ( GEOMETRIC_REPRESENTATION_CONTEXT(2) 
PARAMETRIC_REPRESENTATION_CONTEXT() REPRESENTATION_CONTEXT('2D SPACE',''
  ) );
#2088 = ORIENTED_EDGE('',*,*,#2089,.T.);
#2089 = EDGE_CURVE('',#2057,#2090,#2092,.T.);
#2090 = VERTEX_POINT('',#2091);
#2091 = CARTESIAN_POINT('',(-123.5955974187,41.4,47.618887927606));
#2092 = SURFACE_CURVE('',#2093,(#2097,#2103),.PCURVE_S1.);
#2093 = LINE('',#2094,#2095);
#2094 = CARTESIAN_POINT('',(-123.5955974187,35.2,47.618887927606));
#2095 = VECTOR('',#2096,1.);
#2096 = DIRECTION('',(0.,1.,0.));
#2097 = PCURVE('',#31,#2098);
#2098 = DEFINITIONAL_REPRESENTATION('',(#2099),#2102);
#2099 = B_SPLINE_CURVE_WITH_KNOTS('',1,(#2100,#2101),.UNSPECIFIED.,.F.,
  .F.,(2,2),(0.7999994,6.4000006),.PIECEWISE_BEZIER_KNOTS.);
#2100 = CARTESIAN_POINT('',(3.204996553764,0.7999994));
#2101 = CARTESIAN_POINT('',(3.204996553764,6.4000006));
#2102 = ( GEOMETRIC_REPRESENTATION_CONTEXT(2) 
PARAMETRIC_REPRESENTATION_CONTEXT() REPRESENTATION_CONTEXT('2D SPACE',''
  ) );
#2103 = PCURVE('',#2104,#2109);
#2104 = PLANE('',#2105);
#2105 = AXIS2_PLACEMENT_3D('',#2106,#2107,#2108);
#2106 = CARTESIAN_POINT('',(-123.8824237052,41.4,47.039009667483));
#2107 = DIRECTION('',(-0.896343572029,0.,0.443360125498));
#2108 = DIRECTION('',(0.443360125498,0.,0.896343572029));
#2109 = DEFINITIONAL_REPRESENTATION('',(#2110),#2113);
#2110 = B_SPLINE_CURVE_WITH_KNOTS('',1,(#2111,#2112),.UNSPECIFIED.,.F.,
  .F.,(2,2),(0.7999994,6.4000006),.PIECEWISE_BEZIER_KNOTS.);
#2111 = CARTESIAN_POINT('',(0.646937489394,-5.4000006));
#2112 = CARTESIAN_POINT('',(0.646937489394,0.2000006));
#2113 = ( GEOMETRIC_REPRESENTATION_CONTEXT(2) 
PARAMETRIC_REPRESENTATION_CONTEXT() REPRESENTATION_CONTEXT('2D SPACE',''
  ) );
#2114 = ORIENTED_EDGE('',*,*,#2115,.T.);
#2115 = EDGE_CURVE('',#2090,#2031,#2116,.T.);
#2116 = SURFACE_CURVE('',#2117,(#2122,#2129),.PCURVE_S1.);
#2117 = CIRCLE('',#2118,9.4);
#2118 = AXIS2_PLACEMENT_3D('',#2119,#2120,#2121);
#2119 = CARTESIAN_POINT('',(-123.,41.4,57.));
#2120 = DIRECTION('',(0.,1.,0.));
#2121 = DIRECTION('',(0.,-0.,1.));
#2122 = PCURVE('',#31,#2123);
#2123 = DEFINITIONAL_REPRESENTATION('',(#2124),#2128);
#2124 = LINE('',#2125,#2126);
#2125 = CARTESIAN_POINT('',(0.,6.2));
#2126 = VECTOR('',#2127,1.);
#2127 = DIRECTION('',(1.,0.));
#2128 = ( GEOMETRIC_REPRESENTATION_CONTEXT(2) 
PARAMETRIC_REPRESENTATION_CONTEXT() REPRESENTATION_CONTEXT('2D SPACE',''
  ) );
#2129 = PCURVE('',#2130,#2135);
#2130 = PLANE('',#2131);
#2131 = AXIS2_PLACEMENT_3D('',#2132,#2133,#2134);
#2132 = CARTESIAN_POINT('',(-123.,41.4,57.));
#2133 = DIRECTION('',(-0.,-1.,-0.));
#2134 = DIRECTION('',(0.,0.,-1.));
#2135 = DEFINITIONAL_REPRESENTATION('',(#2136),#2144);
#2136 = ( BOUNDED_CURVE() B_SPLINE_CURVE(2,(#2137,#2138,#2139,#2140,
#2141,#2142,#2143),.UNSPECIFIED.,.T.,.F.) B_SPLINE_CURVE_WITH_KNOTS((1,2
    ,2,2,2,1),(-2.094395102393,0.,2.094395102393,4.188790204786,
6.28318530718,8.377580409573),.UNSPECIFIED.) CURVE() 
GEOMETRIC_REPRESENTATION_ITEM() RATIONAL_B_SPLINE_CURVE((1.,0.5,1.,0.5,
1.,0.5,1.)) REPRESENTATION_ITEM('') );
#2137 = CARTESIAN_POINT('',(-9.4,-2.84217094304E-14));
#2138 = CARTESIAN_POINT('',(-9.4,16.281277591147));
#2139 = CARTESIAN_POINT('',(4.7,8.140638795574));
#2140 = CARTESIAN_POINT('',(18.8,-2.611937344801E-14));
#2141 = CARTESIAN_POINT('',(4.7,-8.140638795574));
#2142 = CARTESIAN_POINT('',(-9.4,-16.28127759114));
#2143 = CARTESIAN_POINT('',(-9.4,-2.84217094304E-14));
#2144 = ( GEOMETRIC_REPRESENTATION_CONTEXT(2) 
PARAMETRIC_REPRESENTATION_CONTEXT() REPRESENTATION_CONTEXT('2D SPACE',''
  ) );
#2145 = FACE_BOUND('',#2146,.T.);
#2146 = EDGE_LOOP('',(#2147,#2175,#2208,#2234));
#2147 = ORIENTED_EDGE('',*,*,#2148,.F.);
#2148 = EDGE_CURVE('',#2149,#2151,#2153,.T.);
#2149 = VERTEX_POINT('',#2150);
#2150 = CARTESIAN_POINT('',(-126.5581162407,36.2,48.299436293113));
#2151 = VERTEX_POINT('',#2152);
#2152 = CARTESIAN_POINT('',(-126.5581162407,41.4,48.299436293113));
#2153 = SURFACE_CURVE('',#2154,(#2158,#2164),.PCURVE_S1.);
#2154 = LINE('',#2155,#2156);
#2155 = CARTESIAN_POINT('',(-126.5581162407,35.2,48.299436293113));
#2156 = VECTOR('',#2157,1.);
#2157 = DIRECTION('',(0.,1.,0.));
#2158 = PCURVE('',#31,#2159);
#2159 = DEFINITIONAL_REPRESENTATION('',(#2160),#2163);
#2160 = B_SPLINE_CURVE_WITH_KNOTS('',1,(#2161,#2162),.UNSPECIFIED.,.F.,
  .F.,(2,2),(0.7999994,6.4000006),.PIECEWISE_BEZIER_KNOTS.);
#2161 = CARTESIAN_POINT('',(3.529792697369,0.7999994));
#2162 = CARTESIAN_POINT('',(3.529792697369,6.4000006));
#2163 = ( GEOMETRIC_REPRESENTATION_CONTEXT(2) 
PARAMETRIC_REPRESENTATION_CONTEXT() REPRESENTATION_CONTEXT('2D SPACE',''
  ) );
#2164 = PCURVE('',#2165,#2170);
#2165 = PLANE('',#2166);
#2166 = AXIS2_PLACEMENT_3D('',#2167,#2168,#2169);
#2167 = CARTESIAN_POINT('',(-126.5589559209,41.4,48.407920347645));
#2168 = DIRECTION('',(0.999970046568,0.,7.739894482597E-03));
#2169 = DIRECTION('',(7.739894482597E-03,0.,-0.999970046568));
#2170 = DEFINITIONAL_REPRESENTATION('',(#2171),#2174);
#2171 = B_SPLINE_CURVE_WITH_KNOTS('',1,(#2172,#2173),.UNSPECIFIED.,.F.,
  .F.,(2,2),(0.7999994,6.4000006),.PIECEWISE_BEZIER_KNOTS.);
#2172 = CARTESIAN_POINT('',(0.108487304099,-5.4000006));
#2173 = CARTESIAN_POINT('',(0.108487304099,0.2000006));
#2174 = ( GEOMETRIC_REPRESENTATION_CONTEXT(2) 
PARAMETRIC_REPRESENTATION_CONTEXT() REPRESENTATION_CONTEXT('2D SPACE',''
  ) );
#2175 = ORIENTED_EDGE('',*,*,#2176,.F.);
#2176 = EDGE_CURVE('',#2177,#2149,#2179,.T.);
#2177 = VERTEX_POINT('',#2178);
#2178 = CARTESIAN_POINT('',(-125.4143173563,36.2,47.915338657792));
#2179 = SURFACE_CURVE('',#2180,(#2185,#2192),.PCURVE_S1.);
#2180 = CIRCLE('',#2181,9.4);
#2181 = AXIS2_PLACEMENT_3D('',#2182,#2183,#2184);
#2182 = CARTESIAN_POINT('',(-123.,36.2,57.));
#2183 = DIRECTION('',(0.,1.,0.));
#2184 = DIRECTION('',(0.,-0.,1.));
#2185 = PCURVE('',#31,#2186);
#2186 = DEFINITIONAL_REPRESENTATION('',(#2187),#2191);
#2187 = LINE('',#2188,#2189);
#2188 = CARTESIAN_POINT('',(0.,1.));
#2189 = VECTOR('',#2190,1.);
#2190 = DIRECTION('',(1.,0.));
#2191 = ( GEOMETRIC_REPRESENTATION_CONTEXT(2) 
PARAMETRIC_REPRESENTATION_CONTEXT() REPRESENTATION_CONTEXT('2D SPACE',''
  ) );
#2192 = PCURVE('',#2193,#2198);
#2193 = PLANE('',#2194);
#2194 = AXIS2_PLACEMENT_3D('',#2195,#2196,#2197);
#2195 = CARTESIAN_POINT('',(-123.,36.2,57.));
#2196 = DIRECTION('',(-0.,-1.,-0.));
#2197 = DIRECTION('',(0.,0.,-1.));
#2198 = DEFINITIONAL_REPRESENTATION('',(#2199),#2207);
#2199 = ( BOUNDED_CURVE() B_SPLINE_CURVE(2,(#2200,#2201,#2202,#2203,
#2204,#2205,#2206),.UNSPECIFIED.,.T.,.F.) B_SPLINE_CURVE_WITH_KNOTS((1,2
    ,2,2,2,1),(-2.094395102393,0.,2.094395102393,4.188790204786,
6.28318530718,8.377580409573),.UNSPECIFIED.) CURVE() 
GEOMETRIC_REPRESENTATION_ITEM() RATIONAL_B_SPLINE_CURVE((1.,0.5,1.,0.5,
1.,0.5,1.)) REPRESENTATION_ITEM('') );
#2200 = CARTESIAN_POINT('',(-9.4,-2.84217094304E-14));
#2201 = CARTESIAN_POINT('',(-9.4,16.281277591147));
#2202 = CARTESIAN_POINT('',(4.7,8.140638795574));
#2203 = CARTESIAN_POINT('',(18.8,-2.611937344801E-14));
#2204 = CARTESIAN_POINT('',(4.7,-8.140638795574));
#2205 = CARTESIAN_POINT('',(-9.4,-16.28127759114));
#2206 = CARTESIAN_POINT('',(-9.4,-2.84217094304E-14));
#2207 = ( GEOMETRIC_REPRESENTATION_CONTEXT(2) 
PARAMETRIC_REPRESENTATION_CONTEXT() REPRESENTATION_CONTEXT('2D SPACE',''
  ) );
#2208 = ORIENTED_EDGE('',*,*,#2209,.T.);
#2209 = EDGE_CURVE('',#2177,#2210,#2212,.T.);
#2210 = VERTEX_POINT('',#2211);
#2211 = CARTESIAN_POINT('',(-125.4143173563,41.4,47.915338657792));
#2212 = SURFACE_CURVE('',#2213,(#2217,#2223),.PCURVE_S1.);
#2213 = LINE('',#2214,#2215);
#2214 = CARTESIAN_POINT('',(-125.4143173563,35.2,47.915338657792));
#2215 = VECTOR('',#2216,1.);
#2216 = DIRECTION('',(0.,1.,0.));
#2217 = PCURVE('',#31,#2218);
#2218 = DEFINITIONAL_REPRESENTATION('',(#2219),#2222);
#2219 = B_SPLINE_CURVE_WITH_KNOTS('',1,(#2220,#2221),.UNSPECIFIED.,.F.,
  .F.,(2,2),(0.7999994,6.4000006),.PIECEWISE_BEZIER_KNOTS.);
#2220 = CARTESIAN_POINT('',(3.401346094614,0.7999994));
#2221 = CARTESIAN_POINT('',(3.401346094614,6.4000006));
#2222 = ( GEOMETRIC_REPRESENTATION_CONTEXT(2) 
PARAMETRIC_REPRESENTATION_CONTEXT() REPRESENTATION_CONTEXT('2D SPACE',''
  ) );
#2223 = PCURVE('',#2224,#2229);
#2224 = PLANE('',#2225);
#2225 = AXIS2_PLACEMENT_3D('',#2226,#2227,#2228);
#2226 = CARTESIAN_POINT('',(-125.8087609927,41.4,47.402559628431));
#2227 = DIRECTION('',(-0.792625311978,0.,0.609709041111));
#2228 = DIRECTION('',(0.609709041111,0.,0.792625311978));
#2229 = DEFINITIONAL_REPRESENTATION('',(#2230),#2233);
#2230 = B_SPLINE_CURVE_WITH_KNOTS('',1,(#2231,#2232),.UNSPECIFIED.,.F.,
  .F.,(2,2),(0.7999994,6.4000006),.PIECEWISE_BEZIER_KNOTS.);
#2231 = CARTESIAN_POINT('',(0.646937489394,-5.4000006));
#2232 = CARTESIAN_POINT('',(0.646937489394,0.2000006));
#2233 = ( GEOMETRIC_REPRESENTATION_CONTEXT(2) 
PARAMETRIC_REPRESENTATION_CONTEXT() REPRESENTATION_CONTEXT('2D SPACE',''
  ) );
#2234 = ORIENTED_EDGE('',*,*,#2235,.T.);
#2235 = EDGE_CURVE('',#2210,#2151,#2236,.T.);
#2236 = SURFACE_CURVE('',#2237,(#2242,#2249),.PCURVE_S1.);
#2237 = CIRCLE('',#2238,9.4);
#2238 = AXIS2_PLACEMENT_3D('',#2239,#2240,#2241);
#2239 = CARTESIAN_POINT('',(-123.,41.4,57.));
#2240 = DIRECTION('',(0.,1.,0.));
#2241 = DIRECTION('',(0.,-0.,1.));
#2242 = PCURVE('',#31,#2243);
#2243 = DEFINITIONAL_REPRESENTATION('',(#2244),#2248);
#2244 = LINE('',#2245,#2246);
#2245 = CARTESIAN_POINT('',(0.,6.2));
#2246 = VECTOR('',#2247,1.);
#2247 = DIRECTION('',(1.,0.));
#2248 = ( GEOMETRIC_REPRESENTATION_CONTEXT(2) 
PARAMETRIC_REPRESENTATION_CONTEXT() REPRESENTATION_CONTEXT('2D SPACE',''
  ) );
#2249 = PCURVE('',#2250,#2255);
#2250 = PLANE('',#2251);
#2251 = AXIS2_PLACEMENT_3D('',#2252,#2253,#2254);
#2252 = CARTESIAN_POINT('',(-123.,41.4,57.));
#2253 = DIRECTION('',(-0.,-1.,-0.));
#2254 = DIRECTION('',(0.,0.,-1.));
#2255 = DEFINITIONAL_REPRESENTATION('',(#2256),#2264);
#2256 = ( BOUNDED_CURVE() B_SPLINE_CURVE(2,(#2257,#2258,#2259,#2260,
#2261,#2262,#2263),.UNSPECIFIED.,.T.,.F.) B_SPLINE_CURVE_WITH_KNOTS((1,2
    ,2,2,2,1),(-2.094395102393,0.,2.094395102393,4.188790204786,
6.28318530718,8.377580409573),.UNSPECIFIED.) CURVE() 
GEOMETRIC_REPRESENTATION_ITEM() RATIONAL_B_SPLINE_CURVE((1.,0.5,1.,0.5,
1.,0.5,1.)) REPRESENTATION_ITEM('') );
#2257 = CARTESIAN_POINT('',(-9.4,-2.84217094304E-14));
#2258 = CARTESIAN_POINT('',(-9.4,16.281277591147));
#2259 = CARTESIAN_POINT('',(4.7,8.140638795574));
#2260 = CARTESIAN_POINT('',(18.8,-2.611937344801E-14));
#2261 = CARTESIAN_POINT('',(4.7,-8.140638795574));
#2262 = CARTESIAN_POINT('',(-9.4,-16.28127759114));
#2263 = CARTESIAN_POINT('',(-9.4,-2.84217094304E-14));
#2264 = ( GEOMETRIC_REPRESENTATION_CONTEXT(2) 
PARAMETRIC_REPRESENTATION_CONTEXT() REPRESENTATION_CONTEXT('2D SPACE',''
  ) );
#2265 = FACE_BOUND('',#2266,.T.);
#2266 = EDGE_LOOP('',(#2267,#2295,#2328,#2354));
#2267 = ORIENTED_EDGE('',*,*,#2268,.F.);
#2268 = EDGE_CURVE('',#2269,#2271,#2273,.T.);
#2269 = VERTEX_POINT('',#2270);
#2270 = CARTESIAN_POINT('',(-128.1871438101,36.2,49.160769228245));
#2271 = VERTEX_POINT('',#2272);
#2272 = CARTESIAN_POINT('',(-128.1871438101,41.4,49.160769228245));
#2273 = SURFACE_CURVE('',#2274,(#2278,#2284),.PCURVE_S1.);
#2274 = LINE('',#2275,#2276);
#2275 = CARTESIAN_POINT('',(-128.1871438101,35.2,49.160769228245));
#2276 = VECTOR('',#2277,1.);
#2277 = DIRECTION('',(0.,1.,0.));
#2278 = PCURVE('',#31,#2279);
#2279 = DEFINITIONAL_REPRESENTATION('',(#2280),#2283);
#2280 = B_SPLINE_CURVE_WITH_KNOTS('',1,(#2281,#2282),.UNSPECIFIED.,.F.,
  .F.,(2,2),(0.7999994,6.4000006),.PIECEWISE_BEZIER_KNOTS.);
#2281 = CARTESIAN_POINT('',(3.726142238218,0.7999994));
#2282 = CARTESIAN_POINT('',(3.726142238218,6.4000006));
#2283 = ( GEOMETRIC_REPRESENTATION_CONTEXT(2) 
PARAMETRIC_REPRESENTATION_CONTEXT() REPRESENTATION_CONTEXT('2D SPACE',''
  ) );
#2284 = PCURVE('',#2285,#2290);
#2285 = PLANE('',#2286);
#2286 = AXIS2_PLACEMENT_3D('',#2287,#2288,#2289);
#2287 = CARTESIAN_POINT('',(-128.166803167,41.4,49.267332605586));
#2288 = DIRECTION('',(0.982265881025,0.,-0.187493303811));
#2289 = DIRECTION('',(-0.187493303811,0.,-0.982265881025));
#2290 = DEFINITIONAL_REPRESENTATION('',(#2291),#2294);
#2291 = B_SPLINE_CURVE_WITH_KNOTS('',1,(#2292,#2293),.UNSPECIFIED.,.F.,
  .F.,(2,2),(0.7999994,6.4000006),.PIECEWISE_BEZIER_KNOTS.);
#2292 = CARTESIAN_POINT('',(0.108487304099,-5.4000006));
#2293 = CARTESIAN_POINT('',(0.108487304099,0.2000006));
#2294 = ( GEOMETRIC_REPRESENTATION_CONTEXT(2) 
PARAMETRIC_REPRESENTATION_CONTEXT() REPRESENTATION_CONTEXT('2D SPACE',''
  ) );
#2295 = ORIENTED_EDGE('',*,*,#2296,.F.);
#2296 = EDGE_CURVE('',#2297,#2269,#2299,.T.);
#2297 = VERTEX_POINT('',#2298);
#2298 = CARTESIAN_POINT('',(-127.140256432,36.2,48.560907828623));
#2299 = SURFACE_CURVE('',#2300,(#2305,#2312),.PCURVE_S1.);
#2300 = CIRCLE('',#2301,9.4);
#2301 = AXIS2_PLACEMENT_3D('',#2302,#2303,#2304);
#2302 = CARTESIAN_POINT('',(-123.,36.2,57.));
#2303 = DIRECTION('',(0.,1.,0.));
#2304 = DIRECTION('',(0.,-0.,1.));
#2305 = PCURVE('',#31,#2306);
#2306 = DEFINITIONAL_REPRESENTATION('',(#2307),#2311);
#2307 = LINE('',#2308,#2309);
#2308 = CARTESIAN_POINT('',(0.,1.));
#2309 = VECTOR('',#2310,1.);
#2310 = DIRECTION('',(1.,0.));
#2311 = ( GEOMETRIC_REPRESENTATION_CONTEXT(2) 
PARAMETRIC_REPRESENTATION_CONTEXT() REPRESENTATION_CONTEXT('2D SPACE',''
  ) );
#2312 = PCURVE('',#2313,#2318);
#2313 = PLANE('',#2314);
#2314 = AXIS2_PLACEMENT_3D('',#2315,#2316,#2317);
#2315 = CARTESIAN_POINT('',(-123.,36.2,57.));
#2316 = DIRECTION('',(-0.,-1.,-0.));
#2317 = DIRECTION('',(0.,0.,-1.));
#2318 = DEFINITIONAL_REPRESENTATION('',(#2319),#2327);
#2319 = ( BOUNDED_CURVE() B_SPLINE_CURVE(2,(#2320,#2321,#2322,#2323,
#2324,#2325,#2326),.UNSPECIFIED.,.T.,.F.) B_SPLINE_CURVE_WITH_KNOTS((1,2
    ,2,2,2,1),(-2.094395102393,0.,2.094395102393,4.188790204786,
6.28318530718,8.377580409573),.UNSPECIFIED.) CURVE() 
GEOMETRIC_REPRESENTATION_ITEM() RATIONAL_B_SPLINE_CURVE((1.,0.5,1.,0.5,
1.,0.5,1.)) REPRESENTATION_ITEM('') );
#2320 = CARTESIAN_POINT('',(-9.4,-2.84217094304E-14));
#2321 = CARTESIAN_POINT('',(-9.4,16.281277591147));
#2322 = CARTESIAN_POINT('',(4.7,8.140638795574));
#2323 = CARTESIAN_POINT('',(18.8,-2.611937344801E-14));
#2324 = CARTESIAN_POINT('',(4.7,-8.140638795574));
#2325 = CARTESIAN_POINT('',(-9.4,-16.28127759114));
#2326 = CARTESIAN_POINT('',(-9.4,-2.84217094304E-14));
#2327 = ( GEOMETRIC_REPRESENTATION_CONTEXT(2) 
PARAMETRIC_REPRESENTATION_CONTEXT() REPRESENTATION_CONTEXT('2D SPACE',''
  ) );
#2328 = ORIENTED_EDGE('',*,*,#2329,.T.);
#2329 = EDGE_CURVE('',#2297,#2330,#2332,.T.);
#2330 = VERTEX_POINT('',#2331);
#2331 = CARTESIAN_POINT('',(-127.140256432,41.4,48.560907828623));
#2332 = SURFACE_CURVE('',#2333,(#2337,#2343),.PCURVE_S1.);
#2333 = LINE('',#2334,#2335);
#2334 = CARTESIAN_POINT('',(-127.140256432,35.2,48.560907828623));
#2335 = VECTOR('',#2336,1.);
#2336 = DIRECTION('',(0.,1.,0.));
#2337 = PCURVE('',#31,#2338);
#2338 = DEFINITIONAL_REPRESENTATION('',(#2339),#2342);
#2339 = B_SPLINE_CURVE_WITH_KNOTS('',1,(#2340,#2341),.UNSPECIFIED.,.F.,
  .F.,(2,2),(0.7999994,6.4000006),.PIECEWISE_BEZIER_KNOTS.);
#2340 = CARTESIAN_POINT('',(3.597695635463,0.7999994));
#2341 = CARTESIAN_POINT('',(3.597695635463,6.4000006));
#2342 = ( GEOMETRIC_REPRESENTATION_CONTEXT(2) 
PARAMETRIC_REPRESENTATION_CONTEXT() REPRESENTATION_CONTEXT('2D SPACE',''
  ) );
#2343 = PCURVE('',#2344,#2349);
#2344 = PLANE('',#2345);
#2345 = AXIS2_PLACEMENT_3D('',#2346,#2347,#2348);
#2346 = CARTESIAN_POINT('',(-127.6271591704,41.4,48.134933840553));
#2347 = DIRECTION('',(-0.658446905696,0.,0.752627180202));
#2348 = DIRECTION('',(0.752627180202,0.,0.658446905696));
#2349 = DEFINITIONAL_REPRESENTATION('',(#2350),#2353);
#2350 = B_SPLINE_CURVE_WITH_KNOTS('',1,(#2351,#2352),.UNSPECIFIED.,.F.,
  .F.,(2,2),(0.7999994,6.4000006),.PIECEWISE_BEZIER_KNOTS.);
#2351 = CARTESIAN_POINT('',(0.646937489394,-5.4000006));
#2352 = CARTESIAN_POINT('',(0.646937489394,0.2000006));
#2353 = ( GEOMETRIC_REPRESENTATION_CONTEXT(2) 
PARAMETRIC_REPRESENTATION_CONTEXT() REPRESENTATION_CONTEXT('2D SPACE',''
  ) );
#2354 = ORIENTED_EDGE('',*,*,#2355,.T.);
#2355 = EDGE_CURVE('',#2330,#2271,#2356,.T.);
#2356 = SURFACE_CURVE('',#2357,(#2362,#2369),.PCURVE_S1.);
#2357 = CIRCLE('',#2358,9.4);
#2358 = AXIS2_PLACEMENT_3D('',#2359,#2360,#2361);
#2359 = CARTESIAN_POINT('',(-123.,41.4,57.));
#2360 = DIRECTION('',(0.,1.,0.));
#2361 = DIRECTION('',(0.,-0.,1.));
#2362 = PCURVE('',#31,#2363);
#2363 = DEFINITIONAL_REPRESENTATION('',(#2364),#2368);
#2364 = LINE('',#2365,#2366);
#2365 = CARTESIAN_POINT('',(0.,6.2));
#2366 = VECTOR('',#2367,1.);
#2367 = DIRECTION('',(1.,0.));
#2368 = ( GEOMETRIC_REPRESENTATION_CONTEXT(2) 
PARAMETRIC_REPRESENTATION_CONTEXT() REPRESENTATION_CONTEXT('2D SPACE',''
  ) );
#2369 = PCURVE('',#2370,#2375);
#2370 = PLANE('',#2371);
#2371 = AXIS2_PLACEMENT_3D('',#2372,#2373,#2374);
#2372 = CARTESIAN_POINT('',(-123.,41.4,57.));
#2373 = DIRECTION('',(-0.,-1.,-0.));
#2374 = DIRECTION('',(0.,0.,-1.));
#2375 = DEFINITIONAL_REPRESENTATION('',(#2376),#2384);
#2376 = ( BOUNDED_CURVE() B_SPLINE_CURVE(2,(#2377,#2378,#2379,#2380,
#2381,#2382,#2383),.UNSPECIFIED.,.T.,.F.) B_SPLINE_CURVE_WITH_KNOTS((1,2
    ,2,2,2,1),(-2.094395102393,0.,2.094395102393,4.188790204786,
6.28318530718,8.377580409573),.UNSPECIFIED.) CURVE() 
GEOMETRIC_REPRESENTATION_ITEM() RATIONAL_B_SPLINE_CURVE((1.,0.5,1.,0.5,
1.,0.5,1.)) REPRESENTATION_ITEM('') );
#2377 = CARTESIAN_POINT('',(-9.4,-2.84217094304E-14));
#2378 = CARTESIAN_POINT('',(-9.4,16.281277591147));
#2379 = CARTESIAN_POINT('',(4.7,8.140638795574));
#2380 = CARTESIAN_POINT('',(18.8,-2.611937344801E-14));
#2381 = CARTESIAN_POINT('',(4.7,-8.140638795574));
#2382 = CARTESIAN_POINT('',(-9.4,-16.28127759114));
#2383 = CARTESIAN_POINT('',(-9.4,-2.84217094304E-14));
#2384 = ( GEOMETRIC_REPRESENTATION_CONTEXT(2) 
PARAMETRIC_REPRESENTATION_CONTEXT() REPRESENTATION_CONTEXT('2D SPACE',''
  ) );
#2385 = FACE_BOUND('',#2386,.T.);
#2386 = EDGE_LOOP('',(#2387,#2415,#2448,#2474));
#2387 = ORIENTED_EDGE('',*,*,#2388,.F.);
#2388 = EDGE_CURVE('',#2389,#2391,#2393,.T.);
#2389 = VERTEX_POINT('',#2390);
#2390 = CARTESIAN_POINT('',(-129.6168323519,36.2,50.323359405645));
#2391 = VERTEX_POINT('',#2392);
#2392 = CARTESIAN_POINT('',(-129.6168323519,41.4,50.323359405645));
#2393 = SURFACE_CURVE('',#2394,(#2398,#2404),.PCURVE_S1.);
#2394 = LINE('',#2395,#2396);
#2395 = CARTESIAN_POINT('',(-129.6168323519,35.2,50.323359405645));
#2396 = VECTOR('',#2397,1.);
#2397 = DIRECTION('',(0.,1.,0.));
#2398 = PCURVE('',#31,#2399);
#2399 = DEFINITIONAL_REPRESENTATION('',(#2400),#2403);
#2400 = B_SPLINE_CURVE_WITH_KNOTS('',1,(#2401,#2402),.UNSPECIFIED.,.F.,
  .F.,(2,2),(0.7999994,6.4000006),.PIECEWISE_BEZIER_KNOTS.);
#2401 = CARTESIAN_POINT('',(3.922491779067,0.7999994));
#2402 = CARTESIAN_POINT('',(3.922491779067,6.4000006));
#2403 = ( GEOMETRIC_REPRESENTATION_CONTEXT(2) 
PARAMETRIC_REPRESENTATION_CONTEXT() REPRESENTATION_CONTEXT('2D SPACE',''
  ) );
#2404 = PCURVE('',#2405,#2410);
#2405 = PLANE('',#2406);
#2406 = AXIS2_PLACEMENT_3D('',#2407,#2408,#2409);
#2407 = CARTESIAN_POINT('',(-129.576093065,41.4,50.423906934965));
#2408 = DIRECTION('',(0.926813788535,0.,-0.375521239587));
#2409 = DIRECTION('',(-0.375521239587,0.,-0.926813788535));
#2410 = DEFINITIONAL_REPRESENTATION('',(#2411),#2414);
#2411 = B_SPLINE_CURVE_WITH_KNOTS('',1,(#2412,#2413),.UNSPECIFIED.,.F.,
  .F.,(2,2),(0.7999994,6.4000006),.PIECEWISE_BEZIER_KNOTS.);
#2412 = CARTESIAN_POINT('',(0.108487304099,-5.4000006));
#2413 = CARTESIAN_POINT('',(0.108487304099,0.2000006));
#2414 = ( GEOMETRIC_REPRESENTATION_CONTEXT(2) 
PARAMETRIC_REPRESENTATION_CONTEXT() REPRESENTATION_CONTEXT('2D SPACE',''
  ) );
#2415 = ORIENTED_EDGE('',*,*,#2416,.F.);
#2416 = EDGE_CURVE('',#2417,#2389,#2419,.T.);
#2417 = VERTEX_POINT('',#2418);
#2418 = CARTESIAN_POINT('',(-128.7070877748,36.2,49.530786578902));
#2419 = SURFACE_CURVE('',#2420,(#2425,#2432),.PCURVE_S1.);
#2420 = CIRCLE('',#2421,9.4);
#2421 = AXIS2_PLACEMENT_3D('',#2422,#2423,#2424);
#2422 = CARTESIAN_POINT('',(-123.,36.2,57.));
#2423 = DIRECTION('',(0.,1.,0.));
#2424 = DIRECTION('',(0.,-0.,1.));
#2425 = PCURVE('',#31,#2426);
#2426 = DEFINITIONAL_REPRESENTATION('',(#2427),#2431);
#2427 = LINE('',#2428,#2429);
#2428 = CARTESIAN_POINT('',(0.,1.));
#2429 = VECTOR('',#2430,1.);
#2430 = DIRECTION('',(1.,0.));
#2431 = ( GEOMETRIC_REPRESENTATION_CONTEXT(2) 
PARAMETRIC_REPRESENTATION_CONTEXT() REPRESENTATION_CONTEXT('2D SPACE',''
  ) );
#2432 = PCURVE('',#2433,#2438);
#2433 = PLANE('',#2434);
#2434 = AXIS2_PLACEMENT_3D('',#2435,#2436,#2437);
#2435 = CARTESIAN_POINT('',(-123.,36.2,57.));
#2436 = DIRECTION('',(-0.,-1.,-0.));
#2437 = DIRECTION('',(0.,0.,-1.));
#2438 = DEFINITIONAL_REPRESENTATION('',(#2439),#2447);
#2439 = ( BOUNDED_CURVE() B_SPLINE_CURVE(2,(#2440,#2441,#2442,#2443,
#2444,#2445,#2446),.UNSPECIFIED.,.T.,.F.) B_SPLINE_CURVE_WITH_KNOTS((1,2
    ,2,2,2,1),(-2.094395102393,0.,2.094395102393,4.188790204786,
6.28318530718,8.377580409573),.UNSPECIFIED.) CURVE() 
GEOMETRIC_REPRESENTATION_ITEM() RATIONAL_B_SPLINE_CURVE((1.,0.5,1.,0.5,
1.,0.5,1.)) REPRESENTATION_ITEM('') );
#2440 = CARTESIAN_POINT('',(-9.4,-2.84217094304E-14));
#2441 = CARTESIAN_POINT('',(-9.4,16.281277591147));
#2442 = CARTESIAN_POINT('',(4.7,8.140638795574));
#2443 = CARTESIAN_POINT('',(18.8,-2.611937344801E-14));
#2444 = CARTESIAN_POINT('',(4.7,-8.140638795574));
#2445 = CARTESIAN_POINT('',(-9.4,-16.28127759114));
#2446 = CARTESIAN_POINT('',(-9.4,-2.84217094304E-14));
#2447 = ( GEOMETRIC_REPRESENTATION_CONTEXT(2) 
PARAMETRIC_REPRESENTATION_CONTEXT() REPRESENTATION_CONTEXT('2D SPACE',''
  ) );
#2448 = ORIENTED_EDGE('',*,*,#2449,.T.);
#2449 = EDGE_CURVE('',#2417,#2450,#2452,.T.);
#2450 = VERTEX_POINT('',#2451);
#2451 = CARTESIAN_POINT('',(-128.7070877748,41.4,49.530786578902));
#2452 = SURFACE_CURVE('',#2453,(#2457,#2463),.PCURVE_S1.);
#2453 = LINE('',#2454,#2455);
#2454 = CARTESIAN_POINT('',(-128.7070877748,35.2,49.530786578902));
#2455 = VECTOR('',#2456,1.);
#2456 = DIRECTION('',(0.,1.,0.));
#2457 = PCURVE('',#31,#2458);
#2458 = DEFINITIONAL_REPRESENTATION('',(#2459),#2462);
#2459 = B_SPLINE_CURVE_WITH_KNOTS('',1,(#2460,#2461),.UNSPECIFIED.,.F.,
  .F.,(2,2),(0.7999994,6.4000006),.PIECEWISE_BEZIER_KNOTS.);
#2460 = CARTESIAN_POINT('',(3.794045176313,0.7999994));
#2461 = CARTESIAN_POINT('',(3.794045176313,6.4000006));
#2462 = ( GEOMETRIC_REPRESENTATION_CONTEXT(2) 
PARAMETRIC_REPRESENTATION_CONTEXT() REPRESENTATION_CONTEXT('2D SPACE',''
  ) );
#2463 = PCURVE('',#2464,#2469);
#2464 = PLANE('',#2465);
#2465 = AXIS2_PLACEMENT_3D('',#2466,#2467,#2468);
#2466 = CARTESIAN_POINT('',(-129.2677382161,41.4,49.207987573595));
#2467 = DIRECTION('',(-0.49896475409,0.,0.866622278836));
#2468 = DIRECTION('',(0.866622278836,0.,0.49896475409));
#2469 = DEFINITIONAL_REPRESENTATION('',(#2470),#2473);
#2470 = B_SPLINE_CURVE_WITH_KNOTS('',1,(#2471,#2472),.UNSPECIFIED.,.F.,
  .F.,(2,2),(0.7999994,6.4000006),.PIECEWISE_BEZIER_KNOTS.);
#2471 = CARTESIAN_POINT('',(0.646937489394,-5.4000006));
#2472 = CARTESIAN_POINT('',(0.646937489394,0.2000006));
#2473 = ( GEOMETRIC_REPRESENTATION_CONTEXT(2) 
PARAMETRIC_REPRESENTATION_CONTEXT() REPRESENTATION_CONTEXT('2D SPACE',''
  ) );
#2474 = ORIENTED_EDGE('',*,*,#2475,.T.);
#2475 = EDGE_CURVE('',#2450,#2391,#2476,.T.);
#2476 = SURFACE_CURVE('',#2477,(#2482,#2489),.PCURVE_S1.);
#2477 = CIRCLE('',#2478,9.4);
#2478 = AXIS2_PLACEMENT_3D('',#2479,#2480,#2481);
#2479 = CARTESIAN_POINT('',(-123.,41.4,57.));
#2480 = DIRECTION('',(0.,1.,0.));
#2481 = DIRECTION('',(0.,-0.,1.));
#2482 = PCURVE('',#31,#2483);
#2483 = DEFINITIONAL_REPRESENTATION('',(#2484),#2488);
#2484 = LINE('',#2485,#2486);
#2485 = CARTESIAN_POINT('',(0.,6.2));
#2486 = VECTOR('',#2487,1.);
#2487 = DIRECTION('',(1.,0.));
#2488 = ( GEOMETRIC_REPRESENTATION_CONTEXT(2) 
PARAMETRIC_REPRESENTATION_CONTEXT() REPRESENTATION_CONTEXT('2D SPACE',''
  ) );
#2489 = PCURVE('',#2490,#2495);
#2490 = PLANE('',#2491);
#2491 = AXIS2_PLACEMENT_3D('',#2492,#2493,#2494);
#2492 = CARTESIAN_POINT('',(-123.,41.4,57.));
#2493 = DIRECTION('',(-0.,-1.,-0.));
#2494 = DIRECTION('',(0.,0.,-1.));
#2495 = DEFINITIONAL_REPRESENTATION('',(#2496),#2504);
#2496 = ( BOUNDED_CURVE() B_SPLINE_CURVE(2,(#2497,#2498,#2499,#2500,
#2501,#2502,#2503),.UNSPECIFIED.,.T.,.F.) B_SPLINE_CURVE_WITH_KNOTS((1,2
    ,2,2,2,1),(-2.094395102393,0.,2.094395102393,4.188790204786,
6.28318530718,8.377580409573),.UNSPECIFIED.) CURVE() 
GEOMETRIC_REPRESENTATION_ITEM() RATIONAL_B_SPLINE_CURVE((1.,0.5,1.,0.5,
1.,0.5,1.)) REPRESENTATION_ITEM('') );
#2497 = CARTESIAN_POINT('',(-9.4,-2.84217094304E-14));
#2498 = CARTESIAN_POINT('',(-9.4,16.281277591147));
#2499 = CARTESIAN_POINT('',(4.7,8.140638795574));
#2500 = CARTESIAN_POINT('',(18.8,-2.611937344801E-14));
#2501 = CARTESIAN_POINT('',(4.7,-8.140638795574));
#2502 = CARTESIAN_POINT('',(-9.4,-16.28127759114));
#2503 = CARTESIAN_POINT('',(-9.4,-2.84217094304E-14));
#2504 = ( GEOMETRIC_REPRESENTATION_CONTEXT(2) 
PARAMETRIC_REPRESENTATION_CONTEXT() REPRESENTATION_CONTEXT('2D SPACE',''
  ) );
#2505 = FACE_BOUND('',#2506,.T.);
#2506 = EDGE_LOOP('',(#2507,#2535,#2568,#2594));
#2507 = ORIENTED_EDGE('',*,*,#2508,.F.);
#2508 = EDGE_CURVE('',#2509,#2511,#2513,.T.);
#2509 = VERTEX_POINT('',#2510);
#2510 = CARTESIAN_POINT('',(-130.7922397372,36.2,51.742529136782));
#2511 = VERTEX_POINT('',#2512);
#2512 = CARTESIAN_POINT('',(-130.7922397372,41.4,51.742529136782));
#2513 = SURFACE_CURVE('',#2514,(#2518,#2524),.PCURVE_S1.);
#2514 = LINE('',#2515,#2516);
#2515 = CARTESIAN_POINT('',(-130.7922397372,35.2,51.742529136782));
#2516 = VECTOR('',#2517,1.);
#2517 = DIRECTION('',(0.,1.,0.));
#2518 = PCURVE('',#31,#2519);
#2519 = DEFINITIONAL_REPRESENTATION('',(#2520),#2523);
#2520 = B_SPLINE_CURVE_WITH_KNOTS('',1,(#2521,#2522),.UNSPECIFIED.,.F.,
  .F.,(2,2),(0.7999994,6.4000006),.PIECEWISE_BEZIER_KNOTS.);
#2521 = CARTESIAN_POINT('',(4.118841319917,0.7999994));
#2522 = CARTESIAN_POINT('',(4.118841319917,6.4000006));
#2523 = ( GEOMETRIC_REPRESENTATION_CONTEXT(2) 
PARAMETRIC_REPRESENTATION_CONTEXT() REPRESENTATION_CONTEXT('2D SPACE',''
  ) );
#2524 = PCURVE('',#2525,#2530);
#2525 = PLANE('',#2526);
#2526 = AXIS2_PLACEMENT_3D('',#2527,#2528,#2529);
#2527 = CARTESIAN_POINT('',(-130.7326673944,41.4,51.833196832918));
#2528 = DIRECTION('',(0.835744761915,0.,-0.54911810472));
#2529 = DIRECTION('',(-0.54911810472,0.,-0.835744761915));
#2530 = DEFINITIONAL_REPRESENTATION('',(#2531),#2534);
#2531 = B_SPLINE_CURVE_WITH_KNOTS('',1,(#2532,#2533),.UNSPECIFIED.,.F.,
  .F.,(2,2),(0.7999994,6.4000006),.PIECEWISE_BEZIER_KNOTS.);
#2532 = CARTESIAN_POINT('',(0.108487304099,-5.4000006));
#2533 = CARTESIAN_POINT('',(0.108487304099,0.2000006));
#2534 = ( GEOMETRIC_REPRESENTATION_CONTEXT(2) 
PARAMETRIC_REPRESENTATION_CONTEXT() REPRESENTATION_CONTEXT('2D SPACE',''
  ) );
#2535 = ORIENTED_EDGE('',*,*,#2536,.F.);
#2536 = EDGE_CURVE('',#2537,#2509,#2539,.T.);
#2537 = VERTEX_POINT('',#2538);
#2538 = CARTESIAN_POINT('',(-130.054598935,36.2,50.787703012171));
#2539 = SURFACE_CURVE('',#2540,(#2545,#2552),.PCURVE_S1.);
#2540 = CIRCLE('',#2541,9.4);
#2541 = AXIS2_PLACEMENT_3D('',#2542,#2543,#2544);
#2542 = CARTESIAN_POINT('',(-123.,36.2,57.));
#2543 = DIRECTION('',(0.,1.,0.));
#2544 = DIRECTION('',(0.,-0.,1.));
#2545 = PCURVE('',#31,#2546);
#2546 = DEFINITIONAL_REPRESENTATION('',(#2547),#2551);
#2547 = LINE('',#2548,#2549);
#2548 = CARTESIAN_POINT('',(0.,1.));
#2549 = VECTOR('',#2550,1.);
#2550 = DIRECTION('',(1.,0.));
#2551 = ( GEOMETRIC_REPRESENTATION_CONTEXT(2) 
PARAMETRIC_REPRESENTATION_CONTEXT() REPRESENTATION_CONTEXT('2D SPACE',''
  ) );
#2552 = PCURVE('',#2553,#2558);
#2553 = PLANE('',#2554);
#2554 = AXIS2_PLACEMENT_3D('',#2555,#2556,#2557);
#2555 = CARTESIAN_POINT('',(-123.,36.2,57.));
#2556 = DIRECTION('',(-0.,-1.,-0.));
#2557 = DIRECTION('',(0.,0.,-1.));
#2558 = DEFINITIONAL_REPRESENTATION('',(#2559),#2567);
#2559 = ( BOUNDED_CURVE() B_SPLINE_CURVE(2,(#2560,#2561,#2562,#2563,
#2564,#2565,#2566),.UNSPECIFIED.,.T.,.F.) B_SPLINE_CURVE_WITH_KNOTS((1,2
    ,2,2,2,1),(-2.094395102393,0.,2.094395102393,4.188790204786,
6.28318530718,8.377580409573),.UNSPECIFIED.) CURVE() 
GEOMETRIC_REPRESENTATION_ITEM() RATIONAL_B_SPLINE_CURVE((1.,0.5,1.,0.5,
1.,0.5,1.)) REPRESENTATION_ITEM('') );
#2560 = CARTESIAN_POINT('',(-9.4,-2.84217094304E-14));
#2561 = CARTESIAN_POINT('',(-9.4,16.281277591147));
#2562 = CARTESIAN_POINT('',(4.7,8.140638795574));
#2563 = CARTESIAN_POINT('',(18.8,-2.611937344801E-14));
#2564 = CARTESIAN_POINT('',(4.7,-8.140638795574));
#2565 = CARTESIAN_POINT('',(-9.4,-16.28127759114));
#2566 = CARTESIAN_POINT('',(-9.4,-2.84217094304E-14));
#2567 = ( GEOMETRIC_REPRESENTATION_CONTEXT(2) 
PARAMETRIC_REPRESENTATION_CONTEXT() REPRESENTATION_CONTEXT('2D SPACE',''
  ) );
#2568 = ORIENTED_EDGE('',*,*,#2569,.T.);
#2569 = EDGE_CURVE('',#2537,#2570,#2572,.T.);
#2570 = VERTEX_POINT('',#2571);
#2571 = CARTESIAN_POINT('',(-130.054598935,41.4,50.787703012171));
#2572 = SURFACE_CURVE('',#2573,(#2577,#2583),.PCURVE_S1.);
#2573 = LINE('',#2574,#2575);
#2574 = CARTESIAN_POINT('',(-130.054598935,35.2,50.787703012171));
#2575 = VECTOR('',#2576,1.);
#2576 = DIRECTION('',(0.,1.,0.));
#2577 = PCURVE('',#31,#2578);
#2578 = DEFINITIONAL_REPRESENTATION('',(#2579),#2582);
#2579 = B_SPLINE_CURVE_WITH_KNOTS('',1,(#2580,#2581),.UNSPECIFIED.,.F.,
  .F.,(2,2),(0.7999994,6.4000006),.PIECEWISE_BEZIER_KNOTS.);
#2580 = CARTESIAN_POINT('',(3.990394717162,0.7999994));
#2581 = CARTESIAN_POINT('',(3.990394717162,6.4000006));
#2582 = ( GEOMETRIC_REPRESENTATION_CONTEXT(2) 
PARAMETRIC_REPRESENTATION_CONTEXT() REPRESENTATION_CONTEXT('2D SPACE',''
  ) );
#2583 = PCURVE('',#2584,#2589);
#2584 = PLANE('',#2585);
#2585 = AXIS2_PLACEMENT_3D('',#2586,#2587,#2588);
#2586 = CARTESIAN_POINT('',(-130.6674515972,41.4,50.580483974373));
#2587 = DIRECTION('',(-0.320307666807,0.,0.947313569302));
#2588 = DIRECTION('',(0.947313569302,0.,0.320307666807));
#2589 = DEFINITIONAL_REPRESENTATION('',(#2590),#2593);
#2590 = B_SPLINE_CURVE_WITH_KNOTS('',1,(#2591,#2592),.UNSPECIFIED.,.F.,
  .F.,(2,2),(0.7999994,6.4000006),.PIECEWISE_BEZIER_KNOTS.);
#2591 = CARTESIAN_POINT('',(0.646937489394,-5.4000006));
#2592 = CARTESIAN_POINT('',(0.646937489394,0.2000006));
#2593 = ( GEOMETRIC_REPRESENTATION_CONTEXT(2) 
PARAMETRIC_REPRESENTATION_CONTEXT() REPRESENTATION_CONTEXT('2D SPACE',''
  ) );
#2594 = ORIENTED_EDGE('',*,*,#2595,.T.);
#2595 = EDGE_CURVE('',#2570,#2511,#2596,.T.);
#2596 = SURFACE_CURVE('',#2597,(#2602,#2609),.PCURVE_S1.);
#2597 = CIRCLE('',#2598,9.4);
#2598 = AXIS2_PLACEMENT_3D('',#2599,#2600,#2601);
#2599 = CARTESIAN_POINT('',(-123.,41.4,57.));
#2600 = DIRECTION('',(0.,1.,0.));
#2601 = DIRECTION('',(0.,-0.,1.));
#2602 = PCURVE('',#31,#2603);
#2603 = DEFINITIONAL_REPRESENTATION('',(#2604),#2608);
#2604 = LINE('',#2605,#2606);
#2605 = CARTESIAN_POINT('',(0.,6.2));
#2606 = VECTOR('',#2607,1.);
#2607 = DIRECTION('',(1.,0.));
#2608 = ( GEOMETRIC_REPRESENTATION_CONTEXT(2) 
PARAMETRIC_REPRESENTATION_CONTEXT() REPRESENTATION_CONTEXT('2D SPACE',''
  ) );
#2609 = PCURVE('',#2610,#2615);
#2610 = PLANE('',#2611);
#2611 = AXIS2_PLACEMENT_3D('',#2612,#2613,#2614);
#2612 = CARTESIAN_POINT('',(-123.,41.4,57.));
#2613 = DIRECTION('',(-0.,-1.,-0.));
#2614 = DIRECTION('',(0.,0.,-1.));
#2615 = DEFINITIONAL_REPRESENTATION('',(#2616),#2624);
#2616 = ( BOUNDED_CURVE() B_SPLINE_CURVE(2,(#2617,#2618,#2619,#2620,
#2621,#2622,#2623),.UNSPECIFIED.,.T.,.F.) B_SPLINE_CURVE_WITH_KNOTS((1,2
    ,2,2,2,1),(-2.094395102393,0.,2.094395102393,4.188790204786,
6.28318530718,8.377580409573),.UNSPECIFIED.) CURVE() 
GEOMETRIC_REPRESENTATION_ITEM() RATIONAL_B_SPLINE_CURVE((1.,0.5,1.,0.5,
1.,0.5,1.)) REPRESENTATION_ITEM('') );
#2617 = CARTESIAN_POINT('',(-9.4,-2.84217094304E-14));
#2618 = CARTESIAN_POINT('',(-9.4,16.281277591147));
#2619 = CARTESIAN_POINT('',(4.7,8.140638795574));
#2620 = CARTESIAN_POINT('',(18.8,-2.611937344801E-14));
#2621 = CARTESIAN_POINT('',(4.7,-8.140638795574));
#2622 = CARTESIAN_POINT('',(-9.4,-16.28127759114));
#2623 = CARTESIAN_POINT('',(-9.4,-2.84217094304E-14));
#2624 = ( GEOMETRIC_REPRESENTATION_CONTEXT(2) 
PARAMETRIC_REPRESENTATION_CONTEXT() REPRESENTATION_CONTEXT('2D SPACE',''
  ) );
#2625 = FACE_BOUND('',#2626,.T.);
#2626 = EDGE_LOOP('',(#2627,#2655,#2688,#2714));
#2627 = ORIENTED_EDGE('',*,*,#2628,.F.);
#2628 = EDGE_CURVE('',#2629,#2631,#2633,.T.);
#2629 = VERTEX_POINT('',#2630);
#2630 = CARTESIAN_POINT('',(-131.6681957193,36.2,53.36374052477));
#2631 = VERTEX_POINT('',#2632);
#2632 = CARTESIAN_POINT('',(-131.6681957193,41.4,53.36374052477));
#2633 = SURFACE_CURVE('',#2634,(#2638,#2644),.PCURVE_S1.);
#2634 = LINE('',#2635,#2636);
#2635 = CARTESIAN_POINT('',(-131.6681957193,35.2,53.36374052477));
#2636 = VECTOR('',#2637,1.);
#2637 = DIRECTION('',(0.,1.,0.));
#2638 = PCURVE('',#31,#2639);
#2639 = DEFINITIONAL_REPRESENTATION('',(#2640),#2643);
#2640 = B_SPLINE_CURVE_WITH_KNOTS('',1,(#2641,#2642),.UNSPECIFIED.,.F.,
  .F.,(2,2),(0.7999994,6.4000006),.PIECEWISE_BEZIER_KNOTS.);
#2641 = CARTESIAN_POINT('',(4.315190860766,0.7999994));
#2642 = CARTESIAN_POINT('',(4.315190860766,6.4000006));
#2643 = ( GEOMETRIC_REPRESENTATION_CONTEXT(2) 
PARAMETRIC_REPRESENTATION_CONTEXT() REPRESENTATION_CONTEXT('2D SPACE',''
  ) );
#2644 = PCURVE('',#2645,#2650);
#2645 = PLANE('',#2646);
#2646 = AXIS2_PLACEMENT_3D('',#2647,#2648,#2649);
#2647 = CARTESIAN_POINT('',(-131.5920796523,41.4,53.441044079005));
#2648 = DIRECTION('',(0.712558532786,0.,-0.701612669037));
#2649 = DIRECTION('',(-0.701612669037,0.,-0.712558532786));
#2650 = DEFINITIONAL_REPRESENTATION('',(#2651),#2654);
#2651 = B_SPLINE_CURVE_WITH_KNOTS('',1,(#2652,#2653),.UNSPECIFIED.,.F.,
  .F.,(2,2),(0.7999994,6.4000006),.PIECEWISE_BEZIER_KNOTS.);
#2652 = CARTESIAN_POINT('',(0.108487304099,-5.4000006));
#2653 = CARTESIAN_POINT('',(0.108487304099,0.2000006));
#2654 = ( GEOMETRIC_REPRESENTATION_CONTEXT(2) 
PARAMETRIC_REPRESENTATION_CONTEXT() REPRESENTATION_CONTEXT('2D SPACE',''
  ) );
#2655 = ORIENTED_EDGE('',*,*,#2656,.F.);
#2656 = EDGE_CURVE('',#2657,#2629,#2659,.T.);
#2657 = VERTEX_POINT('',#2658);
#2658 = CARTESIAN_POINT('',(-131.1310058145,36.2,52.283354534786));
#2659 = SURFACE_CURVE('',#2660,(#2665,#2672),.PCURVE_S1.);
#2660 = CIRCLE('',#2661,9.4);
#2661 = AXIS2_PLACEMENT_3D('',#2662,#2663,#2664);
#2662 = CARTESIAN_POINT('',(-123.,36.2,57.));
#2663 = DIRECTION('',(0.,1.,0.));
#2664 = DIRECTION('',(0.,-0.,1.));
#2665 = PCURVE('',#31,#2666);
#2666 = DEFINITIONAL_REPRESENTATION('',(#2667),#2671);
#2667 = LINE('',#2668,#2669);
#2668 = CARTESIAN_POINT('',(0.,1.));
#2669 = VECTOR('',#2670,1.);
#2670 = DIRECTION('',(1.,0.));
#2671 = ( GEOMETRIC_REPRESENTATION_CONTEXT(2) 
PARAMETRIC_REPRESENTATION_CONTEXT() REPRESENTATION_CONTEXT('2D SPACE',''
  ) );
#2672 = PCURVE('',#2673,#2678);
#2673 = PLANE('',#2674);
#2674 = AXIS2_PLACEMENT_3D('',#2675,#2676,#2677);
#2675 = CARTESIAN_POINT('',(-123.,36.2,57.));
#2676 = DIRECTION('',(-0.,-1.,-0.));
#2677 = DIRECTION('',(0.,0.,-1.));
#2678 = DEFINITIONAL_REPRESENTATION('',(#2679),#2687);
#2679 = ( BOUNDED_CURVE() B_SPLINE_CURVE(2,(#2680,#2681,#2682,#2683,
#2684,#2685,#2686),.UNSPECIFIED.,.T.,.F.) B_SPLINE_CURVE_WITH_KNOTS((1,2
    ,2,2,2,1),(-2.094395102393,0.,2.094395102393,4.188790204786,
6.28318530718,8.377580409573),.UNSPECIFIED.) CURVE() 
GEOMETRIC_REPRESENTATION_ITEM() RATIONAL_B_SPLINE_CURVE((1.,0.5,1.,0.5,
1.,0.5,1.)) REPRESENTATION_ITEM('') );
#2680 = CARTESIAN_POINT('',(-9.4,-2.84217094304E-14));
#2681 = CARTESIAN_POINT('',(-9.4,16.281277591147));
#2682 = CARTESIAN_POINT('',(4.7,8.140638795574));
#2683 = CARTESIAN_POINT('',(18.8,-2.611937344801E-14));
#2684 = CARTESIAN_POINT('',(4.7,-8.140638795574));
#2685 = CARTESIAN_POINT('',(-9.4,-16.28127759114));
#2686 = CARTESIAN_POINT('',(-9.4,-2.84217094304E-14));
#2687 = ( GEOMETRIC_REPRESENTATION_CONTEXT(2) 
PARAMETRIC_REPRESENTATION_CONTEXT() REPRESENTATION_CONTEXT('2D SPACE',''
  ) );
#2688 = ORIENTED_EDGE('',*,*,#2689,.T.);
#2689 = EDGE_CURVE('',#2657,#2690,#2692,.T.);
#2690 = VERTEX_POINT('',#2691);
#2691 = CARTESIAN_POINT('',(-131.1310058145,41.4,52.283354534786));
#2692 = SURFACE_CURVE('',#2693,(#2697,#2703),.PCURVE_S1.);
#2693 = LINE('',#2694,#2695);
#2694 = CARTESIAN_POINT('',(-131.1310058145,35.2,52.283354534786));
#2695 = VECTOR('',#2696,1.);
#2696 = DIRECTION('',(0.,1.,0.));
#2697 = PCURVE('',#31,#2698);
#2698 = DEFINITIONAL_REPRESENTATION('',(#2699),#2702);
#2699 = B_SPLINE_CURVE_WITH_KNOTS('',1,(#2700,#2701),.UNSPECIFIED.,.F.,
  .F.,(2,2),(0.7999994,6.4000006),.PIECEWISE_BEZIER_KNOTS.);
#2700 = CARTESIAN_POINT('',(4.186744258011,0.7999994));
#2701 = CARTESIAN_POINT('',(4.186744258011,6.4000006));
#2702 = ( GEOMETRIC_REPRESENTATION_CONTEXT(2) 
PARAMETRIC_REPRESENTATION_CONTEXT() REPRESENTATION_CONTEXT('2D SPACE',''
  ) );
#2703 = PCURVE('',#2704,#2709);
#2704 = PLANE('',#2705);
#2705 = AXIS2_PLACEMENT_3D('',#2706,#2707,#2708);
#2706 = CARTESIAN_POINT('',(-131.7725091134,41.4,52.19967877591));
#2707 = DIRECTION('',(-0.129341335519,0.,0.99160013056));
#2708 = DIRECTION('',(0.99160013056,0.,0.129341335519));
#2709 = DEFINITIONAL_REPRESENTATION('',(#2710),#2713);
#2710 = B_SPLINE_CURVE_WITH_KNOTS('',1,(#2711,#2712),.UNSPECIFIED.,.F.,
  .F.,(2,2),(0.7999994,6.4000006),.PIECEWISE_BEZIER_KNOTS.);
#2711 = CARTESIAN_POINT('',(0.646937489394,-5.4000006));
#2712 = CARTESIAN_POINT('',(0.646937489394,0.2000006));
#2713 = ( GEOMETRIC_REPRESENTATION_CONTEXT(2) 
PARAMETRIC_REPRESENTATION_CONTEXT() REPRESENTATION_CONTEXT('2D SPACE',''
  ) );
#2714 = ORIENTED_EDGE('',*,*,#2715,.T.);
#2715 = EDGE_CURVE('',#2690,#2631,#2716,.T.);
#2716 = SURFACE_CURVE('',#2717,(#2722,#2729),.PCURVE_S1.);
#2717 = CIRCLE('',#2718,9.4);
#2718 = AXIS2_PLACEMENT_3D('',#2719,#2720,#2721);
#2719 = CARTESIAN_POINT('',(-123.,41.4,57.));
#2720 = DIRECTION('',(0.,1.,0.));
#2721 = DIRECTION('',(0.,-0.,1.));
#2722 = PCURVE('',#31,#2723);
#2723 = DEFINITIONAL_REPRESENTATION('',(#2724),#2728);
#2724 = LINE('',#2725,#2726);
#2725 = CARTESIAN_POINT('',(0.,6.2));
#2726 = VECTOR('',#2727,1.);
#2727 = DIRECTION('',(1.,0.));
#2728 = ( GEOMETRIC_REPRESENTATION_CONTEXT(2) 
PARAMETRIC_REPRESENTATION_CONTEXT() REPRESENTATION_CONTEXT('2D SPACE',''
  ) );
#2729 = PCURVE('',#2730,#2735);
#2730 = PLANE('',#2731);
#2731 = AXIS2_PLACEMENT_3D('',#2732,#2733,#2734);
#2732 = CARTESIAN_POINT('',(-123.,41.4,57.));
#2733 = DIRECTION('',(-0.,-1.,-0.));
#2734 = DIRECTION('',(0.,0.,-1.));
#2735 = DEFINITIONAL_REPRESENTATION('',(#2736),#2744);
#2736 = ( BOUNDED_CURVE() B_SPLINE_CURVE(2,(#2737,#2738,#2739,#2740,
#2741,#2742,#2743),.UNSPECIFIED.,.T.,.F.) B_SPLINE_CURVE_WITH_KNOTS((1,2
    ,2,2,2,1),(-2.094395102393,0.,2.094395102393,4.188790204786,
6.28318530718,8.377580409573),.UNSPECIFIED.) CURVE() 
GEOMETRIC_REPRESENTATION_ITEM() RATIONAL_B_SPLINE_CURVE((1.,0.5,1.,0.5,
1.,0.5,1.)) REPRESENTATION_ITEM('') );
#2737 = CARTESIAN_POINT('',(-9.4,-2.84217094304E-14));
#2738 = CARTESIAN_POINT('',(-9.4,16.281277591147));
#2739 = CARTESIAN_POINT('',(4.7,8.140638795574));
#2740 = CARTESIAN_POINT('',(18.8,-2.611937344801E-14));
#2741 = CARTESIAN_POINT('',(4.7,-8.140638795574));
#2742 = CARTESIAN_POINT('',(-9.4,-16.28127759114));
#2743 = CARTESIAN_POINT('',(-9.4,-2.84217094304E-14));
#2744 = ( GEOMETRIC_REPRESENTATION_CONTEXT(2) 
PARAMETRIC_REPRESENTATION_CONTEXT() REPRESENTATION_CONTEXT('2D SPACE',''
  ) );
#2745 = FACE_BOUND('',#2746,.T.);
#2746 = EDGE_LOOP('',(#2747,#2775,#2808,#2834));
#2747 = ORIENTED_EDGE('',*,*,#2748,.F.);
#2748 = EDGE_CURVE('',#2749,#2751,#2753,.T.);
#2749 = VERTEX_POINT('',#2750);
#2750 = CARTESIAN_POINT('',(-132.2110378011,36.2,55.124691325152));
#2751 = VERTEX_POINT('',#2752);
#2752 = CARTESIAN_POINT('',(-132.2110378011,41.4,55.124691325152));
#2753 = SURFACE_CURVE('',#2754,(#2758,#2764),.PCURVE_S1.);
#2754 = LINE('',#2755,#2756);
#2755 = CARTESIAN_POINT('',(-132.2110378011,35.2,55.124691325152));
#2756 = VECTOR('',#2757,1.);
#2757 = DIRECTION('',(0.,1.,0.));
#2758 = PCURVE('',#31,#2759);
#2759 = DEFINITIONAL_REPRESENTATION('',(#2760),#2763);
#2760 = B_SPLINE_CURVE_WITH_KNOTS('',1,(#2761,#2762),.UNSPECIFIED.,.F.,
  .F.,(2,2),(0.7999994,6.4000006),.PIECEWISE_BEZIER_KNOTS.);
#2761 = CARTESIAN_POINT('',(4.511540401615,0.7999994));
#2762 = CARTESIAN_POINT('',(4.511540401615,6.4000006));
#2763 = ( GEOMETRIC_REPRESENTATION_CONTEXT(2) 
PARAMETRIC_REPRESENTATION_CONTEXT() REPRESENTATION_CONTEXT('2D SPACE',''
  ) );
#2764 = PCURVE('',#2765,#2770);
#2765 = PLANE('',#2766);
#2766 = AXIS2_PLACEMENT_3D('',#2767,#2768,#2769);
#2767 = CARTESIAN_POINT('',(-132.1213031077,41.4,55.18566000525));
#2768 = DIRECTION('',(0.561989078849,0.,-0.827144651953));
#2769 = DIRECTION('',(-0.827144651953,0.,-0.561989078849));
#2770 = DEFINITIONAL_REPRESENTATION('',(#2771),#2774);
#2771 = B_SPLINE_CURVE_WITH_KNOTS('',1,(#2772,#2773),.UNSPECIFIED.,.F.,
  .F.,(2,2),(0.7999994,6.4000006),.PIECEWISE_BEZIER_KNOTS.);
#2772 = CARTESIAN_POINT('',(0.108487304099,-5.4000006));
#2773 = CARTESIAN_POINT('',(0.108487304099,0.2000006));
#2774 = ( GEOMETRIC_REPRESENTATION_CONTEXT(2) 
PARAMETRIC_REPRESENTATION_CONTEXT() REPRESENTATION_CONTEXT('2D SPACE',''
  ) );
#2775 = ORIENTED_EDGE('',*,*,#2776,.F.);
#2776 = EDGE_CURVE('',#2777,#2749,#2779,.T.);
#2777 = VERTEX_POINT('',#2778);
#2778 = CARTESIAN_POINT('',(-131.8949427003,36.2,53.960264097503));
#2779 = SURFACE_CURVE('',#2780,(#2785,#2792),.PCURVE_S1.);
#2780 = CIRCLE('',#2781,9.4);
#2781 = AXIS2_PLACEMENT_3D('',#2782,#2783,#2784);
#2782 = CARTESIAN_POINT('',(-123.,36.2,57.));
#2783 = DIRECTION('',(0.,1.,0.));
#2784 = DIRECTION('',(0.,-0.,1.));
#2785 = PCURVE('',#31,#2786);
#2786 = DEFINITIONAL_REPRESENTATION('',(#2787),#2791);
#2787 = LINE('',#2788,#2789);
#2788 = CARTESIAN_POINT('',(0.,1.));
#2789 = VECTOR('',#2790,1.);
#2790 = DIRECTION('',(1.,0.));
#2791 = ( GEOMETRIC_REPRESENTATION_CONTEXT(2) 
PARAMETRIC_REPRESENTATION_CONTEXT() REPRESENTATION_CONTEXT('2D SPACE',''
  ) );
#2792 = PCURVE('',#2793,#2798);
#2793 = PLANE('',#2794);
#2794 = AXIS2_PLACEMENT_3D('',#2795,#2796,#2797);
#2795 = CARTESIAN_POINT('',(-123.,36.2,57.));
#2796 = DIRECTION('',(-0.,-1.,-0.));
#2797 = DIRECTION('',(0.,0.,-1.));
#2798 = DEFINITIONAL_REPRESENTATION('',(#2799),#2807);
#2799 = ( BOUNDED_CURVE() B_SPLINE_CURVE(2,(#2800,#2801,#2802,#2803,
#2804,#2805,#2806),.UNSPECIFIED.,.T.,.F.) B_SPLINE_CURVE_WITH_KNOTS((1,2
    ,2,2,2,1),(-2.094395102393,0.,2.094395102393,4.188790204786,
6.28318530718,8.377580409573),.UNSPECIFIED.) CURVE() 
GEOMETRIC_REPRESENTATION_ITEM() RATIONAL_B_SPLINE_CURVE((1.,0.5,1.,0.5,
1.,0.5,1.)) REPRESENTATION_ITEM('') );
#2800 = CARTESIAN_POINT('',(-9.4,-2.84217094304E-14));
#2801 = CARTESIAN_POINT('',(-9.4,16.281277591147));
#2802 = CARTESIAN_POINT('',(4.7,8.140638795574));
#2803 = CARTESIAN_POINT('',(18.8,-2.611937344801E-14));
#2804 = CARTESIAN_POINT('',(4.7,-8.140638795574));
#2805 = CARTESIAN_POINT('',(-9.4,-16.28127759114));
#2806 = CARTESIAN_POINT('',(-9.4,-2.84217094304E-14));
#2807 = ( GEOMETRIC_REPRESENTATION_CONTEXT(2) 
PARAMETRIC_REPRESENTATION_CONTEXT() REPRESENTATION_CONTEXT('2D SPACE',''
  ) );
#2808 = ORIENTED_EDGE('',*,*,#2809,.T.);
#2809 = EDGE_CURVE('',#2777,#2810,#2812,.T.);
#2810 = VERTEX_POINT('',#2811);
#2811 = CARTESIAN_POINT('',(-131.8949427003,41.4,53.960264097503));
#2812 = SURFACE_CURVE('',#2813,(#2817,#2823),.PCURVE_S1.);
#2813 = LINE('',#2814,#2815);
#2814 = CARTESIAN_POINT('',(-131.8949427003,35.2,53.960264097503));
#2815 = VECTOR('',#2816,1.);
#2816 = DIRECTION('',(0.,1.,0.));
#2817 = PCURVE('',#31,#2818);
#2818 = DEFINITIONAL_REPRESENTATION('',(#2819),#2822);
#2819 = B_SPLINE_CURVE_WITH_KNOTS('',1,(#2820,#2821),.UNSPECIFIED.,.F.,
  .F.,(2,2),(0.7999994,6.4000006),.PIECEWISE_BEZIER_KNOTS.);
#2820 = CARTESIAN_POINT('',(4.383093798861,0.7999994));
#2821 = CARTESIAN_POINT('',(4.383093798861,6.4000006));
#2822 = ( GEOMETRIC_REPRESENTATION_CONTEXT(2) 
PARAMETRIC_REPRESENTATION_CONTEXT() REPRESENTATION_CONTEXT('2D SPACE',''
  ) );
#2823 = PCURVE('',#2824,#2829);
#2824 = PLANE('',#2825);
#2825 = AXIS2_PLACEMENT_3D('',#2826,#2827,#2828);
#2826 = CARTESIAN_POINT('',(-132.540444024,41.4,54.003347230037));
#2827 = DIRECTION('',(6.659551075702E-02,0.,0.997780054895));
#2828 = DIRECTION('',(0.997780054895,0.,-6.659551075702E-02));
#2829 = DEFINITIONAL_REPRESENTATION('',(#2830),#2833);
#2830 = B_SPLINE_CURVE_WITH_KNOTS('',1,(#2831,#2832),.UNSPECIFIED.,.F.,
  .F.,(2,2),(0.7999994,6.4000006),.PIECEWISE_BEZIER_KNOTS.);
#2831 = CARTESIAN_POINT('',(0.646937489394,-5.4000006));
#2832 = CARTESIAN_POINT('',(0.646937489394,0.2000006));
#2833 = ( GEOMETRIC_REPRESENTATION_CONTEXT(2) 
PARAMETRIC_REPRESENTATION_CONTEXT() REPRESENTATION_CONTEXT('2D SPACE',''
  ) );
#2834 = ORIENTED_EDGE('',*,*,#2835,.T.);
#2835 = EDGE_CURVE('',#2810,#2751,#2836,.T.);
#2836 = SURFACE_CURVE('',#2837,(#2842,#2849),.PCURVE_S1.);
#2837 = CIRCLE('',#2838,9.4);
#2838 = AXIS2_PLACEMENT_3D('',#2839,#2840,#2841);
#2839 = CARTESIAN_POINT('',(-123.,41.4,57.));
#2840 = DIRECTION('',(0.,1.,0.));
#2841 = DIRECTION('',(0.,-0.,1.));
#2842 = PCURVE('',#31,#2843);
#2843 = DEFINITIONAL_REPRESENTATION('',(#2844),#2848);
#2844 = LINE('',#2845,#2846);
#2845 = CARTESIAN_POINT('',(0.,6.2));
#2846 = VECTOR('',#2847,1.);
#2847 = DIRECTION('',(1.,0.));
#2848 = ( GEOMETRIC_REPRESENTATION_CONTEXT(2) 
PARAMETRIC_REPRESENTATION_CONTEXT() REPRESENTATION_CONTEXT('2D SPACE',''
  ) );
#2849 = PCURVE('',#2850,#2855);
#2850 = PLANE('',#2851);
#2851 = AXIS2_PLACEMENT_3D('',#2852,#2853,#2854);
#2852 = CARTESIAN_POINT('',(-123.,41.4,57.));
#2853 = DIRECTION('',(-0.,-1.,-0.));
#2854 = DIRECTION('',(0.,0.,-1.));
#2855 = DEFINITIONAL_REPRESENTATION('',(#2856),#2864);
#2856 = ( BOUNDED_CURVE() B_SPLINE_CURVE(2,(#2857,#2858,#2859,#2860,
#2861,#2862,#2863),.UNSPECIFIED.,.T.,.F.) B_SPLINE_CURVE_WITH_KNOTS((1,2
    ,2,2,2,1),(-2.094395102393,0.,2.094395102393,4.188790204786,
6.28318530718,8.377580409573),.UNSPECIFIED.) CURVE() 
GEOMETRIC_REPRESENTATION_ITEM() RATIONAL_B_SPLINE_CURVE((1.,0.5,1.,0.5,
1.,0.5,1.)) REPRESENTATION_ITEM('') );
#2857 = CARTESIAN_POINT('',(-9.4,-2.84217094304E-14));
#2858 = CARTESIAN_POINT('',(-9.4,16.281277591147));
#2859 = CARTESIAN_POINT('',(4.7,8.140638795574));
#2860 = CARTESIAN_POINT('',(18.8,-2.611937344801E-14));
#2861 = CARTESIAN_POINT('',(4.7,-8.140638795574));
#2862 = CARTESIAN_POINT('',(-9.4,-16.28127759114));
#2863 = CARTESIAN_POINT('',(-9.4,-2.84217094304E-14));
#2864 = ( GEOMETRIC_REPRESENTATION_CONTEXT(2) 
PARAMETRIC_REPRESENTATION_CONTEXT() REPRESENTATION_CONTEXT('2D SPACE',''
  ) );
#2865 = FACE_BOUND('',#2866,.T.);
#2866 = EDGE_LOOP('',(#2867,#2895,#2928,#2954));
#2867 = ORIENTED_EDGE('',*,*,#2868,.F.);
#2868 = EDGE_CURVE('',#2869,#2871,#2873,.T.);
#2869 = VERTEX_POINT('',#2870);
#2870 = CARTESIAN_POINT('',(-132.3999048658,36.2,56.957709186224));
#2871 = VERTEX_POINT('',#2872);
#2872 = CARTESIAN_POINT('',(-132.3999048658,41.4,56.957709186224));
#2873 = SURFACE_CURVE('',#2874,(#2878,#2884),.PCURVE_S1.);
#2874 = LINE('',#2875,#2876);
#2875 = CARTESIAN_POINT('',(-132.3999048658,35.2,56.957709186224));
#2876 = VECTOR('',#2877,1.);
#2877 = DIRECTION('',(0.,1.,0.));
#2878 = PCURVE('',#31,#2879);
#2879 = DEFINITIONAL_REPRESENTATION('',(#2880),#2883);
#2880 = B_SPLINE_CURVE_WITH_KNOTS('',1,(#2881,#2882),.UNSPECIFIED.,.F.,
  .F.,(2,2),(0.7999994,6.4000006),.PIECEWISE_BEZIER_KNOTS.);
#2881 = CARTESIAN_POINT('',(4.707889942465,0.7999994));
#2882 = CARTESIAN_POINT('',(4.707889942465,6.4000006));
#2883 = ( GEOMETRIC_REPRESENTATION_CONTEXT(2) 
PARAMETRIC_REPRESENTATION_CONTEXT() REPRESENTATION_CONTEXT('2D SPACE',''
  ) );
#2884 = PCURVE('',#2885,#2890);
#2885 = PLANE('',#2886);
#2886 = AXIS2_PLACEMENT_3D('',#2887,#2888,#2889);
#2887 = CARTESIAN_POINT('',(-132.3,41.4,57.));
#2888 = DIRECTION('',(0.389822699779,0.,-0.920889929762));
#2889 = DIRECTION('',(-0.920889929762,0.,-0.389822699779));
#2890 = DEFINITIONAL_REPRESENTATION('',(#2891),#2894);
#2891 = B_SPLINE_CURVE_WITH_KNOTS('',1,(#2892,#2893),.UNSPECIFIED.,.F.,
  .F.,(2,2),(0.7999994,6.4000006),.PIECEWISE_BEZIER_KNOTS.);
#2892 = CARTESIAN_POINT('',(0.108487304099,-5.4000006));
#2893 = CARTESIAN_POINT('',(0.108487304099,0.2000006));
#2894 = ( GEOMETRIC_REPRESENTATION_CONTEXT(2) 
PARAMETRIC_REPRESENTATION_CONTEXT() REPRESENTATION_CONTEXT('2D SPACE',''
  ) );
#2895 = ORIENTED_EDGE('',*,*,#2896,.F.);
#2896 = EDGE_CURVE('',#2897,#2869,#2899,.T.);
#2897 = VERTEX_POINT('',#2898);
#2898 = CARTESIAN_POINT('',(-132.3170519266,36.2,55.753989006251));
#2899 = SURFACE_CURVE('',#2900,(#2905,#2912),.PCURVE_S1.);
#2900 = CIRCLE('',#2901,9.4);
#2901 = AXIS2_PLACEMENT_3D('',#2902,#2903,#2904);
#2902 = CARTESIAN_POINT('',(-123.,36.2,57.));
#2903 = DIRECTION('',(0.,1.,0.));
#2904 = DIRECTION('',(0.,-0.,1.));
#2905 = PCURVE('',#31,#2906);
#2906 = DEFINITIONAL_REPRESENTATION('',(#2907),#2911);
#2907 = LINE('',#2908,#2909);
#2908 = CARTESIAN_POINT('',(0.,1.));
#2909 = VECTOR('',#2910,1.);
#2910 = DIRECTION('',(1.,0.));
#2911 = ( GEOMETRIC_REPRESENTATION_CONTEXT(2) 
PARAMETRIC_REPRESENTATION_CONTEXT() REPRESENTATION_CONTEXT('2D SPACE',''
  ) );
#2912 = PCURVE('',#2913,#2918);
#2913 = PLANE('',#2914);
#2914 = AXIS2_PLACEMENT_3D('',#2915,#2916,#2917);
#2915 = CARTESIAN_POINT('',(-123.,36.2,57.));
#2916 = DIRECTION('',(-0.,-1.,-0.));
#2917 = DIRECTION('',(0.,0.,-1.));
#2918 = DEFINITIONAL_REPRESENTATION('',(#2919),#2927);
#2919 = ( BOUNDED_CURVE() B_SPLINE_CURVE(2,(#2920,#2921,#2922,#2923,
#2924,#2925,#2926),.UNSPECIFIED.,.T.,.F.) B_SPLINE_CURVE_WITH_KNOTS((1,2
    ,2,2,2,1),(-2.094395102393,0.,2.094395102393,4.188790204786,
6.28318530718,8.377580409573),.UNSPECIFIED.) CURVE() 
GEOMETRIC_REPRESENTATION_ITEM() RATIONAL_B_SPLINE_CURVE((1.,0.5,1.,0.5,
1.,0.5,1.)) REPRESENTATION_ITEM('') );
#2920 = CARTESIAN_POINT('',(-9.4,-2.84217094304E-14));
#2921 = CARTESIAN_POINT('',(-9.4,16.281277591147));
#2922 = CARTESIAN_POINT('',(4.7,8.140638795574));
#2923 = CARTESIAN_POINT('',(18.8,-2.611937344801E-14));
#2924 = CARTESIAN_POINT('',(4.7,-8.140638795574));
#2925 = CARTESIAN_POINT('',(-9.4,-16.28127759114));
#2926 = CARTESIAN_POINT('',(-9.4,-2.84217094304E-14));
#2927 = ( GEOMETRIC_REPRESENTATION_CONTEXT(2) 
PARAMETRIC_REPRESENTATION_CONTEXT() REPRESENTATION_CONTEXT('2D SPACE',''
  ) );
#2928 = ORIENTED_EDGE('',*,*,#2929,.T.);
#2929 = EDGE_CURVE('',#2897,#2930,#2932,.T.);
#2930 = VERTEX_POINT('',#2931);
#2931 = CARTESIAN_POINT('',(-132.3170519266,41.4,55.753989006251));
#2932 = SURFACE_CURVE('',#2933,(#2937,#2943),.PCURVE_S1.);
#2933 = LINE('',#2934,#2935);
#2934 = CARTESIAN_POINT('',(-132.3170519266,35.2,55.753989006251));
#2935 = VECTOR('',#2936,1.);
#2936 = DIRECTION('',(0.,1.,0.));
#2937 = PCURVE('',#31,#2938);
#2938 = DEFINITIONAL_REPRESENTATION('',(#2939),#2942);
#2939 = B_SPLINE_CURVE_WITH_KNOTS('',1,(#2940,#2941),.UNSPECIFIED.,.F.,
  .F.,(2,2),(0.7999994,6.4000006),.PIECEWISE_BEZIER_KNOTS.);
#2940 = CARTESIAN_POINT('',(4.57944333971,0.7999994));
#2941 = CARTESIAN_POINT('',(4.57944333971,6.4000006));
#2942 = ( GEOMETRIC_REPRESENTATION_CONTEXT(2) 
PARAMETRIC_REPRESENTATION_CONTEXT() REPRESENTATION_CONTEXT('2D SPACE',''
  ) );
#2943 = PCURVE('',#2944,#2949);
#2944 = PLANE('',#2945);
#2945 = AXIS2_PLACEMENT_3D('',#2946,#2947,#2948);
#2946 = CARTESIAN_POINT('',(-132.9417450211,41.4,55.922175369572));
#2947 = DIRECTION('',(0.259973128902,0.,0.965615851283));
#2948 = DIRECTION('',(0.965615851283,0.,-0.259973128902));
#2949 = DEFINITIONAL_REPRESENTATION('',(#2950),#2953);
#2950 = B_SPLINE_CURVE_WITH_KNOTS('',1,(#2951,#2952),.UNSPECIFIED.,.F.,
  .F.,(2,2),(0.7999994,6.4000006),.PIECEWISE_BEZIER_KNOTS.);
#2951 = CARTESIAN_POINT('',(0.646937489394,-5.4000006));
#2952 = CARTESIAN_POINT('',(0.646937489394,0.2000006));
#2953 = ( GEOMETRIC_REPRESENTATION_CONTEXT(2) 
PARAMETRIC_REPRESENTATION_CONTEXT() REPRESENTATION_CONTEXT('2D SPACE',''
  ) );
#2954 = ORIENTED_EDGE('',*,*,#2955,.T.);
#2955 = EDGE_CURVE('',#2930,#2871,#2956,.T.);
#2956 = SURFACE_CURVE('',#2957,(#2962,#2969),.PCURVE_S1.);
#2957 = CIRCLE('',#2958,9.4);
#2958 = AXIS2_PLACEMENT_3D('',#2959,#2960,#2961);
#2959 = CARTESIAN_POINT('',(-123.,41.4,57.));
#2960 = DIRECTION('',(0.,1.,0.));
#2961 = DIRECTION('',(0.,-0.,1.));
#2962 = PCURVE('',#31,#2963);
#2963 = DEFINITIONAL_REPRESENTATION('',(#2964),#2968);
#2964 = LINE('',#2965,#2966);
#2965 = CARTESIAN_POINT('',(0.,6.2));
#2966 = VECTOR('',#2967,1.);
#2967 = DIRECTION('',(1.,0.));
#2968 = ( GEOMETRIC_REPRESENTATION_CONTEXT(2) 
PARAMETRIC_REPRESENTATION_CONTEXT() REPRESENTATION_CONTEXT('2D SPACE',''
  ) );
#2969 = PCURVE('',#2970,#2975);
#2970 = PLANE('',#2971);
#2971 = AXIS2_PLACEMENT_3D('',#2972,#2973,#2974);
#2972 = CARTESIAN_POINT('',(-123.,41.4,57.));
#2973 = DIRECTION('',(-0.,-1.,-0.));
#2974 = DIRECTION('',(0.,0.,-1.));
#2975 = DEFINITIONAL_REPRESENTATION('',(#2976),#2984);
#2976 = ( BOUNDED_CURVE() B_SPLINE_CURVE(2,(#2977,#2978,#2979,#2980,
#2981,#2982,#2983),.UNSPECIFIED.,.T.,.F.) B_SPLINE_CURVE_WITH_KNOTS((1,2
    ,2,2,2,1),(-2.094395102393,0.,2.094395102393,4.188790204786,
6.28318530718,8.377580409573),.UNSPECIFIED.) CURVE() 
GEOMETRIC_REPRESENTATION_ITEM() RATIONAL_B_SPLINE_CURVE((1.,0.5,1.,0.5,
1.,0.5,1.)) REPRESENTATION_ITEM('') );
#2977 = CARTESIAN_POINT('',(-9.4,-2.84217094304E-14));
#2978 = CARTESIAN_POINT('',(-9.4,16.281277591147));
#2979 = CARTESIAN_POINT('',(4.7,8.140638795574));
#2980 = CARTESIAN_POINT('',(18.8,-2.611937344801E-14));
#2981 = CARTESIAN_POINT('',(4.7,-8.140638795574));
#2982 = CARTESIAN_POINT('',(-9.4,-16.28127759114));
#2983 = CARTESIAN_POINT('',(-9.4,-2.84217094304E-14));
#2984 = ( GEOMETRIC_REPRESENTATION_CONTEXT(2) 
PARAMETRIC_REPRESENTATION_CONTEXT() REPRESENTATION_CONTEXT('2D SPACE',''
  ) );
#2985 = FACE_BOUND('',#2986,.T.);
#2986 = EDGE_LOOP('',(#2987,#3015,#3048,#3074));
#2987 = ORIENTED_EDGE('',*,*,#2988,.F.);
#2988 = EDGE_CURVE('',#2989,#2991,#2993,.T.);
#2989 = VERTEX_POINT('',#2990);
#2990 = CARTESIAN_POINT('',(-132.227538858,36.2,58.792352259552));
#2991 = VERTEX_POINT('',#2992);
#2992 = CARTESIAN_POINT('',(-132.227538858,41.4,58.792352259552));
#2993 = SURFACE_CURVE('',#2994,(#2998,#3004),.PCURVE_S1.);
#2994 = LINE('',#2995,#2996);
#2995 = CARTESIAN_POINT('',(-132.227538858,35.2,58.792352259553));
#2996 = VECTOR('',#2997,1.);
#2997 = DIRECTION('',(0.,1.,0.));
#2998 = PCURVE('',#31,#2999);
#2999 = DEFINITIONAL_REPRESENTATION('',(#3000),#3003);
#3000 = B_SPLINE_CURVE_WITH_KNOTS('',1,(#3001,#3002),.UNSPECIFIED.,.F.,
  .F.,(2,2),(0.7999994,6.4000006),.PIECEWISE_BEZIER_KNOTS.);
#3001 = CARTESIAN_POINT('',(4.904239483314,0.7999994));
#3002 = CARTESIAN_POINT('',(4.904239483314,6.4000006));
#3003 = ( GEOMETRIC_REPRESENTATION_CONTEXT(2) 
PARAMETRIC_REPRESENTATION_CONTEXT() REPRESENTATION_CONTEXT('2D SPACE',''
  ) );
#3004 = PCURVE('',#3005,#3010);
#3005 = PLANE('',#3006);
#3006 = AXIS2_PLACEMENT_3D('',#3007,#3008,#3009);
#3007 = CARTESIAN_POINT('',(-132.1213031077,41.4,58.81433999475));
#3008 = DIRECTION('',(0.202675652972,0.,-0.979245924011));
#3009 = DIRECTION('',(-0.979245924011,0.,-0.202675652972));
#3010 = DEFINITIONAL_REPRESENTATION('',(#3011),#3014);
#3011 = B_SPLINE_CURVE_WITH_KNOTS('',1,(#3012,#3013),.UNSPECIFIED.,.F.,
  .F.,(2,2),(0.7999994,6.4000006),.PIECEWISE_BEZIER_KNOTS.);
#3012 = CARTESIAN_POINT('',(0.108487304099,-5.4000006));
#3013 = CARTESIAN_POINT('',(0.108487304099,0.2000006));
#3014 = ( GEOMETRIC_REPRESENTATION_CONTEXT(2) 
PARAMETRIC_REPRESENTATION_CONTEXT() REPRESENTATION_CONTEXT('2D SPACE',''
  ) );
#3015 = ORIENTED_EDGE('',*,*,#3016,.F.);
#3016 = EDGE_CURVE('',#3017,#2989,#3019,.T.);
#3017 = VERTEX_POINT('',#3018);
#3018 = CARTESIAN_POINT('',(-132.3811120723,36.2,57.595597418717));
#3019 = SURFACE_CURVE('',#3020,(#3025,#3032),.PCURVE_S1.);
#3020 = CIRCLE('',#3021,9.4);
#3021 = AXIS2_PLACEMENT_3D('',#3022,#3023,#3024);
#3022 = CARTESIAN_POINT('',(-123.,36.2,57.));
#3023 = DIRECTION('',(0.,1.,0.));
#3024 = DIRECTION('',(0.,-0.,1.));
#3025 = PCURVE('',#31,#3026);
#3026 = DEFINITIONAL_REPRESENTATION('',(#3027),#3031);
#3027 = LINE('',#3028,#3029);
#3028 = CARTESIAN_POINT('',(0.,1.));
#3029 = VECTOR('',#3030,1.);
#3030 = DIRECTION('',(1.,0.));
#3031 = ( GEOMETRIC_REPRESENTATION_CONTEXT(2) 
PARAMETRIC_REPRESENTATION_CONTEXT() REPRESENTATION_CONTEXT('2D SPACE',''
  ) );
#3032 = PCURVE('',#3033,#3038);
#3033 = PLANE('',#3034);
#3034 = AXIS2_PLACEMENT_3D('',#3035,#3036,#3037);
#3035 = CARTESIAN_POINT('',(-123.,36.2,57.));
#3036 = DIRECTION('',(-0.,-1.,-0.));
#3037 = DIRECTION('',(0.,0.,-1.));
#3038 = DEFINITIONAL_REPRESENTATION('',(#3039),#3047);
#3039 = ( BOUNDED_CURVE() B_SPLINE_CURVE(2,(#3040,#3041,#3042,#3043,
#3044,#3045,#3046),.UNSPECIFIED.,.T.,.F.) B_SPLINE_CURVE_WITH_KNOTS((1,2
    ,2,2,2,1),(-2.094395102393,0.,2.094395102393,4.188790204786,
6.28318530718,8.377580409573),.UNSPECIFIED.) CURVE() 
GEOMETRIC_REPRESENTATION_ITEM() RATIONAL_B_SPLINE_CURVE((1.,0.5,1.,0.5,
1.,0.5,1.)) REPRESENTATION_ITEM('') );
#3040 = CARTESIAN_POINT('',(-9.4,-2.84217094304E-14));
#3041 = CARTESIAN_POINT('',(-9.4,16.281277591147));
#3042 = CARTESIAN_POINT('',(4.7,8.140638795574));
#3043 = CARTESIAN_POINT('',(18.8,-2.611937344801E-14));
#3044 = CARTESIAN_POINT('',(4.7,-8.140638795574));
#3045 = CARTESIAN_POINT('',(-9.4,-16.28127759114));
#3046 = CARTESIAN_POINT('',(-9.4,-2.84217094304E-14));
#3047 = ( GEOMETRIC_REPRESENTATION_CONTEXT(2) 
PARAMETRIC_REPRESENTATION_CONTEXT() REPRESENTATION_CONTEXT('2D SPACE',''
  ) );
#3048 = ORIENTED_EDGE('',*,*,#3049,.T.);
#3049 = EDGE_CURVE('',#3017,#3050,#3052,.T.);
#3050 = VERTEX_POINT('',#3051);
#3051 = CARTESIAN_POINT('',(-132.3811120723,41.4,57.595597418717));
#3052 = SURFACE_CURVE('',#3053,(#3057,#3063),.PCURVE_S1.);
#3053 = LINE('',#3054,#3055);
#3054 = CARTESIAN_POINT('',(-132.3811120723,35.2,57.595597418717));
#3055 = VECTOR('',#3056,1.);
#3056 = DIRECTION('',(0.,1.,0.));
#3057 = PCURVE('',#31,#3058);
#3058 = DEFINITIONAL_REPRESENTATION('',(#3059),#3062);
#3059 = B_SPLINE_CURVE_WITH_KNOTS('',1,(#3060,#3061),.UNSPECIFIED.,.F.,
  .F.,(2,2),(0.7999994,6.4000006),.PIECEWISE_BEZIER_KNOTS.);
#3060 = CARTESIAN_POINT('',(4.775792880559,0.7999994));
#3061 = CARTESIAN_POINT('',(4.775792880559,6.4000006));
#3062 = ( GEOMETRIC_REPRESENTATION_CONTEXT(2) 
PARAMETRIC_REPRESENTATION_CONTEXT() REPRESENTATION_CONTEXT('2D SPACE',''
  ) );
#3063 = PCURVE('',#3064,#3069);
#3064 = PLANE('',#3065);
#3065 = AXIS2_PLACEMENT_3D('',#3066,#3067,#3068);
#3066 = CARTESIAN_POINT('',(-132.9609903325,41.4,57.882423705204));
#3067 = DIRECTION('',(0.443360125498,0.,0.896343572029));
#3068 = DIRECTION('',(0.896343572029,0.,-0.443360125498));
#3069 = DEFINITIONAL_REPRESENTATION('',(#3070),#3073);
#3070 = B_SPLINE_CURVE_WITH_KNOTS('',1,(#3071,#3072),.UNSPECIFIED.,.F.,
  .F.,(2,2),(0.7999994,6.4000006),.PIECEWISE_BEZIER_KNOTS.);
#3071 = CARTESIAN_POINT('',(0.646937489394,-5.4000006));
#3072 = CARTESIAN_POINT('',(0.646937489394,0.2000006));
#3073 = ( GEOMETRIC_REPRESENTATION_CONTEXT(2) 
PARAMETRIC_REPRESENTATION_CONTEXT() REPRESENTATION_CONTEXT('2D SPACE',''
  ) );
#3074 = ORIENTED_EDGE('',*,*,#3075,.T.);
#3075 = EDGE_CURVE('',#3050,#2991,#3076,.T.);
#3076 = SURFACE_CURVE('',#3077,(#3082,#3089),.PCURVE_S1.);
#3077 = CIRCLE('',#3078,9.4);
#3078 = AXIS2_PLACEMENT_3D('',#3079,#3080,#3081);
#3079 = CARTESIAN_POINT('',(-123.,41.4,57.));
#3080 = DIRECTION('',(0.,1.,0.));
#3081 = DIRECTION('',(0.,-0.,1.));
#3082 = PCURVE('',#31,#3083);
#3083 = DEFINITIONAL_REPRESENTATION('',(#3084),#3088);
#3084 = LINE('',#3085,#3086);
#3085 = CARTESIAN_POINT('',(0.,6.2));
#3086 = VECTOR('',#3087,1.);
#3087 = DIRECTION('',(1.,0.));
#3088 = ( GEOMETRIC_REPRESENTATION_CONTEXT(2) 
PARAMETRIC_REPRESENTATION_CONTEXT() REPRESENTATION_CONTEXT('2D SPACE',''
  ) );
#3089 = PCURVE('',#3090,#3095);
#3090 = PLANE('',#3091);
#3091 = AXIS2_PLACEMENT_3D('',#3092,#3093,#3094);
#3092 = CARTESIAN_POINT('',(-123.,41.4,57.));
#3093 = DIRECTION('',(-0.,-1.,-0.));
#3094 = DIRECTION('',(0.,0.,-1.));
#3095 = DEFINITIONAL_REPRESENTATION('',(#3096),#3104);
#3096 = ( BOUNDED_CURVE() B_SPLINE_CURVE(2,(#3097,#3098,#3099,#3100,
#3101,#3102,#3103),.UNSPECIFIED.,.T.,.F.) B_SPLINE_CURVE_WITH_KNOTS((1,2
    ,2,2,2,1),(-2.094395102393,0.,2.094395102393,4.188790204786,
6.28318530718,8.377580409573),.UNSPECIFIED.) CURVE() 
GEOMETRIC_REPRESENTATION_ITEM() RATIONAL_B_SPLINE_CURVE((1.,0.5,1.,0.5,
1.,0.5,1.)) REPRESENTATION_ITEM('') );
#3097 = CARTESIAN_POINT('',(-9.4,-2.84217094304E-14));
#3098 = CARTESIAN_POINT('',(-9.4,16.281277591147));
#3099 = CARTESIAN_POINT('',(4.7,8.140638795574));
#3100 = CARTESIAN_POINT('',(18.8,-2.611937344801E-14));
#3101 = CARTESIAN_POINT('',(4.7,-8.140638795574));
#3102 = CARTESIAN_POINT('',(-9.4,-16.28127759114));
#3103 = CARTESIAN_POINT('',(-9.4,-2.84217094304E-14));
#3104 = ( GEOMETRIC_REPRESENTATION_CONTEXT(2) 
PARAMETRIC_REPRESENTATION_CONTEXT() REPRESENTATION_CONTEXT('2D SPACE',''
  ) );
#3105 = FACE_BOUND('',#3106,.T.);
#3106 = EDGE_LOOP('',(#3107,#3135,#3168,#3194));
#3107 = ORIENTED_EDGE('',*,*,#3108,.F.);
#3108 = EDGE_CURVE('',#3109,#3111,#3113,.T.);
#3109 = VERTEX_POINT('',#3110);
#3110 = CARTESIAN_POINT('',(-131.7005637068,36.2,60.558116240709));
#3111 = VERTEX_POINT('',#3112);
#3112 = CARTESIAN_POINT('',(-131.7005637068,41.4,60.558116240709));
#3113 = SURFACE_CURVE('',#3114,(#3118,#3124),.PCURVE_S1.);
#3114 = LINE('',#3115,#3116);
#3115 = CARTESIAN_POINT('',(-131.7005637068,35.2,60.558116240709));
#3116 = VECTOR('',#3117,1.);
#3117 = DIRECTION('',(0.,1.,0.));
#3118 = PCURVE('',#31,#3119);
#3119 = DEFINITIONAL_REPRESENTATION('',(#3120),#3123);
#3120 = B_SPLINE_CURVE_WITH_KNOTS('',1,(#3121,#3122),.UNSPECIFIED.,.F.,
  .F.,(2,2),(0.7999994,6.4000006),.PIECEWISE_BEZIER_KNOTS.);
#3121 = CARTESIAN_POINT('',(5.100589024164,0.7999994));
#3122 = CARTESIAN_POINT('',(5.100589024164,6.4000006));
#3123 = ( GEOMETRIC_REPRESENTATION_CONTEXT(2) 
PARAMETRIC_REPRESENTATION_CONTEXT() REPRESENTATION_CONTEXT('2D SPACE',''
  ) );
#3124 = PCURVE('',#3125,#3130);
#3125 = PLANE('',#3126);
#3126 = AXIS2_PLACEMENT_3D('',#3127,#3128,#3129);
#3127 = CARTESIAN_POINT('',(-131.5920796523,41.4,60.558955920995));
#3128 = DIRECTION('',(7.739894482597E-03,0.,-0.999970046568));
#3129 = DIRECTION('',(-0.999970046568,0.,-7.739894482597E-03));
#3130 = DEFINITIONAL_REPRESENTATION('',(#3131),#3134);
#3131 = B_SPLINE_CURVE_WITH_KNOTS('',1,(#3132,#3133),.UNSPECIFIED.,.F.,
  .F.,(2,2),(0.7999994,6.4000006),.PIECEWISE_BEZIER_KNOTS.);
#3132 = CARTESIAN_POINT('',(0.108487304099,-5.4000006));
#3133 = CARTESIAN_POINT('',(0.108487304099,0.2000006));
#3134 = ( GEOMETRIC_REPRESENTATION_CONTEXT(2) 
PARAMETRIC_REPRESENTATION_CONTEXT() REPRESENTATION_CONTEXT('2D SPACE',''
  ) );
#3135 = ORIENTED_EDGE('',*,*,#3136,.F.);
#3136 = EDGE_CURVE('',#3137,#3109,#3139,.T.);
#3137 = VERTEX_POINT('',#3138);
#3138 = CARTESIAN_POINT('',(-132.0846613422,36.2,59.414317356396));
#3139 = SURFACE_CURVE('',#3140,(#3145,#3152),.PCURVE_S1.);
#3140 = CIRCLE('',#3141,9.4);
#3141 = AXIS2_PLACEMENT_3D('',#3142,#3143,#3144);
#3142 = CARTESIAN_POINT('',(-123.,36.2,57.));
#3143 = DIRECTION('',(0.,1.,0.));
#3144 = DIRECTION('',(0.,-0.,1.));
#3145 = PCURVE('',#31,#3146);
#3146 = DEFINITIONAL_REPRESENTATION('',(#3147),#3151);
#3147 = LINE('',#3148,#3149);
#3148 = CARTESIAN_POINT('',(0.,1.));
#3149 = VECTOR('',#3150,1.);
#3150 = DIRECTION('',(1.,0.));
#3151 = ( GEOMETRIC_REPRESENTATION_CONTEXT(2) 
PARAMETRIC_REPRESENTATION_CONTEXT() REPRESENTATION_CONTEXT('2D SPACE',''
  ) );
#3152 = PCURVE('',#3153,#3158);
#3153 = PLANE('',#3154);
#3154 = AXIS2_PLACEMENT_3D('',#3155,#3156,#3157);
#3155 = CARTESIAN_POINT('',(-123.,36.2,57.));
#3156 = DIRECTION('',(-0.,-1.,-0.));
#3157 = DIRECTION('',(0.,0.,-1.));
#3158 = DEFINITIONAL_REPRESENTATION('',(#3159),#3167);
#3159 = ( BOUNDED_CURVE() B_SPLINE_CURVE(2,(#3160,#3161,#3162,#3163,
#3164,#3165,#3166),.UNSPECIFIED.,.T.,.F.) B_SPLINE_CURVE_WITH_KNOTS((1,2
    ,2,2,2,1),(-2.094395102393,0.,2.094395102393,4.188790204786,
6.28318530718,8.377580409573),.UNSPECIFIED.) CURVE() 
GEOMETRIC_REPRESENTATION_ITEM() RATIONAL_B_SPLINE_CURVE((1.,0.5,1.,0.5,
1.,0.5,1.)) REPRESENTATION_ITEM('') );
#3160 = CARTESIAN_POINT('',(-9.4,-2.84217094304E-14));
#3161 = CARTESIAN_POINT('',(-9.4,16.281277591147));
#3162 = CARTESIAN_POINT('',(4.7,8.140638795574));
#3163 = CARTESIAN_POINT('',(18.8,-2.611937344801E-14));
#3164 = CARTESIAN_POINT('',(4.7,-8.140638795574));
#3165 = CARTESIAN_POINT('',(-9.4,-16.28127759114));
#3166 = CARTESIAN_POINT('',(-9.4,-2.84217094304E-14));
#3167 = ( GEOMETRIC_REPRESENTATION_CONTEXT(2) 
PARAMETRIC_REPRESENTATION_CONTEXT() REPRESENTATION_CONTEXT('2D SPACE',''
  ) );
#3168 = ORIENTED_EDGE('',*,*,#3169,.T.);
#3169 = EDGE_CURVE('',#3137,#3170,#3172,.T.);
#3170 = VERTEX_POINT('',#3171);
#3171 = CARTESIAN_POINT('',(-132.0846613422,41.4,59.414317356396));
#3172 = SURFACE_CURVE('',#3173,(#3177,#3183),.PCURVE_S1.);
#3173 = LINE('',#3174,#3175);
#3174 = CARTESIAN_POINT('',(-132.0846613422,35.2,59.414317356396));
#3175 = VECTOR('',#3176,1.);
#3176 = DIRECTION('',(0.,1.,0.));
#3177 = PCURVE('',#31,#3178);
#3178 = DEFINITIONAL_REPRESENTATION('',(#3179),#3182);
#3179 = B_SPLINE_CURVE_WITH_KNOTS('',1,(#3180,#3181),.UNSPECIFIED.,.F.,
  .F.,(2,2),(0.7999994,6.4000006),.PIECEWISE_BEZIER_KNOTS.);
#3180 = CARTESIAN_POINT('',(4.972142421409,0.7999994));
#3181 = CARTESIAN_POINT('',(4.972142421409,6.4000006));
#3182 = ( GEOMETRIC_REPRESENTATION_CONTEXT(2) 
PARAMETRIC_REPRESENTATION_CONTEXT() REPRESENTATION_CONTEXT('2D SPACE',''
  ) );
#3183 = PCURVE('',#3184,#3189);
#3184 = PLANE('',#3185);
#3185 = AXIS2_PLACEMENT_3D('',#3186,#3187,#3188);
#3186 = CARTESIAN_POINT('',(-132.5974403715,41.4,59.808760992713));
#3187 = DIRECTION('',(0.609709041111,0.,0.792625311978));
#3188 = DIRECTION('',(0.792625311978,0.,-0.609709041111));
#3189 = DEFINITIONAL_REPRESENTATION('',(#3190),#3193);
#3190 = B_SPLINE_CURVE_WITH_KNOTS('',1,(#3191,#3192),.UNSPECIFIED.,.F.,
  .F.,(2,2),(0.7999994,6.4000006),.PIECEWISE_BEZIER_KNOTS.);
#3191 = CARTESIAN_POINT('',(0.646937489394,-5.4000006));
#3192 = CARTESIAN_POINT('',(0.646937489394,0.2000006));
#3193 = ( GEOMETRIC_REPRESENTATION_CONTEXT(2) 
PARAMETRIC_REPRESENTATION_CONTEXT() REPRESENTATION_CONTEXT('2D SPACE',''
  ) );
#3194 = ORIENTED_EDGE('',*,*,#3195,.T.);
#3195 = EDGE_CURVE('',#3170,#3111,#3196,.T.);
#3196 = SURFACE_CURVE('',#3197,(#3202,#3209),.PCURVE_S1.);
#3197 = CIRCLE('',#3198,9.4);
#3198 = AXIS2_PLACEMENT_3D('',#3199,#3200,#3201);
#3199 = CARTESIAN_POINT('',(-123.,41.4,57.));
#3200 = DIRECTION('',(0.,1.,0.));
#3201 = DIRECTION('',(0.,-0.,1.));
#3202 = PCURVE('',#31,#3203);
#3203 = DEFINITIONAL_REPRESENTATION('',(#3204),#3208);
#3204 = LINE('',#3205,#3206);
#3205 = CARTESIAN_POINT('',(0.,6.2));
#3206 = VECTOR('',#3207,1.);
#3207 = DIRECTION('',(1.,0.));
#3208 = ( GEOMETRIC_REPRESENTATION_CONTEXT(2) 
PARAMETRIC_REPRESENTATION_CONTEXT() REPRESENTATION_CONTEXT('2D SPACE',''
  ) );
#3209 = PCURVE('',#3210,#3215);
#3210 = PLANE('',#3211);
#3211 = AXIS2_PLACEMENT_3D('',#3212,#3213,#3214);
#3212 = CARTESIAN_POINT('',(-123.,41.4,57.));
#3213 = DIRECTION('',(-0.,-1.,-0.));
#3214 = DIRECTION('',(0.,0.,-1.));
#3215 = DEFINITIONAL_REPRESENTATION('',(#3216),#3224);
#3216 = ( BOUNDED_CURVE() B_SPLINE_CURVE(2,(#3217,#3218,#3219,#3220,
#3221,#3222,#3223),.UNSPECIFIED.,.T.,.F.) B_SPLINE_CURVE_WITH_KNOTS((1,2
    ,2,2,2,1),(-2.094395102393,0.,2.094395102393,4.188790204786,
6.28318530718,8.377580409573),.UNSPECIFIED.) CURVE() 
GEOMETRIC_REPRESENTATION_ITEM() RATIONAL_B_SPLINE_CURVE((1.,0.5,1.,0.5,
1.,0.5,1.)) REPRESENTATION_ITEM('') );
#3217 = CARTESIAN_POINT('',(-9.4,-2.84217094304E-14));
#3218 = CARTESIAN_POINT('',(-9.4,16.281277591147));
#3219 = CARTESIAN_POINT('',(4.7,8.140638795574));
#3220 = CARTESIAN_POINT('',(18.8,-2.611937344801E-14));
#3221 = CARTESIAN_POINT('',(4.7,-8.140638795574));
#3222 = CARTESIAN_POINT('',(-9.4,-16.28127759114));
#3223 = CARTESIAN_POINT('',(-9.4,-2.84217094304E-14));
#3224 = ( GEOMETRIC_REPRESENTATION_CONTEXT(2) 
PARAMETRIC_REPRESENTATION_CONTEXT() REPRESENTATION_CONTEXT('2D SPACE',''
  ) );
#3225 = FACE_BOUND('',#3226,.T.);
#3226 = EDGE_LOOP('',(#3227,#3255,#3288,#3314));
#3227 = ORIENTED_EDGE('',*,*,#3228,.F.);
#3228 = EDGE_CURVE('',#3229,#3231,#3233,.T.);
#3229 = VERTEX_POINT('',#3230);
#3230 = CARTESIAN_POINT('',(-130.8392307717,36.2,62.18714381015));
#3231 = VERTEX_POINT('',#3232);
#3232 = CARTESIAN_POINT('',(-130.8392307717,41.4,62.18714381015));
#3233 = SURFACE_CURVE('',#3234,(#3238,#3244),.PCURVE_S1.);
#3234 = LINE('',#3235,#3236);
#3235 = CARTESIAN_POINT('',(-130.8392307717,35.2,62.187143810149));
#3236 = VECTOR('',#3237,1.);
#3237 = DIRECTION('',(0.,1.,0.));
#3238 = PCURVE('',#31,#3239);
#3239 = DEFINITIONAL_REPRESENTATION('',(#3240),#3243);
#3240 = B_SPLINE_CURVE_WITH_KNOTS('',1,(#3241,#3242),.UNSPECIFIED.,.F.,
  .F.,(2,2),(0.7999994,6.4000006),.PIECEWISE_BEZIER_KNOTS.);
#3241 = CARTESIAN_POINT('',(5.296938565013,0.7999994));
#3242 = CARTESIAN_POINT('',(5.296938565013,6.4000006));
#3243 = ( GEOMETRIC_REPRESENTATION_CONTEXT(2) 
PARAMETRIC_REPRESENTATION_CONTEXT() REPRESENTATION_CONTEXT('2D SPACE',''
  ) );
#3244 = PCURVE('',#3245,#3250);
#3245 = PLANE('',#3246);
#3246 = AXIS2_PLACEMENT_3D('',#3247,#3248,#3249);
#3247 = CARTESIAN_POINT('',(-130.7326673944,41.4,62.166803167082));
#3248 = DIRECTION('',(-0.187493303811,-0.,-0.982265881025));
#3249 = DIRECTION('',(-0.982265881025,0.,0.187493303811));
#3250 = DEFINITIONAL_REPRESENTATION('',(#3251),#3254);
#3251 = B_SPLINE_CURVE_WITH_KNOTS('',1,(#3252,#3253),.UNSPECIFIED.,.F.,
  .F.,(2,2),(0.7999994,6.4000006),.PIECEWISE_BEZIER_KNOTS.);
#3252 = CARTESIAN_POINT('',(0.108487304099,-5.4000006));
#3253 = CARTESIAN_POINT('',(0.108487304099,0.2000006));
#3254 = ( GEOMETRIC_REPRESENTATION_CONTEXT(2) 
PARAMETRIC_REPRESENTATION_CONTEXT() REPRESENTATION_CONTEXT('2D SPACE',''
  ) );
#3255 = ORIENTED_EDGE('',*,*,#3256,.F.);
#3256 = EDGE_CURVE('',#3257,#3229,#3259,.T.);
#3257 = VERTEX_POINT('',#3258);
#3258 = CARTESIAN_POINT('',(-131.4390921713,36.2,61.140256432034));
#3259 = SURFACE_CURVE('',#3260,(#3265,#3272),.PCURVE_S1.);
#3260 = CIRCLE('',#3261,9.4);
#3261 = AXIS2_PLACEMENT_3D('',#3262,#3263,#3264);
#3262 = CARTESIAN_POINT('',(-123.,36.2,57.));
#3263 = DIRECTION('',(0.,1.,0.));
#3264 = DIRECTION('',(0.,-0.,1.));
#3265 = PCURVE('',#31,#3266);
#3266 = DEFINITIONAL_REPRESENTATION('',(#3267),#3271);
#3267 = LINE('',#3268,#3269);
#3268 = CARTESIAN_POINT('',(0.,1.));
#3269 = VECTOR('',#3270,1.);
#3270 = DIRECTION('',(1.,0.));
#3271 = ( GEOMETRIC_REPRESENTATION_CONTEXT(2) 
PARAMETRIC_REPRESENTATION_CONTEXT() REPRESENTATION_CONTEXT('2D SPACE',''
  ) );
#3272 = PCURVE('',#3273,#3278);
#3273 = PLANE('',#3274);
#3274 = AXIS2_PLACEMENT_3D('',#3275,#3276,#3277);
#3275 = CARTESIAN_POINT('',(-123.,36.2,57.));
#3276 = DIRECTION('',(-0.,-1.,-0.));
#3277 = DIRECTION('',(0.,0.,-1.));
#3278 = DEFINITIONAL_REPRESENTATION('',(#3279),#3287);
#3279 = ( BOUNDED_CURVE() B_SPLINE_CURVE(2,(#3280,#3281,#3282,#3283,
#3284,#3285,#3286),.UNSPECIFIED.,.T.,.F.) B_SPLINE_CURVE_WITH_KNOTS((1,2
    ,2,2,2,1),(-2.094395102393,0.,2.094395102393,4.188790204786,
6.28318530718,8.377580409573),.UNSPECIFIED.) CURVE() 
GEOMETRIC_REPRESENTATION_ITEM() RATIONAL_B_SPLINE_CURVE((1.,0.5,1.,0.5,
1.,0.5,1.)) REPRESENTATION_ITEM('') );
#3280 = CARTESIAN_POINT('',(-9.4,-2.84217094304E-14));
#3281 = CARTESIAN_POINT('',(-9.4,16.281277591147));
#3282 = CARTESIAN_POINT('',(4.7,8.140638795574));
#3283 = CARTESIAN_POINT('',(18.8,-2.611937344801E-14));
#3284 = CARTESIAN_POINT('',(4.7,-8.140638795574));
#3285 = CARTESIAN_POINT('',(-9.4,-16.28127759114));
#3286 = CARTESIAN_POINT('',(-9.4,-2.84217094304E-14));
#3287 = ( GEOMETRIC_REPRESENTATION_CONTEXT(2) 
PARAMETRIC_REPRESENTATION_CONTEXT() REPRESENTATION_CONTEXT('2D SPACE',''
  ) );
#3288 = ORIENTED_EDGE('',*,*,#3289,.T.);
#3289 = EDGE_CURVE('',#3257,#3290,#3292,.T.);
#3290 = VERTEX_POINT('',#3291);
#3291 = CARTESIAN_POINT('',(-131.4390921713,41.4,61.140256432034));
#3292 = SURFACE_CURVE('',#3293,(#3297,#3303),.PCURVE_S1.);
#3293 = LINE('',#3294,#3295);
#3294 = CARTESIAN_POINT('',(-131.4390921713,35.2,61.140256432034));
#3295 = VECTOR('',#3296,1.);
#3296 = DIRECTION('',(0.,1.,0.));
#3297 = PCURVE('',#31,#3298);
#3298 = DEFINITIONAL_REPRESENTATION('',(#3299),#3302);
#3299 = B_SPLINE_CURVE_WITH_KNOTS('',1,(#3300,#3301),.UNSPECIFIED.,.F.,
  .F.,(2,2),(0.7999994,6.4000006),.PIECEWISE_BEZIER_KNOTS.);
#3300 = CARTESIAN_POINT('',(5.168491962258,0.7999994));
#3301 = CARTESIAN_POINT('',(5.168491962258,6.4000006));
#3302 = ( GEOMETRIC_REPRESENTATION_CONTEXT(2) 
PARAMETRIC_REPRESENTATION_CONTEXT() REPRESENTATION_CONTEXT('2D SPACE',''
  ) );
#3303 = PCURVE('',#3304,#3309);
#3304 = PLANE('',#3305);
#3305 = AXIS2_PLACEMENT_3D('',#3306,#3307,#3308);
#3306 = CARTESIAN_POINT('',(-131.8650661594,41.4,61.627159170444));
#3307 = DIRECTION('',(0.752627180202,0.,0.658446905696));
#3308 = DIRECTION('',(0.658446905696,0.,-0.752627180202));
#3309 = DEFINITIONAL_REPRESENTATION('',(#3310),#3313);
#3310 = B_SPLINE_CURVE_WITH_KNOTS('',1,(#3311,#3312),.UNSPECIFIED.,.F.,
  .F.,(2,2),(0.7999994,6.4000006),.PIECEWISE_BEZIER_KNOTS.);
#3311 = CARTESIAN_POINT('',(0.646937489394,-5.4000006));
#3312 = CARTESIAN_POINT('',(0.646937489394,0.2000006));
#3313 = ( GEOMETRIC_REPRESENTATION_CONTEXT(2) 
PARAMETRIC_REPRESENTATION_CONTEXT() REPRESENTATION_CONTEXT('2D SPACE',''
  ) );
#3314 = ORIENTED_EDGE('',*,*,#3315,.T.);
#3315 = EDGE_CURVE('',#3290,#3231,#3316,.T.);
#3316 = SURFACE_CURVE('',#3317,(#3322,#3329),.PCURVE_S1.);
#3317 = CIRCLE('',#3318,9.4);
#3318 = AXIS2_PLACEMENT_3D('',#3319,#3320,#3321);
#3319 = CARTESIAN_POINT('',(-123.,41.4,57.));
#3320 = DIRECTION('',(0.,1.,0.));
#3321 = DIRECTION('',(0.,-0.,1.));
#3322 = PCURVE('',#31,#3323);
#3323 = DEFINITIONAL_REPRESENTATION('',(#3324),#3328);
#3324 = LINE('',#3325,#3326);
#3325 = CARTESIAN_POINT('',(0.,6.2));
#3326 = VECTOR('',#3327,1.);
#3327 = DIRECTION('',(1.,0.));
#3328 = ( GEOMETRIC_REPRESENTATION_CONTEXT(2) 
PARAMETRIC_REPRESENTATION_CONTEXT() REPRESENTATION_CONTEXT('2D SPACE',''
  ) );
#3329 = PCURVE('',#3330,#3335);
#3330 = PLANE('',#3331);
#3331 = AXIS2_PLACEMENT_3D('',#3332,#3333,#3334);
#3332 = CARTESIAN_POINT('',(-123.,41.4,57.));
#3333 = DIRECTION('',(-0.,-1.,-0.));
#3334 = DIRECTION('',(0.,0.,-1.));
#3335 = DEFINITIONAL_REPRESENTATION('',(#3336),#3344);
#3336 = ( BOUNDED_CURVE() B_SPLINE_CURVE(2,(#3337,#3338,#3339,#3340,
#3341,#3342,#3343),.UNSPECIFIED.,.T.,.F.) B_SPLINE_CURVE_WITH_KNOTS((1,2
    ,2,2,2,1),(-2.094395102393,0.,2.094395102393,4.188790204786,
6.28318530718,8.377580409573),.UNSPECIFIED.) CURVE() 
GEOMETRIC_REPRESENTATION_ITEM() RATIONAL_B_SPLINE_CURVE((1.,0.5,1.,0.5,
1.,0.5,1.)) REPRESENTATION_ITEM('') );
#3337 = CARTESIAN_POINT('',(-9.4,-2.84217094304E-14));
#3338 = CARTESIAN_POINT('',(-9.4,16.281277591147));
#3339 = CARTESIAN_POINT('',(4.7,8.140638795574));
#3340 = CARTESIAN_POINT('',(18.8,-2.611937344801E-14));
#3341 = CARTESIAN_POINT('',(4.7,-8.140638795574));
#3342 = CARTESIAN_POINT('',(-9.4,-16.28127759114));
#3343 = CARTESIAN_POINT('',(-9.4,-2.84217094304E-14));
#3344 = ( GEOMETRIC_REPRESENTATION_CONTEXT(2) 
PARAMETRIC_REPRESENTATION_CONTEXT() REPRESENTATION_CONTEXT('2D SPACE',''
  ) );
#3345 = FACE_BOUND('',#3346,.T.);
#3346 = EDGE_LOOP('',(#3347,#3375,#3408,#3434));
#3347 = ORIENTED_EDGE('',*,*,#3348,.F.);
#3348 = EDGE_CURVE('',#3349,#3351,#3353,.T.);
#3349 = VERTEX_POINT('',#3350);
#3350 = CARTESIAN_POINT('',(-129.6766405943,36.2,63.61683235195));
#3351 = VERTEX_POINT('',#3352);
#3352 = CARTESIAN_POINT('',(-129.6766405943,41.4,63.61683235195));
#3353 = SURFACE_CURVE('',#3354,(#3358,#3364),.PCURVE_S1.);
#3354 = LINE('',#3355,#3356);
#3355 = CARTESIAN_POINT('',(-129.6766405943,35.2,63.61683235195));
#3356 = VECTOR('',#3357,1.);
#3357 = DIRECTION('',(0.,1.,0.));
#3358 = PCURVE('',#31,#3359);
#3359 = DEFINITIONAL_REPRESENTATION('',(#3360),#3363);
#3360 = B_SPLINE_CURVE_WITH_KNOTS('',1,(#3361,#3362),.UNSPECIFIED.,.F.,
  .F.,(2,2),(0.7999994,6.4000006),.PIECEWISE_BEZIER_KNOTS.);
#3361 = CARTESIAN_POINT('',(5.493288105862,0.7999994));
#3362 = CARTESIAN_POINT('',(5.493288105862,6.4000006));
#3363 = ( GEOMETRIC_REPRESENTATION_CONTEXT(2) 
PARAMETRIC_REPRESENTATION_CONTEXT() REPRESENTATION_CONTEXT('2D SPACE',''
  ) );
#3364 = PCURVE('',#3365,#3370);
#3365 = PLANE('',#3366);
#3366 = AXIS2_PLACEMENT_3D('',#3367,#3368,#3369);
#3367 = CARTESIAN_POINT('',(-129.576093065,41.4,63.576093065035));
#3368 = DIRECTION('',(-0.375521239587,-0.,-0.926813788535));
#3369 = DIRECTION('',(-0.926813788535,0.,0.375521239587));
#3370 = DEFINITIONAL_REPRESENTATION('',(#3371),#3374);
#3371 = B_SPLINE_CURVE_WITH_KNOTS('',1,(#3372,#3373),.UNSPECIFIED.,.F.,
  .F.,(2,2),(0.7999994,6.4000006),.PIECEWISE_BEZIER_KNOTS.);
#3372 = CARTESIAN_POINT('',(0.108487304099,-5.4000006));
#3373 = CARTESIAN_POINT('',(0.108487304099,0.2000006));
#3374 = ( GEOMETRIC_REPRESENTATION_CONTEXT(2) 
PARAMETRIC_REPRESENTATION_CONTEXT() REPRESENTATION_CONTEXT('2D SPACE',''
  ) );
#3375 = ORIENTED_EDGE('',*,*,#3376,.F.);
#3376 = EDGE_CURVE('',#3377,#3349,#3379,.T.);
#3377 = VERTEX_POINT('',#3378);
#3378 = CARTESIAN_POINT('',(-130.469213421,36.2,62.707087774872));
#3379 = SURFACE_CURVE('',#3380,(#3385,#3392),.PCURVE_S1.);
#3380 = CIRCLE('',#3381,9.4);
#3381 = AXIS2_PLACEMENT_3D('',#3382,#3383,#3384);
#3382 = CARTESIAN_POINT('',(-123.,36.2,57.));
#3383 = DIRECTION('',(0.,1.,0.));
#3384 = DIRECTION('',(0.,-0.,1.));
#3385 = PCURVE('',#31,#3386);
#3386 = DEFINITIONAL_REPRESENTATION('',(#3387),#3391);
#3387 = LINE('',#3388,#3389);
#3388 = CARTESIAN_POINT('',(0.,1.));
#3389 = VECTOR('',#3390,1.);
#3390 = DIRECTION('',(1.,0.));
#3391 = ( GEOMETRIC_REPRESENTATION_CONTEXT(2) 
PARAMETRIC_REPRESENTATION_CONTEXT() REPRESENTATION_CONTEXT('2D SPACE',''
  ) );
#3392 = PCURVE('',#3393,#3398);
#3393 = PLANE('',#3394);
#3394 = AXIS2_PLACEMENT_3D('',#3395,#3396,#3397);
#3395 = CARTESIAN_POINT('',(-123.,36.2,57.));
#3396 = DIRECTION('',(-0.,-1.,-0.));
#3397 = DIRECTION('',(0.,0.,-1.));
#3398 = DEFINITIONAL_REPRESENTATION('',(#3399),#3407);
#3399 = ( BOUNDED_CURVE() B_SPLINE_CURVE(2,(#3400,#3401,#3402,#3403,
#3404,#3405,#3406),.UNSPECIFIED.,.T.,.F.) B_SPLINE_CURVE_WITH_KNOTS((1,2
    ,2,2,2,1),(-2.094395102393,0.,2.094395102393,4.188790204786,
6.28318530718,8.377580409573),.UNSPECIFIED.) CURVE() 
GEOMETRIC_REPRESENTATION_ITEM() RATIONAL_B_SPLINE_CURVE((1.,0.5,1.,0.5,
1.,0.5,1.)) REPRESENTATION_ITEM('') );
#3400 = CARTESIAN_POINT('',(-9.4,-2.84217094304E-14));
#3401 = CARTESIAN_POINT('',(-9.4,16.281277591147));
#3402 = CARTESIAN_POINT('',(4.7,8.140638795574));
#3403 = CARTESIAN_POINT('',(18.8,-2.611937344801E-14));
#3404 = CARTESIAN_POINT('',(4.7,-8.140638795574));
#3405 = CARTESIAN_POINT('',(-9.4,-16.28127759114));
#3406 = CARTESIAN_POINT('',(-9.4,-2.84217094304E-14));
#3407 = ( GEOMETRIC_REPRESENTATION_CONTEXT(2) 
PARAMETRIC_REPRESENTATION_CONTEXT() REPRESENTATION_CONTEXT('2D SPACE',''
  ) );
#3408 = ORIENTED_EDGE('',*,*,#3409,.T.);
#3409 = EDGE_CURVE('',#3377,#3410,#3412,.T.);
#3410 = VERTEX_POINT('',#3411);
#3411 = CARTESIAN_POINT('',(-130.469213421,41.4,62.707087774872));
#3412 = SURFACE_CURVE('',#3413,(#3417,#3423),.PCURVE_S1.);
#3413 = LINE('',#3414,#3415);
#3414 = CARTESIAN_POINT('',(-130.469213421,35.2,62.707087774872));
#3415 = VECTOR('',#3416,1.);
#3416 = DIRECTION('',(0.,1.,0.));
#3417 = PCURVE('',#31,#3418);
#3418 = DEFINITIONAL_REPRESENTATION('',(#3419),#3422);
#3419 = B_SPLINE_CURVE_WITH_KNOTS('',1,(#3420,#3421),.UNSPECIFIED.,.F.,
  .F.,(2,2),(0.7999994,6.4000006),.PIECEWISE_BEZIER_KNOTS.);
#3420 = CARTESIAN_POINT('',(5.364841503107,0.7999994));
#3421 = CARTESIAN_POINT('',(5.364841503107,6.4000006));
#3422 = ( GEOMETRIC_REPRESENTATION_CONTEXT(2) 
PARAMETRIC_REPRESENTATION_CONTEXT() REPRESENTATION_CONTEXT('2D SPACE',''
  ) );
#3423 = PCURVE('',#3424,#3429);
#3424 = PLANE('',#3425);
#3425 = AXIS2_PLACEMENT_3D('',#3426,#3427,#3428);
#3426 = CARTESIAN_POINT('',(-130.7920124264,41.4,63.267738216195));
#3427 = DIRECTION('',(0.866622278836,0.,0.49896475409));
#3428 = DIRECTION('',(0.49896475409,0.,-0.866622278836));
#3429 = DEFINITIONAL_REPRESENTATION('',(#3430),#3433);
#3430 = B_SPLINE_CURVE_WITH_KNOTS('',1,(#3431,#3432),.UNSPECIFIED.,.F.,
  .F.,(2,2),(0.7999994,6.4000006),.PIECEWISE_BEZIER_KNOTS.);
#3431 = CARTESIAN_POINT('',(0.646937489394,-5.4000006));
#3432 = CARTESIAN_POINT('',(0.646937489394,0.2000006));
#3433 = ( GEOMETRIC_REPRESENTATION_CONTEXT(2) 
PARAMETRIC_REPRESENTATION_CONTEXT() REPRESENTATION_CONTEXT('2D SPACE',''
  ) );
#3434 = ORIENTED_EDGE('',*,*,#3435,.T.);
#3435 = EDGE_CURVE('',#3410,#3351,#3436,.T.);
#3436 = SURFACE_CURVE('',#3437,(#3442,#3449),.PCURVE_S1.);
#3437 = CIRCLE('',#3438,9.4);
#3438 = AXIS2_PLACEMENT_3D('',#3439,#3440,#3441);
#3439 = CARTESIAN_POINT('',(-123.,41.4,57.));
#3440 = DIRECTION('',(0.,1.,0.));
#3441 = DIRECTION('',(0.,-0.,1.));
#3442 = PCURVE('',#31,#3443);
#3443 = DEFINITIONAL_REPRESENTATION('',(#3444),#3448);
#3444 = LINE('',#3445,#3446);
#3445 = CARTESIAN_POINT('',(0.,6.2));
#3446 = VECTOR('',#3447,1.);
#3447 = DIRECTION('',(1.,0.));
#3448 = ( GEOMETRIC_REPRESENTATION_CONTEXT(2) 
PARAMETRIC_REPRESENTATION_CONTEXT() REPRESENTATION_CONTEXT('2D SPACE',''
  ) );
#3449 = PCURVE('',#3450,#3455);
#3450 = PLANE('',#3451);
#3451 = AXIS2_PLACEMENT_3D('',#3452,#3453,#3454);
#3452 = CARTESIAN_POINT('',(-123.,41.4,57.));
#3453 = DIRECTION('',(-0.,-1.,-0.));
#3454 = DIRECTION('',(0.,0.,-1.));
#3455 = DEFINITIONAL_REPRESENTATION('',(#3456),#3464);
#3456 = ( BOUNDED_CURVE() B_SPLINE_CURVE(2,(#3457,#3458,#3459,#3460,
#3461,#3462,#3463),.UNSPECIFIED.,.T.,.F.) B_SPLINE_CURVE_WITH_KNOTS((1,2
    ,2,2,2,1),(-2.094395102393,0.,2.094395102393,4.188790204786,
6.28318530718,8.377580409573),.UNSPECIFIED.) CURVE() 
GEOMETRIC_REPRESENTATION_ITEM() RATIONAL_B_SPLINE_CURVE((1.,0.5,1.,0.5,
1.,0.5,1.)) REPRESENTATION_ITEM('') );
#3457 = CARTESIAN_POINT('',(-9.4,-2.84217094304E-14));
#3458 = CARTESIAN_POINT('',(-9.4,16.281277591147));
#3459 = CARTESIAN_POINT('',(4.7,8.140638795574));
#3460 = CARTESIAN_POINT('',(18.8,-2.611937344801E-14));
#3461 = CARTESIAN_POINT('',(4.7,-8.140638795574));
#3462 = CARTESIAN_POINT('',(-9.4,-16.28127759114));
#3463 = CARTESIAN_POINT('',(-9.4,-2.84217094304E-14));
#3464 = ( GEOMETRIC_REPRESENTATION_CONTEXT(2) 
PARAMETRIC_REPRESENTATION_CONTEXT() REPRESENTATION_CONTEXT('2D SPACE',''
  ) );
#3465 = FACE_BOUND('',#3466,.T.);
#3466 = EDGE_LOOP('',(#3467,#3495,#3528,#3554));
#3467 = ORIENTED_EDGE('',*,*,#3468,.F.);
#3468 = EDGE_CURVE('',#3469,#3471,#3473,.T.);
#3469 = VERTEX_POINT('',#3470);
#3470 = CARTESIAN_POINT('',(-128.2574708632,36.2,64.792239737227));
#3471 = VERTEX_POINT('',#3472);
#3472 = CARTESIAN_POINT('',(-128.2574708632,41.4,64.792239737227));
#3473 = SURFACE_CURVE('',#3474,(#3478,#3484),.PCURVE_S1.);
#3474 = LINE('',#3475,#3476);
#3475 = CARTESIAN_POINT('',(-128.2574708632,35.2,64.792239737227));
#3476 = VECTOR('',#3477,1.);
#3477 = DIRECTION('',(0.,1.,0.));
#3478 = PCURVE('',#31,#3479);
#3479 = DEFINITIONAL_REPRESENTATION('',(#3480),#3483);
#3480 = B_SPLINE_CURVE_WITH_KNOTS('',1,(#3481,#3482),.UNSPECIFIED.,.F.,
  .F.,(2,2),(0.7999994,6.4000006),.PIECEWISE_BEZIER_KNOTS.);
#3481 = CARTESIAN_POINT('',(5.689637646712,0.7999994));
#3482 = CARTESIAN_POINT('',(5.689637646712,6.4000006));
#3483 = ( GEOMETRIC_REPRESENTATION_CONTEXT(2) 
PARAMETRIC_REPRESENTATION_CONTEXT() REPRESENTATION_CONTEXT('2D SPACE',''
  ) );
#3484 = PCURVE('',#3485,#3490);
#3485 = PLANE('',#3486);
#3486 = AXIS2_PLACEMENT_3D('',#3487,#3488,#3489);
#3487 = CARTESIAN_POINT('',(-128.166803167,41.4,64.732667394414));
#3488 = DIRECTION('',(-0.54911810472,-0.,-0.835744761915));
#3489 = DIRECTION('',(-0.835744761915,0.,0.54911810472));
#3490 = DEFINITIONAL_REPRESENTATION('',(#3491),#3494);
#3491 = B_SPLINE_CURVE_WITH_KNOTS('',1,(#3492,#3493),.UNSPECIFIED.,.F.,
  .F.,(2,2),(0.7999994,6.4000006),.PIECEWISE_BEZIER_KNOTS.);
#3492 = CARTESIAN_POINT('',(0.108487304099,-5.4000006));
#3493 = CARTESIAN_POINT('',(0.108487304099,0.2000006));
#3494 = ( GEOMETRIC_REPRESENTATION_CONTEXT(2) 
PARAMETRIC_REPRESENTATION_CONTEXT() REPRESENTATION_CONTEXT('2D SPACE',''
  ) );
#3495 = ORIENTED_EDGE('',*,*,#3496,.F.);
#3496 = EDGE_CURVE('',#3497,#3469,#3499,.T.);
#3497 = VERTEX_POINT('',#3498);
#3498 = CARTESIAN_POINT('',(-129.2122969878,36.2,64.054598935092));
#3499 = SURFACE_CURVE('',#3500,(#3505,#3512),.PCURVE_S1.);
#3500 = CIRCLE('',#3501,9.4);
#3501 = AXIS2_PLACEMENT_3D('',#3502,#3503,#3504);
#3502 = CARTESIAN_POINT('',(-123.,36.2,57.));
#3503 = DIRECTION('',(0.,1.,0.));
#3504 = DIRECTION('',(0.,-0.,1.));
#3505 = PCURVE('',#31,#3506);
#3506 = DEFINITIONAL_REPRESENTATION('',(#3507),#3511);
#3507 = LINE('',#3508,#3509);
#3508 = CARTESIAN_POINT('',(0.,1.));
#3509 = VECTOR('',#3510,1.);
#3510 = DIRECTION('',(1.,0.));
#3511 = ( GEOMETRIC_REPRESENTATION_CONTEXT(2) 
PARAMETRIC_REPRESENTATION_CONTEXT() REPRESENTATION_CONTEXT('2D SPACE',''
  ) );
#3512 = PCURVE('',#3513,#3518);
#3513 = PLANE('',#3514);
#3514 = AXIS2_PLACEMENT_3D('',#3515,#3516,#3517);
#3515 = CARTESIAN_POINT('',(-123.,36.2,57.));
#3516 = DIRECTION('',(-0.,-1.,-0.));
#3517 = DIRECTION('',(0.,0.,-1.));
#3518 = DEFINITIONAL_REPRESENTATION('',(#3519),#3527);
#3519 = ( BOUNDED_CURVE() B_SPLINE_CURVE(2,(#3520,#3521,#3522,#3523,
#3524,#3525,#3526),.UNSPECIFIED.,.T.,.F.) B_SPLINE_CURVE_WITH_KNOTS((1,2
    ,2,2,2,1),(-2.094395102393,0.,2.094395102393,4.188790204786,
6.28318530718,8.377580409573),.UNSPECIFIED.) CURVE() 
GEOMETRIC_REPRESENTATION_ITEM() RATIONAL_B_SPLINE_CURVE((1.,0.5,1.,0.5,
1.,0.5,1.)) REPRESENTATION_ITEM('') );
#3520 = CARTESIAN_POINT('',(-9.4,-2.84217094304E-14));
#3521 = CARTESIAN_POINT('',(-9.4,16.281277591147));
#3522 = CARTESIAN_POINT('',(4.7,8.140638795574));
#3523 = CARTESIAN_POINT('',(18.8,-2.611937344801E-14));
#3524 = CARTESIAN_POINT('',(4.7,-8.140638795574));
#3525 = CARTESIAN_POINT('',(-9.4,-16.28127759114));
#3526 = CARTESIAN_POINT('',(-9.4,-2.84217094304E-14));
#3527 = ( GEOMETRIC_REPRESENTATION_CONTEXT(2) 
PARAMETRIC_REPRESENTATION_CONTEXT() REPRESENTATION_CONTEXT('2D SPACE',''
  ) );
#3528 = ORIENTED_EDGE('',*,*,#3529,.T.);
#3529 = EDGE_CURVE('',#3497,#3530,#3532,.T.);
#3530 = VERTEX_POINT('',#3531);
#3531 = CARTESIAN_POINT('',(-129.2122969878,41.4,64.054598935092));
#3532 = SURFACE_CURVE('',#3533,(#3537,#3543),.PCURVE_S1.);
#3533 = LINE('',#3534,#3535);
#3534 = CARTESIAN_POINT('',(-129.2122969878,35.2,64.054598935093));
#3535 = VECTOR('',#3536,1.);
#3536 = DIRECTION('',(0.,1.,0.));
#3537 = PCURVE('',#31,#3538);
#3538 = DEFINITIONAL_REPRESENTATION('',(#3539),#3542);
#3539 = B_SPLINE_CURVE_WITH_KNOTS('',1,(#3540,#3541),.UNSPECIFIED.,.F.,
  .F.,(2,2),(0.7999994,6.4000006),.PIECEWISE_BEZIER_KNOTS.);
#3540 = CARTESIAN_POINT('',(5.561191043957,0.7999994));
#3541 = CARTESIAN_POINT('',(5.561191043957,6.4000006));
#3542 = ( GEOMETRIC_REPRESENTATION_CONTEXT(2) 
PARAMETRIC_REPRESENTATION_CONTEXT() REPRESENTATION_CONTEXT('2D SPACE',''
  ) );
#3543 = PCURVE('',#3544,#3549);
#3544 = PLANE('',#3545);
#3545 = AXIS2_PLACEMENT_3D('',#3546,#3547,#3548);
#3546 = CARTESIAN_POINT('',(-129.4195160256,41.4,64.667451597286));
#3547 = DIRECTION('',(0.947313569302,0.,0.320307666807));
#3548 = DIRECTION('',(0.320307666807,0.,-0.947313569302));
#3549 = DEFINITIONAL_REPRESENTATION('',(#3550),#3553);
#3550 = B_SPLINE_CURVE_WITH_KNOTS('',1,(#3551,#3552),.UNSPECIFIED.,.F.,
  .F.,(2,2),(0.7999994,6.4000006),.PIECEWISE_BEZIER_KNOTS.);
#3551 = CARTESIAN_POINT('',(0.646937489394,-5.4000006));
#3552 = CARTESIAN_POINT('',(0.646937489394,0.2000006));
#3553 = ( GEOMETRIC_REPRESENTATION_CONTEXT(2) 
PARAMETRIC_REPRESENTATION_CONTEXT() REPRESENTATION_CONTEXT('2D SPACE',''
  ) );
#3554 = ORIENTED_EDGE('',*,*,#3555,.T.);
#3555 = EDGE_CURVE('',#3530,#3471,#3556,.T.);
#3556 = SURFACE_CURVE('',#3557,(#3562,#3569),.PCURVE_S1.);
#3557 = CIRCLE('',#3558,9.4);
#3558 = AXIS2_PLACEMENT_3D('',#3559,#3560,#3561);
#3559 = CARTESIAN_POINT('',(-123.,41.4,57.));
#3560 = DIRECTION('',(0.,1.,0.));
#3561 = DIRECTION('',(0.,-0.,1.));
#3562 = PCURVE('',#31,#3563);
#3563 = DEFINITIONAL_REPRESENTATION('',(#3564),#3568);
#3564 = LINE('',#3565,#3566);
#3565 = CARTESIAN_POINT('',(0.,6.2));
#3566 = VECTOR('',#3567,1.);
#3567 = DIRECTION('',(1.,0.));
#3568 = ( GEOMETRIC_REPRESENTATION_CONTEXT(2) 
PARAMETRIC_REPRESENTATION_CONTEXT() REPRESENTATION_CONTEXT('2D SPACE',''
  ) );
#3569 = PCURVE('',#3570,#3575);
#3570 = PLANE('',#3571);
#3571 = AXIS2_PLACEMENT_3D('',#3572,#3573,#3574);
#3572 = CARTESIAN_POINT('',(-123.,41.4,57.));
#3573 = DIRECTION('',(-0.,-1.,-0.));
#3574 = DIRECTION('',(0.,0.,-1.));
#3575 = DEFINITIONAL_REPRESENTATION('',(#3576),#3584);
#3576 = ( BOUNDED_CURVE() B_SPLINE_CURVE(2,(#3577,#3578,#3579,#3580,
#3581,#3582,#3583),.UNSPECIFIED.,.T.,.F.) B_SPLINE_CURVE_WITH_KNOTS((1,2
    ,2,2,2,1),(-2.094395102393,0.,2.094395102393,4.188790204786,
6.28318530718,8.377580409573),.UNSPECIFIED.) CURVE() 
GEOMETRIC_REPRESENTATION_ITEM() RATIONAL_B_SPLINE_CURVE((1.,0.5,1.,0.5,
1.,0.5,1.)) REPRESENTATION_ITEM('') );
#3577 = CARTESIAN_POINT('',(-9.4,-2.84217094304E-14));
#3578 = CARTESIAN_POINT('',(-9.4,16.281277591147));
#3579 = CARTESIAN_POINT('',(4.7,8.140638795574));
#3580 = CARTESIAN_POINT('',(18.8,-2.611937344801E-14));
#3581 = CARTESIAN_POINT('',(4.7,-8.140638795574));
#3582 = CARTESIAN_POINT('',(-9.4,-16.28127759114));
#3583 = CARTESIAN_POINT('',(-9.4,-2.84217094304E-14));
#3584 = ( GEOMETRIC_REPRESENTATION_CONTEXT(2) 
PARAMETRIC_REPRESENTATION_CONTEXT() REPRESENTATION_CONTEXT('2D SPACE',''
  ) );
#3585 = FACE_BOUND('',#3586,.T.);
#3586 = EDGE_LOOP('',(#3587,#3615,#3648,#3674));
#3587 = ORIENTED_EDGE('',*,*,#3588,.F.);
#3588 = EDGE_CURVE('',#3589,#3591,#3593,.T.);
#3589 = VERTEX_POINT('',#3590);
#3590 = CARTESIAN_POINT('',(-126.6362594752,36.2,65.668195719341));
#3591 = VERTEX_POINT('',#3592);
#3592 = CARTESIAN_POINT('',(-126.6362594752,41.4,65.668195719341));
#3593 = SURFACE_CURVE('',#3594,(#3598,#3604),.PCURVE_S1.);
#3594 = LINE('',#3595,#3596);
#3595 = CARTESIAN_POINT('',(-126.6362594752,35.2,65.668195719341));
#3596 = VECTOR('',#3597,1.);
#3597 = DIRECTION('',(0.,1.,0.));
#3598 = PCURVE('',#31,#3599);
#3599 = DEFINITIONAL_REPRESENTATION('',(#3600),#3603);
#3600 = B_SPLINE_CURVE_WITH_KNOTS('',1,(#3601,#3602),.UNSPECIFIED.,.F.,
  .F.,(2,2),(0.7999994,6.4000006),.PIECEWISE_BEZIER_KNOTS.);
#3601 = CARTESIAN_POINT('',(5.885987187561,0.7999994));
#3602 = CARTESIAN_POINT('',(5.885987187561,6.4000006));
#3603 = ( GEOMETRIC_REPRESENTATION_CONTEXT(2) 
PARAMETRIC_REPRESENTATION_CONTEXT() REPRESENTATION_CONTEXT('2D SPACE',''
  ) );
#3604 = PCURVE('',#3605,#3610);
#3605 = PLANE('',#3606);
#3606 = AXIS2_PLACEMENT_3D('',#3607,#3608,#3609);
#3607 = CARTESIAN_POINT('',(-126.5589559209,41.4,65.592079652355));
#3608 = DIRECTION('',(-0.701612669037,-0.,-0.712558532786));
#3609 = DIRECTION('',(-0.712558532786,0.,0.701612669037));
#3610 = DEFINITIONAL_REPRESENTATION('',(#3611),#3614);
#3611 = B_SPLINE_CURVE_WITH_KNOTS('',1,(#3612,#3613),.UNSPECIFIED.,.F.,
  .F.,(2,2),(0.7999994,6.4000006),.PIECEWISE_BEZIER_KNOTS.);
#3612 = CARTESIAN_POINT('',(0.108487304099,-5.4000006));
#3613 = CARTESIAN_POINT('',(0.108487304099,0.2000006));
#3614 = ( GEOMETRIC_REPRESENTATION_CONTEXT(2) 
PARAMETRIC_REPRESENTATION_CONTEXT() REPRESENTATION_CONTEXT('2D SPACE',''
  ) );
#3615 = ORIENTED_EDGE('',*,*,#3616,.F.);
#3616 = EDGE_CURVE('',#3617,#3589,#3619,.T.);
#3617 = VERTEX_POINT('',#3618);
#3618 = CARTESIAN_POINT('',(-127.7166454652,36.2,65.131005814502));
#3619 = SURFACE_CURVE('',#3620,(#3625,#3632),.PCURVE_S1.);
#3620 = CIRCLE('',#3621,9.4);
#3621 = AXIS2_PLACEMENT_3D('',#3622,#3623,#3624);
#3622 = CARTESIAN_POINT('',(-123.,36.2,57.));
#3623 = DIRECTION('',(0.,1.,0.));
#3624 = DIRECTION('',(0.,-0.,1.));
#3625 = PCURVE('',#31,#3626);
#3626 = DEFINITIONAL_REPRESENTATION('',(#3627),#3631);
#3627 = LINE('',#3628,#3629);
#3628 = CARTESIAN_POINT('',(0.,1.));
#3629 = VECTOR('',#3630,1.);
#3630 = DIRECTION('',(1.,0.));
#3631 = ( GEOMETRIC_REPRESENTATION_CONTEXT(2) 
PARAMETRIC_REPRESENTATION_CONTEXT() REPRESENTATION_CONTEXT('2D SPACE',''
  ) );
#3632 = PCURVE('',#3633,#3638);
#3633 = PLANE('',#3634);
#3634 = AXIS2_PLACEMENT_3D('',#3635,#3636,#3637);
#3635 = CARTESIAN_POINT('',(-123.,36.2,57.));
#3636 = DIRECTION('',(-0.,-1.,-0.));
#3637 = DIRECTION('',(0.,0.,-1.));
#3638 = DEFINITIONAL_REPRESENTATION('',(#3639),#3647);
#3639 = ( BOUNDED_CURVE() B_SPLINE_CURVE(2,(#3640,#3641,#3642,#3643,
#3644,#3645,#3646),.UNSPECIFIED.,.T.,.F.) B_SPLINE_CURVE_WITH_KNOTS((1,2
    ,2,2,2,1),(-2.094395102393,0.,2.094395102393,4.188790204786,
6.28318530718,8.377580409573),.UNSPECIFIED.) CURVE() 
GEOMETRIC_REPRESENTATION_ITEM() RATIONAL_B_SPLINE_CURVE((1.,0.5,1.,0.5,
1.,0.5,1.)) REPRESENTATION_ITEM('') );
#3640 = CARTESIAN_POINT('',(-9.4,-2.84217094304E-14));
#3641 = CARTESIAN_POINT('',(-9.4,16.281277591147));
#3642 = CARTESIAN_POINT('',(4.7,8.140638795574));
#3643 = CARTESIAN_POINT('',(18.8,-2.611937344801E-14));
#3644 = CARTESIAN_POINT('',(4.7,-8.140638795574));
#3645 = CARTESIAN_POINT('',(-9.4,-16.28127759114));
#3646 = CARTESIAN_POINT('',(-9.4,-2.84217094304E-14));
#3647 = ( GEOMETRIC_REPRESENTATION_CONTEXT(2) 
PARAMETRIC_REPRESENTATION_CONTEXT() REPRESENTATION_CONTEXT('2D SPACE',''
  ) );
#3648 = ORIENTED_EDGE('',*,*,#3649,.T.);
#3649 = EDGE_CURVE('',#3617,#3650,#3652,.T.);
#3650 = VERTEX_POINT('',#3651);
#3651 = CARTESIAN_POINT('',(-127.7166454652,41.4,65.131005814502));
#3652 = SURFACE_CURVE('',#3653,(#3657,#3663),.PCURVE_S1.);
#3653 = LINE('',#3654,#3655);
#3654 = CARTESIAN_POINT('',(-127.7166454652,35.2,65.131005814502));
#3655 = VECTOR('',#3656,1.);
#3656 = DIRECTION('',(0.,1.,0.));
#3657 = PCURVE('',#31,#3658);
#3658 = DEFINITIONAL_REPRESENTATION('',(#3659),#3662);
#3659 = B_SPLINE_CURVE_WITH_KNOTS('',1,(#3660,#3661),.UNSPECIFIED.,.F.,
  .F.,(2,2),(0.7999994,6.4000006),.PIECEWISE_BEZIER_KNOTS.);
#3660 = CARTESIAN_POINT('',(5.757540584806,0.7999994));
#3661 = CARTESIAN_POINT('',(5.757540584806,6.4000006));
#3662 = ( GEOMETRIC_REPRESENTATION_CONTEXT(2) 
PARAMETRIC_REPRESENTATION_CONTEXT() REPRESENTATION_CONTEXT('2D SPACE',''
  ) );
#3663 = PCURVE('',#3664,#3669);
#3664 = PLANE('',#3665);
#3665 = AXIS2_PLACEMENT_3D('',#3666,#3667,#3668);
#3666 = CARTESIAN_POINT('',(-127.800321224,41.4,65.772509113449));
#3667 = DIRECTION('',(0.99160013056,0.,0.129341335519));
#3668 = DIRECTION('',(0.129341335519,0.,-0.99160013056));
#3669 = DEFINITIONAL_REPRESENTATION('',(#3670),#3673);
#3670 = B_SPLINE_CURVE_WITH_KNOTS('',1,(#3671,#3672),.UNSPECIFIED.,.F.,
  .F.,(2,2),(0.7999994,6.4000006),.PIECEWISE_BEZIER_KNOTS.);
#3671 = CARTESIAN_POINT('',(0.646937489394,-5.4000006));
#3672 = CARTESIAN_POINT('',(0.646937489394,0.2000006));
#3673 = ( GEOMETRIC_REPRESENTATION_CONTEXT(2) 
PARAMETRIC_REPRESENTATION_CONTEXT() REPRESENTATION_CONTEXT('2D SPACE',''
  ) );
#3674 = ORIENTED_EDGE('',*,*,#3675,.T.);
#3675 = EDGE_CURVE('',#3650,#3591,#3676,.T.);
#3676 = SURFACE_CURVE('',#3677,(#3682,#3689),.PCURVE_S1.);
#3677 = CIRCLE('',#3678,9.4);
#3678 = AXIS2_PLACEMENT_3D('',#3679,#3680,#3681);
#3679 = CARTESIAN_POINT('',(-123.,41.4,57.));
#3680 = DIRECTION('',(0.,1.,0.));
#3681 = DIRECTION('',(0.,-0.,1.));
#3682 = PCURVE('',#31,#3683);
#3683 = DEFINITIONAL_REPRESENTATION('',(#3684),#3688);
#3684 = LINE('',#3685,#3686);
#3685 = CARTESIAN_POINT('',(0.,6.2));
#3686 = VECTOR('',#3687,1.);
#3687 = DIRECTION('',(1.,0.));
#3688 = ( GEOMETRIC_REPRESENTATION_CONTEXT(2) 
PARAMETRIC_REPRESENTATION_CONTEXT() REPRESENTATION_CONTEXT('2D SPACE',''
  ) );
#3689 = PCURVE('',#3690,#3695);
#3690 = PLANE('',#3691);
#3691 = AXIS2_PLACEMENT_3D('',#3692,#3693,#3694);
#3692 = CARTESIAN_POINT('',(-123.,41.4,57.));
#3693 = DIRECTION('',(-0.,-1.,-0.));
#3694 = DIRECTION('',(0.,0.,-1.));
#3695 = DEFINITIONAL_REPRESENTATION('',(#3696),#3704);
#3696 = ( BOUNDED_CURVE() B_SPLINE_CURVE(2,(#3697,#3698,#3699,#3700,
#3701,#3702,#3703),.UNSPECIFIED.,.T.,.F.) B_SPLINE_CURVE_WITH_KNOTS((1,2
    ,2,2,2,1),(-2.094395102393,0.,2.094395102393,4.188790204786,
6.28318530718,8.377580409573),.UNSPECIFIED.) CURVE() 
GEOMETRIC_REPRESENTATION_ITEM() RATIONAL_B_SPLINE_CURVE((1.,0.5,1.,0.5,
1.,0.5,1.)) REPRESENTATION_ITEM('') );
#3697 = CARTESIAN_POINT('',(-9.4,-2.84217094304E-14));
#3698 = CARTESIAN_POINT('',(-9.4,16.281277591147));
#3699 = CARTESIAN_POINT('',(4.7,8.140638795574));
#3700 = CARTESIAN_POINT('',(18.8,-2.611937344801E-14));
#3701 = CARTESIAN_POINT('',(4.7,-8.140638795574));
#3702 = CARTESIAN_POINT('',(-9.4,-16.28127759114));
#3703 = CARTESIAN_POINT('',(-9.4,-2.84217094304E-14));
#3704 = ( GEOMETRIC_REPRESENTATION_CONTEXT(2) 
PARAMETRIC_REPRESENTATION_CONTEXT() REPRESENTATION_CONTEXT('2D SPACE',''
  ) );
#3705 = FACE_BOUND('',#3706,.T.);
#3706 = EDGE_LOOP('',(#3707,#3735,#3768,#3794));
#3707 = ORIENTED_EDGE('',*,*,#3708,.F.);
#3708 = EDGE_CURVE('',#3709,#3711,#3713,.T.);
#3709 = VERTEX_POINT('',#3710);
#3710 = CARTESIAN_POINT('',(-124.8753086748,36.2,66.211037801141));
#3711 = VERTEX_POINT('',#3712);
#3712 = CARTESIAN_POINT('',(-124.8753086748,41.4,66.211037801141));
#3713 = SURFACE_CURVE('',#3714,(#3718,#3724),.PCURVE_S1.);
#3714 = LINE('',#3715,#3716);
#3715 = CARTESIAN_POINT('',(-124.8753086748,35.2,66.211037801141));
#3716 = VECTOR('',#3717,1.);
#3717 = DIRECTION('',(0.,1.,0.));
#3718 = PCURVE('',#31,#3719);
#3719 = DEFINITIONAL_REPRESENTATION('',(#3720),#3723);
#3720 = B_SPLINE_CURVE_WITH_KNOTS('',1,(#3721,#3722),.UNSPECIFIED.,.F.,
  .F.,(2,2),(0.7999994,6.4000006),.PIECEWISE_BEZIER_KNOTS.);
#3721 = CARTESIAN_POINT('',(6.08233672841,0.7999994));
#3722 = CARTESIAN_POINT('',(6.08233672841,6.4000006));
#3723 = ( GEOMETRIC_REPRESENTATION_CONTEXT(2) 
PARAMETRIC_REPRESENTATION_CONTEXT() REPRESENTATION_CONTEXT('2D SPACE',''
  ) );
#3724 = PCURVE('',#3725,#3730);
#3725 = PLANE('',#3726);
#3726 = AXIS2_PLACEMENT_3D('',#3727,#3728,#3729);
#3727 = CARTESIAN_POINT('',(-124.8143399947,41.4,66.12130310775));
#3728 = DIRECTION('',(-0.827144651953,-0.,-0.561989078849));
#3729 = DIRECTION('',(-0.561989078849,0.,0.827144651953));
#3730 = DEFINITIONAL_REPRESENTATION('',(#3731),#3734);
#3731 = B_SPLINE_CURVE_WITH_KNOTS('',1,(#3732,#3733),.UNSPECIFIED.,.F.,
  .F.,(2,2),(0.7999994,6.4000006),.PIECEWISE_BEZIER_KNOTS.);
#3732 = CARTESIAN_POINT('',(0.108487304099,-5.4000006));
#3733 = CARTESIAN_POINT('',(0.108487304099,0.2000006));
#3734 = ( GEOMETRIC_REPRESENTATION_CONTEXT(2) 
PARAMETRIC_REPRESENTATION_CONTEXT() REPRESENTATION_CONTEXT('2D SPACE',''
  ) );
#3735 = ORIENTED_EDGE('',*,*,#3736,.F.);
#3736 = EDGE_CURVE('',#3737,#3709,#3739,.T.);
#3737 = VERTEX_POINT('',#3738);
#3738 = CARTESIAN_POINT('',(-126.0397359024,36.2,65.894942700382));
#3739 = SURFACE_CURVE('',#3740,(#3745,#3752),.PCURVE_S1.);
#3740 = CIRCLE('',#3741,9.4);
#3741 = AXIS2_PLACEMENT_3D('',#3742,#3743,#3744);
#3742 = CARTESIAN_POINT('',(-123.,36.2,57.));
#3743 = DIRECTION('',(0.,1.,0.));
#3744 = DIRECTION('',(0.,-0.,1.));
#3745 = PCURVE('',#31,#3746);
#3746 = DEFINITIONAL_REPRESENTATION('',(#3747),#3751);
#3747 = LINE('',#3748,#3749);
#3748 = CARTESIAN_POINT('',(0.,1.));
#3749 = VECTOR('',#3750,1.);
#3750 = DIRECTION('',(1.,0.));
#3751 = ( GEOMETRIC_REPRESENTATION_CONTEXT(2) 
PARAMETRIC_REPRESENTATION_CONTEXT() REPRESENTATION_CONTEXT('2D SPACE',''
  ) );
#3752 = PCURVE('',#3753,#3758);
#3753 = PLANE('',#3754);
#3754 = AXIS2_PLACEMENT_3D('',#3755,#3756,#3757);
#3755 = CARTESIAN_POINT('',(-123.,36.2,57.));
#3756 = DIRECTION('',(-0.,-1.,-0.));
#3757 = DIRECTION('',(0.,0.,-1.));
#3758 = DEFINITIONAL_REPRESENTATION('',(#3759),#3767);
#3759 = ( BOUNDED_CURVE() B_SPLINE_CURVE(2,(#3760,#3761,#3762,#3763,
#3764,#3765,#3766),.UNSPECIFIED.,.T.,.F.) B_SPLINE_CURVE_WITH_KNOTS((1,2
    ,2,2,2,1),(-2.094395102393,0.,2.094395102393,4.188790204786,
6.28318530718,8.377580409573),.UNSPECIFIED.) CURVE() 
GEOMETRIC_REPRESENTATION_ITEM() RATIONAL_B_SPLINE_CURVE((1.,0.5,1.,0.5,
1.,0.5,1.)) REPRESENTATION_ITEM('') );
#3760 = CARTESIAN_POINT('',(-9.4,-2.84217094304E-14));
#3761 = CARTESIAN_POINT('',(-9.4,16.281277591147));
#3762 = CARTESIAN_POINT('',(4.7,8.140638795574));
#3763 = CARTESIAN_POINT('',(18.8,-2.611937344801E-14));
#3764 = CARTESIAN_POINT('',(4.7,-8.140638795574));
#3765 = CARTESIAN_POINT('',(-9.4,-16.28127759114));
#3766 = CARTESIAN_POINT('',(-9.4,-2.84217094304E-14));
#3767 = ( GEOMETRIC_REPRESENTATION_CONTEXT(2) 
PARAMETRIC_REPRESENTATION_CONTEXT() REPRESENTATION_CONTEXT('2D SPACE',''
  ) );
#3768 = ORIENTED_EDGE('',*,*,#3769,.T.);
#3769 = EDGE_CURVE('',#3737,#3770,#3772,.T.);
#3770 = VERTEX_POINT('',#3771);
#3771 = CARTESIAN_POINT('',(-126.0397359024,41.4,65.894942700382));
#3772 = SURFACE_CURVE('',#3773,(#3777,#3783),.PCURVE_S1.);
#3773 = LINE('',#3774,#3775);
#3774 = CARTESIAN_POINT('',(-126.0397359024,35.2,65.894942700382));
#3775 = VECTOR('',#3776,1.);
#3776 = DIRECTION('',(0.,1.,0.));
#3777 = PCURVE('',#31,#3778);
#3778 = DEFINITIONAL_REPRESENTATION('',(#3779),#3782);
#3779 = B_SPLINE_CURVE_WITH_KNOTS('',1,(#3780,#3781),.UNSPECIFIED.,.F.,
  .F.,(2,2),(0.7999994,6.4000006),.PIECEWISE_BEZIER_KNOTS.);
#3780 = CARTESIAN_POINT('',(5.953890125656,0.7999994));
#3781 = CARTESIAN_POINT('',(5.953890125656,6.4000006));
#3782 = ( GEOMETRIC_REPRESENTATION_CONTEXT(2) 
PARAMETRIC_REPRESENTATION_CONTEXT() REPRESENTATION_CONTEXT('2D SPACE',''
  ) );
#3783 = PCURVE('',#3784,#3789);
#3784 = PLANE('',#3785);
#3785 = AXIS2_PLACEMENT_3D('',#3786,#3787,#3788);
#3786 = CARTESIAN_POINT('',(-125.9966527699,41.4,66.540444024063));
#3787 = DIRECTION('',(0.997780054895,0.,-6.659551075701E-02));
#3788 = DIRECTION('',(-6.659551075701E-02,0.,-0.997780054895));
#3789 = DEFINITIONAL_REPRESENTATION('',(#3790),#3793);
#3790 = B_SPLINE_CURVE_WITH_KNOTS('',1,(#3791,#3792),.UNSPECIFIED.,.F.,
  .F.,(2,2),(0.7999994,6.4000006),.PIECEWISE_BEZIER_KNOTS.);
#3791 = CARTESIAN_POINT('',(0.646937489394,-5.4000006));
#3792 = CARTESIAN_POINT('',(0.646937489394,0.2000006));
#3793 = ( GEOMETRIC_REPRESENTATION_CONTEXT(2) 
PARAMETRIC_REPRESENTATION_CONTEXT() REPRESENTATION_CONTEXT('2D SPACE',''
  ) );
#3794 = ORIENTED_EDGE('',*,*,#3795,.T.);
#3795 = EDGE_CURVE('',#3770,#3711,#3796,.T.);
#3796 = SURFACE_CURVE('',#3797,(#3802,#3809),.PCURVE_S1.);
#3797 = CIRCLE('',#3798,9.4);
#3798 = AXIS2_PLACEMENT_3D('',#3799,#3800,#3801);
#3799 = CARTESIAN_POINT('',(-123.,41.4,57.));
#3800 = DIRECTION('',(0.,1.,0.));
#3801 = DIRECTION('',(0.,-0.,1.));
#3802 = PCURVE('',#31,#3803);
#3803 = DEFINITIONAL_REPRESENTATION('',(#3804),#3808);
#3804 = LINE('',#3805,#3806);
#3805 = CARTESIAN_POINT('',(0.,6.2));
#3806 = VECTOR('',#3807,1.);
#3807 = DIRECTION('',(1.,0.));
#3808 = ( GEOMETRIC_REPRESENTATION_CONTEXT(2) 
PARAMETRIC_REPRESENTATION_CONTEXT() REPRESENTATION_CONTEXT('2D SPACE',''
  ) );
#3809 = PCURVE('',#3810,#3815);
#3810 = PLANE('',#3811);
#3811 = AXIS2_PLACEMENT_3D('',#3812,#3813,#3814);
#3812 = CARTESIAN_POINT('',(-123.,41.4,57.));
#3813 = DIRECTION('',(-0.,-1.,-0.));
#3814 = DIRECTION('',(0.,0.,-1.));
#3815 = DEFINITIONAL_REPRESENTATION('',(#3816),#3824);
#3816 = ( BOUNDED_CURVE() B_SPLINE_CURVE(2,(#3817,#3818,#3819,#3820,
#3821,#3822,#3823),.UNSPECIFIED.,.T.,.F.) B_SPLINE_CURVE_WITH_KNOTS((1,2
    ,2,2,2,1),(-2.094395102393,0.,2.094395102393,4.188790204786,
6.28318530718,8.377580409573),.UNSPECIFIED.) CURVE() 
GEOMETRIC_REPRESENTATION_ITEM() RATIONAL_B_SPLINE_CURVE((1.,0.5,1.,0.5,
1.,0.5,1.)) REPRESENTATION_ITEM('') );
#3817 = CARTESIAN_POINT('',(-9.4,-2.84217094304E-14));
#3818 = CARTESIAN_POINT('',(-9.4,16.281277591147));
#3819 = CARTESIAN_POINT('',(4.7,8.140638795574));
#3820 = CARTESIAN_POINT('',(18.8,-2.611937344801E-14));
#3821 = CARTESIAN_POINT('',(4.7,-8.140638795574));
#3822 = CARTESIAN_POINT('',(-9.4,-16.28127759114));
#3823 = CARTESIAN_POINT('',(-9.4,-2.84217094304E-14));
#3824 = ( GEOMETRIC_REPRESENTATION_CONTEXT(2) 
PARAMETRIC_REPRESENTATION_CONTEXT() REPRESENTATION_CONTEXT('2D SPACE',''
  ) );
#3825 = FACE_BOUND('',#3826,.T.);
#3826 = EDGE_LOOP('',(#3827,#3855,#3888,#3914));
#3827 = ORIENTED_EDGE('',*,*,#3828,.F.);
#3828 = EDGE_CURVE('',#3829,#3831,#3833,.T.);
#3829 = VERTEX_POINT('',#3830);
#3830 = CARTESIAN_POINT('',(-123.0422908137,36.2,66.399904865852));
#3831 = VERTEX_POINT('',#3832);
#3832 = CARTESIAN_POINT('',(-123.0422908137,41.4,66.399904865852));
#3833 = SURFACE_CURVE('',#3834,(#3838,#3844),.PCURVE_S1.);
#3834 = LINE('',#3835,#3836);
#3835 = CARTESIAN_POINT('',(-123.0422908137,35.2,66.399904865852));
#3836 = VECTOR('',#3837,1.);
#3837 = DIRECTION('',(0.,1.,0.));
#3838 = PCURVE('',#31,#3839);
#3839 = DEFINITIONAL_REPRESENTATION('',(#3840),#3843);
#3840 = B_SPLINE_CURVE_WITH_KNOTS('',1,(#3841,#3842),.UNSPECIFIED.,.F.,
  .F.,(2,2),(0.7999994,6.4000006),.PIECEWISE_BEZIER_KNOTS.);
#3841 = CARTESIAN_POINT('',(6.27868626926,0.7999994));
#3842 = CARTESIAN_POINT('',(6.27868626926,6.4000006));
#3843 = ( GEOMETRIC_REPRESENTATION_CONTEXT(2) 
PARAMETRIC_REPRESENTATION_CONTEXT() REPRESENTATION_CONTEXT('2D SPACE',''
  ) );
#3844 = PCURVE('',#3845,#3850);
#3845 = PLANE('',#3846);
#3846 = AXIS2_PLACEMENT_3D('',#3847,#3848,#3849);
#3847 = CARTESIAN_POINT('',(-123.,41.4,66.3));
#3848 = DIRECTION('',(-0.920889929762,-0.,-0.389822699779));
#3849 = DIRECTION('',(-0.389822699779,0.,0.920889929762));
#3850 = DEFINITIONAL_REPRESENTATION('',(#3851),#3854);
#3851 = B_SPLINE_CURVE_WITH_KNOTS('',1,(#3852,#3853),.UNSPECIFIED.,.F.,
  .F.,(2,2),(0.7999994,6.4000006),.PIECEWISE_BEZIER_KNOTS.);
#3852 = CARTESIAN_POINT('',(0.108487304099,-5.4000006));
#3853 = CARTESIAN_POINT('',(0.108487304099,0.2000006));
#3854 = ( GEOMETRIC_REPRESENTATION_CONTEXT(2) 
PARAMETRIC_REPRESENTATION_CONTEXT() REPRESENTATION_CONTEXT('2D SPACE',''
  ) );
#3855 = ORIENTED_EDGE('',*,*,#3856,.F.);
#3856 = EDGE_CURVE('',#3857,#3829,#3859,.T.);
#3857 = VERTEX_POINT('',#3858);
#3858 = CARTESIAN_POINT('',(-124.2460109937,36.2,66.317051926627));
#3859 = SURFACE_CURVE('',#3860,(#3865,#3872),.PCURVE_S1.);
#3860 = CIRCLE('',#3861,9.4);
#3861 = AXIS2_PLACEMENT_3D('',#3862,#3863,#3864);
#3862 = CARTESIAN_POINT('',(-123.,36.2,57.));
#3863 = DIRECTION('',(0.,1.,0.));
#3864 = DIRECTION('',(0.,-0.,1.));
#3865 = PCURVE('',#31,#3866);
#3866 = DEFINITIONAL_REPRESENTATION('',(#3867),#3871);
#3867 = LINE('',#3868,#3869);
#3868 = CARTESIAN_POINT('',(0.,1.));
#3869 = VECTOR('',#3870,1.);
#3870 = DIRECTION('',(1.,0.));
#3871 = ( GEOMETRIC_REPRESENTATION_CONTEXT(2) 
PARAMETRIC_REPRESENTATION_CONTEXT() REPRESENTATION_CONTEXT('2D SPACE',''
  ) );
#3872 = PCURVE('',#3873,#3878);
#3873 = PLANE('',#3874);
#3874 = AXIS2_PLACEMENT_3D('',#3875,#3876,#3877);
#3875 = CARTESIAN_POINT('',(-123.,36.2,57.));
#3876 = DIRECTION('',(-0.,-1.,-0.));
#3877 = DIRECTION('',(0.,0.,-1.));
#3878 = DEFINITIONAL_REPRESENTATION('',(#3879),#3887);
#3879 = ( BOUNDED_CURVE() B_SPLINE_CURVE(2,(#3880,#3881,#3882,#3883,
#3884,#3885,#3886),.UNSPECIFIED.,.T.,.F.) B_SPLINE_CURVE_WITH_KNOTS((1,2
    ,2,2,2,1),(-2.094395102393,0.,2.094395102393,4.188790204786,
6.28318530718,8.377580409573),.UNSPECIFIED.) CURVE() 
GEOMETRIC_REPRESENTATION_ITEM() RATIONAL_B_SPLINE_CURVE((1.,0.5,1.,0.5,
1.,0.5,1.)) REPRESENTATION_ITEM('') );
#3880 = CARTESIAN_POINT('',(-9.4,-2.84217094304E-14));
#3881 = CARTESIAN_POINT('',(-9.4,16.281277591147));
#3882 = CARTESIAN_POINT('',(4.7,8.140638795574));
#3883 = CARTESIAN_POINT('',(18.8,-2.611937344801E-14));
#3884 = CARTESIAN_POINT('',(4.7,-8.140638795574));
#3885 = CARTESIAN_POINT('',(-9.4,-16.28127759114));
#3886 = CARTESIAN_POINT('',(-9.4,-2.84217094304E-14));
#3887 = ( GEOMETRIC_REPRESENTATION_CONTEXT(2) 
PARAMETRIC_REPRESENTATION_CONTEXT() REPRESENTATION_CONTEXT('2D SPACE',''
  ) );
#3888 = ORIENTED_EDGE('',*,*,#3889,.T.);
#3889 = EDGE_CURVE('',#3857,#3890,#3892,.T.);
#3890 = VERTEX_POINT('',#3891);
#3891 = CARTESIAN_POINT('',(-124.2460109937,41.4,66.317051926627));
#3892 = SURFACE_CURVE('',#3893,(#3897,#3903),.PCURVE_S1.);
#3893 = LINE('',#3894,#3895);
#3894 = CARTESIAN_POINT('',(-124.2460109937,35.2,66.317051926627));
#3895 = VECTOR('',#3896,1.);
#3896 = DIRECTION('',(0.,1.,0.));
#3897 = PCURVE('',#31,#3898);
#3898 = DEFINITIONAL_REPRESENTATION('',(#3899),#3902);
#3899 = B_SPLINE_CURVE_WITH_KNOTS('',1,(#3900,#3901),.UNSPECIFIED.,.F.,
  .F.,(2,2),(0.7999994,6.4000006),.PIECEWISE_BEZIER_KNOTS.);
#3900 = CARTESIAN_POINT('',(6.150239666505,0.7999994));
#3901 = CARTESIAN_POINT('',(6.150239666505,6.4000006));
#3902 = ( GEOMETRIC_REPRESENTATION_CONTEXT(2) 
PARAMETRIC_REPRESENTATION_CONTEXT() REPRESENTATION_CONTEXT('2D SPACE',''
  ) );
#3903 = PCURVE('',#3904,#3909);
#3904 = PLANE('',#3905);
#3905 = AXIS2_PLACEMENT_3D('',#3906,#3907,#3908);
#3906 = CARTESIAN_POINT('',(-124.0778246304,41.4,66.941745021174));
#3907 = DIRECTION('',(0.965615851283,0.,-0.259973128902));
#3908 = DIRECTION('',(-0.259973128902,0.,-0.965615851283));
#3909 = DEFINITIONAL_REPRESENTATION('',(#3910),#3913);
#3910 = B_SPLINE_CURVE_WITH_KNOTS('',1,(#3911,#3912),.UNSPECIFIED.,.F.,
  .F.,(2,2),(0.7999994,6.4000006),.PIECEWISE_BEZIER_KNOTS.);
#3911 = CARTESIAN_POINT('',(0.646937489394,-5.4000006));
#3912 = CARTESIAN_POINT('',(0.646937489394,0.2000006));
#3913 = ( GEOMETRIC_REPRESENTATION_CONTEXT(2) 
PARAMETRIC_REPRESENTATION_CONTEXT() REPRESENTATION_CONTEXT('2D SPACE',''
  ) );
#3914 = ORIENTED_EDGE('',*,*,#3915,.T.);
#3915 = EDGE_CURVE('',#3890,#3831,#3916,.T.);
#3916 = SURFACE_CURVE('',#3917,(#3922,#3929),.PCURVE_S1.);
#3917 = CIRCLE('',#3918,9.4);
#3918 = AXIS2_PLACEMENT_3D('',#3919,#3920,#3921);
#3919 = CARTESIAN_POINT('',(-123.,41.4,57.));
#3920 = DIRECTION('',(0.,1.,0.));
#3921 = DIRECTION('',(0.,-0.,1.));
#3922 = PCURVE('',#31,#3923);
#3923 = DEFINITIONAL_REPRESENTATION('',(#3924),#3928);
#3924 = LINE('',#3925,#3926);
#3925 = CARTESIAN_POINT('',(0.,6.2));
#3926 = VECTOR('',#3927,1.);
#3927 = DIRECTION('',(1.,0.));
#3928 = ( GEOMETRIC_REPRESENTATION_CONTEXT(2) 
PARAMETRIC_REPRESENTATION_CONTEXT() REPRESENTATION_CONTEXT('2D SPACE',''
  ) );
#3929 = PCURVE('',#3930,#3935);
#3930 = PLANE('',#3931);
#3931 = AXIS2_PLACEMENT_3D('',#3932,#3933,#3934);
#3932 = CARTESIAN_POINT('',(-123.,41.4,57.));
#3933 = DIRECTION('',(-0.,-1.,-0.));
#3934 = DIRECTION('',(0.,0.,-1.));
#3935 = DEFINITIONAL_REPRESENTATION('',(#3936),#3944);
#3936 = ( BOUNDED_CURVE() B_SPLINE_CURVE(2,(#3937,#3938,#3939,#3940,
#3941,#3942,#3943),.UNSPECIFIED.,.T.,.F.) B_SPLINE_CURVE_WITH_KNOTS((1,2
    ,2,2,2,1),(-2.094395102393,0.,2.094395102393,4.188790204786,
6.28318530718,8.377580409573),.UNSPECIFIED.) CURVE() 
GEOMETRIC_REPRESENTATION_ITEM() RATIONAL_B_SPLINE_CURVE((1.,0.5,1.,0.5,
1.,0.5,1.)) REPRESENTATION_ITEM('') );
#3937 = CARTESIAN_POINT('',(-9.4,-2.84217094304E-14));
#3938 = CARTESIAN_POINT('',(-9.4,16.281277591147));
#3939 = CARTESIAN_POINT('',(4.7,8.140638795574));
#3940 = CARTESIAN_POINT('',(18.8,-2.611937344801E-14));
#3941 = CARTESIAN_POINT('',(4.7,-8.140638795574));
#3942 = CARTESIAN_POINT('',(-9.4,-16.28127759114));
#3943 = CARTESIAN_POINT('',(-9.4,-2.84217094304E-14));
#3944 = ( GEOMETRIC_REPRESENTATION_CONTEXT(2) 
PARAMETRIC_REPRESENTATION_CONTEXT() REPRESENTATION_CONTEXT('2D SPACE',''
  ) );
#3945 = ADVANCED_FACE('',(#3946),#43,.T.);
#3946 = FACE_BOUND('',#3947,.F.);
#3947 = EDGE_LOOP('',(#3948,#3969,#3970,#3971));
#3948 = ORIENTED_EDGE('',*,*,#3949,.F.);
#3949 = EDGE_CURVE('',#22,#3950,#3952,.T.);
#3950 = VERTEX_POINT('',#3951);
#3951 = CARTESIAN_POINT('',(-123.,35.2,65.6));
#3952 = SEAM_CURVE('',#3953,(#3957,#3963),.PCURVE_S1.);
#3953 = LINE('',#3954,#3955);
#3954 = CARTESIAN_POINT('',(-123.,36.,66.4));
#3955 = VECTOR('',#3956,1.);
#3956 = DIRECTION('',(-0.,-0.707106781187,-0.707106781187));
#3957 = PCURVE('',#43,#3958);
#3958 = DEFINITIONAL_REPRESENTATION('',(#3959),#3962);
#3959 = B_SPLINE_CURVE_WITH_KNOTS('',1,(#3960,#3961),.UNSPECIFIED.,.F.,
  .F.,(2,2),(0.,1.131370849898),.PIECEWISE_BEZIER_KNOTS.);
#3960 = CARTESIAN_POINT('',(0.,0.));
#3961 = CARTESIAN_POINT('',(0.,-0.8));
#3962 = ( GEOMETRIC_REPRESENTATION_CONTEXT(2) 
PARAMETRIC_REPRESENTATION_CONTEXT() REPRESENTATION_CONTEXT('2D SPACE',''
  ) );
#3963 = PCURVE('',#43,#3964);
#3964 = DEFINITIONAL_REPRESENTATION('',(#3965),#3968);
#3965 = B_SPLINE_CURVE_WITH_KNOTS('',1,(#3966,#3967),.UNSPECIFIED.,.F.,
  .F.,(2,2),(0.,1.131370849898),.PIECEWISE_BEZIER_KNOTS.);
#3966 = CARTESIAN_POINT('',(6.28318530718,0.));
#3967 = CARTESIAN_POINT('',(6.28318530718,-0.8));
#3968 = ( GEOMETRIC_REPRESENTATION_CONTEXT(2) 
PARAMETRIC_REPRESENTATION_CONTEXT() REPRESENTATION_CONTEXT('2D SPACE',''
  ) );
#3969 = ORIENTED_EDGE('',*,*,#21,.T.);
#3970 = ORIENTED_EDGE('',*,*,#3949,.T.);
#3971 = ORIENTED_EDGE('',*,*,#3972,.F.);
#3972 = EDGE_CURVE('',#3950,#3950,#3973,.T.);
#3973 = SURFACE_CURVE('',#3974,(#3979,#3986),.PCURVE_S1.);
#3974 = CIRCLE('',#3975,8.6);
#3975 = AXIS2_PLACEMENT_3D('',#3976,#3977,#3978);
#3976 = CARTESIAN_POINT('',(-123.,35.2,57.));
#3977 = DIRECTION('',(0.,1.,0.));
#3978 = DIRECTION('',(0.,-0.,1.));
#3979 = PCURVE('',#43,#3980);
#3980 = DEFINITIONAL_REPRESENTATION('',(#3981),#3985);
#3981 = LINE('',#3982,#3983);
#3982 = CARTESIAN_POINT('',(0.,-0.8));
#3983 = VECTOR('',#3984,1.);
#3984 = DIRECTION('',(1.,-0.));
#3985 = ( GEOMETRIC_REPRESENTATION_CONTEXT(2) 
PARAMETRIC_REPRESENTATION_CONTEXT() REPRESENTATION_CONTEXT('2D SPACE',''
  ) );
#3986 = PCURVE('',#3987,#3992);
#3987 = PLANE('',#3988);
#3988 = AXIS2_PLACEMENT_3D('',#3989,#3990,#3991);
#3989 = CARTESIAN_POINT('',(-123.,35.2,57.));
#3990 = DIRECTION('',(0.,1.,0.));
#3991 = DIRECTION('',(0.,-0.,1.));
#3992 = DEFINITIONAL_REPRESENTATION('',(#3993),#3997);
#3993 = CIRCLE('',#3994,8.6);
#3994 = AXIS2_PLACEMENT_2D('',#3995,#3996);
#3995 = CARTESIAN_POINT('',(0.,0.));
#3996 = DIRECTION('',(1.,0.));
#3997 = ( GEOMETRIC_REPRESENTATION_CONTEXT(2) 
PARAMETRIC_REPRESENTATION_CONTEXT() REPRESENTATION_CONTEXT('2D SPACE',''
  ) );
#3998 = ADVANCED_FACE('',(#3999),#93,.T.);
#3999 = FACE_BOUND('',#4000,.T.);
#4000 = EDGE_LOOP('',(#4001,#4022,#4023,#4024));
#4001 = ORIENTED_EDGE('',*,*,#4002,.F.);
#4002 = EDGE_CURVE('',#56,#4003,#4005,.T.);
#4003 = VERTEX_POINT('',#4004);
#4004 = CARTESIAN_POINT('',(-123.,42.2,65.8));
#4005 = SEAM_CURVE('',#4006,(#4010,#4016),.PCURVE_S1.);
#4006 = LINE('',#4007,#4008);
#4007 = CARTESIAN_POINT('',(-123.,41.6,66.4));
#4008 = VECTOR('',#4009,1.);
#4009 = DIRECTION('',(0.,0.707106781187,-0.707106781187));
#4010 = PCURVE('',#93,#4011);
#4011 = DEFINITIONAL_REPRESENTATION('',(#4012),#4015);
#4012 = B_SPLINE_CURVE_WITH_KNOTS('',1,(#4013,#4014),.UNSPECIFIED.,.F.,
  .F.,(2,2),(0.,0.848528137424),.PIECEWISE_BEZIER_KNOTS.);
#4013 = CARTESIAN_POINT('',(0.,0.));
#4014 = CARTESIAN_POINT('',(0.,-0.6));
#4015 = ( GEOMETRIC_REPRESENTATION_CONTEXT(2) 
PARAMETRIC_REPRESENTATION_CONTEXT() REPRESENTATION_CONTEXT('2D SPACE',''
  ) );
#4016 = PCURVE('',#93,#4017);
#4017 = DEFINITIONAL_REPRESENTATION('',(#4018),#4021);
#4018 = B_SPLINE_CURVE_WITH_KNOTS('',1,(#4019,#4020),.UNSPECIFIED.,.F.,
  .F.,(2,2),(0.,0.848528137424),.PIECEWISE_BEZIER_KNOTS.);
#4019 = CARTESIAN_POINT('',(-6.28318530718,0.));
#4020 = CARTESIAN_POINT('',(-6.28318530718,-0.6));
#4021 = ( GEOMETRIC_REPRESENTATION_CONTEXT(2) 
PARAMETRIC_REPRESENTATION_CONTEXT() REPRESENTATION_CONTEXT('2D SPACE',''
  ) );
#4022 = ORIENTED_EDGE('',*,*,#78,.T.);
#4023 = ORIENTED_EDGE('',*,*,#4002,.T.);
#4024 = ORIENTED_EDGE('',*,*,#4025,.F.);
#4025 = EDGE_CURVE('',#4003,#4003,#4026,.T.);
#4026 = SURFACE_CURVE('',#4027,(#4032,#4039),.PCURVE_S1.);
#4027 = CIRCLE('',#4028,8.8);
#4028 = AXIS2_PLACEMENT_3D('',#4029,#4030,#4031);
#4029 = CARTESIAN_POINT('',(-123.,42.2,57.));
#4030 = DIRECTION('',(0.,1.,0.));
#4031 = DIRECTION('',(0.,-0.,1.));
#4032 = PCURVE('',#93,#4033);
#4033 = DEFINITIONAL_REPRESENTATION('',(#4034),#4038);
#4034 = LINE('',#4035,#4036);
#4035 = CARTESIAN_POINT('',(-0.,-0.6));
#4036 = VECTOR('',#4037,1.);
#4037 = DIRECTION('',(-1.,-0.));
#4038 = ( GEOMETRIC_REPRESENTATION_CONTEXT(2) 
PARAMETRIC_REPRESENTATION_CONTEXT() REPRESENTATION_CONTEXT('2D SPACE',''
  ) );
#4039 = PCURVE('',#4040,#4045);
#4040 = PLANE('',#4041);
#4041 = AXIS2_PLACEMENT_3D('',#4042,#4043,#4044);
#4042 = CARTESIAN_POINT('',(-123.,42.2,57.));
#4043 = DIRECTION('',(0.,1.,0.));
#4044 = DIRECTION('',(0.,-0.,1.));
#4045 = DEFINITIONAL_REPRESENTATION('',(#4046),#4050);
#4046 = CIRCLE('',#4047,8.8);
#4047 = AXIS2_PLACEMENT_2D('',#4048,#4049);
#4048 = CARTESIAN_POINT('',(0.,0.));
#4049 = DIRECTION('',(1.,0.));
#4050 = ( GEOMETRIC_REPRESENTATION_CONTEXT(2) 
PARAMETRIC_REPRESENTATION_CONTEXT() REPRESENTATION_CONTEXT('2D SPACE',''
  ) );
#4051 = ADVANCED_FACE('',(#4052),#125,.F.);
#4052 = FACE_BOUND('',#4053,.F.);
#4053 = EDGE_LOOP('',(#4054,#4077,#4078,#4101));
#4054 = ORIENTED_EDGE('',*,*,#4055,.F.);
#4055 = EDGE_CURVE('',#111,#4056,#4058,.T.);
#4056 = VERTEX_POINT('',#4057);
#4057 = CARTESIAN_POINT('',(-121.3387662185,41.4,66.861049757675));
#4058 = SURFACE_CURVE('',#4059,(#4063,#4070),.PCURVE_S1.);
#4059 = LINE('',#4060,#4061);
#4060 = CARTESIAN_POINT('',(-121.1856600052,41.4,66.12130310775));
#4061 = VECTOR('',#4062,1.);
#4062 = DIRECTION('',(-0.202675652972,0.,0.979245924011));
#4063 = PCURVE('',#125,#4064);
#4064 = DEFINITIONAL_REPRESENTATION('',(#4065),#4069);
#4065 = LINE('',#4066,#4067);
#4066 = CARTESIAN_POINT('',(0.,0.));
#4067 = VECTOR('',#4068,1.);
#4068 = DIRECTION('',(1.,0.));
#4069 = ( GEOMETRIC_REPRESENTATION_CONTEXT(2) 
PARAMETRIC_REPRESENTATION_CONTEXT() REPRESENTATION_CONTEXT('2D SPACE',''
  ) );
#4070 = PCURVE('',#210,#4071);
#4071 = DEFINITIONAL_REPRESENTATION('',(#4072),#4076);
#4072 = LINE('',#4073,#4074);
#4073 = CARTESIAN_POINT('',(-9.12130310775,1.81433999475));
#4074 = VECTOR('',#4075,1.);
#4075 = DIRECTION('',(-0.979245924011,-0.202675652972));
#4076 = ( GEOMETRIC_REPRESENTATION_CONTEXT(2) 
PARAMETRIC_REPRESENTATION_CONTEXT() REPRESENTATION_CONTEXT('2D SPACE',''
  ) );
#4077 = ORIENTED_EDGE('',*,*,#108,.F.);
#4078 = ORIENTED_EDGE('',*,*,#4079,.T.);
#4079 = EDGE_CURVE('',#109,#4080,#4082,.T.);
#4080 = VERTEX_POINT('',#4081);
#4081 = CARTESIAN_POINT('',(-121.3387662185,36.2,66.861049757675));
#4082 = SURFACE_CURVE('',#4083,(#4087,#4094),.PCURVE_S1.);
#4083 = LINE('',#4084,#4085);
#4084 = CARTESIAN_POINT('',(-121.1856600052,36.2,66.12130310775));
#4085 = VECTOR('',#4086,1.);
#4086 = DIRECTION('',(-0.202675652972,0.,0.979245924011));
#4087 = PCURVE('',#125,#4088);
#4088 = DEFINITIONAL_REPRESENTATION('',(#4089),#4093);
#4089 = LINE('',#4090,#4091);
#4090 = CARTESIAN_POINT('',(0.,-5.2));
#4091 = VECTOR('',#4092,1.);
#4092 = DIRECTION('',(1.,0.));
#4093 = ( GEOMETRIC_REPRESENTATION_CONTEXT(2) 
PARAMETRIC_REPRESENTATION_CONTEXT() REPRESENTATION_CONTEXT('2D SPACE',''
  ) );
#4094 = PCURVE('',#153,#4095);
#4095 = DEFINITIONAL_REPRESENTATION('',(#4096),#4100);
#4096 = LINE('',#4097,#4098);
#4097 = CARTESIAN_POINT('',(-9.12130310775,1.81433999475));
#4098 = VECTOR('',#4099,1.);
#4099 = DIRECTION('',(-0.979245924011,-0.202675652972));
#4100 = ( GEOMETRIC_REPRESENTATION_CONTEXT(2) 
PARAMETRIC_REPRESENTATION_CONTEXT() REPRESENTATION_CONTEXT('2D SPACE',''
  ) );
#4101 = ORIENTED_EDGE('',*,*,#4102,.F.);
#4102 = EDGE_CURVE('',#4056,#4080,#4103,.T.);
#4103 = SURFACE_CURVE('',#4104,(#4108,#4115),.PCURVE_S1.);
#4104 = LINE('',#4105,#4106);
#4105 = CARTESIAN_POINT('',(-121.3387662185,41.4,66.861049757675));
#4106 = VECTOR('',#4107,1.);
#4107 = DIRECTION('',(0.,-1.,0.));
#4108 = PCURVE('',#125,#4109);
#4109 = DEFINITIONAL_REPRESENTATION('',(#4110),#4114);
#4110 = LINE('',#4111,#4112);
#4111 = CARTESIAN_POINT('',(0.755424793493,0.));
#4112 = VECTOR('',#4113,1.);
#4113 = DIRECTION('',(0.,-1.));
#4114 = ( GEOMETRIC_REPRESENTATION_CONTEXT(2) 
PARAMETRIC_REPRESENTATION_CONTEXT() REPRESENTATION_CONTEXT('2D SPACE',''
  ) );
#4115 = PCURVE('',#4116,#4121);
#4116 = PLANE('',#4117);
#4117 = AXIS2_PLACEMENT_3D('',#4118,#4119,#4120);
#4118 = CARTESIAN_POINT('',(-121.3387662185,41.4,66.861049757675));
#4119 = DIRECTION('',(-0.127281003374,-0.,-0.991866697788));
#4120 = DIRECTION('',(-0.991866697788,0.,0.127281003374));
#4121 = DEFINITIONAL_REPRESENTATION('',(#4122),#4126);
#4122 = LINE('',#4123,#4124);
#4123 = CARTESIAN_POINT('',(0.,0.));
#4124 = VECTOR('',#4125,1.);
#4125 = DIRECTION('',(0.,-1.));
#4126 = ( GEOMETRIC_REPRESENTATION_CONTEXT(2) 
PARAMETRIC_REPRESENTATION_CONTEXT() REPRESENTATION_CONTEXT('2D SPACE',''
  ) );
#4127 = ADVANCED_FACE('',(#4128),#210,.F.);
#4128 = FACE_BOUND('',#4129,.F.);
#4129 = EDGE_LOOP('',(#4130,#4131,#4132,#4155));
#4130 = ORIENTED_EDGE('',*,*,#195,.T.);
#4131 = ORIENTED_EDGE('',*,*,#4055,.T.);
#4132 = ORIENTED_EDGE('',*,*,#4133,.T.);
#4133 = EDGE_CURVE('',#4056,#4134,#4136,.T.);
#4134 = VERTEX_POINT('',#4135);
#4135 = CARTESIAN_POINT('',(-122.1175762947,41.4,66.960990332517));
#4136 = SURFACE_CURVE('',#4137,(#4141,#4148),.PCURVE_S1.);
#4137 = LINE('',#4138,#4139);
#4138 = CARTESIAN_POINT('',(-121.3387662185,41.4,66.861049757675));
#4139 = VECTOR('',#4140,1.);
#4140 = DIRECTION('',(-0.991866697788,0.,0.127281003374));
#4141 = PCURVE('',#210,#4142);
#4142 = DEFINITIONAL_REPRESENTATION('',(#4143),#4147);
#4143 = LINE('',#4144,#4145);
#4144 = CARTESIAN_POINT('',(-9.861049757675,1.661233781458));
#4145 = VECTOR('',#4146,1.);
#4146 = DIRECTION('',(-0.127281003374,-0.991866697788));
#4147 = ( GEOMETRIC_REPRESENTATION_CONTEXT(2) 
PARAMETRIC_REPRESENTATION_CONTEXT() REPRESENTATION_CONTEXT('2D SPACE',''
  ) );
#4148 = PCURVE('',#4116,#4149);
#4149 = DEFINITIONAL_REPRESENTATION('',(#4150),#4154);
#4150 = LINE('',#4151,#4152);
#4151 = CARTESIAN_POINT('',(0.,0.));
#4152 = VECTOR('',#4153,1.);
#4153 = DIRECTION('',(1.,0.));
#4154 = ( GEOMETRIC_REPRESENTATION_CONTEXT(2) 
PARAMETRIC_REPRESENTATION_CONTEXT() REPRESENTATION_CONTEXT('2D SPACE',''
  ) );
#4155 = ORIENTED_EDGE('',*,*,#4156,.T.);
#4156 = EDGE_CURVE('',#4134,#170,#4157,.T.);
#4157 = SURFACE_CURVE('',#4158,(#4162,#4169),.PCURVE_S1.);
#4158 = LINE('',#4159,#4160);
#4159 = CARTESIAN_POINT('',(-122.1175762947,41.4,66.960990332517));
#4160 = VECTOR('',#4161,1.);
#4161 = DIRECTION('',(-0.443360125498,0.,-0.896343572029));
#4162 = PCURVE('',#210,#4163);
#4163 = DEFINITIONAL_REPRESENTATION('',(#4164),#4168);
#4164 = LINE('',#4165,#4166);
#4165 = CARTESIAN_POINT('',(-9.960990332517,0.882423705204));
#4166 = VECTOR('',#4167,1.);
#4167 = DIRECTION('',(0.896343572029,-0.443360125498));
#4168 = ( GEOMETRIC_REPRESENTATION_CONTEXT(2) 
PARAMETRIC_REPRESENTATION_CONTEXT() REPRESENTATION_CONTEXT('2D SPACE',''
  ) );
#4169 = PCURVE('',#184,#4170);
#4170 = DEFINITIONAL_REPRESENTATION('',(#4171),#4175);
#4171 = LINE('',#4172,#4173);
#4172 = CARTESIAN_POINT('',(0.,0.));
#4173 = VECTOR('',#4174,1.);
#4174 = DIRECTION('',(1.,0.));
#4175 = ( GEOMETRIC_REPRESENTATION_CONTEXT(2) 
PARAMETRIC_REPRESENTATION_CONTEXT() REPRESENTATION_CONTEXT('2D SPACE',''
  ) );
#4176 = ADVANCED_FACE('',(#4177),#184,.F.);
#4177 = FACE_BOUND('',#4178,.F.);
#4178 = EDGE_LOOP('',(#4179,#4180,#4203,#4224));
#4179 = ORIENTED_EDGE('',*,*,#4156,.F.);
#4180 = ORIENTED_EDGE('',*,*,#4181,.T.);
#4181 = EDGE_CURVE('',#4134,#4182,#4184,.T.);
#4182 = VERTEX_POINT('',#4183);
#4183 = CARTESIAN_POINT('',(-122.1175762947,36.2,66.960990332517));
#4184 = SURFACE_CURVE('',#4185,(#4189,#4196),.PCURVE_S1.);
#4185 = LINE('',#4186,#4187);
#4186 = CARTESIAN_POINT('',(-122.1175762947,41.4,66.960990332517));
#4187 = VECTOR('',#4188,1.);
#4188 = DIRECTION('',(0.,-1.,0.));
#4189 = PCURVE('',#184,#4190);
#4190 = DEFINITIONAL_REPRESENTATION('',(#4191),#4195);
#4191 = LINE('',#4192,#4193);
#4192 = CARTESIAN_POINT('',(0.,0.));
#4193 = VECTOR('',#4194,1.);
#4194 = DIRECTION('',(-0.,-1.));
#4195 = ( GEOMETRIC_REPRESENTATION_CONTEXT(2) 
PARAMETRIC_REPRESENTATION_CONTEXT() REPRESENTATION_CONTEXT('2D SPACE',''
  ) );
#4196 = PCURVE('',#4116,#4197);
#4197 = DEFINITIONAL_REPRESENTATION('',(#4198),#4202);
#4198 = LINE('',#4199,#4200);
#4199 = CARTESIAN_POINT('',(0.785196315181,0.));
#4200 = VECTOR('',#4201,1.);
#4201 = DIRECTION('',(0.,-1.));
#4202 = ( GEOMETRIC_REPRESENTATION_CONTEXT(2) 
PARAMETRIC_REPRESENTATION_CONTEXT() REPRESENTATION_CONTEXT('2D SPACE',''
  ) );
#4203 = ORIENTED_EDGE('',*,*,#4204,.T.);
#4204 = EDGE_CURVE('',#4182,#137,#4205,.T.);
#4205 = SURFACE_CURVE('',#4206,(#4210,#4217),.PCURVE_S1.);
#4206 = LINE('',#4207,#4208);
#4207 = CARTESIAN_POINT('',(-122.1175762947,36.2,66.960990332517));
#4208 = VECTOR('',#4209,1.);
#4209 = DIRECTION('',(-0.443360125498,0.,-0.896343572029));
#4210 = PCURVE('',#184,#4211);
#4211 = DEFINITIONAL_REPRESENTATION('',(#4212),#4216);
#4212 = LINE('',#4213,#4214);
#4213 = CARTESIAN_POINT('',(-0.,-5.2));
#4214 = VECTOR('',#4215,1.);
#4215 = DIRECTION('',(1.,0.));
#4216 = ( GEOMETRIC_REPRESENTATION_CONTEXT(2) 
PARAMETRIC_REPRESENTATION_CONTEXT() REPRESENTATION_CONTEXT('2D SPACE',''
  ) );
#4217 = PCURVE('',#153,#4218);
#4218 = DEFINITIONAL_REPRESENTATION('',(#4219),#4223);
#4219 = LINE('',#4220,#4221);
#4220 = CARTESIAN_POINT('',(-9.960990332517,0.882423705204));
#4221 = VECTOR('',#4222,1.);
#4222 = DIRECTION('',(0.896343572029,-0.443360125498));
#4223 = ( GEOMETRIC_REPRESENTATION_CONTEXT(2) 
PARAMETRIC_REPRESENTATION_CONTEXT() REPRESENTATION_CONTEXT('2D SPACE',''
  ) );
#4224 = ORIENTED_EDGE('',*,*,#169,.T.);
#4225 = ADVANCED_FACE('',(#4226),#153,.T.);
#4226 = FACE_BOUND('',#4227,.T.);
#4227 = EDGE_LOOP('',(#4228,#4229,#4230,#4251));
#4228 = ORIENTED_EDGE('',*,*,#136,.T.);
#4229 = ORIENTED_EDGE('',*,*,#4079,.T.);
#4230 = ORIENTED_EDGE('',*,*,#4231,.T.);
#4231 = EDGE_CURVE('',#4080,#4182,#4232,.T.);
#4232 = SURFACE_CURVE('',#4233,(#4237,#4244),.PCURVE_S1.);
#4233 = LINE('',#4234,#4235);
#4234 = CARTESIAN_POINT('',(-121.3387662185,36.2,66.861049757675));
#4235 = VECTOR('',#4236,1.);
#4236 = DIRECTION('',(-0.991866697788,0.,0.127281003374));
#4237 = PCURVE('',#153,#4238);
#4238 = DEFINITIONAL_REPRESENTATION('',(#4239),#4243);
#4239 = LINE('',#4240,#4241);
#4240 = CARTESIAN_POINT('',(-9.861049757675,1.661233781458));
#4241 = VECTOR('',#4242,1.);
#4242 = DIRECTION('',(-0.127281003374,-0.991866697788));
#4243 = ( GEOMETRIC_REPRESENTATION_CONTEXT(2) 
PARAMETRIC_REPRESENTATION_CONTEXT() REPRESENTATION_CONTEXT('2D SPACE',''
  ) );
#4244 = PCURVE('',#4116,#4245);
#4245 = DEFINITIONAL_REPRESENTATION('',(#4246),#4250);
#4246 = LINE('',#4247,#4248);
#4247 = CARTESIAN_POINT('',(0.,-5.2));
#4248 = VECTOR('',#4249,1.);
#4249 = DIRECTION('',(1.,0.));
#4250 = ( GEOMETRIC_REPRESENTATION_CONTEXT(2) 
PARAMETRIC_REPRESENTATION_CONTEXT() REPRESENTATION_CONTEXT('2D SPACE',''
  ) );
#4251 = ORIENTED_EDGE('',*,*,#4204,.T.);
#4252 = ADVANCED_FACE('',(#4253),#245,.F.);
#4253 = FACE_BOUND('',#4254,.F.);
#4254 = EDGE_LOOP('',(#4255,#4278,#4279,#4302));
#4255 = ORIENTED_EDGE('',*,*,#4256,.F.);
#4256 = EDGE_CURVE('',#231,#4257,#4259,.T.);
#4257 = VERTEX_POINT('',#4258);
#4258 = CARTESIAN_POINT('',(-119.4468909871,41.4,66.347481818283));
#4259 = SURFACE_CURVE('',#4260,(#4264,#4271),.PCURVE_S1.);
#4260 = LINE('',#4261,#4262);
#4261 = CARTESIAN_POINT('',(-119.441044079,41.4,65.592079652355));
#4262 = VECTOR('',#4263,1.);
#4263 = DIRECTION('',(-7.739894482597E-03,0.,0.999970046568));
#4264 = PCURVE('',#245,#4265);
#4265 = DEFINITIONAL_REPRESENTATION('',(#4266),#4270);
#4266 = LINE('',#4267,#4268);
#4267 = CARTESIAN_POINT('',(0.,0.));
#4268 = VECTOR('',#4269,1.);
#4269 = DIRECTION('',(1.,0.));
#4270 = ( GEOMETRIC_REPRESENTATION_CONTEXT(2) 
PARAMETRIC_REPRESENTATION_CONTEXT() REPRESENTATION_CONTEXT('2D SPACE',''
  ) );
#4271 = PCURVE('',#330,#4272);
#4272 = DEFINITIONAL_REPRESENTATION('',(#4273),#4277);
#4273 = LINE('',#4274,#4275);
#4274 = CARTESIAN_POINT('',(-8.592079652355,3.558955920995));
#4275 = VECTOR('',#4276,1.);
#4276 = DIRECTION('',(-0.999970046568,-7.739894482597E-03));
#4277 = ( GEOMETRIC_REPRESENTATION_CONTEXT(2) 
PARAMETRIC_REPRESENTATION_CONTEXT() REPRESENTATION_CONTEXT('2D SPACE',''
  ) );
#4278 = ORIENTED_EDGE('',*,*,#228,.F.);
#4279 = ORIENTED_EDGE('',*,*,#4280,.T.);
#4280 = EDGE_CURVE('',#229,#4281,#4283,.T.);
#4281 = VERTEX_POINT('',#4282);
#4282 = CARTESIAN_POINT('',(-119.4468909871,36.2,66.347481818283));
#4283 = SURFACE_CURVE('',#4284,(#4288,#4295),.PCURVE_S1.);
#4284 = LINE('',#4285,#4286);
#4285 = CARTESIAN_POINT('',(-119.441044079,36.2,65.592079652355));
#4286 = VECTOR('',#4287,1.);
#4287 = DIRECTION('',(-7.739894482597E-03,0.,0.999970046568));
#4288 = PCURVE('',#245,#4289);
#4289 = DEFINITIONAL_REPRESENTATION('',(#4290),#4294);
#4290 = LINE('',#4291,#4292);
#4291 = CARTESIAN_POINT('',(0.,-5.2));
#4292 = VECTOR('',#4293,1.);
#4293 = DIRECTION('',(1.,0.));
#4294 = ( GEOMETRIC_REPRESENTATION_CONTEXT(2) 
PARAMETRIC_REPRESENTATION_CONTEXT() REPRESENTATION_CONTEXT('2D SPACE',''
  ) );
#4295 = PCURVE('',#273,#4296);
#4296 = DEFINITIONAL_REPRESENTATION('',(#4297),#4301);
#4297 = LINE('',#4298,#4299);
#4298 = CARTESIAN_POINT('',(-8.592079652355,3.558955920995));
#4299 = VECTOR('',#4300,1.);
#4300 = DIRECTION('',(-0.999970046568,-7.739894482597E-03));
#4301 = ( GEOMETRIC_REPRESENTATION_CONTEXT(2) 
PARAMETRIC_REPRESENTATION_CONTEXT() REPRESENTATION_CONTEXT('2D SPACE',''
  ) );
#4302 = ORIENTED_EDGE('',*,*,#4303,.F.);
#4303 = EDGE_CURVE('',#4257,#4281,#4304,.T.);
#4304 = SURFACE_CURVE('',#4305,(#4309,#4316),.PCURVE_S1.);
#4305 = LINE('',#4306,#4307);
#4306 = CARTESIAN_POINT('',(-119.4468909871,41.4,66.347481818283));
#4307 = VECTOR('',#4308,1.);
#4308 = DIRECTION('',(0.,-1.,0.));
#4309 = PCURVE('',#245,#4310);
#4310 = DEFINITIONAL_REPRESENTATION('',(#4311),#4315);
#4311 = LINE('',#4312,#4313);
#4312 = CARTESIAN_POINT('',(0.755424793493,0.));
#4313 = VECTOR('',#4314,1.);
#4314 = DIRECTION('',(0.,-1.));
#4315 = ( GEOMETRIC_REPRESENTATION_CONTEXT(2) 
PARAMETRIC_REPRESENTATION_CONTEXT() REPRESENTATION_CONTEXT('2D SPACE',''
  ) );
#4316 = PCURVE('',#4317,#4322);
#4317 = PLANE('',#4318);
#4318 = AXIS2_PLACEMENT_3D('',#4319,#4320,#4321);
#4319 = CARTESIAN_POINT('',(-119.4468909871,41.4,66.347481818283));
#4320 = DIRECTION('',(-0.318338928053,-0.,-0.947976965378));
#4321 = DIRECTION('',(-0.947976965378,0.,0.318338928053));
#4322 = DEFINITIONAL_REPRESENTATION('',(#4323),#4327);
#4323 = LINE('',#4324,#4325);
#4324 = CARTESIAN_POINT('',(0.,0.));
#4325 = VECTOR('',#4326,1.);
#4326 = DIRECTION('',(0.,-1.));
#4327 = ( GEOMETRIC_REPRESENTATION_CONTEXT(2) 
PARAMETRIC_REPRESENTATION_CONTEXT() REPRESENTATION_CONTEXT('2D SPACE',''
  ) );
#4328 = ADVANCED_FACE('',(#4329),#330,.F.);
#4329 = FACE_BOUND('',#4330,.F.);
#4330 = EDGE_LOOP('',(#4331,#4332,#4333,#4356));
#4331 = ORIENTED_EDGE('',*,*,#315,.T.);
#4332 = ORIENTED_EDGE('',*,*,#4256,.T.);
#4333 = ORIENTED_EDGE('',*,*,#4334,.T.);
#4334 = EDGE_CURVE('',#4257,#4335,#4337,.T.);
#4335 = VERTEX_POINT('',#4336);
#4336 = CARTESIAN_POINT('',(-120.1912390072,41.4,66.597440371569));
#4337 = SURFACE_CURVE('',#4338,(#4342,#4349),.PCURVE_S1.);
#4338 = LINE('',#4339,#4340);
#4339 = CARTESIAN_POINT('',(-119.4468909871,41.4,66.347481818283));
#4340 = VECTOR('',#4341,1.);
#4341 = DIRECTION('',(-0.947976965378,0.,0.318338928053));
#4342 = PCURVE('',#330,#4343);
#4343 = DEFINITIONAL_REPRESENTATION('',(#4344),#4348);
#4344 = LINE('',#4345,#4346);
#4345 = CARTESIAN_POINT('',(-9.347481818283,3.553109012804));
#4346 = VECTOR('',#4347,1.);
#4347 = DIRECTION('',(-0.318338928053,-0.947976965378));
#4348 = ( GEOMETRIC_REPRESENTATION_CONTEXT(2) 
PARAMETRIC_REPRESENTATION_CONTEXT() REPRESENTATION_CONTEXT('2D SPACE',''
  ) );
#4349 = PCURVE('',#4317,#4350);
#4350 = DEFINITIONAL_REPRESENTATION('',(#4351),#4355);
#4351 = LINE('',#4352,#4353);
#4352 = CARTESIAN_POINT('',(0.,0.));
#4353 = VECTOR('',#4354,1.);
#4354 = DIRECTION('',(1.,0.));
#4355 = ( GEOMETRIC_REPRESENTATION_CONTEXT(2) 
PARAMETRIC_REPRESENTATION_CONTEXT() REPRESENTATION_CONTEXT('2D SPACE',''
  ) );
#4356 = ORIENTED_EDGE('',*,*,#4357,.T.);
#4357 = EDGE_CURVE('',#4335,#290,#4358,.T.);
#4358 = SURFACE_CURVE('',#4359,(#4363,#4370),.PCURVE_S1.);
#4359 = LINE('',#4360,#4361);
#4360 = CARTESIAN_POINT('',(-120.1912390072,41.4,66.597440371569));
#4361 = VECTOR('',#4362,1.);
#4362 = DIRECTION('',(-0.609709041111,0.,-0.792625311978));
#4363 = PCURVE('',#330,#4364);
#4364 = DEFINITIONAL_REPRESENTATION('',(#4365),#4369);
#4365 = LINE('',#4366,#4367);
#4366 = CARTESIAN_POINT('',(-9.597440371569,2.808760992713));
#4367 = VECTOR('',#4368,1.);
#4368 = DIRECTION('',(0.792625311978,-0.609709041111));
#4369 = ( GEOMETRIC_REPRESENTATION_CONTEXT(2) 
PARAMETRIC_REPRESENTATION_CONTEXT() REPRESENTATION_CONTEXT('2D SPACE',''
  ) );
#4370 = PCURVE('',#304,#4371);
#4371 = DEFINITIONAL_REPRESENTATION('',(#4372),#4376);
#4372 = LINE('',#4373,#4374);
#4373 = CARTESIAN_POINT('',(0.,0.));
#4374 = VECTOR('',#4375,1.);
#4375 = DIRECTION('',(1.,0.));
#4376 = ( GEOMETRIC_REPRESENTATION_CONTEXT(2) 
PARAMETRIC_REPRESENTATION_CONTEXT() REPRESENTATION_CONTEXT('2D SPACE',''
  ) );
#4377 = ADVANCED_FACE('',(#4378),#304,.F.);
#4378 = FACE_BOUND('',#4379,.F.);
#4379 = EDGE_LOOP('',(#4380,#4381,#4404,#4425));
#4380 = ORIENTED_EDGE('',*,*,#4357,.F.);
#4381 = ORIENTED_EDGE('',*,*,#4382,.T.);
#4382 = EDGE_CURVE('',#4335,#4383,#4385,.T.);
#4383 = VERTEX_POINT('',#4384);
#4384 = CARTESIAN_POINT('',(-120.1912390072,36.2,66.597440371569));
#4385 = SURFACE_CURVE('',#4386,(#4390,#4397),.PCURVE_S1.);
#4386 = LINE('',#4387,#4388);
#4387 = CARTESIAN_POINT('',(-120.1912390072,41.4,66.597440371569));
#4388 = VECTOR('',#4389,1.);
#4389 = DIRECTION('',(0.,-1.,0.));
#4390 = PCURVE('',#304,#4391);
#4391 = DEFINITIONAL_REPRESENTATION('',(#4392),#4396);
#4392 = LINE('',#4393,#4394);
#4393 = CARTESIAN_POINT('',(0.,0.));
#4394 = VECTOR('',#4395,1.);
#4395 = DIRECTION('',(-0.,-1.));
#4396 = ( GEOMETRIC_REPRESENTATION_CONTEXT(2) 
PARAMETRIC_REPRESENTATION_CONTEXT() REPRESENTATION_CONTEXT('2D SPACE',''
  ) );
#4397 = PCURVE('',#4317,#4398);
#4398 = DEFINITIONAL_REPRESENTATION('',(#4399),#4403);
#4399 = LINE('',#4400,#4401);
#4400 = CARTESIAN_POINT('',(0.785196315181,0.));
#4401 = VECTOR('',#4402,1.);
#4402 = DIRECTION('',(0.,-1.));
#4403 = ( GEOMETRIC_REPRESENTATION_CONTEXT(2) 
PARAMETRIC_REPRESENTATION_CONTEXT() REPRESENTATION_CONTEXT('2D SPACE',''
  ) );
#4404 = ORIENTED_EDGE('',*,*,#4405,.T.);
#4405 = EDGE_CURVE('',#4383,#257,#4406,.T.);
#4406 = SURFACE_CURVE('',#4407,(#4411,#4418),.PCURVE_S1.);
#4407 = LINE('',#4408,#4409);
#4408 = CARTESIAN_POINT('',(-120.1912390072,36.2,66.597440371569));
#4409 = VECTOR('',#4410,1.);
#4410 = DIRECTION('',(-0.609709041111,0.,-0.792625311978));
#4411 = PCURVE('',#304,#4412);
#4412 = DEFINITIONAL_REPRESENTATION('',(#4413),#4417);
#4413 = LINE('',#4414,#4415);
#4414 = CARTESIAN_POINT('',(-0.,-5.2));
#4415 = VECTOR('',#4416,1.);
#4416 = DIRECTION('',(1.,0.));
#4417 = ( GEOMETRIC_REPRESENTATION_CONTEXT(2) 
PARAMETRIC_REPRESENTATION_CONTEXT() REPRESENTATION_CONTEXT('2D SPACE',''
  ) );
#4418 = PCURVE('',#273,#4419);
#4419 = DEFINITIONAL_REPRESENTATION('',(#4420),#4424);
#4420 = LINE('',#4421,#4422);
#4421 = CARTESIAN_POINT('',(-9.597440371569,2.808760992713));
#4422 = VECTOR('',#4423,1.);
#4423 = DIRECTION('',(0.792625311978,-0.609709041111));
#4424 = ( GEOMETRIC_REPRESENTATION_CONTEXT(2) 
PARAMETRIC_REPRESENTATION_CONTEXT() REPRESENTATION_CONTEXT('2D SPACE',''
  ) );
#4425 = ORIENTED_EDGE('',*,*,#289,.T.);
#4426 = ADVANCED_FACE('',(#4427),#273,.T.);
#4427 = FACE_BOUND('',#4428,.T.);
#4428 = EDGE_LOOP('',(#4429,#4430,#4431,#4452));
#4429 = ORIENTED_EDGE('',*,*,#256,.T.);
#4430 = ORIENTED_EDGE('',*,*,#4280,.T.);
#4431 = ORIENTED_EDGE('',*,*,#4432,.T.);
#4432 = EDGE_CURVE('',#4281,#4383,#4433,.T.);
#4433 = SURFACE_CURVE('',#4434,(#4438,#4445),.PCURVE_S1.);
#4434 = LINE('',#4435,#4436);
#4435 = CARTESIAN_POINT('',(-119.4468909871,36.2,66.347481818283));
#4436 = VECTOR('',#4437,1.);
#4437 = DIRECTION('',(-0.947976965378,0.,0.318338928053));
#4438 = PCURVE('',#273,#4439);
#4439 = DEFINITIONAL_REPRESENTATION('',(#4440),#4444);
#4440 = LINE('',#4441,#4442);
#4441 = CARTESIAN_POINT('',(-9.347481818283,3.553109012804));
#4442 = VECTOR('',#4443,1.);
#4443 = DIRECTION('',(-0.318338928053,-0.947976965378));
#4444 = ( GEOMETRIC_REPRESENTATION_CONTEXT(2) 
PARAMETRIC_REPRESENTATION_CONTEXT() REPRESENTATION_CONTEXT('2D SPACE',''
  ) );
#4445 = PCURVE('',#4317,#4446);
#4446 = DEFINITIONAL_REPRESENTATION('',(#4447),#4451);
#4447 = LINE('',#4448,#4449);
#4448 = CARTESIAN_POINT('',(0.,-5.2));
#4449 = VECTOR('',#4450,1.);
#4450 = DIRECTION('',(1.,0.));
#4451 = ( GEOMETRIC_REPRESENTATION_CONTEXT(2) 
PARAMETRIC_REPRESENTATION_CONTEXT() REPRESENTATION_CONTEXT('2D SPACE',''
  ) );
#4452 = ORIENTED_EDGE('',*,*,#4405,.T.);
#4453 = ADVANCED_FACE('',(#4454),#365,.F.);
#4454 = FACE_BOUND('',#4455,.F.);
#4455 = EDGE_LOOP('',(#4456,#4479,#4480,#4503));
#4456 = ORIENTED_EDGE('',*,*,#4457,.F.);
#4457 = EDGE_CURVE('',#351,#4458,#4460,.T.);
#4458 = VERTEX_POINT('',#4459);
#4459 = CARTESIAN_POINT('',(-117.6915597426,41.4,65.474695394742));
#4460 = SURFACE_CURVE('',#4461,(#4465,#4472),.PCURVE_S1.);
#4461 = LINE('',#4462,#4463);
#4462 = CARTESIAN_POINT('',(-117.8331968329,41.4,64.732667394414));
#4463 = VECTOR('',#4464,1.);
#4464 = DIRECTION('',(0.187493303811,0.,0.982265881025));
#4465 = PCURVE('',#365,#4466);
#4466 = DEFINITIONAL_REPRESENTATION('',(#4467),#4471);
#4467 = LINE('',#4468,#4469);
#4468 = CARTESIAN_POINT('',(0.,0.));
#4469 = VECTOR('',#4470,1.);
#4470 = DIRECTION('',(1.,0.));
#4471 = ( GEOMETRIC_REPRESENTATION_CONTEXT(2) 
PARAMETRIC_REPRESENTATION_CONTEXT() REPRESENTATION_CONTEXT('2D SPACE',''
  ) );
#4472 = PCURVE('',#450,#4473);
#4473 = DEFINITIONAL_REPRESENTATION('',(#4474),#4478);
#4474 = LINE('',#4475,#4476);
#4475 = CARTESIAN_POINT('',(-7.732667394414,5.166803167082));
#4476 = VECTOR('',#4477,1.);
#4477 = DIRECTION('',(-0.982265881025,0.187493303811));
#4478 = ( GEOMETRIC_REPRESENTATION_CONTEXT(2) 
PARAMETRIC_REPRESENTATION_CONTEXT() REPRESENTATION_CONTEXT('2D SPACE',''
  ) );
#4479 = ORIENTED_EDGE('',*,*,#348,.F.);
#4480 = ORIENTED_EDGE('',*,*,#4481,.T.);
#4481 = EDGE_CURVE('',#349,#4482,#4484,.T.);
#4482 = VERTEX_POINT('',#4483);
#4483 = CARTESIAN_POINT('',(-117.6915597426,36.2,65.474695394742));
#4484 = SURFACE_CURVE('',#4485,(#4489,#4496),.PCURVE_S1.);
#4485 = LINE('',#4486,#4487);
#4486 = CARTESIAN_POINT('',(-117.8331968329,36.2,64.732667394414));
#4487 = VECTOR('',#4488,1.);
#4488 = DIRECTION('',(0.187493303811,0.,0.982265881025));
#4489 = PCURVE('',#365,#4490);
#4490 = DEFINITIONAL_REPRESENTATION('',(#4491),#4495);
#4491 = LINE('',#4492,#4493);
#4492 = CARTESIAN_POINT('',(0.,-5.2));
#4493 = VECTOR('',#4494,1.);
#4494 = DIRECTION('',(1.,0.));
#4495 = ( GEOMETRIC_REPRESENTATION_CONTEXT(2) 
PARAMETRIC_REPRESENTATION_CONTEXT() REPRESENTATION_CONTEXT('2D SPACE',''
  ) );
#4496 = PCURVE('',#393,#4497);
#4497 = DEFINITIONAL_REPRESENTATION('',(#4498),#4502);
#4498 = LINE('',#4499,#4500);
#4499 = CARTESIAN_POINT('',(-7.732667394414,5.166803167082));
#4500 = VECTOR('',#4501,1.);
#4501 = DIRECTION('',(-0.982265881025,0.187493303811));
#4502 = ( GEOMETRIC_REPRESENTATION_CONTEXT(2) 
PARAMETRIC_REPRESENTATION_CONTEXT() REPRESENTATION_CONTEXT('2D SPACE',''
  ) );
#4503 = ORIENTED_EDGE('',*,*,#4504,.F.);
#4504 = EDGE_CURVE('',#4458,#4482,#4505,.T.);
#4505 = SURFACE_CURVE('',#4506,(#4510,#4517),.PCURVE_S1.);
#4506 = LINE('',#4507,#4508);
#4507 = CARTESIAN_POINT('',(-117.6915597426,41.4,65.474695394742));
#4508 = VECTOR('',#4509,1.);
#4509 = DIRECTION('',(0.,-1.,0.));
#4510 = PCURVE('',#365,#4511);
#4511 = DEFINITIONAL_REPRESENTATION('',(#4512),#4516);
#4512 = LINE('',#4513,#4514);
#4513 = CARTESIAN_POINT('',(0.755424793493,0.));
#4514 = VECTOR('',#4515,1.);
#4515 = DIRECTION('',(0.,-1.));
#4516 = ( GEOMETRIC_REPRESENTATION_CONTEXT(2) 
PARAMETRIC_REPRESENTATION_CONTEXT() REPRESENTATION_CONTEXT('2D SPACE',''
  ) );
#4517 = PCURVE('',#4518,#4523);
#4518 = PLANE('',#4519);
#4519 = AXIS2_PLACEMENT_3D('',#4520,#4521,#4522);
#4520 = CARTESIAN_POINT('',(-117.6915597426,41.4,65.474695394742));
#4521 = DIRECTION('',(-0.497163266253,-0.,-0.86765700982));
#4522 = DIRECTION('',(-0.86765700982,0.,0.497163266253));
#4523 = DEFINITIONAL_REPRESENTATION('',(#4524),#4528);
#4524 = LINE('',#4525,#4526);
#4525 = CARTESIAN_POINT('',(0.,0.));
#4526 = VECTOR('',#4527,1.);
#4527 = DIRECTION('',(0.,-1.));
#4528 = ( GEOMETRIC_REPRESENTATION_CONTEXT(2) 
PARAMETRIC_REPRESENTATION_CONTEXT() REPRESENTATION_CONTEXT('2D SPACE',''
  ) );
#4529 = ADVANCED_FACE('',(#4530),#450,.F.);
#4530 = FACE_BOUND('',#4531,.F.);
#4531 = EDGE_LOOP('',(#4532,#4533,#4534,#4557));
#4532 = ORIENTED_EDGE('',*,*,#435,.T.);
#4533 = ORIENTED_EDGE('',*,*,#4457,.T.);
#4534 = ORIENTED_EDGE('',*,*,#4535,.T.);
#4535 = EDGE_CURVE('',#4458,#4536,#4538,.T.);
#4536 = VERTEX_POINT('',#4537);
#4537 = CARTESIAN_POINT('',(-118.3728408295,41.4,65.865066159447));
#4538 = SURFACE_CURVE('',#4539,(#4543,#4550),.PCURVE_S1.);
#4539 = LINE('',#4540,#4541);
#4540 = CARTESIAN_POINT('',(-117.6915597426,41.4,65.474695394742));
#4541 = VECTOR('',#4542,1.);
#4542 = DIRECTION('',(-0.86765700982,0.,0.497163266253));
#4543 = PCURVE('',#450,#4544);
#4544 = DEFINITIONAL_REPRESENTATION('',(#4545),#4549);
#4545 = LINE('',#4546,#4547);
#4546 = CARTESIAN_POINT('',(-8.474695394742,5.308440257395));
#4547 = VECTOR('',#4548,1.);
#4548 = DIRECTION('',(-0.497163266253,-0.86765700982));
#4549 = ( GEOMETRIC_REPRESENTATION_CONTEXT(2) 
PARAMETRIC_REPRESENTATION_CONTEXT() REPRESENTATION_CONTEXT('2D SPACE',''
  ) );
#4550 = PCURVE('',#4518,#4551);
#4551 = DEFINITIONAL_REPRESENTATION('',(#4552),#4556);
#4552 = LINE('',#4553,#4554);
#4553 = CARTESIAN_POINT('',(0.,0.));
#4554 = VECTOR('',#4555,1.);
#4555 = DIRECTION('',(1.,0.));
#4556 = ( GEOMETRIC_REPRESENTATION_CONTEXT(2) 
PARAMETRIC_REPRESENTATION_CONTEXT() REPRESENTATION_CONTEXT('2D SPACE',''
  ) );
#4557 = ORIENTED_EDGE('',*,*,#4558,.T.);
#4558 = EDGE_CURVE('',#4536,#410,#4559,.T.);
#4559 = SURFACE_CURVE('',#4560,(#4564,#4571),.PCURVE_S1.);
#4560 = LINE('',#4561,#4562);
#4561 = CARTESIAN_POINT('',(-118.3728408295,41.4,65.865066159447));
#4562 = VECTOR('',#4563,1.);
#4563 = DIRECTION('',(-0.752627180202,0.,-0.658446905696));
#4564 = PCURVE('',#450,#4565);
#4565 = DEFINITIONAL_REPRESENTATION('',(#4566),#4570);
#4566 = LINE('',#4567,#4568);
#4567 = CARTESIAN_POINT('',(-8.865066159447,4.627159170443));
#4568 = VECTOR('',#4569,1.);
#4569 = DIRECTION('',(0.658446905696,-0.752627180202));
#4570 = ( GEOMETRIC_REPRESENTATION_CONTEXT(2) 
PARAMETRIC_REPRESENTATION_CONTEXT() REPRESENTATION_CONTEXT('2D SPACE',''
  ) );
#4571 = PCURVE('',#424,#4572);
#4572 = DEFINITIONAL_REPRESENTATION('',(#4573),#4577);
#4573 = LINE('',#4574,#4575);
#4574 = CARTESIAN_POINT('',(0.,0.));
#4575 = VECTOR('',#4576,1.);
#4576 = DIRECTION('',(1.,0.));
#4577 = ( GEOMETRIC_REPRESENTATION_CONTEXT(2) 
PARAMETRIC_REPRESENTATION_CONTEXT() REPRESENTATION_CONTEXT('2D SPACE',''
  ) );
#4578 = ADVANCED_FACE('',(#4579),#424,.F.);
#4579 = FACE_BOUND('',#4580,.F.);
#4580 = EDGE_LOOP('',(#4581,#4582,#4605,#4626));
#4581 = ORIENTED_EDGE('',*,*,#4558,.F.);
#4582 = ORIENTED_EDGE('',*,*,#4583,.T.);
#4583 = EDGE_CURVE('',#4536,#4584,#4586,.T.);
#4584 = VERTEX_POINT('',#4585);
#4585 = CARTESIAN_POINT('',(-118.3728408295,36.2,65.865066159447));
#4586 = SURFACE_CURVE('',#4587,(#4591,#4598),.PCURVE_S1.);
#4587 = LINE('',#4588,#4589);
#4588 = CARTESIAN_POINT('',(-118.3728408295,41.4,65.865066159447));
#4589 = VECTOR('',#4590,1.);
#4590 = DIRECTION('',(0.,-1.,0.));
#4591 = PCURVE('',#424,#4592);
#4592 = DEFINITIONAL_REPRESENTATION('',(#4593),#4597);
#4593 = LINE('',#4594,#4595);
#4594 = CARTESIAN_POINT('',(0.,0.));
#4595 = VECTOR('',#4596,1.);
#4596 = DIRECTION('',(-0.,-1.));
#4597 = ( GEOMETRIC_REPRESENTATION_CONTEXT(2) 
PARAMETRIC_REPRESENTATION_CONTEXT() REPRESENTATION_CONTEXT('2D SPACE',''
  ) );
#4598 = PCURVE('',#4518,#4599);
#4599 = DEFINITIONAL_REPRESENTATION('',(#4600),#4604);
#4600 = LINE('',#4601,#4602);
#4601 = CARTESIAN_POINT('',(0.785196315181,0.));
#4602 = VECTOR('',#4603,1.);
#4603 = DIRECTION('',(0.,-1.));
#4604 = ( GEOMETRIC_REPRESENTATION_CONTEXT(2) 
PARAMETRIC_REPRESENTATION_CONTEXT() REPRESENTATION_CONTEXT('2D SPACE',''
  ) );
#4605 = ORIENTED_EDGE('',*,*,#4606,.T.);
#4606 = EDGE_CURVE('',#4584,#377,#4607,.T.);
#4607 = SURFACE_CURVE('',#4608,(#4612,#4619),.PCURVE_S1.);
#4608 = LINE('',#4609,#4610);
#4609 = CARTESIAN_POINT('',(-118.3728408295,36.2,65.865066159447));
#4610 = VECTOR('',#4611,1.);
#4611 = DIRECTION('',(-0.752627180202,0.,-0.658446905696));
#4612 = PCURVE('',#424,#4613);
#4613 = DEFINITIONAL_REPRESENTATION('',(#4614),#4618);
#4614 = LINE('',#4615,#4616);
#4615 = CARTESIAN_POINT('',(-0.,-5.2));
#4616 = VECTOR('',#4617,1.);
#4617 = DIRECTION('',(1.,0.));
#4618 = ( GEOMETRIC_REPRESENTATION_CONTEXT(2) 
PARAMETRIC_REPRESENTATION_CONTEXT() REPRESENTATION_CONTEXT('2D SPACE',''
  ) );
#4619 = PCURVE('',#393,#4620);
#4620 = DEFINITIONAL_REPRESENTATION('',(#4621),#4625);
#4621 = LINE('',#4622,#4623);
#4622 = CARTESIAN_POINT('',(-8.865066159447,4.627159170443));
#4623 = VECTOR('',#4624,1.);
#4624 = DIRECTION('',(0.658446905696,-0.752627180202));
#4625 = ( GEOMETRIC_REPRESENTATION_CONTEXT(2) 
PARAMETRIC_REPRESENTATION_CONTEXT() REPRESENTATION_CONTEXT('2D SPACE',''
  ) );
#4626 = ORIENTED_EDGE('',*,*,#409,.T.);
#4627 = ADVANCED_FACE('',(#4628),#393,.T.);
#4628 = FACE_BOUND('',#4629,.T.);
#4629 = EDGE_LOOP('',(#4630,#4631,#4632,#4653));
#4630 = ORIENTED_EDGE('',*,*,#376,.T.);
#4631 = ORIENTED_EDGE('',*,*,#4481,.T.);
#4632 = ORIENTED_EDGE('',*,*,#4633,.T.);
#4633 = EDGE_CURVE('',#4482,#4584,#4634,.T.);
#4634 = SURFACE_CURVE('',#4635,(#4639,#4646),.PCURVE_S1.);
#4635 = LINE('',#4636,#4637);
#4636 = CARTESIAN_POINT('',(-117.6915597426,36.2,65.474695394742));
#4637 = VECTOR('',#4638,1.);
#4638 = DIRECTION('',(-0.86765700982,0.,0.497163266253));
#4639 = PCURVE('',#393,#4640);
#4640 = DEFINITIONAL_REPRESENTATION('',(#4641),#4645);
#4641 = LINE('',#4642,#4643);
#4642 = CARTESIAN_POINT('',(-8.474695394742,5.308440257395));
#4643 = VECTOR('',#4644,1.);
#4644 = DIRECTION('',(-0.497163266253,-0.86765700982));
#4645 = ( GEOMETRIC_REPRESENTATION_CONTEXT(2) 
PARAMETRIC_REPRESENTATION_CONTEXT() REPRESENTATION_CONTEXT('2D SPACE',''
  ) );
#4646 = PCURVE('',#4518,#4647);
#4647 = DEFINITIONAL_REPRESENTATION('',(#4648),#4652);
#4648 = LINE('',#4649,#4650);
#4649 = CARTESIAN_POINT('',(0.,-5.2));
#4650 = VECTOR('',#4651,1.);
#4651 = DIRECTION('',(1.,0.));
#4652 = ( GEOMETRIC_REPRESENTATION_CONTEXT(2) 
PARAMETRIC_REPRESENTATION_CONTEXT() REPRESENTATION_CONTEXT('2D SPACE',''
  ) );
#4653 = ORIENTED_EDGE('',*,*,#4606,.T.);
#4654 = ADVANCED_FACE('',(#4655),#485,.F.);
#4655 = FACE_BOUND('',#4656,.F.);
#4656 = EDGE_LOOP('',(#4657,#4680,#4681,#4704));
#4657 = ORIENTED_EDGE('',*,*,#4658,.F.);
#4658 = EDGE_CURVE('',#471,#4659,#4661,.T.);
#4659 = VERTEX_POINT('',#4660);
#4660 = CARTESIAN_POINT('',(-116.14022888,41.4,64.276231179846));
#4661 = SURFACE_CURVE('',#4662,(#4666,#4673),.PCURVE_S1.);
#4662 = LINE('',#4663,#4664);
#4663 = CARTESIAN_POINT('',(-116.4239069349,41.4,63.576093065035));
#4664 = VECTOR('',#4665,1.);
#4665 = DIRECTION('',(0.375521239587,0.,0.926813788535));
#4666 = PCURVE('',#485,#4667);
#4667 = DEFINITIONAL_REPRESENTATION('',(#4668),#4672);
#4668 = LINE('',#4669,#4670);
#4669 = CARTESIAN_POINT('',(0.,0.));
#4670 = VECTOR('',#4671,1.);
#4671 = DIRECTION('',(1.,0.));
#4672 = ( GEOMETRIC_REPRESENTATION_CONTEXT(2) 
PARAMETRIC_REPRESENTATION_CONTEXT() REPRESENTATION_CONTEXT('2D SPACE',''
  ) );
#4673 = PCURVE('',#570,#4674);
#4674 = DEFINITIONAL_REPRESENTATION('',(#4675),#4679);
#4675 = LINE('',#4676,#4677);
#4676 = CARTESIAN_POINT('',(-6.576093065035,6.576093065035));
#4677 = VECTOR('',#4678,1.);
#4678 = DIRECTION('',(-0.926813788535,0.375521239587));
#4679 = ( GEOMETRIC_REPRESENTATION_CONTEXT(2) 
PARAMETRIC_REPRESENTATION_CONTEXT() REPRESENTATION_CONTEXT('2D SPACE',''
  ) );
#4680 = ORIENTED_EDGE('',*,*,#468,.F.);
#4681 = ORIENTED_EDGE('',*,*,#4682,.T.);
#4682 = EDGE_CURVE('',#469,#4683,#4685,.T.);
#4683 = VERTEX_POINT('',#4684);
#4684 = CARTESIAN_POINT('',(-116.14022888,36.2,64.276231179846));
#4685 = SURFACE_CURVE('',#4686,(#4690,#4697),.PCURVE_S1.);
#4686 = LINE('',#4687,#4688);
#4687 = CARTESIAN_POINT('',(-116.4239069349,36.2,63.576093065035));
#4688 = VECTOR('',#4689,1.);
#4689 = DIRECTION('',(0.375521239587,0.,0.926813788535));
#4690 = PCURVE('',#485,#4691);
#4691 = DEFINITIONAL_REPRESENTATION('',(#4692),#4696);
#4692 = LINE('',#4693,#4694);
#4693 = CARTESIAN_POINT('',(0.,-5.2));
#4694 = VECTOR('',#4695,1.);
#4695 = DIRECTION('',(1.,0.));
#4696 = ( GEOMETRIC_REPRESENTATION_CONTEXT(2) 
PARAMETRIC_REPRESENTATION_CONTEXT() REPRESENTATION_CONTEXT('2D SPACE',''
  ) );
#4697 = PCURVE('',#513,#4698);
#4698 = DEFINITIONAL_REPRESENTATION('',(#4699),#4703);
#4699 = LINE('',#4700,#4701);
#4700 = CARTESIAN_POINT('',(-6.576093065035,6.576093065035));
#4701 = VECTOR('',#4702,1.);
#4702 = DIRECTION('',(-0.926813788535,0.375521239587));
#4703 = ( GEOMETRIC_REPRESENTATION_CONTEXT(2) 
PARAMETRIC_REPRESENTATION_CONTEXT() REPRESENTATION_CONTEXT('2D SPACE',''
  ) );
#4704 = ORIENTED_EDGE('',*,*,#4705,.F.);
#4705 = EDGE_CURVE('',#4659,#4683,#4706,.T.);
#4706 = SURFACE_CURVE('',#4707,(#4711,#4718),.PCURVE_S1.);
#4707 = LINE('',#4708,#4709);
#4708 = CARTESIAN_POINT('',(-116.14022888,41.4,64.276231179846));
#4709 = VECTOR('',#4710,1.);
#4710 = DIRECTION('',(0.,-1.,0.));
#4711 = PCURVE('',#485,#4712);
#4712 = DEFINITIONAL_REPRESENTATION('',(#4713),#4717);
#4713 = LINE('',#4714,#4715);
#4714 = CARTESIAN_POINT('',(0.755424793493,0.));
#4715 = VECTOR('',#4716,1.);
#4716 = DIRECTION('',(0.,-1.));
#4717 = ( GEOMETRIC_REPRESENTATION_CONTEXT(2) 
PARAMETRIC_REPRESENTATION_CONTEXT() REPRESENTATION_CONTEXT('2D SPACE',''
  ) );
#4718 = PCURVE('',#4719,#4724);
#4719 = PLANE('',#4720);
#4720 = AXIS2_PLACEMENT_3D('',#4721,#4722,#4723);
#4721 = CARTESIAN_POINT('',(-116.14022888,41.4,64.276231179846));
#4722 = DIRECTION('',(-0.656881898943,-0.,-0.753993481962));
#4723 = DIRECTION('',(-0.753993481962,0.,0.656881898943));
#4724 = DEFINITIONAL_REPRESENTATION('',(#4725),#4729);
#4725 = LINE('',#4726,#4727);
#4726 = CARTESIAN_POINT('',(0.,0.));
#4727 = VECTOR('',#4728,1.);
#4728 = DIRECTION('',(0.,-1.));
#4729 = ( GEOMETRIC_REPRESENTATION_CONTEXT(2) 
PARAMETRIC_REPRESENTATION_CONTEXT() REPRESENTATION_CONTEXT('2D SPACE',''
  ) );
#4730 = ADVANCED_FACE('',(#4731),#570,.F.);
#4731 = FACE_BOUND('',#4732,.F.);
#4732 = EDGE_LOOP('',(#4733,#4734,#4735,#4758));
#4733 = ORIENTED_EDGE('',*,*,#555,.T.);
#4734 = ORIENTED_EDGE('',*,*,#4658,.T.);
#4735 = ORIENTED_EDGE('',*,*,#4736,.T.);
#4736 = EDGE_CURVE('',#4659,#4737,#4739,.T.);
#4737 = VERTEX_POINT('',#4738);
#4738 = CARTESIAN_POINT('',(-116.7322617838,41.4,64.792012426405));
#4739 = SURFACE_CURVE('',#4740,(#4744,#4751),.PCURVE_S1.);
#4740 = LINE('',#4741,#4742);
#4741 = CARTESIAN_POINT('',(-116.14022888,41.4,64.276231179846));
#4742 = VECTOR('',#4743,1.);
#4743 = DIRECTION('',(-0.753993481962,0.,0.656881898943));
#4744 = PCURVE('',#570,#4745);
#4745 = DEFINITIONAL_REPRESENTATION('',(#4746),#4750);
#4746 = LINE('',#4747,#4748);
#4747 = CARTESIAN_POINT('',(-7.276231179846,6.859771119902));
#4748 = VECTOR('',#4749,1.);
#4749 = DIRECTION('',(-0.656881898943,-0.753993481962));
#4750 = ( GEOMETRIC_REPRESENTATION_CONTEXT(2) 
PARAMETRIC_REPRESENTATION_CONTEXT() REPRESENTATION_CONTEXT('2D SPACE',''
  ) );
#4751 = PCURVE('',#4719,#4752);
#4752 = DEFINITIONAL_REPRESENTATION('',(#4753),#4757);
#4753 = LINE('',#4754,#4755);
#4754 = CARTESIAN_POINT('',(0.,0.));
#4755 = VECTOR('',#4756,1.);
#4756 = DIRECTION('',(1.,0.));
#4757 = ( GEOMETRIC_REPRESENTATION_CONTEXT(2) 
PARAMETRIC_REPRESENTATION_CONTEXT() REPRESENTATION_CONTEXT('2D SPACE',''
  ) );
#4758 = ORIENTED_EDGE('',*,*,#4759,.T.);
#4759 = EDGE_CURVE('',#4737,#530,#4760,.T.);
#4760 = SURFACE_CURVE('',#4761,(#4765,#4772),.PCURVE_S1.);
#4761 = LINE('',#4762,#4763);
#4762 = CARTESIAN_POINT('',(-116.7322617838,41.4,64.792012426405));
#4763 = VECTOR('',#4764,1.);
#4764 = DIRECTION('',(-0.866622278836,0.,-0.49896475409));
#4765 = PCURVE('',#570,#4766);
#4766 = DEFINITIONAL_REPRESENTATION('',(#4767),#4771);
#4767 = LINE('',#4768,#4769);
#4768 = CARTESIAN_POINT('',(-7.792012426405,6.267738216195));
#4769 = VECTOR('',#4770,1.);
#4770 = DIRECTION('',(0.49896475409,-0.866622278836));
#4771 = ( GEOMETRIC_REPRESENTATION_CONTEXT(2) 
PARAMETRIC_REPRESENTATION_CONTEXT() REPRESENTATION_CONTEXT('2D SPACE',''
  ) );
#4772 = PCURVE('',#544,#4773);
#4773 = DEFINITIONAL_REPRESENTATION('',(#4774),#4778);
#4774 = LINE('',#4775,#4776);
#4775 = CARTESIAN_POINT('',(0.,0.));
#4776 = VECTOR('',#4777,1.);
#4777 = DIRECTION('',(1.,0.));
#4778 = ( GEOMETRIC_REPRESENTATION_CONTEXT(2) 
PARAMETRIC_REPRESENTATION_CONTEXT() REPRESENTATION_CONTEXT('2D SPACE',''
  ) );
#4779 = ADVANCED_FACE('',(#4780),#544,.F.);
#4780 = FACE_BOUND('',#4781,.F.);
#4781 = EDGE_LOOP('',(#4782,#4783,#4806,#4827));
#4782 = ORIENTED_EDGE('',*,*,#4759,.F.);
#4783 = ORIENTED_EDGE('',*,*,#4784,.T.);
#4784 = EDGE_CURVE('',#4737,#4785,#4787,.T.);
#4785 = VERTEX_POINT('',#4786);
#4786 = CARTESIAN_POINT('',(-116.7322617838,36.2,64.792012426405));
#4787 = SURFACE_CURVE('',#4788,(#4792,#4799),.PCURVE_S1.);
#4788 = LINE('',#4789,#4790);
#4789 = CARTESIAN_POINT('',(-116.7322617838,41.4,64.792012426405));
#4790 = VECTOR('',#4791,1.);
#4791 = DIRECTION('',(0.,-1.,0.));
#4792 = PCURVE('',#544,#4793);
#4793 = DEFINITIONAL_REPRESENTATION('',(#4794),#4798);
#4794 = LINE('',#4795,#4796);
#4795 = CARTESIAN_POINT('',(0.,0.));
#4796 = VECTOR('',#4797,1.);
#4797 = DIRECTION('',(-0.,-1.));
#4798 = ( GEOMETRIC_REPRESENTATION_CONTEXT(2) 
PARAMETRIC_REPRESENTATION_CONTEXT() REPRESENTATION_CONTEXT('2D SPACE',''
  ) );
#4799 = PCURVE('',#4719,#4800);
#4800 = DEFINITIONAL_REPRESENTATION('',(#4801),#4805);
#4801 = LINE('',#4802,#4803);
#4802 = CARTESIAN_POINT('',(0.785196315181,0.));
#4803 = VECTOR('',#4804,1.);
#4804 = DIRECTION('',(0.,-1.));
#4805 = ( GEOMETRIC_REPRESENTATION_CONTEXT(2) 
PARAMETRIC_REPRESENTATION_CONTEXT() REPRESENTATION_CONTEXT('2D SPACE',''
  ) );
#4806 = ORIENTED_EDGE('',*,*,#4807,.T.);
#4807 = EDGE_CURVE('',#4785,#497,#4808,.T.);
#4808 = SURFACE_CURVE('',#4809,(#4813,#4820),.PCURVE_S1.);
#4809 = LINE('',#4810,#4811);
#4810 = CARTESIAN_POINT('',(-116.7322617838,36.2,64.792012426405));
#4811 = VECTOR('',#4812,1.);
#4812 = DIRECTION('',(-0.866622278836,0.,-0.49896475409));
#4813 = PCURVE('',#544,#4814);
#4814 = DEFINITIONAL_REPRESENTATION('',(#4815),#4819);
#4815 = LINE('',#4816,#4817);
#4816 = CARTESIAN_POINT('',(-0.,-5.2));
#4817 = VECTOR('',#4818,1.);
#4818 = DIRECTION('',(1.,0.));
#4819 = ( GEOMETRIC_REPRESENTATION_CONTEXT(2) 
PARAMETRIC_REPRESENTATION_CONTEXT() REPRESENTATION_CONTEXT('2D SPACE',''
  ) );
#4820 = PCURVE('',#513,#4821);
#4821 = DEFINITIONAL_REPRESENTATION('',(#4822),#4826);
#4822 = LINE('',#4823,#4824);
#4823 = CARTESIAN_POINT('',(-7.792012426405,6.267738216195));
#4824 = VECTOR('',#4825,1.);
#4825 = DIRECTION('',(0.49896475409,-0.866622278836));
#4826 = ( GEOMETRIC_REPRESENTATION_CONTEXT(2) 
PARAMETRIC_REPRESENTATION_CONTEXT() REPRESENTATION_CONTEXT('2D SPACE',''
  ) );
#4827 = ORIENTED_EDGE('',*,*,#529,.T.);
#4828 = ADVANCED_FACE('',(#4829),#513,.T.);
#4829 = FACE_BOUND('',#4830,.T.);
#4830 = EDGE_LOOP('',(#4831,#4832,#4833,#4854));
#4831 = ORIENTED_EDGE('',*,*,#496,.T.);
#4832 = ORIENTED_EDGE('',*,*,#4682,.T.);
#4833 = ORIENTED_EDGE('',*,*,#4834,.T.);
#4834 = EDGE_CURVE('',#4683,#4785,#4835,.T.);
#4835 = SURFACE_CURVE('',#4836,(#4840,#4847),.PCURVE_S1.);
#4836 = LINE('',#4837,#4838);
#4837 = CARTESIAN_POINT('',(-116.14022888,36.2,64.276231179846));
#4838 = VECTOR('',#4839,1.);
#4839 = DIRECTION('',(-0.753993481962,0.,0.656881898943));
#4840 = PCURVE('',#513,#4841);
#4841 = DEFINITIONAL_REPRESENTATION('',(#4842),#4846);
#4842 = LINE('',#4843,#4844);
#4843 = CARTESIAN_POINT('',(-7.276231179846,6.859771119902));
#4844 = VECTOR('',#4845,1.);
#4845 = DIRECTION('',(-0.656881898943,-0.753993481962));
#4846 = ( GEOMETRIC_REPRESENTATION_CONTEXT(2) 
PARAMETRIC_REPRESENTATION_CONTEXT() REPRESENTATION_CONTEXT('2D SPACE',''
  ) );
#4847 = PCURVE('',#4719,#4848);
#4848 = DEFINITIONAL_REPRESENTATION('',(#4849),#4853);
#4849 = LINE('',#4850,#4851);
#4850 = CARTESIAN_POINT('',(0.,-5.2));
#4851 = VECTOR('',#4852,1.);
#4852 = DIRECTION('',(1.,0.));
#4853 = ( GEOMETRIC_REPRESENTATION_CONTEXT(2) 
PARAMETRIC_REPRESENTATION_CONTEXT() REPRESENTATION_CONTEXT('2D SPACE',''
  ) );
#4854 = ORIENTED_EDGE('',*,*,#4807,.T.);
#4855 = ADVANCED_FACE('',(#4856),#605,.F.);
#4856 = FACE_BOUND('',#4857,.F.);
#4857 = EDGE_LOOP('',(#4858,#4881,#4882,#4905));
#4858 = ORIENTED_EDGE('',*,*,#4859,.F.);
#4859 = EDGE_CURVE('',#591,#4860,#4862,.T.);
#4860 = VERTEX_POINT('',#4861);
#4861 = CARTESIAN_POINT('',(-114.8525151747,41.4,62.798145481265));
#4862 = SURFACE_CURVE('',#4863,(#4867,#4874),.PCURVE_S1.);
#4863 = LINE('',#4864,#4865);
#4864 = CARTESIAN_POINT('',(-115.2673326055,41.4,62.166803167082));
#4865 = VECTOR('',#4866,1.);
#4866 = DIRECTION('',(0.54911810472,0.,0.835744761915));
#4867 = PCURVE('',#605,#4868);
#4868 = DEFINITIONAL_REPRESENTATION('',(#4869),#4873);
#4869 = LINE('',#4870,#4871);
#4870 = CARTESIAN_POINT('',(0.,0.));
#4871 = VECTOR('',#4872,1.);
#4872 = DIRECTION('',(1.,0.));
#4873 = ( GEOMETRIC_REPRESENTATION_CONTEXT(2) 
PARAMETRIC_REPRESENTATION_CONTEXT() REPRESENTATION_CONTEXT('2D SPACE',''
  ) );
#4874 = PCURVE('',#690,#4875);
#4875 = DEFINITIONAL_REPRESENTATION('',(#4876),#4880);
#4876 = LINE('',#4877,#4878);
#4877 = CARTESIAN_POINT('',(-5.166803167082,7.732667394414));
#4878 = VECTOR('',#4879,1.);
#4879 = DIRECTION('',(-0.835744761915,0.54911810472));
#4880 = ( GEOMETRIC_REPRESENTATION_CONTEXT(2) 
PARAMETRIC_REPRESENTATION_CONTEXT() REPRESENTATION_CONTEXT('2D SPACE',''
  ) );
#4881 = ORIENTED_EDGE('',*,*,#588,.F.);
#4882 = ORIENTED_EDGE('',*,*,#4883,.T.);
#4883 = EDGE_CURVE('',#589,#4884,#4886,.T.);
#4884 = VERTEX_POINT('',#4885);
#4885 = CARTESIAN_POINT('',(-114.8525151747,36.2,62.798145481265));
#4886 = SURFACE_CURVE('',#4887,(#4891,#4898),.PCURVE_S1.);
#4887 = LINE('',#4888,#4889);
#4888 = CARTESIAN_POINT('',(-115.2673326055,36.2,62.166803167082));
#4889 = VECTOR('',#4890,1.);
#4890 = DIRECTION('',(0.54911810472,0.,0.835744761915));
#4891 = PCURVE('',#605,#4892);
#4892 = DEFINITIONAL_REPRESENTATION('',(#4893),#4897);
#4893 = LINE('',#4894,#4895);
#4894 = CARTESIAN_POINT('',(0.,-5.2));
#4895 = VECTOR('',#4896,1.);
#4896 = DIRECTION('',(1.,0.));
#4897 = ( GEOMETRIC_REPRESENTATION_CONTEXT(2) 
PARAMETRIC_REPRESENTATION_CONTEXT() REPRESENTATION_CONTEXT('2D SPACE',''
  ) );
#4898 = PCURVE('',#633,#4899);
#4899 = DEFINITIONAL_REPRESENTATION('',(#4900),#4904);
#4900 = LINE('',#4901,#4902);
#4901 = CARTESIAN_POINT('',(-5.166803167082,7.732667394414));
#4902 = VECTOR('',#4903,1.);
#4903 = DIRECTION('',(-0.835744761915,0.54911810472));
#4904 = ( GEOMETRIC_REPRESENTATION_CONTEXT(2) 
PARAMETRIC_REPRESENTATION_CONTEXT() REPRESENTATION_CONTEXT('2D SPACE',''
  ) );
#4905 = ORIENTED_EDGE('',*,*,#4906,.F.);
#4906 = EDGE_CURVE('',#4860,#4884,#4907,.T.);
#4907 = SURFACE_CURVE('',#4908,(#4912,#4919),.PCURVE_S1.);
#4908 = LINE('',#4909,#4910);
#4909 = CARTESIAN_POINT('',(-114.8525151747,41.4,62.798145481265));
#4910 = VECTOR('',#4911,1.);
#4911 = DIRECTION('',(0.,-1.,0.));
#4912 = PCURVE('',#605,#4913);
#4913 = DEFINITIONAL_REPRESENTATION('',(#4914),#4918);
#4914 = LINE('',#4915,#4916);
#4915 = CARTESIAN_POINT('',(0.755424793493,0.));
#4916 = VECTOR('',#4917,1.);
#4917 = DIRECTION('',(0.,-1.));
#4918 = ( GEOMETRIC_REPRESENTATION_CONTEXT(2) 
PARAMETRIC_REPRESENTATION_CONTEXT() REPRESENTATION_CONTEXT('2D SPACE',''
  ) );
#4919 = PCURVE('',#4920,#4925);
#4920 = PLANE('',#4921);
#4921 = AXIS2_PLACEMENT_3D('',#4922,#4923,#4924);
#4922 = CARTESIAN_POINT('',(-114.8525151747,41.4,62.798145481265));
#4923 = DIRECTION('',(-0.791356928641,-0.,-0.611354407437));
#4924 = DIRECTION('',(-0.611354407437,0.,0.791356928641));
#4925 = DEFINITIONAL_REPRESENTATION('',(#4926),#4930);
#4926 = LINE('',#4927,#4928);
#4927 = CARTESIAN_POINT('',(0.,0.));
#4928 = VECTOR('',#4929,1.);
#4929 = DIRECTION('',(0.,-1.));
#4930 = ( GEOMETRIC_REPRESENTATION_CONTEXT(2) 
PARAMETRIC_REPRESENTATION_CONTEXT() REPRESENTATION_CONTEXT('2D SPACE',''
  ) );
#4931 = ADVANCED_FACE('',(#4932),#690,.F.);
#4932 = FACE_BOUND('',#4933,.F.);
#4933 = EDGE_LOOP('',(#4934,#4935,#4936,#4959));
#4934 = ORIENTED_EDGE('',*,*,#675,.T.);
#4935 = ORIENTED_EDGE('',*,*,#4859,.T.);
#4936 = ORIENTED_EDGE('',*,*,#4937,.T.);
#4937 = EDGE_CURVE('',#4860,#4938,#4940,.T.);
#4938 = VERTEX_POINT('',#4939);
#4939 = CARTESIAN_POINT('',(-115.3325484027,41.4,63.419516025627));
#4940 = SURFACE_CURVE('',#4941,(#4945,#4952),.PCURVE_S1.);
#4941 = LINE('',#4942,#4943);
#4942 = CARTESIAN_POINT('',(-114.8525151747,41.4,62.798145481265));
#4943 = VECTOR('',#4944,1.);
#4944 = DIRECTION('',(-0.611354407437,0.,0.791356928641));
#4945 = PCURVE('',#690,#4946);
#4946 = DEFINITIONAL_REPRESENTATION('',(#4947),#4951);
#4947 = LINE('',#4948,#4949);
#4948 = CARTESIAN_POINT('',(-5.798145481265,8.147484825275));
#4949 = VECTOR('',#4950,1.);
#4950 = DIRECTION('',(-0.791356928641,-0.611354407437));
#4951 = ( GEOMETRIC_REPRESENTATION_CONTEXT(2) 
PARAMETRIC_REPRESENTATION_CONTEXT() REPRESENTATION_CONTEXT('2D SPACE',''
  ) );
#4952 = PCURVE('',#4920,#4953);
#4953 = DEFINITIONAL_REPRESENTATION('',(#4954),#4958);
#4954 = LINE('',#4955,#4956);
#4955 = CARTESIAN_POINT('',(0.,0.));
#4956 = VECTOR('',#4957,1.);
#4957 = DIRECTION('',(1.,0.));
#4958 = ( GEOMETRIC_REPRESENTATION_CONTEXT(2) 
PARAMETRIC_REPRESENTATION_CONTEXT() REPRESENTATION_CONTEXT('2D SPACE',''
  ) );
#4959 = ORIENTED_EDGE('',*,*,#4960,.T.);
#4960 = EDGE_CURVE('',#4938,#650,#4961,.T.);
#4961 = SURFACE_CURVE('',#4962,(#4966,#4973),.PCURVE_S1.);
#4962 = LINE('',#4963,#4964);
#4963 = CARTESIAN_POINT('',(-115.3325484027,41.4,63.419516025627));
#4964 = VECTOR('',#4965,1.);
#4965 = DIRECTION('',(-0.947313569302,0.,-0.320307666807));
#4966 = PCURVE('',#690,#4967);
#4967 = DEFINITIONAL_REPRESENTATION('',(#4968),#4972);
#4968 = LINE('',#4969,#4970);
#4969 = CARTESIAN_POINT('',(-6.419516025627,7.667451597286));
#4970 = VECTOR('',#4971,1.);
#4971 = DIRECTION('',(0.320307666807,-0.947313569302));
#4972 = ( GEOMETRIC_REPRESENTATION_CONTEXT(2) 
PARAMETRIC_REPRESENTATION_CONTEXT() REPRESENTATION_CONTEXT('2D SPACE',''
  ) );
#4973 = PCURVE('',#664,#4974);
#4974 = DEFINITIONAL_REPRESENTATION('',(#4975),#4979);
#4975 = LINE('',#4976,#4977);
#4976 = CARTESIAN_POINT('',(0.,0.));
#4977 = VECTOR('',#4978,1.);
#4978 = DIRECTION('',(1.,0.));
#4979 = ( GEOMETRIC_REPRESENTATION_CONTEXT(2) 
PARAMETRIC_REPRESENTATION_CONTEXT() REPRESENTATION_CONTEXT('2D SPACE',''
  ) );
#4980 = ADVANCED_FACE('',(#4981),#664,.F.);
#4981 = FACE_BOUND('',#4982,.F.);
#4982 = EDGE_LOOP('',(#4983,#4984,#5007,#5028));
#4983 = ORIENTED_EDGE('',*,*,#4960,.F.);
#4984 = ORIENTED_EDGE('',*,*,#4985,.T.);
#4985 = EDGE_CURVE('',#4938,#4986,#4988,.T.);
#4986 = VERTEX_POINT('',#4987);
#4987 = CARTESIAN_POINT('',(-115.3325484027,36.2,63.419516025627));
#4988 = SURFACE_CURVE('',#4989,(#4993,#5000),.PCURVE_S1.);
#4989 = LINE('',#4990,#4991);
#4990 = CARTESIAN_POINT('',(-115.3325484027,41.4,63.419516025627));
#4991 = VECTOR('',#4992,1.);
#4992 = DIRECTION('',(0.,-1.,0.));
#4993 = PCURVE('',#664,#4994);
#4994 = DEFINITIONAL_REPRESENTATION('',(#4995),#4999);
#4995 = LINE('',#4996,#4997);
#4996 = CARTESIAN_POINT('',(0.,0.));
#4997 = VECTOR('',#4998,1.);
#4998 = DIRECTION('',(-0.,-1.));
#4999 = ( GEOMETRIC_REPRESENTATION_CONTEXT(2) 
PARAMETRIC_REPRESENTATION_CONTEXT() REPRESENTATION_CONTEXT('2D SPACE',''
  ) );
#5000 = PCURVE('',#4920,#5001);
#5001 = DEFINITIONAL_REPRESENTATION('',(#5002),#5006);
#5002 = LINE('',#5003,#5004);
#5003 = CARTESIAN_POINT('',(0.785196315181,0.));
#5004 = VECTOR('',#5005,1.);
#5005 = DIRECTION('',(0.,-1.));
#5006 = ( GEOMETRIC_REPRESENTATION_CONTEXT(2) 
PARAMETRIC_REPRESENTATION_CONTEXT() REPRESENTATION_CONTEXT('2D SPACE',''
  ) );
#5007 = ORIENTED_EDGE('',*,*,#5008,.T.);
#5008 = EDGE_CURVE('',#4986,#617,#5009,.T.);
#5009 = SURFACE_CURVE('',#5010,(#5014,#5021),.PCURVE_S1.);
#5010 = LINE('',#5011,#5012);
#5011 = CARTESIAN_POINT('',(-115.3325484027,36.2,63.419516025627));
#5012 = VECTOR('',#5013,1.);
#5013 = DIRECTION('',(-0.947313569302,0.,-0.320307666807));
#5014 = PCURVE('',#664,#5015);
#5015 = DEFINITIONAL_REPRESENTATION('',(#5016),#5020);
#5016 = LINE('',#5017,#5018);
#5017 = CARTESIAN_POINT('',(-0.,-5.2));
#5018 = VECTOR('',#5019,1.);
#5019 = DIRECTION('',(1.,0.));
#5020 = ( GEOMETRIC_REPRESENTATION_CONTEXT(2) 
PARAMETRIC_REPRESENTATION_CONTEXT() REPRESENTATION_CONTEXT('2D SPACE',''
  ) );
#5021 = PCURVE('',#633,#5022);
#5022 = DEFINITIONAL_REPRESENTATION('',(#5023),#5027);
#5023 = LINE('',#5024,#5025);
#5024 = CARTESIAN_POINT('',(-6.419516025627,7.667451597286));
#5025 = VECTOR('',#5026,1.);
#5026 = DIRECTION('',(0.320307666807,-0.947313569302));
#5027 = ( GEOMETRIC_REPRESENTATION_CONTEXT(2) 
PARAMETRIC_REPRESENTATION_CONTEXT() REPRESENTATION_CONTEXT('2D SPACE',''
  ) );
#5028 = ORIENTED_EDGE('',*,*,#649,.T.);
#5029 = ADVANCED_FACE('',(#5030),#633,.T.);
#5030 = FACE_BOUND('',#5031,.T.);
#5031 = EDGE_LOOP('',(#5032,#5033,#5034,#5055));
#5032 = ORIENTED_EDGE('',*,*,#616,.T.);
#5033 = ORIENTED_EDGE('',*,*,#4883,.T.);
#5034 = ORIENTED_EDGE('',*,*,#5035,.T.);
#5035 = EDGE_CURVE('',#4884,#4986,#5036,.T.);
#5036 = SURFACE_CURVE('',#5037,(#5041,#5048),.PCURVE_S1.);
#5037 = LINE('',#5038,#5039);
#5038 = CARTESIAN_POINT('',(-114.8525151747,36.2,62.798145481265));
#5039 = VECTOR('',#5040,1.);
#5040 = DIRECTION('',(-0.611354407437,0.,0.791356928641));
#5041 = PCURVE('',#633,#5042);
#5042 = DEFINITIONAL_REPRESENTATION('',(#5043),#5047);
#5043 = LINE('',#5044,#5045);
#5044 = CARTESIAN_POINT('',(-5.798145481265,8.147484825275));
#5045 = VECTOR('',#5046,1.);
#5046 = DIRECTION('',(-0.791356928641,-0.611354407437));
#5047 = ( GEOMETRIC_REPRESENTATION_CONTEXT(2) 
PARAMETRIC_REPRESENTATION_CONTEXT() REPRESENTATION_CONTEXT('2D SPACE',''
  ) );
#5048 = PCURVE('',#4920,#5049);
#5049 = DEFINITIONAL_REPRESENTATION('',(#5050),#5054);
#5050 = LINE('',#5051,#5052);
#5051 = CARTESIAN_POINT('',(0.,-5.2));
#5052 = VECTOR('',#5053,1.);
#5053 = DIRECTION('',(1.,0.));
#5054 = ( GEOMETRIC_REPRESENTATION_CONTEXT(2) 
PARAMETRIC_REPRESENTATION_CONTEXT() REPRESENTATION_CONTEXT('2D SPACE',''
  ) );
#5055 = ORIENTED_EDGE('',*,*,#5008,.T.);
#5056 = ADVANCED_FACE('',(#5057),#725,.F.);
#5057 = FACE_BOUND('',#5058,.F.);
#5058 = EDGE_LOOP('',(#5059,#5082,#5083,#5106));
#5059 = ORIENTED_EDGE('',*,*,#5060,.F.);
#5060 = EDGE_CURVE('',#711,#5061,#5063,.T.);
#5061 = VERTEX_POINT('',#5062);
#5062 = CARTESIAN_POINT('',(-113.877904742,41.4,61.097240303477));
#5063 = SURFACE_CURVE('',#5064,(#5068,#5075),.PCURVE_S1.);
#5064 = LINE('',#5065,#5066);
#5065 = CARTESIAN_POINT('',(-114.4079203476,41.4,60.558955920995));
#5066 = VECTOR('',#5067,1.);
#5067 = DIRECTION('',(0.701612669037,0.,0.712558532786));
#5068 = PCURVE('',#725,#5069);
#5069 = DEFINITIONAL_REPRESENTATION('',(#5070),#5074);
#5070 = LINE('',#5071,#5072);
#5071 = CARTESIAN_POINT('',(0.,0.));
#5072 = VECTOR('',#5073,1.);
#5073 = DIRECTION('',(1.,0.));
#5074 = ( GEOMETRIC_REPRESENTATION_CONTEXT(2) 
PARAMETRIC_REPRESENTATION_CONTEXT() REPRESENTATION_CONTEXT('2D SPACE',''
  ) );
#5075 = PCURVE('',#810,#5076);
#5076 = DEFINITIONAL_REPRESENTATION('',(#5077),#5081);
#5077 = LINE('',#5078,#5079);
#5078 = CARTESIAN_POINT('',(-3.558955920995,8.592079652355));
#5079 = VECTOR('',#5080,1.);
#5080 = DIRECTION('',(-0.712558532786,0.701612669037));
#5081 = ( GEOMETRIC_REPRESENTATION_CONTEXT(2) 
PARAMETRIC_REPRESENTATION_CONTEXT() REPRESENTATION_CONTEXT('2D SPACE',''
  ) );
#5082 = ORIENTED_EDGE('',*,*,#708,.F.);
#5083 = ORIENTED_EDGE('',*,*,#5084,.T.);
#5084 = EDGE_CURVE('',#709,#5085,#5087,.T.);
#5085 = VERTEX_POINT('',#5086);
#5086 = CARTESIAN_POINT('',(-113.877904742,36.2,61.097240303477));
#5087 = SURFACE_CURVE('',#5088,(#5092,#5099),.PCURVE_S1.);
#5088 = LINE('',#5089,#5090);
#5089 = CARTESIAN_POINT('',(-114.4079203476,36.2,60.558955920995));
#5090 = VECTOR('',#5091,1.);
#5091 = DIRECTION('',(0.701612669037,0.,0.712558532786));
#5092 = PCURVE('',#725,#5093);
#5093 = DEFINITIONAL_REPRESENTATION('',(#5094),#5098);
#5094 = LINE('',#5095,#5096);
#5095 = CARTESIAN_POINT('',(0.,-5.2));
#5096 = VECTOR('',#5097,1.);
#5097 = DIRECTION('',(1.,0.));
#5098 = ( GEOMETRIC_REPRESENTATION_CONTEXT(2) 
PARAMETRIC_REPRESENTATION_CONTEXT() REPRESENTATION_CONTEXT('2D SPACE',''
  ) );
#5099 = PCURVE('',#753,#5100);
#5100 = DEFINITIONAL_REPRESENTATION('',(#5101),#5105);
#5101 = LINE('',#5102,#5103);
#5102 = CARTESIAN_POINT('',(-3.558955920995,8.592079652355));
#5103 = VECTOR('',#5104,1.);
#5104 = DIRECTION('',(-0.712558532786,0.701612669037));
#5105 = ( GEOMETRIC_REPRESENTATION_CONTEXT(2) 
PARAMETRIC_REPRESENTATION_CONTEXT() REPRESENTATION_CONTEXT('2D SPACE',''
  ) );
#5106 = ORIENTED_EDGE('',*,*,#5107,.F.);
#5107 = EDGE_CURVE('',#5061,#5085,#5108,.T.);
#5108 = SURFACE_CURVE('',#5109,(#5113,#5120),.PCURVE_S1.);
#5109 = LINE('',#5110,#5111);
#5110 = CARTESIAN_POINT('',(-113.877904742,41.4,61.097240303477));
#5111 = VECTOR('',#5112,1.);
#5112 = DIRECTION('',(0.,-1.,0.));
#5113 = PCURVE('',#725,#5114);
#5114 = DEFINITIONAL_REPRESENTATION('',(#5115),#5119);
#5115 = LINE('',#5116,#5117);
#5116 = CARTESIAN_POINT('',(0.755424793493,0.));
#5117 = VECTOR('',#5118,1.);
#5118 = DIRECTION('',(0.,-1.));
#5119 = ( GEOMETRIC_REPRESENTATION_CONTEXT(2) 
PARAMETRIC_REPRESENTATION_CONTEXT() REPRESENTATION_CONTEXT('2D SPACE',''
  ) );
#5120 = PCURVE('',#5121,#5126);
#5121 = PLANE('',#5122);
#5122 = AXIS2_PLACEMENT_3D('',#5123,#5124,#5125);
#5123 = CARTESIAN_POINT('',(-113.877904742,41.4,61.097240303477));
#5124 = DIRECTION('',(-0.895420555369,-0.,-0.445221325885));
#5125 = DIRECTION('',(-0.445221325885,0.,0.895420555369));
#5126 = DEFINITIONAL_REPRESENTATION('',(#5127),#5131);
#5127 = LINE('',#5128,#5129);
#5128 = CARTESIAN_POINT('',(0.,0.));
#5129 = VECTOR('',#5130,1.);
#5130 = DIRECTION('',(0.,-1.));
#5131 = ( GEOMETRIC_REPRESENTATION_CONTEXT(2) 
PARAMETRIC_REPRESENTATION_CONTEXT() REPRESENTATION_CONTEXT('2D SPACE',''
  ) );
#5132 = ADVANCED_FACE('',(#5133),#810,.F.);
#5133 = FACE_BOUND('',#5134,.F.);
#5134 = EDGE_LOOP('',(#5135,#5136,#5137,#5160));
#5135 = ORIENTED_EDGE('',*,*,#795,.T.);
#5136 = ORIENTED_EDGE('',*,*,#5060,.T.);
#5137 = ORIENTED_EDGE('',*,*,#5138,.T.);
#5138 = EDGE_CURVE('',#5061,#5139,#5141,.T.);
#5139 = VERTEX_POINT('',#5140);
#5140 = CARTESIAN_POINT('',(-114.2274908865,41.4,61.80032122409));
#5141 = SURFACE_CURVE('',#5142,(#5146,#5153),.PCURVE_S1.);
#5142 = LINE('',#5143,#5144);
#5143 = CARTESIAN_POINT('',(-113.877904742,41.4,61.097240303477));
#5144 = VECTOR('',#5145,1.);
#5145 = DIRECTION('',(-0.445221325885,0.,0.895420555369));
#5146 = PCURVE('',#810,#5147);
#5147 = DEFINITIONAL_REPRESENTATION('',(#5148),#5152);
#5148 = LINE('',#5149,#5150);
#5149 = CARTESIAN_POINT('',(-4.097240303477,9.122095257975));
#5150 = VECTOR('',#5151,1.);
#5151 = DIRECTION('',(-0.895420555369,-0.445221325885));
#5152 = ( GEOMETRIC_REPRESENTATION_CONTEXT(2) 
PARAMETRIC_REPRESENTATION_CONTEXT() REPRESENTATION_CONTEXT('2D SPACE',''
  ) );
#5153 = PCURVE('',#5121,#5154);
#5154 = DEFINITIONAL_REPRESENTATION('',(#5155),#5159);
#5155 = LINE('',#5156,#5157);
#5156 = CARTESIAN_POINT('',(0.,0.));
#5157 = VECTOR('',#5158,1.);
#5158 = DIRECTION('',(1.,0.));
#5159 = ( GEOMETRIC_REPRESENTATION_CONTEXT(2) 
PARAMETRIC_REPRESENTATION_CONTEXT() REPRESENTATION_CONTEXT('2D SPACE',''
  ) );
#5160 = ORIENTED_EDGE('',*,*,#5161,.T.);
#5161 = EDGE_CURVE('',#5139,#770,#5162,.T.);
#5162 = SURFACE_CURVE('',#5163,(#5167,#5174),.PCURVE_S1.);
#5163 = LINE('',#5164,#5165);
#5164 = CARTESIAN_POINT('',(-114.2274908865,41.4,61.80032122409));
#5165 = VECTOR('',#5166,1.);
#5166 = DIRECTION('',(-0.99160013056,0.,-0.129341335519));
#5167 = PCURVE('',#810,#5168);
#5168 = DEFINITIONAL_REPRESENTATION('',(#5169),#5173);
#5169 = LINE('',#5170,#5171);
#5170 = CARTESIAN_POINT('',(-4.80032122409,8.772509113449));
#5171 = VECTOR('',#5172,1.);
#5172 = DIRECTION('',(0.129341335519,-0.99160013056));
#5173 = ( GEOMETRIC_REPRESENTATION_CONTEXT(2) 
PARAMETRIC_REPRESENTATION_CONTEXT() REPRESENTATION_CONTEXT('2D SPACE',''
  ) );
#5174 = PCURVE('',#784,#5175);
#5175 = DEFINITIONAL_REPRESENTATION('',(#5176),#5180);
#5176 = LINE('',#5177,#5178);
#5177 = CARTESIAN_POINT('',(0.,0.));
#5178 = VECTOR('',#5179,1.);
#5179 = DIRECTION('',(1.,0.));
#5180 = ( GEOMETRIC_REPRESENTATION_CONTEXT(2) 
PARAMETRIC_REPRESENTATION_CONTEXT() REPRESENTATION_CONTEXT('2D SPACE',''
  ) );
#5181 = ADVANCED_FACE('',(#5182),#784,.F.);
#5182 = FACE_BOUND('',#5183,.F.);
#5183 = EDGE_LOOP('',(#5184,#5185,#5208,#5229));
#5184 = ORIENTED_EDGE('',*,*,#5161,.F.);
#5185 = ORIENTED_EDGE('',*,*,#5186,.T.);
#5186 = EDGE_CURVE('',#5139,#5187,#5189,.T.);
#5187 = VERTEX_POINT('',#5188);
#5188 = CARTESIAN_POINT('',(-114.2274908865,36.2,61.80032122409));
#5189 = SURFACE_CURVE('',#5190,(#5194,#5201),.PCURVE_S1.);
#5190 = LINE('',#5191,#5192);
#5191 = CARTESIAN_POINT('',(-114.2274908865,41.4,61.80032122409));
#5192 = VECTOR('',#5193,1.);
#5193 = DIRECTION('',(0.,-1.,0.));
#5194 = PCURVE('',#784,#5195);
#5195 = DEFINITIONAL_REPRESENTATION('',(#5196),#5200);
#5196 = LINE('',#5197,#5198);
#5197 = CARTESIAN_POINT('',(0.,0.));
#5198 = VECTOR('',#5199,1.);
#5199 = DIRECTION('',(-0.,-1.));
#5200 = ( GEOMETRIC_REPRESENTATION_CONTEXT(2) 
PARAMETRIC_REPRESENTATION_CONTEXT() REPRESENTATION_CONTEXT('2D SPACE',''
  ) );
#5201 = PCURVE('',#5121,#5202);
#5202 = DEFINITIONAL_REPRESENTATION('',(#5203),#5207);
#5203 = LINE('',#5204,#5205);
#5204 = CARTESIAN_POINT('',(0.785196315181,0.));
#5205 = VECTOR('',#5206,1.);
#5206 = DIRECTION('',(0.,-1.));
#5207 = ( GEOMETRIC_REPRESENTATION_CONTEXT(2) 
PARAMETRIC_REPRESENTATION_CONTEXT() REPRESENTATION_CONTEXT('2D SPACE',''
  ) );
#5208 = ORIENTED_EDGE('',*,*,#5209,.T.);
#5209 = EDGE_CURVE('',#5187,#737,#5210,.T.);
#5210 = SURFACE_CURVE('',#5211,(#5215,#5222),.PCURVE_S1.);
#5211 = LINE('',#5212,#5213);
#5212 = CARTESIAN_POINT('',(-114.2274908865,36.2,61.80032122409));
#5213 = VECTOR('',#5214,1.);
#5214 = DIRECTION('',(-0.99160013056,0.,-0.129341335519));
#5215 = PCURVE('',#784,#5216);
#5216 = DEFINITIONAL_REPRESENTATION('',(#5217),#5221);
#5217 = LINE('',#5218,#5219);
#5218 = CARTESIAN_POINT('',(-0.,-5.2));
#5219 = VECTOR('',#5220,1.);
#5220 = DIRECTION('',(1.,0.));
#5221 = ( GEOMETRIC_REPRESENTATION_CONTEXT(2) 
PARAMETRIC_REPRESENTATION_CONTEXT() REPRESENTATION_CONTEXT('2D SPACE',''
  ) );
#5222 = PCURVE('',#753,#5223);
#5223 = DEFINITIONAL_REPRESENTATION('',(#5224),#5228);
#5224 = LINE('',#5225,#5226);
#5225 = CARTESIAN_POINT('',(-4.80032122409,8.772509113449));
#5226 = VECTOR('',#5227,1.);
#5227 = DIRECTION('',(0.129341335519,-0.99160013056));
#5228 = ( GEOMETRIC_REPRESENTATION_CONTEXT(2) 
PARAMETRIC_REPRESENTATION_CONTEXT() REPRESENTATION_CONTEXT('2D SPACE',''
  ) );
#5229 = ORIENTED_EDGE('',*,*,#769,.T.);
#5230 = ADVANCED_FACE('',(#5231),#753,.T.);
#5231 = FACE_BOUND('',#5232,.T.);
#5232 = EDGE_LOOP('',(#5233,#5234,#5235,#5256));
#5233 = ORIENTED_EDGE('',*,*,#736,.T.);
#5234 = ORIENTED_EDGE('',*,*,#5084,.T.);
#5235 = ORIENTED_EDGE('',*,*,#5236,.T.);
#5236 = EDGE_CURVE('',#5085,#5187,#5237,.T.);
#5237 = SURFACE_CURVE('',#5238,(#5242,#5249),.PCURVE_S1.);
#5238 = LINE('',#5239,#5240);
#5239 = CARTESIAN_POINT('',(-113.877904742,36.2,61.097240303477));
#5240 = VECTOR('',#5241,1.);
#5241 = DIRECTION('',(-0.445221325885,0.,0.895420555369));
#5242 = PCURVE('',#753,#5243);
#5243 = DEFINITIONAL_REPRESENTATION('',(#5244),#5248);
#5244 = LINE('',#5245,#5246);
#5245 = CARTESIAN_POINT('',(-4.097240303477,9.122095257975));
#5246 = VECTOR('',#5247,1.);
#5247 = DIRECTION('',(-0.895420555369,-0.445221325885));
#5248 = ( GEOMETRIC_REPRESENTATION_CONTEXT(2) 
PARAMETRIC_REPRESENTATION_CONTEXT() REPRESENTATION_CONTEXT('2D SPACE',''
  ) );
#5249 = PCURVE('',#5121,#5250);
#5250 = DEFINITIONAL_REPRESENTATION('',(#5251),#5255);
#5251 = LINE('',#5252,#5253);
#5252 = CARTESIAN_POINT('',(0.,-5.2));
#5253 = VECTOR('',#5254,1.);
#5254 = DIRECTION('',(1.,0.));
#5255 = ( GEOMETRIC_REPRESENTATION_CONTEXT(2) 
PARAMETRIC_REPRESENTATION_CONTEXT() REPRESENTATION_CONTEXT('2D SPACE',''
  ) );
#5256 = ORIENTED_EDGE('',*,*,#5209,.T.);
#5257 = ADVANCED_FACE('',(#5258),#845,.F.);
#5258 = FACE_BOUND('',#5259,.F.);
#5259 = EDGE_LOOP('',(#5260,#5283,#5284,#5307));
#5260 = ORIENTED_EDGE('',*,*,#5261,.F.);
#5261 = EDGE_CURVE('',#831,#5262,#5264,.T.);
#5262 = VERTEX_POINT('',#5263);
#5263 = CARTESIAN_POINT('',(-113.2538513143,41.4,59.238880478585));
#5264 = SURFACE_CURVE('',#5265,(#5269,#5276),.PCURVE_S1.);
#5265 = LINE('',#5266,#5267);
#5266 = CARTESIAN_POINT('',(-113.8786968922,41.4,58.81433999475));
#5267 = VECTOR('',#5268,1.);
#5268 = DIRECTION('',(0.827144651953,0.,0.561989078849));
#5269 = PCURVE('',#845,#5270);
#5270 = DEFINITIONAL_REPRESENTATION('',(#5271),#5275);
#5271 = LINE('',#5272,#5273);
#5272 = CARTESIAN_POINT('',(0.,0.));
#5273 = VECTOR('',#5274,1.);
#5274 = DIRECTION('',(1.,0.));
#5275 = ( GEOMETRIC_REPRESENTATION_CONTEXT(2) 
PARAMETRIC_REPRESENTATION_CONTEXT() REPRESENTATION_CONTEXT('2D SPACE',''
  ) );
#5276 = PCURVE('',#930,#5277);
#5277 = DEFINITIONAL_REPRESENTATION('',(#5278),#5282);
#5278 = LINE('',#5279,#5280);
#5279 = CARTESIAN_POINT('',(-1.81433999475,9.12130310775));
#5280 = VECTOR('',#5281,1.);
#5281 = DIRECTION('',(-0.561989078849,0.827144651953));
#5282 = ( GEOMETRIC_REPRESENTATION_CONTEXT(2) 
PARAMETRIC_REPRESENTATION_CONTEXT() REPRESENTATION_CONTEXT('2D SPACE',''
  ) );
#5283 = ORIENTED_EDGE('',*,*,#828,.F.);
#5284 = ORIENTED_EDGE('',*,*,#5285,.T.);
#5285 = EDGE_CURVE('',#829,#5286,#5288,.T.);
#5286 = VERTEX_POINT('',#5287);
#5287 = CARTESIAN_POINT('',(-113.2538513143,36.2,59.238880478585));
#5288 = SURFACE_CURVE('',#5289,(#5293,#5300),.PCURVE_S1.);
#5289 = LINE('',#5290,#5291);
#5290 = CARTESIAN_POINT('',(-113.8786968922,36.2,58.81433999475));
#5291 = VECTOR('',#5292,1.);
#5292 = DIRECTION('',(0.827144651953,0.,0.561989078849));
#5293 = PCURVE('',#845,#5294);
#5294 = DEFINITIONAL_REPRESENTATION('',(#5295),#5299);
#5295 = LINE('',#5296,#5297);
#5296 = CARTESIAN_POINT('',(0.,-5.2));
#5297 = VECTOR('',#5298,1.);
#5298 = DIRECTION('',(1.,0.));
#5299 = ( GEOMETRIC_REPRESENTATION_CONTEXT(2) 
PARAMETRIC_REPRESENTATION_CONTEXT() REPRESENTATION_CONTEXT('2D SPACE',''
  ) );
#5300 = PCURVE('',#873,#5301);
#5301 = DEFINITIONAL_REPRESENTATION('',(#5302),#5306);
#5302 = LINE('',#5303,#5304);
#5303 = CARTESIAN_POINT('',(-1.81433999475,9.12130310775));
#5304 = VECTOR('',#5305,1.);
#5305 = DIRECTION('',(-0.561989078849,0.827144651953));
#5306 = ( GEOMETRIC_REPRESENTATION_CONTEXT(2) 
PARAMETRIC_REPRESENTATION_CONTEXT() REPRESENTATION_CONTEXT('2D SPACE',''
  ) );
#5307 = ORIENTED_EDGE('',*,*,#5308,.F.);
#5308 = EDGE_CURVE('',#5262,#5286,#5309,.T.);
#5309 = SURFACE_CURVE('',#5310,(#5314,#5321),.PCURVE_S1.);
#5310 = LINE('',#5311,#5312);
#5311 = CARTESIAN_POINT('',(-113.2538513143,41.4,59.238880478585));
#5312 = VECTOR('',#5313,1.);
#5313 = DIRECTION('',(0.,-1.,0.));
#5314 = PCURVE('',#845,#5315);
#5315 = DEFINITIONAL_REPRESENTATION('',(#5316),#5320);
#5316 = LINE('',#5317,#5318);
#5317 = CARTESIAN_POINT('',(0.755424793493,0.));
#5318 = VECTOR('',#5319,1.);
#5319 = DIRECTION('',(0.,-1.));
#5320 = ( GEOMETRIC_REPRESENTATION_CONTEXT(2) 
PARAMETRIC_REPRESENTATION_CONTEXT() REPRESENTATION_CONTEXT('2D SPACE',''
  ) );
#5321 = PCURVE('',#5322,#5327);
#5322 = PLANE('',#5323);
#5323 = AXIS2_PLACEMENT_3D('',#5324,#5325,#5326);
#5324 = CARTESIAN_POINT('',(-113.2538513143,41.4,59.238880478585));
#5325 = DIRECTION('',(-0.965073672312,-0.,-0.261978638463));
#5326 = DIRECTION('',(-0.261978638463,0.,0.965073672312));
#5327 = DEFINITIONAL_REPRESENTATION('',(#5328),#5332);
#5328 = LINE('',#5329,#5330);
#5329 = CARTESIAN_POINT('',(0.,0.));
#5330 = VECTOR('',#5331,1.);
#5331 = DIRECTION('',(0.,-1.));
#5332 = ( GEOMETRIC_REPRESENTATION_CONTEXT(2) 
PARAMETRIC_REPRESENTATION_CONTEXT() REPRESENTATION_CONTEXT('2D SPACE',''
  ) );
#5333 = ADVANCED_FACE('',(#5334),#930,.F.);
#5334 = FACE_BOUND('',#5335,.F.);
#5335 = EDGE_LOOP('',(#5336,#5337,#5338,#5361));
#5336 = ORIENTED_EDGE('',*,*,#915,.T.);
#5337 = ORIENTED_EDGE('',*,*,#5261,.T.);
#5338 = ORIENTED_EDGE('',*,*,#5339,.T.);
#5339 = EDGE_CURVE('',#5262,#5340,#5342,.T.);
#5340 = VERTEX_POINT('',#5341);
#5341 = CARTESIAN_POINT('',(-113.4595559759,41.4,59.996652769963));
#5342 = SURFACE_CURVE('',#5343,(#5347,#5354),.PCURVE_S1.);
#5343 = LINE('',#5344,#5345);
#5344 = CARTESIAN_POINT('',(-113.2538513143,41.4,59.238880478585));
#5345 = VECTOR('',#5346,1.);
#5346 = DIRECTION('',(-0.261978638463,0.,0.965073672312));
#5347 = PCURVE('',#930,#5348);
#5348 = DEFINITIONAL_REPRESENTATION('',(#5349),#5353);
#5349 = LINE('',#5350,#5351);
#5350 = CARTESIAN_POINT('',(-2.238880478585,9.74614868564));
#5351 = VECTOR('',#5352,1.);
#5352 = DIRECTION('',(-0.965073672312,-0.261978638463));
#5353 = ( GEOMETRIC_REPRESENTATION_CONTEXT(2) 
PARAMETRIC_REPRESENTATION_CONTEXT() REPRESENTATION_CONTEXT('2D SPACE',''
  ) );
#5354 = PCURVE('',#5322,#5355);
#5355 = DEFINITIONAL_REPRESENTATION('',(#5356),#5360);
#5356 = LINE('',#5357,#5358);
#5357 = CARTESIAN_POINT('',(0.,0.));
#5358 = VECTOR('',#5359,1.);
#5359 = DIRECTION('',(1.,0.));
#5360 = ( GEOMETRIC_REPRESENTATION_CONTEXT(2) 
PARAMETRIC_REPRESENTATION_CONTEXT() REPRESENTATION_CONTEXT('2D SPACE',''
  ) );
#5361 = ORIENTED_EDGE('',*,*,#5362,.T.);
#5362 = EDGE_CURVE('',#5340,#890,#5363,.T.);
#5363 = SURFACE_CURVE('',#5364,(#5368,#5375),.PCURVE_S1.);
#5364 = LINE('',#5365,#5366);
#5365 = CARTESIAN_POINT('',(-113.4595559759,41.4,59.996652769963));
#5366 = VECTOR('',#5367,1.);
#5367 = DIRECTION('',(-0.997780054895,0.,6.659551075701E-02));
#5368 = PCURVE('',#930,#5369);
#5369 = DEFINITIONAL_REPRESENTATION('',(#5370),#5374);
#5370 = LINE('',#5371,#5372);
#5371 = CARTESIAN_POINT('',(-2.996652769963,9.540444024063));
#5372 = VECTOR('',#5373,1.);
#5373 = DIRECTION('',(-6.659551075701E-02,-0.997780054895));
#5374 = ( GEOMETRIC_REPRESENTATION_CONTEXT(2) 
PARAMETRIC_REPRESENTATION_CONTEXT() REPRESENTATION_CONTEXT('2D SPACE',''
  ) );
#5375 = PCURVE('',#904,#5376);
#5376 = DEFINITIONAL_REPRESENTATION('',(#5377),#5381);
#5377 = LINE('',#5378,#5379);
#5378 = CARTESIAN_POINT('',(0.,0.));
#5379 = VECTOR('',#5380,1.);
#5380 = DIRECTION('',(1.,0.));
#5381 = ( GEOMETRIC_REPRESENTATION_CONTEXT(2) 
PARAMETRIC_REPRESENTATION_CONTEXT() REPRESENTATION_CONTEXT('2D SPACE',''
  ) );
#5382 = ADVANCED_FACE('',(#5383),#904,.F.);
#5383 = FACE_BOUND('',#5384,.F.);
#5384 = EDGE_LOOP('',(#5385,#5386,#5409,#5430));
#5385 = ORIENTED_EDGE('',*,*,#5362,.F.);
#5386 = ORIENTED_EDGE('',*,*,#5387,.T.);
#5387 = EDGE_CURVE('',#5340,#5388,#5390,.T.);
#5388 = VERTEX_POINT('',#5389);
#5389 = CARTESIAN_POINT('',(-113.4595559759,36.2,59.996652769963));
#5390 = SURFACE_CURVE('',#5391,(#5395,#5402),.PCURVE_S1.);
#5391 = LINE('',#5392,#5393);
#5392 = CARTESIAN_POINT('',(-113.4595559759,41.4,59.996652769963));
#5393 = VECTOR('',#5394,1.);
#5394 = DIRECTION('',(0.,-1.,0.));
#5395 = PCURVE('',#904,#5396);
#5396 = DEFINITIONAL_REPRESENTATION('',(#5397),#5401);
#5397 = LINE('',#5398,#5399);
#5398 = CARTESIAN_POINT('',(0.,0.));
#5399 = VECTOR('',#5400,1.);
#5400 = DIRECTION('',(0.,-1.));
#5401 = ( GEOMETRIC_REPRESENTATION_CONTEXT(2) 
PARAMETRIC_REPRESENTATION_CONTEXT() REPRESENTATION_CONTEXT('2D SPACE',''
  ) );
#5402 = PCURVE('',#5322,#5403);
#5403 = DEFINITIONAL_REPRESENTATION('',(#5404),#5408);
#5404 = LINE('',#5405,#5406);
#5405 = CARTESIAN_POINT('',(0.785196315181,0.));
#5406 = VECTOR('',#5407,1.);
#5407 = DIRECTION('',(0.,-1.));
#5408 = ( GEOMETRIC_REPRESENTATION_CONTEXT(2) 
PARAMETRIC_REPRESENTATION_CONTEXT() REPRESENTATION_CONTEXT('2D SPACE',''
  ) );
#5409 = ORIENTED_EDGE('',*,*,#5410,.T.);
#5410 = EDGE_CURVE('',#5388,#857,#5411,.T.);
#5411 = SURFACE_CURVE('',#5412,(#5416,#5423),.PCURVE_S1.);
#5412 = LINE('',#5413,#5414);
#5413 = CARTESIAN_POINT('',(-113.4595559759,36.2,59.996652769963));
#5414 = VECTOR('',#5415,1.);
#5415 = DIRECTION('',(-0.997780054895,0.,6.659551075701E-02));
#5416 = PCURVE('',#904,#5417);
#5417 = DEFINITIONAL_REPRESENTATION('',(#5418),#5422);
#5418 = LINE('',#5419,#5420);
#5419 = CARTESIAN_POINT('',(0.,-5.2));
#5420 = VECTOR('',#5421,1.);
#5421 = DIRECTION('',(1.,0.));
#5422 = ( GEOMETRIC_REPRESENTATION_CONTEXT(2) 
PARAMETRIC_REPRESENTATION_CONTEXT() REPRESENTATION_CONTEXT('2D SPACE',''
  ) );
#5423 = PCURVE('',#873,#5424);
#5424 = DEFINITIONAL_REPRESENTATION('',(#5425),#5429);
#5425 = LINE('',#5426,#5427);
#5426 = CARTESIAN_POINT('',(-2.996652769963,9.540444024063));
#5427 = VECTOR('',#5428,1.);
#5428 = DIRECTION('',(-6.659551075701E-02,-0.997780054895));
#5429 = ( GEOMETRIC_REPRESENTATION_CONTEXT(2) 
PARAMETRIC_REPRESENTATION_CONTEXT() REPRESENTATION_CONTEXT('2D SPACE',''
  ) );
#5430 = ORIENTED_EDGE('',*,*,#889,.T.);
#5431 = ADVANCED_FACE('',(#5432),#873,.T.);
#5432 = FACE_BOUND('',#5433,.T.);
#5433 = EDGE_LOOP('',(#5434,#5435,#5436,#5457));
#5434 = ORIENTED_EDGE('',*,*,#856,.T.);
#5435 = ORIENTED_EDGE('',*,*,#5285,.T.);
#5436 = ORIENTED_EDGE('',*,*,#5437,.T.);
#5437 = EDGE_CURVE('',#5286,#5388,#5438,.T.);
#5438 = SURFACE_CURVE('',#5439,(#5443,#5450),.PCURVE_S1.);
#5439 = LINE('',#5440,#5441);
#5440 = CARTESIAN_POINT('',(-113.2538513143,36.2,59.238880478585));
#5441 = VECTOR('',#5442,1.);
#5442 = DIRECTION('',(-0.261978638463,0.,0.965073672312));
#5443 = PCURVE('',#873,#5444);
#5444 = DEFINITIONAL_REPRESENTATION('',(#5445),#5449);
#5445 = LINE('',#5446,#5447);
#5446 = CARTESIAN_POINT('',(-2.238880478585,9.74614868564));
#5447 = VECTOR('',#5448,1.);
#5448 = DIRECTION('',(-0.965073672312,-0.261978638463));
#5449 = ( GEOMETRIC_REPRESENTATION_CONTEXT(2) 
PARAMETRIC_REPRESENTATION_CONTEXT() REPRESENTATION_CONTEXT('2D SPACE',''
  ) );
#5450 = PCURVE('',#5322,#5451);
#5451 = DEFINITIONAL_REPRESENTATION('',(#5452),#5456);
#5452 = LINE('',#5453,#5454);
#5453 = CARTESIAN_POINT('',(0.,-5.2));
#5454 = VECTOR('',#5455,1.);
#5455 = DIRECTION('',(1.,0.));
#5456 = ( GEOMETRIC_REPRESENTATION_CONTEXT(2) 
PARAMETRIC_REPRESENTATION_CONTEXT() REPRESENTATION_CONTEXT('2D SPACE',''
  ) );
#5457 = ORIENTED_EDGE('',*,*,#5410,.T.);
#5458 = ADVANCED_FACE('',(#5459),#965,.F.);
#5459 = FACE_BOUND('',#5460,.F.);
#5460 = EDGE_LOOP('',(#5461,#5484,#5485,#5508));
#5461 = ORIENTED_EDGE('',*,*,#5462,.F.);
#5462 = EDGE_CURVE('',#951,#5463,#5465,.T.);
#5463 = VERTEX_POINT('',#5464);
#5464 = CARTESIAN_POINT('',(-113.0043369149,41.4,57.29448173248));
#5465 = SURFACE_CURVE('',#5466,(#5470,#5477),.PCURVE_S1.);
#5466 = LINE('',#5467,#5468);
#5467 = CARTESIAN_POINT('',(-113.7,41.4,57.));
#5468 = VECTOR('',#5469,1.);
#5469 = DIRECTION('',(0.920889929762,0.,0.389822699779));
#5470 = PCURVE('',#965,#5471);
#5471 = DEFINITIONAL_REPRESENTATION('',(#5472),#5476);
#5472 = LINE('',#5473,#5474);
#5473 = CARTESIAN_POINT('',(0.,0.));
#5474 = VECTOR('',#5475,1.);
#5475 = DIRECTION('',(1.,0.));
#5476 = ( GEOMETRIC_REPRESENTATION_CONTEXT(2) 
PARAMETRIC_REPRESENTATION_CONTEXT() REPRESENTATION_CONTEXT('2D SPACE',''
  ) );
#5477 = PCURVE('',#1050,#5478);
#5478 = DEFINITIONAL_REPRESENTATION('',(#5479),#5483);
#5479 = LINE('',#5480,#5481);
#5480 = CARTESIAN_POINT('',(5.684341886081E-14,9.3));
#5481 = VECTOR('',#5482,1.);
#5482 = DIRECTION('',(-0.389822699779,0.920889929762));
#5483 = ( GEOMETRIC_REPRESENTATION_CONTEXT(2) 
PARAMETRIC_REPRESENTATION_CONTEXT() REPRESENTATION_CONTEXT('2D SPACE',''
  ) );
#5484 = ORIENTED_EDGE('',*,*,#948,.F.);
#5485 = ORIENTED_EDGE('',*,*,#5486,.T.);
#5486 = EDGE_CURVE('',#949,#5487,#5489,.T.);
#5487 = VERTEX_POINT('',#5488);
#5488 = CARTESIAN_POINT('',(-113.0043369149,36.2,57.29448173248));
#5489 = SURFACE_CURVE('',#5490,(#5494,#5501),.PCURVE_S1.);
#5490 = LINE('',#5491,#5492);
#5491 = CARTESIAN_POINT('',(-113.7,36.2,57.));
#5492 = VECTOR('',#5493,1.);
#5493 = DIRECTION('',(0.920889929762,0.,0.389822699779));
#5494 = PCURVE('',#965,#5495);
#5495 = DEFINITIONAL_REPRESENTATION('',(#5496),#5500);
#5496 = LINE('',#5497,#5498);
#5497 = CARTESIAN_POINT('',(0.,-5.2));
#5498 = VECTOR('',#5499,1.);
#5499 = DIRECTION('',(1.,0.));
#5500 = ( GEOMETRIC_REPRESENTATION_CONTEXT(2) 
PARAMETRIC_REPRESENTATION_CONTEXT() REPRESENTATION_CONTEXT('2D SPACE',''
  ) );
#5501 = PCURVE('',#993,#5502);
#5502 = DEFINITIONAL_REPRESENTATION('',(#5503),#5507);
#5503 = LINE('',#5504,#5505);
#5504 = CARTESIAN_POINT('',(5.684341886081E-14,9.3));
#5505 = VECTOR('',#5506,1.);
#5506 = DIRECTION('',(-0.389822699779,0.920889929762));
#5507 = ( GEOMETRIC_REPRESENTATION_CONTEXT(2) 
PARAMETRIC_REPRESENTATION_CONTEXT() REPRESENTATION_CONTEXT('2D SPACE',''
  ) );
#5508 = ORIENTED_EDGE('',*,*,#5509,.F.);
#5509 = EDGE_CURVE('',#5463,#5487,#5510,.T.);
#5510 = SURFACE_CURVE('',#5511,(#5515,#5522),.PCURVE_S1.);
#5511 = LINE('',#5512,#5513);
#5512 = CARTESIAN_POINT('',(-113.0043369149,41.4,57.29448173248));
#5513 = VECTOR('',#5514,1.);
#5514 = DIRECTION('',(0.,-1.,0.));
#5515 = PCURVE('',#965,#5516);
#5516 = DEFINITIONAL_REPRESENTATION('',(#5517),#5521);
#5517 = LINE('',#5518,#5519);
#5518 = CARTESIAN_POINT('',(0.755424793493,0.));
#5519 = VECTOR('',#5520,1.);
#5520 = DIRECTION('',(0.,-1.));
#5521 = ( GEOMETRIC_REPRESENTATION_CONTEXT(2) 
PARAMETRIC_REPRESENTATION_CONTEXT() REPRESENTATION_CONTEXT('2D SPACE',''
  ) );
#5522 = PCURVE('',#5523,#5528);
#5523 = PLANE('',#5524);
#5524 = AXIS2_PLACEMENT_3D('',#5525,#5526,#5527);
#5525 = CARTESIAN_POINT('',(-113.0043369149,41.4,57.29448173248));
#5526 = DIRECTION('',(-0.997639549247,-0.,-6.866825888437E-02));
#5527 = DIRECTION('',(-6.866825888437E-02,0.,0.997639549247));
#5528 = DEFINITIONAL_REPRESENTATION('',(#5529),#5533);
#5529 = LINE('',#5530,#5531);
#5530 = CARTESIAN_POINT('',(0.,0.));
#5531 = VECTOR('',#5532,1.);
#5532 = DIRECTION('',(0.,-1.));
#5533 = ( GEOMETRIC_REPRESENTATION_CONTEXT(2) 
PARAMETRIC_REPRESENTATION_CONTEXT() REPRESENTATION_CONTEXT('2D SPACE',''
  ) );
#5534 = ADVANCED_FACE('',(#5535),#1050,.F.);
#5535 = FACE_BOUND('',#5536,.F.);
#5536 = EDGE_LOOP('',(#5537,#5538,#5539,#5562));
#5537 = ORIENTED_EDGE('',*,*,#1035,.T.);
#5538 = ORIENTED_EDGE('',*,*,#5462,.T.);
#5539 = ORIENTED_EDGE('',*,*,#5540,.T.);
#5540 = EDGE_CURVE('',#5463,#5541,#5543,.T.);
#5541 = VERTEX_POINT('',#5542);
#5542 = CARTESIAN_POINT('',(-113.0582549788,41.4,58.077824630428));
#5543 = SURFACE_CURVE('',#5544,(#5548,#5555),.PCURVE_S1.);
#5544 = LINE('',#5545,#5546);
#5545 = CARTESIAN_POINT('',(-113.0043369149,41.4,57.29448173248));
#5546 = VECTOR('',#5547,1.);
#5547 = DIRECTION('',(-6.866825888437E-02,0.,0.997639549247));
#5548 = PCURVE('',#1050,#5549);
#5549 = DEFINITIONAL_REPRESENTATION('',(#5550),#5554);
#5550 = LINE('',#5551,#5552);
#5551 = CARTESIAN_POINT('',(-0.29448173248,9.99566308502));
#5552 = VECTOR('',#5553,1.);
#5553 = DIRECTION('',(-0.997639549247,-6.866825888437E-02));
#5554 = ( GEOMETRIC_REPRESENTATION_CONTEXT(2) 
PARAMETRIC_REPRESENTATION_CONTEXT() REPRESENTATION_CONTEXT('2D SPACE',''
  ) );
#5555 = PCURVE('',#5523,#5556);
#5556 = DEFINITIONAL_REPRESENTATION('',(#5557),#5561);
#5557 = LINE('',#5558,#5559);
#5558 = CARTESIAN_POINT('',(0.,0.));
#5559 = VECTOR('',#5560,1.);
#5560 = DIRECTION('',(1.,0.));
#5561 = ( GEOMETRIC_REPRESENTATION_CONTEXT(2) 
PARAMETRIC_REPRESENTATION_CONTEXT() REPRESENTATION_CONTEXT('2D SPACE',''
  ) );
#5562 = ORIENTED_EDGE('',*,*,#5563,.T.);
#5563 = EDGE_CURVE('',#5541,#1010,#5564,.T.);
#5564 = SURFACE_CURVE('',#5565,(#5569,#5576),.PCURVE_S1.);
#5565 = LINE('',#5566,#5567);
#5566 = CARTESIAN_POINT('',(-113.0582549788,41.4,58.077824630428));
#5567 = VECTOR('',#5568,1.);
#5568 = DIRECTION('',(-0.965615851283,0.,0.259973128902));
#5569 = PCURVE('',#1050,#5570);
#5570 = DEFINITIONAL_REPRESENTATION('',(#5571),#5575);
#5571 = LINE('',#5572,#5573);
#5572 = CARTESIAN_POINT('',(-1.077824630428,9.941745021174));
#5573 = VECTOR('',#5574,1.);
#5574 = DIRECTION('',(-0.259973128902,-0.965615851283));
#5575 = ( GEOMETRIC_REPRESENTATION_CONTEXT(2) 
PARAMETRIC_REPRESENTATION_CONTEXT() REPRESENTATION_CONTEXT('2D SPACE',''
  ) );
#5576 = PCURVE('',#1024,#5577);
#5577 = DEFINITIONAL_REPRESENTATION('',(#5578),#5582);
#5578 = LINE('',#5579,#5580);
#5579 = CARTESIAN_POINT('',(0.,0.));
#5580 = VECTOR('',#5581,1.);
#5581 = DIRECTION('',(1.,0.));
#5582 = ( GEOMETRIC_REPRESENTATION_CONTEXT(2) 
PARAMETRIC_REPRESENTATION_CONTEXT() REPRESENTATION_CONTEXT('2D SPACE',''
  ) );
#5583 = ADVANCED_FACE('',(#5584),#1024,.F.);
#5584 = FACE_BOUND('',#5585,.F.);
#5585 = EDGE_LOOP('',(#5586,#5587,#5610,#5631));
#5586 = ORIENTED_EDGE('',*,*,#5563,.F.);
#5587 = ORIENTED_EDGE('',*,*,#5588,.T.);
#5588 = EDGE_CURVE('',#5541,#5589,#5591,.T.);
#5589 = VERTEX_POINT('',#5590);
#5590 = CARTESIAN_POINT('',(-113.0582549788,36.2,58.077824630428));
#5591 = SURFACE_CURVE('',#5592,(#5596,#5603),.PCURVE_S1.);
#5592 = LINE('',#5593,#5594);
#5593 = CARTESIAN_POINT('',(-113.0582549788,41.4,58.077824630428));
#5594 = VECTOR('',#5595,1.);
#5595 = DIRECTION('',(0.,-1.,0.));
#5596 = PCURVE('',#1024,#5597);
#5597 = DEFINITIONAL_REPRESENTATION('',(#5598),#5602);
#5598 = LINE('',#5599,#5600);
#5599 = CARTESIAN_POINT('',(0.,0.));
#5600 = VECTOR('',#5601,1.);
#5601 = DIRECTION('',(0.,-1.));
#5602 = ( GEOMETRIC_REPRESENTATION_CONTEXT(2) 
PARAMETRIC_REPRESENTATION_CONTEXT() REPRESENTATION_CONTEXT('2D SPACE',''
  ) );
#5603 = PCURVE('',#5523,#5604);
#5604 = DEFINITIONAL_REPRESENTATION('',(#5605),#5609);
#5605 = LINE('',#5606,#5607);
#5606 = CARTESIAN_POINT('',(0.785196315181,0.));
#5607 = VECTOR('',#5608,1.);
#5608 = DIRECTION('',(0.,-1.));
#5609 = ( GEOMETRIC_REPRESENTATION_CONTEXT(2) 
PARAMETRIC_REPRESENTATION_CONTEXT() REPRESENTATION_CONTEXT('2D SPACE',''
  ) );
#5610 = ORIENTED_EDGE('',*,*,#5611,.T.);
#5611 = EDGE_CURVE('',#5589,#977,#5612,.T.);
#5612 = SURFACE_CURVE('',#5613,(#5617,#5624),.PCURVE_S1.);
#5613 = LINE('',#5614,#5615);
#5614 = CARTESIAN_POINT('',(-113.0582549788,36.2,58.077824630428));
#5615 = VECTOR('',#5616,1.);
#5616 = DIRECTION('',(-0.965615851283,0.,0.259973128902));
#5617 = PCURVE('',#1024,#5618);
#5618 = DEFINITIONAL_REPRESENTATION('',(#5619),#5623);
#5619 = LINE('',#5620,#5621);
#5620 = CARTESIAN_POINT('',(0.,-5.2));
#5621 = VECTOR('',#5622,1.);
#5622 = DIRECTION('',(1.,0.));
#5623 = ( GEOMETRIC_REPRESENTATION_CONTEXT(2) 
PARAMETRIC_REPRESENTATION_CONTEXT() REPRESENTATION_CONTEXT('2D SPACE',''
  ) );
#5624 = PCURVE('',#993,#5625);
#5625 = DEFINITIONAL_REPRESENTATION('',(#5626),#5630);
#5626 = LINE('',#5627,#5628);
#5627 = CARTESIAN_POINT('',(-1.077824630428,9.941745021174));
#5628 = VECTOR('',#5629,1.);
#5629 = DIRECTION('',(-0.259973128902,-0.965615851283));
#5630 = ( GEOMETRIC_REPRESENTATION_CONTEXT(2) 
PARAMETRIC_REPRESENTATION_CONTEXT() REPRESENTATION_CONTEXT('2D SPACE',''
  ) );
#5631 = ORIENTED_EDGE('',*,*,#1009,.T.);
#5632 = ADVANCED_FACE('',(#5633),#993,.T.);
#5633 = FACE_BOUND('',#5634,.T.);
#5634 = EDGE_LOOP('',(#5635,#5636,#5637,#5658));
#5635 = ORIENTED_EDGE('',*,*,#976,.T.);
#5636 = ORIENTED_EDGE('',*,*,#5486,.T.);
#5637 = ORIENTED_EDGE('',*,*,#5638,.T.);
#5638 = EDGE_CURVE('',#5487,#5589,#5639,.T.);
#5639 = SURFACE_CURVE('',#5640,(#5644,#5651),.PCURVE_S1.);
#5640 = LINE('',#5641,#5642);
#5641 = CARTESIAN_POINT('',(-113.0043369149,36.2,57.29448173248));
#5642 = VECTOR('',#5643,1.);
#5643 = DIRECTION('',(-6.866825888437E-02,0.,0.997639549247));
#5644 = PCURVE('',#993,#5645);
#5645 = DEFINITIONAL_REPRESENTATION('',(#5646),#5650);
#5646 = LINE('',#5647,#5648);
#5647 = CARTESIAN_POINT('',(-0.29448173248,9.99566308502));
#5648 = VECTOR('',#5649,1.);
#5649 = DIRECTION('',(-0.997639549247,-6.866825888437E-02));
#5650 = ( GEOMETRIC_REPRESENTATION_CONTEXT(2) 
PARAMETRIC_REPRESENTATION_CONTEXT() REPRESENTATION_CONTEXT('2D SPACE',''
  ) );
#5651 = PCURVE('',#5523,#5652);
#5652 = DEFINITIONAL_REPRESENTATION('',(#5653),#5657);
#5653 = LINE('',#5654,#5655);
#5654 = CARTESIAN_POINT('',(0.,-5.2));
#5655 = VECTOR('',#5656,1.);
#5656 = DIRECTION('',(1.,0.));
#5657 = ( GEOMETRIC_REPRESENTATION_CONTEXT(2) 
PARAMETRIC_REPRESENTATION_CONTEXT() REPRESENTATION_CONTEXT('2D SPACE',''
  ) );
#5658 = ORIENTED_EDGE('',*,*,#5611,.T.);
#5659 = ADVANCED_FACE('',(#5660),#1085,.F.);
#5660 = FACE_BOUND('',#5661,.F.);
#5661 = EDGE_LOOP('',(#5662,#5685,#5686,#5709));
#5662 = ORIENTED_EDGE('',*,*,#5663,.F.);
#5663 = EDGE_CURVE('',#1071,#5664,#5666,.T.);
#5664 = VERTEX_POINT('',#5665);
#5665 = CARTESIAN_POINT('',(-113.1389502423,41.4,55.338766218542));
#5666 = SURFACE_CURVE('',#5667,(#5671,#5678),.PCURVE_S1.);
#5667 = LINE('',#5668,#5669);
#5668 = CARTESIAN_POINT('',(-113.8786968922,41.4,55.18566000525));
#5669 = VECTOR('',#5670,1.);
#5670 = DIRECTION('',(0.979245924011,0.,0.202675652972));
#5671 = PCURVE('',#1085,#5672);
#5672 = DEFINITIONAL_REPRESENTATION('',(#5673),#5677);
#5673 = LINE('',#5674,#5675);
#5674 = CARTESIAN_POINT('',(0.,0.));
#5675 = VECTOR('',#5676,1.);
#5676 = DIRECTION('',(1.,0.));
#5677 = ( GEOMETRIC_REPRESENTATION_CONTEXT(2) 
PARAMETRIC_REPRESENTATION_CONTEXT() REPRESENTATION_CONTEXT('2D SPACE',''
  ) );
#5678 = PCURVE('',#1170,#5679);
#5679 = DEFINITIONAL_REPRESENTATION('',(#5680),#5684);
#5680 = LINE('',#5681,#5682);
#5681 = CARTESIAN_POINT('',(1.81433999475,9.12130310775));
#5682 = VECTOR('',#5683,1.);
#5683 = DIRECTION('',(-0.202675652972,0.979245924011));
#5684 = ( GEOMETRIC_REPRESENTATION_CONTEXT(2) 
PARAMETRIC_REPRESENTATION_CONTEXT() REPRESENTATION_CONTEXT('2D SPACE',''
  ) );
#5685 = ORIENTED_EDGE('',*,*,#1068,.F.);
#5686 = ORIENTED_EDGE('',*,*,#5687,.T.);
#5687 = EDGE_CURVE('',#1069,#5688,#5690,.T.);
#5688 = VERTEX_POINT('',#5689);
#5689 = CARTESIAN_POINT('',(-113.1389502423,36.2,55.338766218542));
#5690 = SURFACE_CURVE('',#5691,(#5695,#5702),.PCURVE_S1.);
#5691 = LINE('',#5692,#5693);
#5692 = CARTESIAN_POINT('',(-113.8786968922,36.2,55.18566000525));
#5693 = VECTOR('',#5694,1.);
#5694 = DIRECTION('',(0.979245924011,0.,0.202675652972));
#5695 = PCURVE('',#1085,#5696);
#5696 = DEFINITIONAL_REPRESENTATION('',(#5697),#5701);
#5697 = LINE('',#5698,#5699);
#5698 = CARTESIAN_POINT('',(0.,-5.2));
#5699 = VECTOR('',#5700,1.);
#5700 = DIRECTION('',(1.,0.));
#5701 = ( GEOMETRIC_REPRESENTATION_CONTEXT(2) 
PARAMETRIC_REPRESENTATION_CONTEXT() REPRESENTATION_CONTEXT('2D SPACE',''
  ) );
#5702 = PCURVE('',#1113,#5703);
#5703 = DEFINITIONAL_REPRESENTATION('',(#5704),#5708);
#5704 = LINE('',#5705,#5706);
#5705 = CARTESIAN_POINT('',(1.81433999475,9.12130310775));
#5706 = VECTOR('',#5707,1.);
#5707 = DIRECTION('',(-0.202675652972,0.979245924011));
#5708 = ( GEOMETRIC_REPRESENTATION_CONTEXT(2) 
PARAMETRIC_REPRESENTATION_CONTEXT() REPRESENTATION_CONTEXT('2D SPACE',''
  ) );
#5709 = ORIENTED_EDGE('',*,*,#5710,.F.);
#5710 = EDGE_CURVE('',#5664,#5688,#5711,.T.);
#5711 = SURFACE_CURVE('',#5712,(#5716,#5723),.PCURVE_S1.);
#5712 = LINE('',#5713,#5714);
#5713 = CARTESIAN_POINT('',(-113.1389502423,41.4,55.338766218542));
#5714 = VECTOR('',#5715,1.);
#5715 = DIRECTION('',(0.,-1.,0.));
#5716 = PCURVE('',#1085,#5717);
#5717 = DEFINITIONAL_REPRESENTATION('',(#5718),#5722);
#5718 = LINE('',#5719,#5720);
#5719 = CARTESIAN_POINT('',(0.755424793493,0.));
#5720 = VECTOR('',#5721,1.);
#5721 = DIRECTION('',(0.,-1.));
#5722 = ( GEOMETRIC_REPRESENTATION_CONTEXT(2) 
PARAMETRIC_REPRESENTATION_CONTEXT() REPRESENTATION_CONTEXT('2D SPACE',''
  ) );
#5723 = PCURVE('',#5724,#5729);
#5724 = PLANE('',#5725);
#5725 = AXIS2_PLACEMENT_3D('',#5726,#5727,#5728);
#5726 = CARTESIAN_POINT('',(-113.1389502423,41.4,55.338766218542));
#5727 = DIRECTION('',(-0.991866697788,0.,0.127281003374));
#5728 = DIRECTION('',(0.127281003374,0.,0.991866697788));
#5729 = DEFINITIONAL_REPRESENTATION('',(#5730),#5734);
#5730 = LINE('',#5731,#5732);
#5731 = CARTESIAN_POINT('',(0.,0.));
#5732 = VECTOR('',#5733,1.);
#5733 = DIRECTION('',(0.,-1.));
#5734 = ( GEOMETRIC_REPRESENTATION_CONTEXT(2) 
PARAMETRIC_REPRESENTATION_CONTEXT() REPRESENTATION_CONTEXT('2D SPACE',''
  ) );
#5735 = ADVANCED_FACE('',(#5736),#1170,.F.);
#5736 = FACE_BOUND('',#5737,.F.);
#5737 = EDGE_LOOP('',(#5738,#5761,#5762,#5763));
#5738 = ORIENTED_EDGE('',*,*,#5739,.T.);
#5739 = EDGE_CURVE('',#5740,#1130,#5742,.T.);
#5740 = VERTEX_POINT('',#5741);
#5741 = CARTESIAN_POINT('',(-113.0390096674,41.4,56.117576294796));
#5742 = SURFACE_CURVE('',#5743,(#5747,#5754),.PCURVE_S1.);
#5743 = LINE('',#5744,#5745);
#5744 = CARTESIAN_POINT('',(-113.0390096674,41.4,56.117576294796));
#5745 = VECTOR('',#5746,1.);
#5746 = DIRECTION('',(-0.896343572029,0.,0.443360125498));
#5747 = PCURVE('',#1170,#5748);
#5748 = DEFINITIONAL_REPRESENTATION('',(#5749),#5753);
#5749 = LINE('',#5750,#5751);
#5750 = CARTESIAN_POINT('',(0.882423705204,9.960990332517));
#5751 = VECTOR('',#5752,1.);
#5752 = DIRECTION('',(-0.443360125498,-0.896343572029));
#5753 = ( GEOMETRIC_REPRESENTATION_CONTEXT(2) 
PARAMETRIC_REPRESENTATION_CONTEXT() REPRESENTATION_CONTEXT('2D SPACE',''
  ) );
#5754 = PCURVE('',#1144,#5755);
#5755 = DEFINITIONAL_REPRESENTATION('',(#5756),#5760);
#5756 = LINE('',#5757,#5758);
#5757 = CARTESIAN_POINT('',(0.,0.));
#5758 = VECTOR('',#5759,1.);
#5759 = DIRECTION('',(1.,0.));
#5760 = ( GEOMETRIC_REPRESENTATION_CONTEXT(2) 
PARAMETRIC_REPRESENTATION_CONTEXT() REPRESENTATION_CONTEXT('2D SPACE',''
  ) );
#5761 = ORIENTED_EDGE('',*,*,#1155,.T.);
#5762 = ORIENTED_EDGE('',*,*,#5663,.T.);
#5763 = ORIENTED_EDGE('',*,*,#5764,.T.);
#5764 = EDGE_CURVE('',#5664,#5740,#5765,.T.);
#5765 = SURFACE_CURVE('',#5766,(#5770,#5777),.PCURVE_S1.);
#5766 = LINE('',#5767,#5768);
#5767 = CARTESIAN_POINT('',(-113.1389502423,41.4,55.338766218542));
#5768 = VECTOR('',#5769,1.);
#5769 = DIRECTION('',(0.127281003374,0.,0.991866697788));
#5770 = PCURVE('',#1170,#5771);
#5771 = DEFINITIONAL_REPRESENTATION('',(#5772),#5776);
#5772 = LINE('',#5773,#5774);
#5773 = CARTESIAN_POINT('',(1.661233781458,9.861049757675));
#5774 = VECTOR('',#5775,1.);
#5775 = DIRECTION('',(-0.991866697788,0.127281003374));
#5776 = ( GEOMETRIC_REPRESENTATION_CONTEXT(2) 
PARAMETRIC_REPRESENTATION_CONTEXT() REPRESENTATION_CONTEXT('2D SPACE',''
  ) );
#5777 = PCURVE('',#5724,#5778);
#5778 = DEFINITIONAL_REPRESENTATION('',(#5779),#5783);
#5779 = LINE('',#5780,#5781);
#5780 = CARTESIAN_POINT('',(0.,0.));
#5781 = VECTOR('',#5782,1.);
#5782 = DIRECTION('',(1.,0.));
#5783 = ( GEOMETRIC_REPRESENTATION_CONTEXT(2) 
PARAMETRIC_REPRESENTATION_CONTEXT() REPRESENTATION_CONTEXT('2D SPACE',''
  ) );
#5784 = ADVANCED_FACE('',(#5785),#1144,.F.);
#5785 = FACE_BOUND('',#5786,.F.);
#5786 = EDGE_LOOP('',(#5787,#5788,#5811,#5832));
#5787 = ORIENTED_EDGE('',*,*,#5739,.F.);
#5788 = ORIENTED_EDGE('',*,*,#5789,.T.);
#5789 = EDGE_CURVE('',#5740,#5790,#5792,.T.);
#5790 = VERTEX_POINT('',#5791);
#5791 = CARTESIAN_POINT('',(-113.0390096674,36.2,56.117576294796));
#5792 = SURFACE_CURVE('',#5793,(#5797,#5804),.PCURVE_S1.);
#5793 = LINE('',#5794,#5795);
#5794 = CARTESIAN_POINT('',(-113.0390096674,41.4,56.117576294796));
#5795 = VECTOR('',#5796,1.);
#5796 = DIRECTION('',(0.,-1.,0.));
#5797 = PCURVE('',#1144,#5798);
#5798 = DEFINITIONAL_REPRESENTATION('',(#5799),#5803);
#5799 = LINE('',#5800,#5801);
#5800 = CARTESIAN_POINT('',(0.,0.));
#5801 = VECTOR('',#5802,1.);
#5802 = DIRECTION('',(0.,-1.));
#5803 = ( GEOMETRIC_REPRESENTATION_CONTEXT(2) 
PARAMETRIC_REPRESENTATION_CONTEXT() REPRESENTATION_CONTEXT('2D SPACE',''
  ) );
#5804 = PCURVE('',#5724,#5805);
#5805 = DEFINITIONAL_REPRESENTATION('',(#5806),#5810);
#5806 = LINE('',#5807,#5808);
#5807 = CARTESIAN_POINT('',(0.785196315181,0.));
#5808 = VECTOR('',#5809,1.);
#5809 = DIRECTION('',(0.,-1.));
#5810 = ( GEOMETRIC_REPRESENTATION_CONTEXT(2) 
PARAMETRIC_REPRESENTATION_CONTEXT() REPRESENTATION_CONTEXT('2D SPACE',''
  ) );
#5811 = ORIENTED_EDGE('',*,*,#5812,.T.);
#5812 = EDGE_CURVE('',#5790,#1097,#5813,.T.);
#5813 = SURFACE_CURVE('',#5814,(#5818,#5825),.PCURVE_S1.);
#5814 = LINE('',#5815,#5816);
#5815 = CARTESIAN_POINT('',(-113.0390096674,36.2,56.117576294796));
#5816 = VECTOR('',#5817,1.);
#5817 = DIRECTION('',(-0.896343572029,0.,0.443360125498));
#5818 = PCURVE('',#1144,#5819);
#5819 = DEFINITIONAL_REPRESENTATION('',(#5820),#5824);
#5820 = LINE('',#5821,#5822);
#5821 = CARTESIAN_POINT('',(0.,-5.2));
#5822 = VECTOR('',#5823,1.);
#5823 = DIRECTION('',(1.,0.));
#5824 = ( GEOMETRIC_REPRESENTATION_CONTEXT(2) 
PARAMETRIC_REPRESENTATION_CONTEXT() REPRESENTATION_CONTEXT('2D SPACE',''
  ) );
#5825 = PCURVE('',#1113,#5826);
#5826 = DEFINITIONAL_REPRESENTATION('',(#5827),#5831);
#5827 = LINE('',#5828,#5829);
#5828 = CARTESIAN_POINT('',(0.882423705204,9.960990332517));
#5829 = VECTOR('',#5830,1.);
#5830 = DIRECTION('',(-0.443360125498,-0.896343572029));
#5831 = ( GEOMETRIC_REPRESENTATION_CONTEXT(2) 
PARAMETRIC_REPRESENTATION_CONTEXT() REPRESENTATION_CONTEXT('2D SPACE',''
  ) );
#5832 = ORIENTED_EDGE('',*,*,#1129,.T.);
#5833 = ADVANCED_FACE('',(#5834),#1113,.T.);
#5834 = FACE_BOUND('',#5835,.T.);
#5835 = EDGE_LOOP('',(#5836,#5837,#5838,#5839));
#5836 = ORIENTED_EDGE('',*,*,#5812,.T.);
#5837 = ORIENTED_EDGE('',*,*,#1096,.T.);
#5838 = ORIENTED_EDGE('',*,*,#5687,.T.);
#5839 = ORIENTED_EDGE('',*,*,#5840,.T.);
#5840 = EDGE_CURVE('',#5688,#5790,#5841,.T.);
#5841 = SURFACE_CURVE('',#5842,(#5846,#5853),.PCURVE_S1.);
#5842 = LINE('',#5843,#5844);
#5843 = CARTESIAN_POINT('',(-113.1389502423,36.2,55.338766218542));
#5844 = VECTOR('',#5845,1.);
#5845 = DIRECTION('',(0.127281003374,0.,0.991866697788));
#5846 = PCURVE('',#1113,#5847);
#5847 = DEFINITIONAL_REPRESENTATION('',(#5848),#5852);
#5848 = LINE('',#5849,#5850);
#5849 = CARTESIAN_POINT('',(1.661233781458,9.861049757675));
#5850 = VECTOR('',#5851,1.);
#5851 = DIRECTION('',(-0.991866697788,0.127281003374));
#5852 = ( GEOMETRIC_REPRESENTATION_CONTEXT(2) 
PARAMETRIC_REPRESENTATION_CONTEXT() REPRESENTATION_CONTEXT('2D SPACE',''
  ) );
#5853 = PCURVE('',#5724,#5854);
#5854 = DEFINITIONAL_REPRESENTATION('',(#5855),#5859);
#5855 = LINE('',#5856,#5857);
#5856 = CARTESIAN_POINT('',(0.,-5.2));
#5857 = VECTOR('',#5858,1.);
#5858 = DIRECTION('',(1.,0.));
#5859 = ( GEOMETRIC_REPRESENTATION_CONTEXT(2) 
PARAMETRIC_REPRESENTATION_CONTEXT() REPRESENTATION_CONTEXT('2D SPACE',''
  ) );
#5860 = ADVANCED_FACE('',(#5861),#1205,.F.);
#5861 = FACE_BOUND('',#5862,.F.);
#5862 = EDGE_LOOP('',(#5863,#5886,#5887,#5910));
#5863 = ORIENTED_EDGE('',*,*,#5864,.F.);
#5864 = EDGE_CURVE('',#1191,#5865,#5867,.T.);
#5865 = VERTEX_POINT('',#5866);
#5866 = CARTESIAN_POINT('',(-113.6525181817,41.4,53.446890987196));
#5867 = SURFACE_CURVE('',#5868,(#5872,#5879),.PCURVE_S1.);
#5868 = LINE('',#5869,#5870);
#5869 = CARTESIAN_POINT('',(-114.4079203476,41.4,53.441044079005));
#5870 = VECTOR('',#5871,1.);
#5871 = DIRECTION('',(0.999970046568,0.,7.739894482588E-03));
#5872 = PCURVE('',#1205,#5873);
#5873 = DEFINITIONAL_REPRESENTATION('',(#5874),#5878);
#5874 = LINE('',#5875,#5876);
#5875 = CARTESIAN_POINT('',(0.,0.));
#5876 = VECTOR('',#5877,1.);
#5877 = DIRECTION('',(1.,0.));
#5878 = ( GEOMETRIC_REPRESENTATION_CONTEXT(2) 
PARAMETRIC_REPRESENTATION_CONTEXT() REPRESENTATION_CONTEXT('2D SPACE',''
  ) );
#5879 = PCURVE('',#1290,#5880);
#5880 = DEFINITIONAL_REPRESENTATION('',(#5881),#5885);
#5881 = LINE('',#5882,#5883);
#5882 = CARTESIAN_POINT('',(3.558955920995,8.592079652355));
#5883 = VECTOR('',#5884,1.);
#5884 = DIRECTION('',(-7.739894482588E-03,0.999970046568));
#5885 = ( GEOMETRIC_REPRESENTATION_CONTEXT(2) 
PARAMETRIC_REPRESENTATION_CONTEXT() REPRESENTATION_CONTEXT('2D SPACE',''
  ) );
#5886 = ORIENTED_EDGE('',*,*,#1188,.F.);
#5887 = ORIENTED_EDGE('',*,*,#5888,.T.);
#5888 = EDGE_CURVE('',#1189,#5889,#5891,.T.);
#5889 = VERTEX_POINT('',#5890);
#5890 = CARTESIAN_POINT('',(-113.6525181817,36.2,53.446890987196));
#5891 = SURFACE_CURVE('',#5892,(#5896,#5903),.PCURVE_S1.);
#5892 = LINE('',#5893,#5894);
#5893 = CARTESIAN_POINT('',(-114.4079203476,36.2,53.441044079005));
#5894 = VECTOR('',#5895,1.);
#5895 = DIRECTION('',(0.999970046568,0.,7.739894482588E-03));
#5896 = PCURVE('',#1205,#5897);
#5897 = DEFINITIONAL_REPRESENTATION('',(#5898),#5902);
#5898 = LINE('',#5899,#5900);
#5899 = CARTESIAN_POINT('',(0.,-5.2));
#5900 = VECTOR('',#5901,1.);
#5901 = DIRECTION('',(1.,0.));
#5902 = ( GEOMETRIC_REPRESENTATION_CONTEXT(2) 
PARAMETRIC_REPRESENTATION_CONTEXT() REPRESENTATION_CONTEXT('2D SPACE',''
  ) );
#5903 = PCURVE('',#1233,#5904);
#5904 = DEFINITIONAL_REPRESENTATION('',(#5905),#5909);
#5905 = LINE('',#5906,#5907);
#5906 = CARTESIAN_POINT('',(3.558955920995,8.592079652355));
#5907 = VECTOR('',#5908,1.);
#5908 = DIRECTION('',(-7.739894482588E-03,0.999970046568));
#5909 = ( GEOMETRIC_REPRESENTATION_CONTEXT(2) 
PARAMETRIC_REPRESENTATION_CONTEXT() REPRESENTATION_CONTEXT('2D SPACE',''
  ) );
#5910 = ORIENTED_EDGE('',*,*,#5911,.F.);
#5911 = EDGE_CURVE('',#5865,#5889,#5912,.T.);
#5912 = SURFACE_CURVE('',#5913,(#5917,#5924),.PCURVE_S1.);
#5913 = LINE('',#5914,#5915);
#5914 = CARTESIAN_POINT('',(-113.6525181817,41.4,53.446890987196));
#5915 = VECTOR('',#5916,1.);
#5916 = DIRECTION('',(0.,-1.,0.));
#5917 = PCURVE('',#1205,#5918);
#5918 = DEFINITIONAL_REPRESENTATION('',(#5919),#5923);
#5919 = LINE('',#5920,#5921);
#5920 = CARTESIAN_POINT('',(0.755424793493,0.));
#5921 = VECTOR('',#5922,1.);
#5922 = DIRECTION('',(0.,-1.));
#5923 = ( GEOMETRIC_REPRESENTATION_CONTEXT(2) 
PARAMETRIC_REPRESENTATION_CONTEXT() REPRESENTATION_CONTEXT('2D SPACE',''
  ) );
#5924 = PCURVE('',#5925,#5930);
#5925 = PLANE('',#5926);
#5926 = AXIS2_PLACEMENT_3D('',#5927,#5928,#5929);
#5927 = CARTESIAN_POINT('',(-113.6525181817,41.4,53.446890987196));
#5928 = DIRECTION('',(-0.947976965378,0.,0.318338928053));
#5929 = DIRECTION('',(0.318338928053,0.,0.947976965378));
#5930 = DEFINITIONAL_REPRESENTATION('',(#5931),#5935);
#5931 = LINE('',#5932,#5933);
#5932 = CARTESIAN_POINT('',(0.,0.));
#5933 = VECTOR('',#5934,1.);
#5934 = DIRECTION('',(0.,-1.));
#5935 = ( GEOMETRIC_REPRESENTATION_CONTEXT(2) 
PARAMETRIC_REPRESENTATION_CONTEXT() REPRESENTATION_CONTEXT('2D SPACE',''
  ) );
#5936 = ADVANCED_FACE('',(#5937),#1290,.F.);
#5937 = FACE_BOUND('',#5938,.F.);
#5938 = EDGE_LOOP('',(#5939,#5962,#5963,#5964));
#5939 = ORIENTED_EDGE('',*,*,#5940,.T.);
#5940 = EDGE_CURVE('',#5941,#1250,#5943,.T.);
#5941 = VERTEX_POINT('',#5942);
#5942 = CARTESIAN_POINT('',(-113.4025596284,41.4,54.191239007287));
#5943 = SURFACE_CURVE('',#5944,(#5948,#5955),.PCURVE_S1.);
#5944 = LINE('',#5945,#5946);
#5945 = CARTESIAN_POINT('',(-113.4025596284,41.4,54.191239007287));
#5946 = VECTOR('',#5947,1.);
#5947 = DIRECTION('',(-0.792625311978,0.,0.609709041111));
#5948 = PCURVE('',#1290,#5949);
#5949 = DEFINITIONAL_REPRESENTATION('',(#5950),#5954);
#5950 = LINE('',#5951,#5952);
#5951 = CARTESIAN_POINT('',(2.808760992713,9.597440371569));
#5952 = VECTOR('',#5953,1.);
#5953 = DIRECTION('',(-0.609709041111,-0.792625311978));
#5954 = ( GEOMETRIC_REPRESENTATION_CONTEXT(2) 
PARAMETRIC_REPRESENTATION_CONTEXT() REPRESENTATION_CONTEXT('2D SPACE',''
  ) );
#5955 = PCURVE('',#1264,#5956);
#5956 = DEFINITIONAL_REPRESENTATION('',(#5957),#5961);
#5957 = LINE('',#5958,#5959);
#5958 = CARTESIAN_POINT('',(0.,0.));
#5959 = VECTOR('',#5960,1.);
#5960 = DIRECTION('',(1.,0.));
#5961 = ( GEOMETRIC_REPRESENTATION_CONTEXT(2) 
PARAMETRIC_REPRESENTATION_CONTEXT() REPRESENTATION_CONTEXT('2D SPACE',''
  ) );
#5962 = ORIENTED_EDGE('',*,*,#1275,.T.);
#5963 = ORIENTED_EDGE('',*,*,#5864,.T.);
#5964 = ORIENTED_EDGE('',*,*,#5965,.T.);
#5965 = EDGE_CURVE('',#5865,#5941,#5966,.T.);
#5966 = SURFACE_CURVE('',#5967,(#5971,#5978),.PCURVE_S1.);
#5967 = LINE('',#5968,#5969);
#5968 = CARTESIAN_POINT('',(-113.6525181817,41.4,53.446890987196));
#5969 = VECTOR('',#5970,1.);
#5970 = DIRECTION('',(0.318338928053,0.,0.947976965378));
#5971 = PCURVE('',#1290,#5972);
#5972 = DEFINITIONAL_REPRESENTATION('',(#5973),#5977);
#5973 = LINE('',#5974,#5975);
#5974 = CARTESIAN_POINT('',(3.553109012804,9.347481818283));
#5975 = VECTOR('',#5976,1.);
#5976 = DIRECTION('',(-0.947976965378,0.318338928053));
#5977 = ( GEOMETRIC_REPRESENTATION_CONTEXT(2) 
PARAMETRIC_REPRESENTATION_CONTEXT() REPRESENTATION_CONTEXT('2D SPACE',''
  ) );
#5978 = PCURVE('',#5925,#5979);
#5979 = DEFINITIONAL_REPRESENTATION('',(#5980),#5984);
#5980 = LINE('',#5981,#5982);
#5981 = CARTESIAN_POINT('',(0.,0.));
#5982 = VECTOR('',#5983,1.);
#5983 = DIRECTION('',(1.,0.));
#5984 = ( GEOMETRIC_REPRESENTATION_CONTEXT(2) 
PARAMETRIC_REPRESENTATION_CONTEXT() REPRESENTATION_CONTEXT('2D SPACE',''
  ) );
#5985 = ADVANCED_FACE('',(#5986),#1264,.F.);
#5986 = FACE_BOUND('',#5987,.F.);
#5987 = EDGE_LOOP('',(#5988,#5989,#6012,#6033));
#5988 = ORIENTED_EDGE('',*,*,#5940,.F.);
#5989 = ORIENTED_EDGE('',*,*,#5990,.T.);
#5990 = EDGE_CURVE('',#5941,#5991,#5993,.T.);
#5991 = VERTEX_POINT('',#5992);
#5992 = CARTESIAN_POINT('',(-113.4025596284,36.2,54.191239007287));
#5993 = SURFACE_CURVE('',#5994,(#5998,#6005),.PCURVE_S1.);
#5994 = LINE('',#5995,#5996);
#5995 = CARTESIAN_POINT('',(-113.4025596284,41.4,54.191239007287));
#5996 = VECTOR('',#5997,1.);
#5997 = DIRECTION('',(0.,-1.,0.));
#5998 = PCURVE('',#1264,#5999);
#5999 = DEFINITIONAL_REPRESENTATION('',(#6000),#6004);
#6000 = LINE('',#6001,#6002);
#6001 = CARTESIAN_POINT('',(0.,0.));
#6002 = VECTOR('',#6003,1.);
#6003 = DIRECTION('',(0.,-1.));
#6004 = ( GEOMETRIC_REPRESENTATION_CONTEXT(2) 
PARAMETRIC_REPRESENTATION_CONTEXT() REPRESENTATION_CONTEXT('2D SPACE',''
  ) );
#6005 = PCURVE('',#5925,#6006);
#6006 = DEFINITIONAL_REPRESENTATION('',(#6007),#6011);
#6007 = LINE('',#6008,#6009);
#6008 = CARTESIAN_POINT('',(0.785196315181,0.));
#6009 = VECTOR('',#6010,1.);
#6010 = DIRECTION('',(0.,-1.));
#6011 = ( GEOMETRIC_REPRESENTATION_CONTEXT(2) 
PARAMETRIC_REPRESENTATION_CONTEXT() REPRESENTATION_CONTEXT('2D SPACE',''
  ) );
#6012 = ORIENTED_EDGE('',*,*,#6013,.T.);
#6013 = EDGE_CURVE('',#5991,#1217,#6014,.T.);
#6014 = SURFACE_CURVE('',#6015,(#6019,#6026),.PCURVE_S1.);
#6015 = LINE('',#6016,#6017);
#6016 = CARTESIAN_POINT('',(-113.4025596284,36.2,54.191239007287));
#6017 = VECTOR('',#6018,1.);
#6018 = DIRECTION('',(-0.792625311978,0.,0.609709041111));
#6019 = PCURVE('',#1264,#6020);
#6020 = DEFINITIONAL_REPRESENTATION('',(#6021),#6025);
#6021 = LINE('',#6022,#6023);
#6022 = CARTESIAN_POINT('',(0.,-5.2));
#6023 = VECTOR('',#6024,1.);
#6024 = DIRECTION('',(1.,0.));
#6025 = ( GEOMETRIC_REPRESENTATION_CONTEXT(2) 
PARAMETRIC_REPRESENTATION_CONTEXT() REPRESENTATION_CONTEXT('2D SPACE',''
  ) );
#6026 = PCURVE('',#1233,#6027);
#6027 = DEFINITIONAL_REPRESENTATION('',(#6028),#6032);
#6028 = LINE('',#6029,#6030);
#6029 = CARTESIAN_POINT('',(2.808760992713,9.597440371569));
#6030 = VECTOR('',#6031,1.);
#6031 = DIRECTION('',(-0.609709041111,-0.792625311978));
#6032 = ( GEOMETRIC_REPRESENTATION_CONTEXT(2) 
PARAMETRIC_REPRESENTATION_CONTEXT() REPRESENTATION_CONTEXT('2D SPACE',''
  ) );
#6033 = ORIENTED_EDGE('',*,*,#1249,.T.);
#6034 = ADVANCED_FACE('',(#6035),#1233,.T.);
#6035 = FACE_BOUND('',#6036,.T.);
#6036 = EDGE_LOOP('',(#6037,#6038,#6039,#6040));
#6037 = ORIENTED_EDGE('',*,*,#6013,.T.);
#6038 = ORIENTED_EDGE('',*,*,#1216,.T.);
#6039 = ORIENTED_EDGE('',*,*,#5888,.T.);
#6040 = ORIENTED_EDGE('',*,*,#6041,.T.);
#6041 = EDGE_CURVE('',#5889,#5991,#6042,.T.);
#6042 = SURFACE_CURVE('',#6043,(#6047,#6054),.PCURVE_S1.);
#6043 = LINE('',#6044,#6045);
#6044 = CARTESIAN_POINT('',(-113.6525181817,36.2,53.446890987196));
#6045 = VECTOR('',#6046,1.);
#6046 = DIRECTION('',(0.318338928053,0.,0.947976965378));
#6047 = PCURVE('',#1233,#6048);
#6048 = DEFINITIONAL_REPRESENTATION('',(#6049),#6053);
#6049 = LINE('',#6050,#6051);
#6050 = CARTESIAN_POINT('',(3.553109012804,9.347481818283));
#6051 = VECTOR('',#6052,1.);
#6052 = DIRECTION('',(-0.947976965378,0.318338928053));
#6053 = ( GEOMETRIC_REPRESENTATION_CONTEXT(2) 
PARAMETRIC_REPRESENTATION_CONTEXT() REPRESENTATION_CONTEXT('2D SPACE',''
  ) );
#6054 = PCURVE('',#5925,#6055);
#6055 = DEFINITIONAL_REPRESENTATION('',(#6056),#6060);
#6056 = LINE('',#6057,#6058);
#6057 = CARTESIAN_POINT('',(0.,-5.2));
#6058 = VECTOR('',#6059,1.);
#6059 = DIRECTION('',(1.,0.));
#6060 = ( GEOMETRIC_REPRESENTATION_CONTEXT(2) 
PARAMETRIC_REPRESENTATION_CONTEXT() REPRESENTATION_CONTEXT('2D SPACE',''
  ) );
#6061 = ADVANCED_FACE('',(#6062),#1325,.F.);
#6062 = FACE_BOUND('',#6063,.F.);
#6063 = EDGE_LOOP('',(#6064,#6087,#6088,#6111));
#6064 = ORIENTED_EDGE('',*,*,#6065,.F.);
#6065 = EDGE_CURVE('',#1311,#6066,#6068,.T.);
#6066 = VERTEX_POINT('',#6067);
#6067 = CARTESIAN_POINT('',(-114.5253046052,41.4,51.691559742605));
#6068 = SURFACE_CURVE('',#6069,(#6073,#6080),.PCURVE_S1.);
#6069 = LINE('',#6070,#6071);
#6070 = CARTESIAN_POINT('',(-115.2673326055,41.4,51.833196832918));
#6071 = VECTOR('',#6072,1.);
#6072 = DIRECTION('',(0.982265881025,0.,-0.187493303811));
#6073 = PCURVE('',#1325,#6074);
#6074 = DEFINITIONAL_REPRESENTATION('',(#6075),#6079);
#6075 = LINE('',#6076,#6077);
#6076 = CARTESIAN_POINT('',(0.,0.));
#6077 = VECTOR('',#6078,1.);
#6078 = DIRECTION('',(1.,0.));
#6079 = ( GEOMETRIC_REPRESENTATION_CONTEXT(2) 
PARAMETRIC_REPRESENTATION_CONTEXT() REPRESENTATION_CONTEXT('2D SPACE',''
  ) );
#6080 = PCURVE('',#1410,#6081);
#6081 = DEFINITIONAL_REPRESENTATION('',(#6082),#6086);
#6082 = LINE('',#6083,#6084);
#6083 = CARTESIAN_POINT('',(5.166803167082,7.732667394414));
#6084 = VECTOR('',#6085,1.);
#6085 = DIRECTION('',(0.187493303811,0.982265881025));
#6086 = ( GEOMETRIC_REPRESENTATION_CONTEXT(2) 
PARAMETRIC_REPRESENTATION_CONTEXT() REPRESENTATION_CONTEXT('2D SPACE',''
  ) );
#6087 = ORIENTED_EDGE('',*,*,#1308,.F.);
#6088 = ORIENTED_EDGE('',*,*,#6089,.T.);
#6089 = EDGE_CURVE('',#1309,#6090,#6092,.T.);
#6090 = VERTEX_POINT('',#6091);
#6091 = CARTESIAN_POINT('',(-114.5253046052,36.2,51.691559742605));
#6092 = SURFACE_CURVE('',#6093,(#6097,#6104),.PCURVE_S1.);
#6093 = LINE('',#6094,#6095);
#6094 = CARTESIAN_POINT('',(-115.2673326055,36.2,51.833196832918));
#6095 = VECTOR('',#6096,1.);
#6096 = DIRECTION('',(0.982265881025,0.,-0.187493303811));
#6097 = PCURVE('',#1325,#6098);
#6098 = DEFINITIONAL_REPRESENTATION('',(#6099),#6103);
#6099 = LINE('',#6100,#6101);
#6100 = CARTESIAN_POINT('',(0.,-5.2));
#6101 = VECTOR('',#6102,1.);
#6102 = DIRECTION('',(1.,0.));
#6103 = ( GEOMETRIC_REPRESENTATION_CONTEXT(2) 
PARAMETRIC_REPRESENTATION_CONTEXT() REPRESENTATION_CONTEXT('2D SPACE',''
  ) );
#6104 = PCURVE('',#1353,#6105);
#6105 = DEFINITIONAL_REPRESENTATION('',(#6106),#6110);
#6106 = LINE('',#6107,#6108);
#6107 = CARTESIAN_POINT('',(5.166803167082,7.732667394414));
#6108 = VECTOR('',#6109,1.);
#6109 = DIRECTION('',(0.187493303811,0.982265881025));
#6110 = ( GEOMETRIC_REPRESENTATION_CONTEXT(2) 
PARAMETRIC_REPRESENTATION_CONTEXT() REPRESENTATION_CONTEXT('2D SPACE',''
  ) );
#6111 = ORIENTED_EDGE('',*,*,#6112,.F.);
#6112 = EDGE_CURVE('',#6066,#6090,#6113,.T.);
#6113 = SURFACE_CURVE('',#6114,(#6118,#6125),.PCURVE_S1.);
#6114 = LINE('',#6115,#6116);
#6115 = CARTESIAN_POINT('',(-114.5253046052,41.4,51.691559742605));
#6116 = VECTOR('',#6117,1.);
#6117 = DIRECTION('',(0.,-1.,0.));
#6118 = PCURVE('',#1325,#6119);
#6119 = DEFINITIONAL_REPRESENTATION('',(#6120),#6124);
#6120 = LINE('',#6121,#6122);
#6121 = CARTESIAN_POINT('',(0.755424793493,0.));
#6122 = VECTOR('',#6123,1.);
#6123 = DIRECTION('',(0.,-1.));
#6124 = ( GEOMETRIC_REPRESENTATION_CONTEXT(2) 
PARAMETRIC_REPRESENTATION_CONTEXT() REPRESENTATION_CONTEXT('2D SPACE',''
  ) );
#6125 = PCURVE('',#6126,#6131);
#6126 = PLANE('',#6127);
#6127 = AXIS2_PLACEMENT_3D('',#6128,#6129,#6130);
#6128 = CARTESIAN_POINT('',(-114.5253046052,41.4,51.691559742605));
#6129 = DIRECTION('',(-0.86765700982,0.,0.497163266253));
#6130 = DIRECTION('',(0.497163266253,0.,0.86765700982));
#6131 = DEFINITIONAL_REPRESENTATION('',(#6132),#6136);
#6132 = LINE('',#6133,#6134);
#6133 = CARTESIAN_POINT('',(0.,0.));
#6134 = VECTOR('',#6135,1.);
#6135 = DIRECTION('',(0.,-1.));
#6136 = ( GEOMETRIC_REPRESENTATION_CONTEXT(2) 
PARAMETRIC_REPRESENTATION_CONTEXT() REPRESENTATION_CONTEXT('2D SPACE',''
  ) );
#6137 = ADVANCED_FACE('',(#6138),#1410,.F.);
#6138 = FACE_BOUND('',#6139,.F.);
#6139 = EDGE_LOOP('',(#6140,#6163,#6164,#6165));
#6140 = ORIENTED_EDGE('',*,*,#6141,.T.);
#6141 = EDGE_CURVE('',#6142,#1370,#6144,.T.);
#6142 = VERTEX_POINT('',#6143);
#6143 = CARTESIAN_POINT('',(-114.1349338405,41.4,52.372840829557));
#6144 = SURFACE_CURVE('',#6145,(#6149,#6156),.PCURVE_S1.);
#6145 = LINE('',#6146,#6147);
#6146 = CARTESIAN_POINT('',(-114.1349338405,41.4,52.372840829557));
#6147 = VECTOR('',#6148,1.);
#6148 = DIRECTION('',(-0.658446905696,0.,0.752627180202));
#6149 = PCURVE('',#1410,#6150);
#6150 = DEFINITIONAL_REPRESENTATION('',(#6151),#6155);
#6151 = LINE('',#6152,#6153);
#6152 = CARTESIAN_POINT('',(4.627159170444,8.865066159447));
#6153 = VECTOR('',#6154,1.);
#6154 = DIRECTION('',(-0.752627180202,-0.658446905696));
#6155 = ( GEOMETRIC_REPRESENTATION_CONTEXT(2) 
PARAMETRIC_REPRESENTATION_CONTEXT() REPRESENTATION_CONTEXT('2D SPACE',''
  ) );
#6156 = PCURVE('',#1384,#6157);
#6157 = DEFINITIONAL_REPRESENTATION('',(#6158),#6162);
#6158 = LINE('',#6159,#6160);
#6159 = CARTESIAN_POINT('',(0.,0.));
#6160 = VECTOR('',#6161,1.);
#6161 = DIRECTION('',(1.,0.));
#6162 = ( GEOMETRIC_REPRESENTATION_CONTEXT(2) 
PARAMETRIC_REPRESENTATION_CONTEXT() REPRESENTATION_CONTEXT('2D SPACE',''
  ) );
#6163 = ORIENTED_EDGE('',*,*,#1395,.T.);
#6164 = ORIENTED_EDGE('',*,*,#6065,.T.);
#6165 = ORIENTED_EDGE('',*,*,#6166,.T.);
#6166 = EDGE_CURVE('',#6066,#6142,#6167,.T.);
#6167 = SURFACE_CURVE('',#6168,(#6172,#6179),.PCURVE_S1.);
#6168 = LINE('',#6169,#6170);
#6169 = CARTESIAN_POINT('',(-114.5253046052,41.4,51.691559742605));
#6170 = VECTOR('',#6171,1.);
#6171 = DIRECTION('',(0.497163266253,0.,0.86765700982));
#6172 = PCURVE('',#1410,#6173);
#6173 = DEFINITIONAL_REPRESENTATION('',(#6174),#6178);
#6174 = LINE('',#6175,#6176);
#6175 = CARTESIAN_POINT('',(5.308440257395,8.474695394742));
#6176 = VECTOR('',#6177,1.);
#6177 = DIRECTION('',(-0.86765700982,0.497163266253));
#6178 = ( GEOMETRIC_REPRESENTATION_CONTEXT(2) 
PARAMETRIC_REPRESENTATION_CONTEXT() REPRESENTATION_CONTEXT('2D SPACE',''
  ) );
#6179 = PCURVE('',#6126,#6180);
#6180 = DEFINITIONAL_REPRESENTATION('',(#6181),#6185);
#6181 = LINE('',#6182,#6183);
#6182 = CARTESIAN_POINT('',(0.,0.));
#6183 = VECTOR('',#6184,1.);
#6184 = DIRECTION('',(1.,0.));
#6185 = ( GEOMETRIC_REPRESENTATION_CONTEXT(2) 
PARAMETRIC_REPRESENTATION_CONTEXT() REPRESENTATION_CONTEXT('2D SPACE',''
  ) );
#6186 = ADVANCED_FACE('',(#6187),#1384,.F.);
#6187 = FACE_BOUND('',#6188,.F.);
#6188 = EDGE_LOOP('',(#6189,#6190,#6213,#6234));
#6189 = ORIENTED_EDGE('',*,*,#6141,.F.);
#6190 = ORIENTED_EDGE('',*,*,#6191,.T.);
#6191 = EDGE_CURVE('',#6142,#6192,#6194,.T.);
#6192 = VERTEX_POINT('',#6193);
#6193 = CARTESIAN_POINT('',(-114.1349338405,36.2,52.372840829557));
#6194 = SURFACE_CURVE('',#6195,(#6199,#6206),.PCURVE_S1.);
#6195 = LINE('',#6196,#6197);
#6196 = CARTESIAN_POINT('',(-114.1349338405,41.4,52.372840829557));
#6197 = VECTOR('',#6198,1.);
#6198 = DIRECTION('',(0.,-1.,0.));
#6199 = PCURVE('',#1384,#6200);
#6200 = DEFINITIONAL_REPRESENTATION('',(#6201),#6205);
#6201 = LINE('',#6202,#6203);
#6202 = CARTESIAN_POINT('',(0.,0.));
#6203 = VECTOR('',#6204,1.);
#6204 = DIRECTION('',(0.,-1.));
#6205 = ( GEOMETRIC_REPRESENTATION_CONTEXT(2) 
PARAMETRIC_REPRESENTATION_CONTEXT() REPRESENTATION_CONTEXT('2D SPACE',''
  ) );
#6206 = PCURVE('',#6126,#6207);
#6207 = DEFINITIONAL_REPRESENTATION('',(#6208),#6212);
#6208 = LINE('',#6209,#6210);
#6209 = CARTESIAN_POINT('',(0.785196315181,0.));
#6210 = VECTOR('',#6211,1.);
#6211 = DIRECTION('',(0.,-1.));
#6212 = ( GEOMETRIC_REPRESENTATION_CONTEXT(2) 
PARAMETRIC_REPRESENTATION_CONTEXT() REPRESENTATION_CONTEXT('2D SPACE',''
  ) );
#6213 = ORIENTED_EDGE('',*,*,#6214,.T.);
#6214 = EDGE_CURVE('',#6192,#1337,#6215,.T.);
#6215 = SURFACE_CURVE('',#6216,(#6220,#6227),.PCURVE_S1.);
#6216 = LINE('',#6217,#6218);
#6217 = CARTESIAN_POINT('',(-114.1349338405,36.2,52.372840829557));
#6218 = VECTOR('',#6219,1.);
#6219 = DIRECTION('',(-0.658446905696,0.,0.752627180202));
#6220 = PCURVE('',#1384,#6221);
#6221 = DEFINITIONAL_REPRESENTATION('',(#6222),#6226);
#6222 = LINE('',#6223,#6224);
#6223 = CARTESIAN_POINT('',(0.,-5.2));
#6224 = VECTOR('',#6225,1.);
#6225 = DIRECTION('',(1.,0.));
#6226 = ( GEOMETRIC_REPRESENTATION_CONTEXT(2) 
PARAMETRIC_REPRESENTATION_CONTEXT() REPRESENTATION_CONTEXT('2D SPACE',''
  ) );
#6227 = PCURVE('',#1353,#6228);
#6228 = DEFINITIONAL_REPRESENTATION('',(#6229),#6233);
#6229 = LINE('',#6230,#6231);
#6230 = CARTESIAN_POINT('',(4.627159170444,8.865066159447));
#6231 = VECTOR('',#6232,1.);
#6232 = DIRECTION('',(-0.752627180202,-0.658446905696));
#6233 = ( GEOMETRIC_REPRESENTATION_CONTEXT(2) 
PARAMETRIC_REPRESENTATION_CONTEXT() REPRESENTATION_CONTEXT('2D SPACE',''
  ) );
#6234 = ORIENTED_EDGE('',*,*,#1369,.T.);
#6235 = ADVANCED_FACE('',(#6236),#1353,.T.);
#6236 = FACE_BOUND('',#6237,.T.);
#6237 = EDGE_LOOP('',(#6238,#6239,#6240,#6241));
#6238 = ORIENTED_EDGE('',*,*,#6214,.T.);
#6239 = ORIENTED_EDGE('',*,*,#1336,.T.);
#6240 = ORIENTED_EDGE('',*,*,#6089,.T.);
#6241 = ORIENTED_EDGE('',*,*,#6242,.T.);
#6242 = EDGE_CURVE('',#6090,#6192,#6243,.T.);
#6243 = SURFACE_CURVE('',#6244,(#6248,#6255),.PCURVE_S1.);
#6244 = LINE('',#6245,#6246);
#6245 = CARTESIAN_POINT('',(-114.5253046052,36.2,51.691559742605));
#6246 = VECTOR('',#6247,1.);
#6247 = DIRECTION('',(0.497163266253,0.,0.86765700982));
#6248 = PCURVE('',#1353,#6249);
#6249 = DEFINITIONAL_REPRESENTATION('',(#6250),#6254);
#6250 = LINE('',#6251,#6252);
#6251 = CARTESIAN_POINT('',(5.308440257395,8.474695394742));
#6252 = VECTOR('',#6253,1.);
#6253 = DIRECTION('',(-0.86765700982,0.497163266253));
#6254 = ( GEOMETRIC_REPRESENTATION_CONTEXT(2) 
PARAMETRIC_REPRESENTATION_CONTEXT() REPRESENTATION_CONTEXT('2D SPACE',''
  ) );
#6255 = PCURVE('',#6126,#6256);
#6256 = DEFINITIONAL_REPRESENTATION('',(#6257),#6261);
#6257 = LINE('',#6258,#6259);
#6258 = CARTESIAN_POINT('',(0.,-5.2));
#6259 = VECTOR('',#6260,1.);
#6260 = DIRECTION('',(1.,0.));
#6261 = ( GEOMETRIC_REPRESENTATION_CONTEXT(2) 
PARAMETRIC_REPRESENTATION_CONTEXT() REPRESENTATION_CONTEXT('2D SPACE',''
  ) );
#6262 = ADVANCED_FACE('',(#6263),#1445,.F.);
#6263 = FACE_BOUND('',#6264,.F.);
#6264 = EDGE_LOOP('',(#6265,#6288,#6289,#6312));
#6265 = ORIENTED_EDGE('',*,*,#6266,.F.);
#6266 = EDGE_CURVE('',#1431,#6267,#6269,.T.);
#6267 = VERTEX_POINT('',#6268);
#6268 = CARTESIAN_POINT('',(-115.7237688201,41.4,50.140228880098));
#6269 = SURFACE_CURVE('',#6270,(#6274,#6281),.PCURVE_S1.);
#6270 = LINE('',#6271,#6272);
#6271 = CARTESIAN_POINT('',(-116.4239069349,41.4,50.423906934965));
#6272 = VECTOR('',#6273,1.);
#6273 = DIRECTION('',(0.926813788535,0.,-0.375521239587));
#6274 = PCURVE('',#1445,#6275);
#6275 = DEFINITIONAL_REPRESENTATION('',(#6276),#6280);
#6276 = LINE('',#6277,#6278);
#6277 = CARTESIAN_POINT('',(0.,0.));
#6278 = VECTOR('',#6279,1.);
#6279 = DIRECTION('',(1.,0.));
#6280 = ( GEOMETRIC_REPRESENTATION_CONTEXT(2) 
PARAMETRIC_REPRESENTATION_CONTEXT() REPRESENTATION_CONTEXT('2D SPACE',''
  ) );
#6281 = PCURVE('',#1530,#6282);
#6282 = DEFINITIONAL_REPRESENTATION('',(#6283),#6287);
#6283 = LINE('',#6284,#6285);
#6284 = CARTESIAN_POINT('',(6.576093065035,6.576093065035));
#6285 = VECTOR('',#6286,1.);
#6286 = DIRECTION('',(0.375521239587,0.926813788535));
#6287 = ( GEOMETRIC_REPRESENTATION_CONTEXT(2) 
PARAMETRIC_REPRESENTATION_CONTEXT() REPRESENTATION_CONTEXT('2D SPACE',''
  ) );
#6288 = ORIENTED_EDGE('',*,*,#1428,.F.);
#6289 = ORIENTED_EDGE('',*,*,#6290,.T.);
#6290 = EDGE_CURVE('',#1429,#6291,#6293,.T.);
#6291 = VERTEX_POINT('',#6292);
#6292 = CARTESIAN_POINT('',(-115.7237688201,36.2,50.140228880098));
#6293 = SURFACE_CURVE('',#6294,(#6298,#6305),.PCURVE_S1.);
#6294 = LINE('',#6295,#6296);
#6295 = CARTESIAN_POINT('',(-116.4239069349,36.2,50.423906934965));
#6296 = VECTOR('',#6297,1.);
#6297 = DIRECTION('',(0.926813788535,0.,-0.375521239587));
#6298 = PCURVE('',#1445,#6299);
#6299 = DEFINITIONAL_REPRESENTATION('',(#6300),#6304);
#6300 = LINE('',#6301,#6302);
#6301 = CARTESIAN_POINT('',(0.,-5.2));
#6302 = VECTOR('',#6303,1.);
#6303 = DIRECTION('',(1.,0.));
#6304 = ( GEOMETRIC_REPRESENTATION_CONTEXT(2) 
PARAMETRIC_REPRESENTATION_CONTEXT() REPRESENTATION_CONTEXT('2D SPACE',''
  ) );
#6305 = PCURVE('',#1473,#6306);
#6306 = DEFINITIONAL_REPRESENTATION('',(#6307),#6311);
#6307 = LINE('',#6308,#6309);
#6308 = CARTESIAN_POINT('',(6.576093065035,6.576093065035));
#6309 = VECTOR('',#6310,1.);
#6310 = DIRECTION('',(0.375521239587,0.926813788535));
#6311 = ( GEOMETRIC_REPRESENTATION_CONTEXT(2) 
PARAMETRIC_REPRESENTATION_CONTEXT() REPRESENTATION_CONTEXT('2D SPACE',''
  ) );
#6312 = ORIENTED_EDGE('',*,*,#6313,.F.);
#6313 = EDGE_CURVE('',#6267,#6291,#6314,.T.);
#6314 = SURFACE_CURVE('',#6315,(#6319,#6326),.PCURVE_S1.);
#6315 = LINE('',#6316,#6317);
#6316 = CARTESIAN_POINT('',(-115.7237688201,41.4,50.140228880098));
#6317 = VECTOR('',#6318,1.);
#6318 = DIRECTION('',(0.,-1.,0.));
#6319 = PCURVE('',#1445,#6320);
#6320 = DEFINITIONAL_REPRESENTATION('',(#6321),#6325);
#6321 = LINE('',#6322,#6323);
#6322 = CARTESIAN_POINT('',(0.755424793493,0.));
#6323 = VECTOR('',#6324,1.);
#6324 = DIRECTION('',(0.,-1.));
#6325 = ( GEOMETRIC_REPRESENTATION_CONTEXT(2) 
PARAMETRIC_REPRESENTATION_CONTEXT() REPRESENTATION_CONTEXT('2D SPACE',''
  ) );
#6326 = PCURVE('',#6327,#6332);
#6327 = PLANE('',#6328);
#6328 = AXIS2_PLACEMENT_3D('',#6329,#6330,#6331);
#6329 = CARTESIAN_POINT('',(-115.7237688201,41.4,50.140228880098));
#6330 = DIRECTION('',(-0.753993481962,0.,0.656881898943));
#6331 = DIRECTION('',(0.656881898943,0.,0.753993481962));
#6332 = DEFINITIONAL_REPRESENTATION('',(#6333),#6337);
#6333 = LINE('',#6334,#6335);
#6334 = CARTESIAN_POINT('',(0.,0.));
#6335 = VECTOR('',#6336,1.);
#6336 = DIRECTION('',(0.,-1.));
#6337 = ( GEOMETRIC_REPRESENTATION_CONTEXT(2) 
PARAMETRIC_REPRESENTATION_CONTEXT() REPRESENTATION_CONTEXT('2D SPACE',''
  ) );
#6338 = ADVANCED_FACE('',(#6339),#1530,.F.);
#6339 = FACE_BOUND('',#6340,.F.);
#6340 = EDGE_LOOP('',(#6341,#6364,#6365,#6366));
#6341 = ORIENTED_EDGE('',*,*,#6342,.T.);
#6342 = EDGE_CURVE('',#6343,#1490,#6345,.T.);
#6343 = VERTEX_POINT('',#6344);
#6344 = CARTESIAN_POINT('',(-115.2079875735,41.4,50.732261783805));
#6345 = SURFACE_CURVE('',#6346,(#6350,#6357),.PCURVE_S1.);
#6346 = LINE('',#6347,#6348);
#6347 = CARTESIAN_POINT('',(-115.2079875735,41.4,50.732261783805));
#6348 = VECTOR('',#6349,1.);
#6349 = DIRECTION('',(-0.49896475409,0.,0.866622278836));
#6350 = PCURVE('',#1530,#6351);
#6351 = DEFINITIONAL_REPRESENTATION('',(#6352),#6356);
#6352 = LINE('',#6353,#6354);
#6353 = CARTESIAN_POINT('',(6.267738216195,7.792012426405));
#6354 = VECTOR('',#6355,1.);
#6355 = DIRECTION('',(-0.866622278836,-0.49896475409));
#6356 = ( GEOMETRIC_REPRESENTATION_CONTEXT(2) 
PARAMETRIC_REPRESENTATION_CONTEXT() REPRESENTATION_CONTEXT('2D SPACE',''
  ) );
#6357 = PCURVE('',#1504,#6358);
#6358 = DEFINITIONAL_REPRESENTATION('',(#6359),#6363);
#6359 = LINE('',#6360,#6361);
#6360 = CARTESIAN_POINT('',(0.,0.));
#6361 = VECTOR('',#6362,1.);
#6362 = DIRECTION('',(1.,0.));
#6363 = ( GEOMETRIC_REPRESENTATION_CONTEXT(2) 
PARAMETRIC_REPRESENTATION_CONTEXT() REPRESENTATION_CONTEXT('2D SPACE',''
  ) );
#6364 = ORIENTED_EDGE('',*,*,#1515,.T.);
#6365 = ORIENTED_EDGE('',*,*,#6266,.T.);
#6366 = ORIENTED_EDGE('',*,*,#6367,.T.);
#6367 = EDGE_CURVE('',#6267,#6343,#6368,.T.);
#6368 = SURFACE_CURVE('',#6369,(#6373,#6380),.PCURVE_S1.);
#6369 = LINE('',#6370,#6371);
#6370 = CARTESIAN_POINT('',(-115.7237688201,41.4,50.140228880098));
#6371 = VECTOR('',#6372,1.);
#6372 = DIRECTION('',(0.656881898943,0.,0.753993481962));
#6373 = PCURVE('',#1530,#6374);
#6374 = DEFINITIONAL_REPRESENTATION('',(#6375),#6379);
#6375 = LINE('',#6376,#6377);
#6376 = CARTESIAN_POINT('',(6.859771119902,7.276231179846));
#6377 = VECTOR('',#6378,1.);
#6378 = DIRECTION('',(-0.753993481962,0.656881898943));
#6379 = ( GEOMETRIC_REPRESENTATION_CONTEXT(2) 
PARAMETRIC_REPRESENTATION_CONTEXT() REPRESENTATION_CONTEXT('2D SPACE',''
  ) );
#6380 = PCURVE('',#6327,#6381);
#6381 = DEFINITIONAL_REPRESENTATION('',(#6382),#6386);
#6382 = LINE('',#6383,#6384);
#6383 = CARTESIAN_POINT('',(0.,0.));
#6384 = VECTOR('',#6385,1.);
#6385 = DIRECTION('',(1.,0.));
#6386 = ( GEOMETRIC_REPRESENTATION_CONTEXT(2) 
PARAMETRIC_REPRESENTATION_CONTEXT() REPRESENTATION_CONTEXT('2D SPACE',''
  ) );
#6387 = ADVANCED_FACE('',(#6388),#1504,.F.);
#6388 = FACE_BOUND('',#6389,.F.);
#6389 = EDGE_LOOP('',(#6390,#6391,#6414,#6435));
#6390 = ORIENTED_EDGE('',*,*,#6342,.F.);
#6391 = ORIENTED_EDGE('',*,*,#6392,.T.);
#6392 = EDGE_CURVE('',#6343,#6393,#6395,.T.);
#6393 = VERTEX_POINT('',#6394);
#6394 = CARTESIAN_POINT('',(-115.2079875735,36.2,50.732261783805));
#6395 = SURFACE_CURVE('',#6396,(#6400,#6407),.PCURVE_S1.);
#6396 = LINE('',#6397,#6398);
#6397 = CARTESIAN_POINT('',(-115.2079875735,41.4,50.732261783805));
#6398 = VECTOR('',#6399,1.);
#6399 = DIRECTION('',(0.,-1.,0.));
#6400 = PCURVE('',#1504,#6401);
#6401 = DEFINITIONAL_REPRESENTATION('',(#6402),#6406);
#6402 = LINE('',#6403,#6404);
#6403 = CARTESIAN_POINT('',(0.,0.));
#6404 = VECTOR('',#6405,1.);
#6405 = DIRECTION('',(0.,-1.));
#6406 = ( GEOMETRIC_REPRESENTATION_CONTEXT(2) 
PARAMETRIC_REPRESENTATION_CONTEXT() REPRESENTATION_CONTEXT('2D SPACE',''
  ) );
#6407 = PCURVE('',#6327,#6408);
#6408 = DEFINITIONAL_REPRESENTATION('',(#6409),#6413);
#6409 = LINE('',#6410,#6411);
#6410 = CARTESIAN_POINT('',(0.785196315181,0.));
#6411 = VECTOR('',#6412,1.);
#6412 = DIRECTION('',(0.,-1.));
#6413 = ( GEOMETRIC_REPRESENTATION_CONTEXT(2) 
PARAMETRIC_REPRESENTATION_CONTEXT() REPRESENTATION_CONTEXT('2D SPACE',''
  ) );
#6414 = ORIENTED_EDGE('',*,*,#6415,.T.);
#6415 = EDGE_CURVE('',#6393,#1457,#6416,.T.);
#6416 = SURFACE_CURVE('',#6417,(#6421,#6428),.PCURVE_S1.);
#6417 = LINE('',#6418,#6419);
#6418 = CARTESIAN_POINT('',(-115.2079875735,36.2,50.732261783805));
#6419 = VECTOR('',#6420,1.);
#6420 = DIRECTION('',(-0.49896475409,0.,0.866622278836));
#6421 = PCURVE('',#1504,#6422);
#6422 = DEFINITIONAL_REPRESENTATION('',(#6423),#6427);
#6423 = LINE('',#6424,#6425);
#6424 = CARTESIAN_POINT('',(0.,-5.2));
#6425 = VECTOR('',#6426,1.);
#6426 = DIRECTION('',(1.,0.));
#6427 = ( GEOMETRIC_REPRESENTATION_CONTEXT(2) 
PARAMETRIC_REPRESENTATION_CONTEXT() REPRESENTATION_CONTEXT('2D SPACE',''
  ) );
#6428 = PCURVE('',#1473,#6429);
#6429 = DEFINITIONAL_REPRESENTATION('',(#6430),#6434);
#6430 = LINE('',#6431,#6432);
#6431 = CARTESIAN_POINT('',(6.267738216195,7.792012426405));
#6432 = VECTOR('',#6433,1.);
#6433 = DIRECTION('',(-0.866622278836,-0.49896475409));
#6434 = ( GEOMETRIC_REPRESENTATION_CONTEXT(2) 
PARAMETRIC_REPRESENTATION_CONTEXT() REPRESENTATION_CONTEXT('2D SPACE',''
  ) );
#6435 = ORIENTED_EDGE('',*,*,#1489,.T.);
#6436 = ADVANCED_FACE('',(#6437),#1473,.T.);
#6437 = FACE_BOUND('',#6438,.T.);
#6438 = EDGE_LOOP('',(#6439,#6440,#6441,#6442));
#6439 = ORIENTED_EDGE('',*,*,#6415,.T.);
#6440 = ORIENTED_EDGE('',*,*,#1456,.T.);
#6441 = ORIENTED_EDGE('',*,*,#6290,.T.);
#6442 = ORIENTED_EDGE('',*,*,#6443,.T.);
#6443 = EDGE_CURVE('',#6291,#6393,#6444,.T.);
#6444 = SURFACE_CURVE('',#6445,(#6449,#6456),.PCURVE_S1.);
#6445 = LINE('',#6446,#6447);
#6446 = CARTESIAN_POINT('',(-115.7237688201,36.2,50.140228880098));
#6447 = VECTOR('',#6448,1.);
#6448 = DIRECTION('',(0.656881898943,0.,0.753993481962));
#6449 = PCURVE('',#1473,#6450);
#6450 = DEFINITIONAL_REPRESENTATION('',(#6451),#6455);
#6451 = LINE('',#6452,#6453);
#6452 = CARTESIAN_POINT('',(6.859771119902,7.276231179846));
#6453 = VECTOR('',#6454,1.);
#6454 = DIRECTION('',(-0.753993481962,0.656881898943));
#6455 = ( GEOMETRIC_REPRESENTATION_CONTEXT(2) 
PARAMETRIC_REPRESENTATION_CONTEXT() REPRESENTATION_CONTEXT('2D SPACE',''
  ) );
#6456 = PCURVE('',#6327,#6457);
#6457 = DEFINITIONAL_REPRESENTATION('',(#6458),#6462);
#6458 = LINE('',#6459,#6460);
#6459 = CARTESIAN_POINT('',(0.,-5.2));
#6460 = VECTOR('',#6461,1.);
#6461 = DIRECTION('',(1.,0.));
#6462 = ( GEOMETRIC_REPRESENTATION_CONTEXT(2) 
PARAMETRIC_REPRESENTATION_CONTEXT() REPRESENTATION_CONTEXT('2D SPACE',''
  ) );
#6463 = ADVANCED_FACE('',(#6464),#1565,.F.);
#6464 = FACE_BOUND('',#6465,.F.);
#6465 = EDGE_LOOP('',(#6466,#6489,#6490,#6513));
#6466 = ORIENTED_EDGE('',*,*,#6467,.F.);
#6467 = EDGE_CURVE('',#1551,#6468,#6470,.T.);
#6468 = VERTEX_POINT('',#6469);
#6469 = CARTESIAN_POINT('',(-117.2018545187,41.4,48.852515174725));
#6470 = SURFACE_CURVE('',#6471,(#6475,#6482),.PCURVE_S1.);
#6471 = LINE('',#6472,#6473);
#6472 = CARTESIAN_POINT('',(-117.8331968329,41.4,49.267332605586));
#6473 = VECTOR('',#6474,1.);
#6474 = DIRECTION('',(0.835744761915,0.,-0.54911810472));
#6475 = PCURVE('',#1565,#6476);
#6476 = DEFINITIONAL_REPRESENTATION('',(#6477),#6481);
#6477 = LINE('',#6478,#6479);
#6478 = CARTESIAN_POINT('',(0.,0.));
#6479 = VECTOR('',#6480,1.);
#6480 = DIRECTION('',(1.,0.));
#6481 = ( GEOMETRIC_REPRESENTATION_CONTEXT(2) 
PARAMETRIC_REPRESENTATION_CONTEXT() REPRESENTATION_CONTEXT('2D SPACE',''
  ) );
#6482 = PCURVE('',#1650,#6483);
#6483 = DEFINITIONAL_REPRESENTATION('',(#6484),#6488);
#6484 = LINE('',#6485,#6486);
#6485 = CARTESIAN_POINT('',(7.732667394414,5.166803167082));
#6486 = VECTOR('',#6487,1.);
#6487 = DIRECTION('',(0.54911810472,0.835744761915));
#6488 = ( GEOMETRIC_REPRESENTATION_CONTEXT(2) 
PARAMETRIC_REPRESENTATION_CONTEXT() REPRESENTATION_CONTEXT('2D SPACE',''
  ) );
#6489 = ORIENTED_EDGE('',*,*,#1548,.F.);
#6490 = ORIENTED_EDGE('',*,*,#6491,.T.);
#6491 = EDGE_CURVE('',#1549,#6492,#6494,.T.);
#6492 = VERTEX_POINT('',#6493);
#6493 = CARTESIAN_POINT('',(-117.2018545187,36.2,48.852515174725));
#6494 = SURFACE_CURVE('',#6495,(#6499,#6506),.PCURVE_S1.);
#6495 = LINE('',#6496,#6497);
#6496 = CARTESIAN_POINT('',(-117.8331968329,36.2,49.267332605586));
#6497 = VECTOR('',#6498,1.);
#6498 = DIRECTION('',(0.835744761915,0.,-0.54911810472));
#6499 = PCURVE('',#1565,#6500);
#6500 = DEFINITIONAL_REPRESENTATION('',(#6501),#6505);
#6501 = LINE('',#6502,#6503);
#6502 = CARTESIAN_POINT('',(0.,-5.2));
#6503 = VECTOR('',#6504,1.);
#6504 = DIRECTION('',(1.,0.));
#6505 = ( GEOMETRIC_REPRESENTATION_CONTEXT(2) 
PARAMETRIC_REPRESENTATION_CONTEXT() REPRESENTATION_CONTEXT('2D SPACE',''
  ) );
#6506 = PCURVE('',#1593,#6507);
#6507 = DEFINITIONAL_REPRESENTATION('',(#6508),#6512);
#6508 = LINE('',#6509,#6510);
#6509 = CARTESIAN_POINT('',(7.732667394414,5.166803167082));
#6510 = VECTOR('',#6511,1.);
#6511 = DIRECTION('',(0.54911810472,0.835744761915));
#6512 = ( GEOMETRIC_REPRESENTATION_CONTEXT(2) 
PARAMETRIC_REPRESENTATION_CONTEXT() REPRESENTATION_CONTEXT('2D SPACE',''
  ) );
#6513 = ORIENTED_EDGE('',*,*,#6514,.F.);
#6514 = EDGE_CURVE('',#6468,#6492,#6515,.T.);
#6515 = SURFACE_CURVE('',#6516,(#6520,#6527),.PCURVE_S1.);
#6516 = LINE('',#6517,#6518);
#6517 = CARTESIAN_POINT('',(-117.2018545187,41.4,48.852515174725));
#6518 = VECTOR('',#6519,1.);
#6519 = DIRECTION('',(0.,-1.,0.));
#6520 = PCURVE('',#1565,#6521);
#6521 = DEFINITIONAL_REPRESENTATION('',(#6522),#6526);
#6522 = LINE('',#6523,#6524);
#6523 = CARTESIAN_POINT('',(0.755424793493,0.));
#6524 = VECTOR('',#6525,1.);
#6525 = DIRECTION('',(0.,-1.));
#6526 = ( GEOMETRIC_REPRESENTATION_CONTEXT(2) 
PARAMETRIC_REPRESENTATION_CONTEXT() REPRESENTATION_CONTEXT('2D SPACE',''
  ) );
#6527 = PCURVE('',#6528,#6533);
#6528 = PLANE('',#6529);
#6529 = AXIS2_PLACEMENT_3D('',#6530,#6531,#6532);
#6530 = CARTESIAN_POINT('',(-117.2018545187,41.4,48.852515174725));
#6531 = DIRECTION('',(-0.611354407437,0.,0.791356928641));
#6532 = DIRECTION('',(0.791356928641,0.,0.611354407437));
#6533 = DEFINITIONAL_REPRESENTATION('',(#6534),#6538);
#6534 = LINE('',#6535,#6536);
#6535 = CARTESIAN_POINT('',(0.,0.));
#6536 = VECTOR('',#6537,1.);
#6537 = DIRECTION('',(0.,-1.));
#6538 = ( GEOMETRIC_REPRESENTATION_CONTEXT(2) 
PARAMETRIC_REPRESENTATION_CONTEXT() REPRESENTATION_CONTEXT('2D SPACE',''
  ) );
#6539 = ADVANCED_FACE('',(#6540),#1650,.F.);
#6540 = FACE_BOUND('',#6541,.F.);
#6541 = EDGE_LOOP('',(#6542,#6565,#6566,#6567));
#6542 = ORIENTED_EDGE('',*,*,#6543,.T.);
#6543 = EDGE_CURVE('',#6544,#1610,#6546,.T.);
#6544 = VERTEX_POINT('',#6545);
#6545 = CARTESIAN_POINT('',(-116.5804839743,41.4,49.332548402714));
#6546 = SURFACE_CURVE('',#6547,(#6551,#6558),.PCURVE_S1.);
#6547 = LINE('',#6548,#6549);
#6548 = CARTESIAN_POINT('',(-116.5804839743,41.4,49.332548402714));
#6549 = VECTOR('',#6550,1.);
#6550 = DIRECTION('',(-0.320307666807,0.,0.947313569302));
#6551 = PCURVE('',#1650,#6552);
#6552 = DEFINITIONAL_REPRESENTATION('',(#6553),#6557);
#6553 = LINE('',#6554,#6555);
#6554 = CARTESIAN_POINT('',(7.667451597286,6.419516025627));
#6555 = VECTOR('',#6556,1.);
#6556 = DIRECTION('',(-0.947313569302,-0.320307666807));
#6557 = ( GEOMETRIC_REPRESENTATION_CONTEXT(2) 
PARAMETRIC_REPRESENTATION_CONTEXT() REPRESENTATION_CONTEXT('2D SPACE',''
  ) );
#6558 = PCURVE('',#1624,#6559);
#6559 = DEFINITIONAL_REPRESENTATION('',(#6560),#6564);
#6560 = LINE('',#6561,#6562);
#6561 = CARTESIAN_POINT('',(0.,0.));
#6562 = VECTOR('',#6563,1.);
#6563 = DIRECTION('',(1.,0.));
#6564 = ( GEOMETRIC_REPRESENTATION_CONTEXT(2) 
PARAMETRIC_REPRESENTATION_CONTEXT() REPRESENTATION_CONTEXT('2D SPACE',''
  ) );
#6565 = ORIENTED_EDGE('',*,*,#1635,.T.);
#6566 = ORIENTED_EDGE('',*,*,#6467,.T.);
#6567 = ORIENTED_EDGE('',*,*,#6568,.T.);
#6568 = EDGE_CURVE('',#6468,#6544,#6569,.T.);
#6569 = SURFACE_CURVE('',#6570,(#6574,#6581),.PCURVE_S1.);
#6570 = LINE('',#6571,#6572);
#6571 = CARTESIAN_POINT('',(-117.2018545187,41.4,48.852515174725));
#6572 = VECTOR('',#6573,1.);
#6573 = DIRECTION('',(0.791356928641,0.,0.611354407437));
#6574 = PCURVE('',#1650,#6575);
#6575 = DEFINITIONAL_REPRESENTATION('',(#6576),#6580);
#6576 = LINE('',#6577,#6578);
#6577 = CARTESIAN_POINT('',(8.147484825275,5.798145481265));
#6578 = VECTOR('',#6579,1.);
#6579 = DIRECTION('',(-0.611354407437,0.791356928641));
#6580 = ( GEOMETRIC_REPRESENTATION_CONTEXT(2) 
PARAMETRIC_REPRESENTATION_CONTEXT() REPRESENTATION_CONTEXT('2D SPACE',''
  ) );
#6581 = PCURVE('',#6528,#6582);
#6582 = DEFINITIONAL_REPRESENTATION('',(#6583),#6587);
#6583 = LINE('',#6584,#6585);
#6584 = CARTESIAN_POINT('',(0.,0.));
#6585 = VECTOR('',#6586,1.);
#6586 = DIRECTION('',(1.,0.));
#6587 = ( GEOMETRIC_REPRESENTATION_CONTEXT(2) 
PARAMETRIC_REPRESENTATION_CONTEXT() REPRESENTATION_CONTEXT('2D SPACE',''
  ) );
#6588 = ADVANCED_FACE('',(#6589),#1624,.F.);
#6589 = FACE_BOUND('',#6590,.F.);
#6590 = EDGE_LOOP('',(#6591,#6592,#6615,#6636));
#6591 = ORIENTED_EDGE('',*,*,#6543,.F.);
#6592 = ORIENTED_EDGE('',*,*,#6593,.T.);
#6593 = EDGE_CURVE('',#6544,#6594,#6596,.T.);
#6594 = VERTEX_POINT('',#6595);
#6595 = CARTESIAN_POINT('',(-116.5804839743,36.2,49.332548402714));
#6596 = SURFACE_CURVE('',#6597,(#6601,#6608),.PCURVE_S1.);
#6597 = LINE('',#6598,#6599);
#6598 = CARTESIAN_POINT('',(-116.5804839743,41.4,49.332548402714));
#6599 = VECTOR('',#6600,1.);
#6600 = DIRECTION('',(0.,-1.,0.));
#6601 = PCURVE('',#1624,#6602);
#6602 = DEFINITIONAL_REPRESENTATION('',(#6603),#6607);
#6603 = LINE('',#6604,#6605);
#6604 = CARTESIAN_POINT('',(0.,0.));
#6605 = VECTOR('',#6606,1.);
#6606 = DIRECTION('',(0.,-1.));
#6607 = ( GEOMETRIC_REPRESENTATION_CONTEXT(2) 
PARAMETRIC_REPRESENTATION_CONTEXT() REPRESENTATION_CONTEXT('2D SPACE',''
  ) );
#6608 = PCURVE('',#6528,#6609);
#6609 = DEFINITIONAL_REPRESENTATION('',(#6610),#6614);
#6610 = LINE('',#6611,#6612);
#6611 = CARTESIAN_POINT('',(0.785196315181,0.));
#6612 = VECTOR('',#6613,1.);
#6613 = DIRECTION('',(0.,-1.));
#6614 = ( GEOMETRIC_REPRESENTATION_CONTEXT(2) 
PARAMETRIC_REPRESENTATION_CONTEXT() REPRESENTATION_CONTEXT('2D SPACE',''
  ) );
#6615 = ORIENTED_EDGE('',*,*,#6616,.T.);
#6616 = EDGE_CURVE('',#6594,#1577,#6617,.T.);
#6617 = SURFACE_CURVE('',#6618,(#6622,#6629),.PCURVE_S1.);
#6618 = LINE('',#6619,#6620);
#6619 = CARTESIAN_POINT('',(-116.5804839743,36.2,49.332548402714));
#6620 = VECTOR('',#6621,1.);
#6621 = DIRECTION('',(-0.320307666807,0.,0.947313569302));
#6622 = PCURVE('',#1624,#6623);
#6623 = DEFINITIONAL_REPRESENTATION('',(#6624),#6628);
#6624 = LINE('',#6625,#6626);
#6625 = CARTESIAN_POINT('',(0.,-5.2));
#6626 = VECTOR('',#6627,1.);
#6627 = DIRECTION('',(1.,0.));
#6628 = ( GEOMETRIC_REPRESENTATION_CONTEXT(2) 
PARAMETRIC_REPRESENTATION_CONTEXT() REPRESENTATION_CONTEXT('2D SPACE',''
  ) );
#6629 = PCURVE('',#1593,#6630);
#6630 = DEFINITIONAL_REPRESENTATION('',(#6631),#6635);
#6631 = LINE('',#6632,#6633);
#6632 = CARTESIAN_POINT('',(7.667451597286,6.419516025627));
#6633 = VECTOR('',#6634,1.);
#6634 = DIRECTION('',(-0.947313569302,-0.320307666807));
#6635 = ( GEOMETRIC_REPRESENTATION_CONTEXT(2) 
PARAMETRIC_REPRESENTATION_CONTEXT() REPRESENTATION_CONTEXT('2D SPACE',''
  ) );
#6636 = ORIENTED_EDGE('',*,*,#1609,.T.);
#6637 = ADVANCED_FACE('',(#6638),#1593,.T.);
#6638 = FACE_BOUND('',#6639,.T.);
#6639 = EDGE_LOOP('',(#6640,#6641,#6642,#6643));
#6640 = ORIENTED_EDGE('',*,*,#6616,.T.);
#6641 = ORIENTED_EDGE('',*,*,#1576,.T.);
#6642 = ORIENTED_EDGE('',*,*,#6491,.T.);
#6643 = ORIENTED_EDGE('',*,*,#6644,.T.);
#6644 = EDGE_CURVE('',#6492,#6594,#6645,.T.);
#6645 = SURFACE_CURVE('',#6646,(#6650,#6657),.PCURVE_S1.);
#6646 = LINE('',#6647,#6648);
#6647 = CARTESIAN_POINT('',(-117.2018545187,36.2,48.852515174725));
#6648 = VECTOR('',#6649,1.);
#6649 = DIRECTION('',(0.791356928641,0.,0.611354407437));
#6650 = PCURVE('',#1593,#6651);
#6651 = DEFINITIONAL_REPRESENTATION('',(#6652),#6656);
#6652 = LINE('',#6653,#6654);
#6653 = CARTESIAN_POINT('',(8.147484825275,5.798145481265));
#6654 = VECTOR('',#6655,1.);
#6655 = DIRECTION('',(-0.611354407437,0.791356928641));
#6656 = ( GEOMETRIC_REPRESENTATION_CONTEXT(2) 
PARAMETRIC_REPRESENTATION_CONTEXT() REPRESENTATION_CONTEXT('2D SPACE',''
  ) );
#6657 = PCURVE('',#6528,#6658);
#6658 = DEFINITIONAL_REPRESENTATION('',(#6659),#6663);
#6659 = LINE('',#6660,#6661);
#6660 = CARTESIAN_POINT('',(0.,-5.2));
#6661 = VECTOR('',#6662,1.);
#6662 = DIRECTION('',(1.,0.));
#6663 = ( GEOMETRIC_REPRESENTATION_CONTEXT(2) 
PARAMETRIC_REPRESENTATION_CONTEXT() REPRESENTATION_CONTEXT('2D SPACE',''
  ) );
#6664 = ADVANCED_FACE('',(#6665),#1685,.F.);
#6665 = FACE_BOUND('',#6666,.F.);
#6666 = EDGE_LOOP('',(#6667,#6690,#6691,#6714));
#6667 = ORIENTED_EDGE('',*,*,#6668,.F.);
#6668 = EDGE_CURVE('',#1671,#6669,#6671,.T.);
#6669 = VERTEX_POINT('',#6670);
#6670 = CARTESIAN_POINT('',(-118.9027596965,41.4,47.877904742025));
#6671 = SURFACE_CURVE('',#6672,(#6676,#6683),.PCURVE_S1.);
#6672 = LINE('',#6673,#6674);
#6673 = CARTESIAN_POINT('',(-119.441044079,41.4,48.407920347645));
#6674 = VECTOR('',#6675,1.);
#6675 = DIRECTION('',(0.712558532786,0.,-0.701612669037));
#6676 = PCURVE('',#1685,#6677);
#6677 = DEFINITIONAL_REPRESENTATION('',(#6678),#6682);
#6678 = LINE('',#6679,#6680);
#6679 = CARTESIAN_POINT('',(0.,0.));
#6680 = VECTOR('',#6681,1.);
#6681 = DIRECTION('',(1.,0.));
#6682 = ( GEOMETRIC_REPRESENTATION_CONTEXT(2) 
PARAMETRIC_REPRESENTATION_CONTEXT() REPRESENTATION_CONTEXT('2D SPACE',''
  ) );
#6683 = PCURVE('',#1770,#6684);
#6684 = DEFINITIONAL_REPRESENTATION('',(#6685),#6689);
#6685 = LINE('',#6686,#6687);
#6686 = CARTESIAN_POINT('',(8.592079652355,3.558955920995));
#6687 = VECTOR('',#6688,1.);
#6688 = DIRECTION('',(0.701612669037,0.712558532786));
#6689 = ( GEOMETRIC_REPRESENTATION_CONTEXT(2) 
PARAMETRIC_REPRESENTATION_CONTEXT() REPRESENTATION_CONTEXT('2D SPACE',''
  ) );
#6690 = ORIENTED_EDGE('',*,*,#1668,.F.);
#6691 = ORIENTED_EDGE('',*,*,#6692,.T.);
#6692 = EDGE_CURVE('',#1669,#6693,#6695,.T.);
#6693 = VERTEX_POINT('',#6694);
#6694 = CARTESIAN_POINT('',(-118.9027596965,36.2,47.877904742025));
#6695 = SURFACE_CURVE('',#6696,(#6700,#6707),.PCURVE_S1.);
#6696 = LINE('',#6697,#6698);
#6697 = CARTESIAN_POINT('',(-119.441044079,36.2,48.407920347645));
#6698 = VECTOR('',#6699,1.);
#6699 = DIRECTION('',(0.712558532786,0.,-0.701612669037));
#6700 = PCURVE('',#1685,#6701);
#6701 = DEFINITIONAL_REPRESENTATION('',(#6702),#6706);
#6702 = LINE('',#6703,#6704);
#6703 = CARTESIAN_POINT('',(0.,-5.2));
#6704 = VECTOR('',#6705,1.);
#6705 = DIRECTION('',(1.,0.));
#6706 = ( GEOMETRIC_REPRESENTATION_CONTEXT(2) 
PARAMETRIC_REPRESENTATION_CONTEXT() REPRESENTATION_CONTEXT('2D SPACE',''
  ) );
#6707 = PCURVE('',#1713,#6708);
#6708 = DEFINITIONAL_REPRESENTATION('',(#6709),#6713);
#6709 = LINE('',#6710,#6711);
#6710 = CARTESIAN_POINT('',(8.592079652355,3.558955920995));
#6711 = VECTOR('',#6712,1.);
#6712 = DIRECTION('',(0.701612669037,0.712558532786));
#6713 = ( GEOMETRIC_REPRESENTATION_CONTEXT(2) 
PARAMETRIC_REPRESENTATION_CONTEXT() REPRESENTATION_CONTEXT('2D SPACE',''
  ) );
#6714 = ORIENTED_EDGE('',*,*,#6715,.F.);
#6715 = EDGE_CURVE('',#6669,#6693,#6716,.T.);
#6716 = SURFACE_CURVE('',#6717,(#6721,#6728),.PCURVE_S1.);
#6717 = LINE('',#6718,#6719);
#6718 = CARTESIAN_POINT('',(-118.9027596965,41.4,47.877904742025));
#6719 = VECTOR('',#6720,1.);
#6720 = DIRECTION('',(0.,-1.,0.));
#6721 = PCURVE('',#1685,#6722);
#6722 = DEFINITIONAL_REPRESENTATION('',(#6723),#6727);
#6723 = LINE('',#6724,#6725);
#6724 = CARTESIAN_POINT('',(0.755424793493,0.));
#6725 = VECTOR('',#6726,1.);
#6726 = DIRECTION('',(0.,-1.));
#6727 = ( GEOMETRIC_REPRESENTATION_CONTEXT(2) 
PARAMETRIC_REPRESENTATION_CONTEXT() REPRESENTATION_CONTEXT('2D SPACE',''
  ) );
#6728 = PCURVE('',#6729,#6734);
#6729 = PLANE('',#6730);
#6730 = AXIS2_PLACEMENT_3D('',#6731,#6732,#6733);
#6731 = CARTESIAN_POINT('',(-118.9027596965,41.4,47.877904742025));
#6732 = DIRECTION('',(-0.445221325885,0.,0.895420555369));
#6733 = DIRECTION('',(0.895420555369,0.,0.445221325885));
#6734 = DEFINITIONAL_REPRESENTATION('',(#6735),#6739);
#6735 = LINE('',#6736,#6737);
#6736 = CARTESIAN_POINT('',(0.,0.));
#6737 = VECTOR('',#6738,1.);
#6738 = DIRECTION('',(0.,-1.));
#6739 = ( GEOMETRIC_REPRESENTATION_CONTEXT(2) 
PARAMETRIC_REPRESENTATION_CONTEXT() REPRESENTATION_CONTEXT('2D SPACE',''
  ) );
#6740 = ADVANCED_FACE('',(#6741),#1770,.F.);
#6741 = FACE_BOUND('',#6742,.F.);
#6742 = EDGE_LOOP('',(#6743,#6766,#6767,#6768));
#6743 = ORIENTED_EDGE('',*,*,#6744,.T.);
#6744 = EDGE_CURVE('',#6745,#1730,#6747,.T.);
#6745 = VERTEX_POINT('',#6746);
#6746 = CARTESIAN_POINT('',(-118.1996787759,41.4,48.227490886551));
#6747 = SURFACE_CURVE('',#6748,(#6752,#6759),.PCURVE_S1.);
#6748 = LINE('',#6749,#6750);
#6749 = CARTESIAN_POINT('',(-118.1996787759,41.4,48.227490886551));
#6750 = VECTOR('',#6751,1.);
#6751 = DIRECTION('',(-0.129341335519,0.,0.99160013056));
#6752 = PCURVE('',#1770,#6753);
#6753 = DEFINITIONAL_REPRESENTATION('',(#6754),#6758);
#6754 = LINE('',#6755,#6756);
#6755 = CARTESIAN_POINT('',(8.772509113449,4.80032122409));
#6756 = VECTOR('',#6757,1.);
#6757 = DIRECTION('',(-0.99160013056,-0.129341335519));
#6758 = ( GEOMETRIC_REPRESENTATION_CONTEXT(2) 
PARAMETRIC_REPRESENTATION_CONTEXT() REPRESENTATION_CONTEXT('2D SPACE',''
  ) );
#6759 = PCURVE('',#1744,#6760);
#6760 = DEFINITIONAL_REPRESENTATION('',(#6761),#6765);
#6761 = LINE('',#6762,#6763);
#6762 = CARTESIAN_POINT('',(0.,0.));
#6763 = VECTOR('',#6764,1.);
#6764 = DIRECTION('',(1.,0.));
#6765 = ( GEOMETRIC_REPRESENTATION_CONTEXT(2) 
PARAMETRIC_REPRESENTATION_CONTEXT() REPRESENTATION_CONTEXT('2D SPACE',''
  ) );
#6766 = ORIENTED_EDGE('',*,*,#1755,.T.);
#6767 = ORIENTED_EDGE('',*,*,#6668,.T.);
#6768 = ORIENTED_EDGE('',*,*,#6769,.T.);
#6769 = EDGE_CURVE('',#6669,#6745,#6770,.T.);
#6770 = SURFACE_CURVE('',#6771,(#6775,#6782),.PCURVE_S1.);
#6771 = LINE('',#6772,#6773);
#6772 = CARTESIAN_POINT('',(-118.9027596965,41.4,47.877904742025));
#6773 = VECTOR('',#6774,1.);
#6774 = DIRECTION('',(0.895420555369,0.,0.445221325885));
#6775 = PCURVE('',#1770,#6776);
#6776 = DEFINITIONAL_REPRESENTATION('',(#6777),#6781);
#6777 = LINE('',#6778,#6779);
#6778 = CARTESIAN_POINT('',(9.122095257975,4.097240303477));
#6779 = VECTOR('',#6780,1.);
#6780 = DIRECTION('',(-0.445221325885,0.895420555369));
#6781 = ( GEOMETRIC_REPRESENTATION_CONTEXT(2) 
PARAMETRIC_REPRESENTATION_CONTEXT() REPRESENTATION_CONTEXT('2D SPACE',''
  ) );
#6782 = PCURVE('',#6729,#6783);
#6783 = DEFINITIONAL_REPRESENTATION('',(#6784),#6788);
#6784 = LINE('',#6785,#6786);
#6785 = CARTESIAN_POINT('',(0.,0.));
#6786 = VECTOR('',#6787,1.);
#6787 = DIRECTION('',(1.,0.));
#6788 = ( GEOMETRIC_REPRESENTATION_CONTEXT(2) 
PARAMETRIC_REPRESENTATION_CONTEXT() REPRESENTATION_CONTEXT('2D SPACE',''
  ) );
#6789 = ADVANCED_FACE('',(#6790),#1744,.F.);
#6790 = FACE_BOUND('',#6791,.F.);
#6791 = EDGE_LOOP('',(#6792,#6793,#6816,#6837));
#6792 = ORIENTED_EDGE('',*,*,#6744,.F.);
#6793 = ORIENTED_EDGE('',*,*,#6794,.T.);
#6794 = EDGE_CURVE('',#6745,#6795,#6797,.T.);
#6795 = VERTEX_POINT('',#6796);
#6796 = CARTESIAN_POINT('',(-118.1996787759,36.2,48.227490886551));
#6797 = SURFACE_CURVE('',#6798,(#6802,#6809),.PCURVE_S1.);
#6798 = LINE('',#6799,#6800);
#6799 = CARTESIAN_POINT('',(-118.1996787759,41.4,48.227490886551));
#6800 = VECTOR('',#6801,1.);
#6801 = DIRECTION('',(0.,-1.,0.));
#6802 = PCURVE('',#1744,#6803);
#6803 = DEFINITIONAL_REPRESENTATION('',(#6804),#6808);
#6804 = LINE('',#6805,#6806);
#6805 = CARTESIAN_POINT('',(0.,0.));
#6806 = VECTOR('',#6807,1.);
#6807 = DIRECTION('',(0.,-1.));
#6808 = ( GEOMETRIC_REPRESENTATION_CONTEXT(2) 
PARAMETRIC_REPRESENTATION_CONTEXT() REPRESENTATION_CONTEXT('2D SPACE',''
  ) );
#6809 = PCURVE('',#6729,#6810);
#6810 = DEFINITIONAL_REPRESENTATION('',(#6811),#6815);
#6811 = LINE('',#6812,#6813);
#6812 = CARTESIAN_POINT('',(0.785196315181,0.));
#6813 = VECTOR('',#6814,1.);
#6814 = DIRECTION('',(0.,-1.));
#6815 = ( GEOMETRIC_REPRESENTATION_CONTEXT(2) 
PARAMETRIC_REPRESENTATION_CONTEXT() REPRESENTATION_CONTEXT('2D SPACE',''
  ) );
#6816 = ORIENTED_EDGE('',*,*,#6817,.T.);
#6817 = EDGE_CURVE('',#6795,#1697,#6818,.T.);
#6818 = SURFACE_CURVE('',#6819,(#6823,#6830),.PCURVE_S1.);
#6819 = LINE('',#6820,#6821);
#6820 = CARTESIAN_POINT('',(-118.1996787759,36.2,48.227490886551));
#6821 = VECTOR('',#6822,1.);
#6822 = DIRECTION('',(-0.129341335519,0.,0.99160013056));
#6823 = PCURVE('',#1744,#6824);
#6824 = DEFINITIONAL_REPRESENTATION('',(#6825),#6829);
#6825 = LINE('',#6826,#6827);
#6826 = CARTESIAN_POINT('',(0.,-5.2));
#6827 = VECTOR('',#6828,1.);
#6828 = DIRECTION('',(1.,0.));
#6829 = ( GEOMETRIC_REPRESENTATION_CONTEXT(2) 
PARAMETRIC_REPRESENTATION_CONTEXT() REPRESENTATION_CONTEXT('2D SPACE',''
  ) );
#6830 = PCURVE('',#1713,#6831);
#6831 = DEFINITIONAL_REPRESENTATION('',(#6832),#6836);
#6832 = LINE('',#6833,#6834);
#6833 = CARTESIAN_POINT('',(8.772509113449,4.80032122409));
#6834 = VECTOR('',#6835,1.);
#6835 = DIRECTION('',(-0.99160013056,-0.129341335519));
#6836 = ( GEOMETRIC_REPRESENTATION_CONTEXT(2) 
PARAMETRIC_REPRESENTATION_CONTEXT() REPRESENTATION_CONTEXT('2D SPACE',''
  ) );
#6837 = ORIENTED_EDGE('',*,*,#1729,.T.);
#6838 = ADVANCED_FACE('',(#6839),#1713,.T.);
#6839 = FACE_BOUND('',#6840,.T.);
#6840 = EDGE_LOOP('',(#6841,#6842,#6843,#6844));
#6841 = ORIENTED_EDGE('',*,*,#6817,.T.);
#6842 = ORIENTED_EDGE('',*,*,#1696,.T.);
#6843 = ORIENTED_EDGE('',*,*,#6692,.T.);
#6844 = ORIENTED_EDGE('',*,*,#6845,.T.);
#6845 = EDGE_CURVE('',#6693,#6795,#6846,.T.);
#6846 = SURFACE_CURVE('',#6847,(#6851,#6858),.PCURVE_S1.);
#6847 = LINE('',#6848,#6849);
#6848 = CARTESIAN_POINT('',(-118.9027596965,36.2,47.877904742025));
#6849 = VECTOR('',#6850,1.);
#6850 = DIRECTION('',(0.895420555369,0.,0.445221325885));
#6851 = PCURVE('',#1713,#6852);
#6852 = DEFINITIONAL_REPRESENTATION('',(#6853),#6857);
#6853 = LINE('',#6854,#6855);
#6854 = CARTESIAN_POINT('',(9.122095257975,4.097240303477));
#6855 = VECTOR('',#6856,1.);
#6856 = DIRECTION('',(-0.445221325885,0.895420555369));
#6857 = ( GEOMETRIC_REPRESENTATION_CONTEXT(2) 
PARAMETRIC_REPRESENTATION_CONTEXT() REPRESENTATION_CONTEXT('2D SPACE',''
  ) );
#6858 = PCURVE('',#6729,#6859);
#6859 = DEFINITIONAL_REPRESENTATION('',(#6860),#6864);
#6860 = LINE('',#6861,#6862);
#6861 = CARTESIAN_POINT('',(0.,-5.2));
#6862 = VECTOR('',#6863,1.);
#6863 = DIRECTION('',(1.,0.));
#6864 = ( GEOMETRIC_REPRESENTATION_CONTEXT(2) 
PARAMETRIC_REPRESENTATION_CONTEXT() REPRESENTATION_CONTEXT('2D SPACE',''
  ) );
#6865 = ADVANCED_FACE('',(#6866),#1805,.F.);
#6866 = FACE_BOUND('',#6867,.F.);
#6867 = EDGE_LOOP('',(#6868,#6891,#6892,#6915));
#6868 = ORIENTED_EDGE('',*,*,#6869,.F.);
#6869 = EDGE_CURVE('',#1791,#6870,#6872,.T.);
#6870 = VERTEX_POINT('',#6871);
#6871 = CARTESIAN_POINT('',(-120.7611195214,41.4,47.25385131436));
#6872 = SURFACE_CURVE('',#6873,(#6877,#6884),.PCURVE_S1.);
#6873 = LINE('',#6874,#6875);
#6874 = CARTESIAN_POINT('',(-121.1856600052,41.4,47.87869689225));
#6875 = VECTOR('',#6876,1.);
#6876 = DIRECTION('',(0.561989078849,0.,-0.827144651953));
#6877 = PCURVE('',#1805,#6878);
#6878 = DEFINITIONAL_REPRESENTATION('',(#6879),#6883);
#6879 = LINE('',#6880,#6881);
#6880 = CARTESIAN_POINT('',(0.,0.));
#6881 = VECTOR('',#6882,1.);
#6882 = DIRECTION('',(1.,0.));
#6883 = ( GEOMETRIC_REPRESENTATION_CONTEXT(2) 
PARAMETRIC_REPRESENTATION_CONTEXT() REPRESENTATION_CONTEXT('2D SPACE',''
  ) );
#6884 = PCURVE('',#1890,#6885);
#6885 = DEFINITIONAL_REPRESENTATION('',(#6886),#6890);
#6886 = LINE('',#6887,#6888);
#6887 = CARTESIAN_POINT('',(9.12130310775,1.81433999475));
#6888 = VECTOR('',#6889,1.);
#6889 = DIRECTION('',(0.827144651953,0.561989078849));
#6890 = ( GEOMETRIC_REPRESENTATION_CONTEXT(2) 
PARAMETRIC_REPRESENTATION_CONTEXT() REPRESENTATION_CONTEXT('2D SPACE',''
  ) );
#6891 = ORIENTED_EDGE('',*,*,#1788,.F.);
#6892 = ORIENTED_EDGE('',*,*,#6893,.T.);
#6893 = EDGE_CURVE('',#1789,#6894,#6896,.T.);
#6894 = VERTEX_POINT('',#6895);
#6895 = CARTESIAN_POINT('',(-120.7611195214,36.2,47.25385131436));
#6896 = SURFACE_CURVE('',#6897,(#6901,#6908),.PCURVE_S1.);
#6897 = LINE('',#6898,#6899);
#6898 = CARTESIAN_POINT('',(-121.1856600052,36.2,47.87869689225));
#6899 = VECTOR('',#6900,1.);
#6900 = DIRECTION('',(0.561989078849,0.,-0.827144651953));
#6901 = PCURVE('',#1805,#6902);
#6902 = DEFINITIONAL_REPRESENTATION('',(#6903),#6907);
#6903 = LINE('',#6904,#6905);
#6904 = CARTESIAN_POINT('',(0.,-5.2));
#6905 = VECTOR('',#6906,1.);
#6906 = DIRECTION('',(1.,0.));
#6907 = ( GEOMETRIC_REPRESENTATION_CONTEXT(2) 
PARAMETRIC_REPRESENTATION_CONTEXT() REPRESENTATION_CONTEXT('2D SPACE',''
  ) );
#6908 = PCURVE('',#1833,#6909);
#6909 = DEFINITIONAL_REPRESENTATION('',(#6910),#6914);
#6910 = LINE('',#6911,#6912);
#6911 = CARTESIAN_POINT('',(9.12130310775,1.81433999475));
#6912 = VECTOR('',#6913,1.);
#6913 = DIRECTION('',(0.827144651953,0.561989078849));
#6914 = ( GEOMETRIC_REPRESENTATION_CONTEXT(2) 
PARAMETRIC_REPRESENTATION_CONTEXT() REPRESENTATION_CONTEXT('2D SPACE',''
  ) );
#6915 = ORIENTED_EDGE('',*,*,#6916,.F.);
#6916 = EDGE_CURVE('',#6870,#6894,#6917,.T.);
#6917 = SURFACE_CURVE('',#6918,(#6922,#6929),.PCURVE_S1.);
#6918 = LINE('',#6919,#6920);
#6919 = CARTESIAN_POINT('',(-120.7611195214,41.4,47.25385131436));
#6920 = VECTOR('',#6921,1.);
#6921 = DIRECTION('',(0.,-1.,0.));
#6922 = PCURVE('',#1805,#6923);
#6923 = DEFINITIONAL_REPRESENTATION('',(#6924),#6928);
#6924 = LINE('',#6925,#6926);
#6925 = CARTESIAN_POINT('',(0.755424793493,0.));
#6926 = VECTOR('',#6927,1.);
#6927 = DIRECTION('',(0.,-1.));
#6928 = ( GEOMETRIC_REPRESENTATION_CONTEXT(2) 
PARAMETRIC_REPRESENTATION_CONTEXT() REPRESENTATION_CONTEXT('2D SPACE',''
  ) );
#6929 = PCURVE('',#6930,#6935);
#6930 = PLANE('',#6931);
#6931 = AXIS2_PLACEMENT_3D('',#6932,#6933,#6934);
#6932 = CARTESIAN_POINT('',(-120.7611195214,41.4,47.25385131436));
#6933 = DIRECTION('',(-0.261978638463,0.,0.965073672312));
#6934 = DIRECTION('',(0.965073672312,0.,0.261978638463));
#6935 = DEFINITIONAL_REPRESENTATION('',(#6936),#6940);
#6936 = LINE('',#6937,#6938);
#6937 = CARTESIAN_POINT('',(0.,0.));
#6938 = VECTOR('',#6939,1.);
#6939 = DIRECTION('',(0.,-1.));
#6940 = ( GEOMETRIC_REPRESENTATION_CONTEXT(2) 
PARAMETRIC_REPRESENTATION_CONTEXT() REPRESENTATION_CONTEXT('2D SPACE',''
  ) );
#6941 = ADVANCED_FACE('',(#6942),#1890,.F.);
#6942 = FACE_BOUND('',#6943,.F.);
#6943 = EDGE_LOOP('',(#6944,#6967,#6968,#6969));
#6944 = ORIENTED_EDGE('',*,*,#6945,.T.);
#6945 = EDGE_CURVE('',#6946,#1850,#6948,.T.);
#6946 = VERTEX_POINT('',#6947);
#6947 = CARTESIAN_POINT('',(-120.00334723,41.4,47.459555975937));
#6948 = SURFACE_CURVE('',#6949,(#6953,#6960),.PCURVE_S1.);
#6949 = LINE('',#6950,#6951);
#6950 = CARTESIAN_POINT('',(-120.00334723,41.4,47.459555975937));
#6951 = VECTOR('',#6952,1.);
#6952 = DIRECTION('',(6.659551075701E-02,0.,0.997780054895));
#6953 = PCURVE('',#1890,#6954);
#6954 = DEFINITIONAL_REPRESENTATION('',(#6955),#6959);
#6955 = LINE('',#6956,#6957);
#6956 = CARTESIAN_POINT('',(9.540444024063,2.996652769963));
#6957 = VECTOR('',#6958,1.);
#6958 = DIRECTION('',(-0.997780054895,6.659551075701E-02));
#6959 = ( GEOMETRIC_REPRESENTATION_CONTEXT(2) 
PARAMETRIC_REPRESENTATION_CONTEXT() REPRESENTATION_CONTEXT('2D SPACE',''
  ) );
#6960 = PCURVE('',#1864,#6961);
#6961 = DEFINITIONAL_REPRESENTATION('',(#6962),#6966);
#6962 = LINE('',#6963,#6964);
#6963 = CARTESIAN_POINT('',(0.,0.));
#6964 = VECTOR('',#6965,1.);
#6965 = DIRECTION('',(1.,0.));
#6966 = ( GEOMETRIC_REPRESENTATION_CONTEXT(2) 
PARAMETRIC_REPRESENTATION_CONTEXT() REPRESENTATION_CONTEXT('2D SPACE',''
  ) );
#6967 = ORIENTED_EDGE('',*,*,#1875,.T.);
#6968 = ORIENTED_EDGE('',*,*,#6869,.T.);
#6969 = ORIENTED_EDGE('',*,*,#6970,.T.);
#6970 = EDGE_CURVE('',#6870,#6946,#6971,.T.);
#6971 = SURFACE_CURVE('',#6972,(#6976,#6983),.PCURVE_S1.);
#6972 = LINE('',#6973,#6974);
#6973 = CARTESIAN_POINT('',(-120.7611195214,41.4,47.25385131436));
#6974 = VECTOR('',#6975,1.);
#6975 = DIRECTION('',(0.965073672312,0.,0.261978638463));
#6976 = PCURVE('',#1890,#6977);
#6977 = DEFINITIONAL_REPRESENTATION('',(#6978),#6982);
#6978 = LINE('',#6979,#6980);
#6979 = CARTESIAN_POINT('',(9.746148685641,2.238880478585));
#6980 = VECTOR('',#6981,1.);
#6981 = DIRECTION('',(-0.261978638463,0.965073672312));
#6982 = ( GEOMETRIC_REPRESENTATION_CONTEXT(2) 
PARAMETRIC_REPRESENTATION_CONTEXT() REPRESENTATION_CONTEXT('2D SPACE',''
  ) );
#6983 = PCURVE('',#6930,#6984);
#6984 = DEFINITIONAL_REPRESENTATION('',(#6985),#6989);
#6985 = LINE('',#6986,#6987);
#6986 = CARTESIAN_POINT('',(0.,0.));
#6987 = VECTOR('',#6988,1.);
#6988 = DIRECTION('',(1.,0.));
#6989 = ( GEOMETRIC_REPRESENTATION_CONTEXT(2) 
PARAMETRIC_REPRESENTATION_CONTEXT() REPRESENTATION_CONTEXT('2D SPACE',''
  ) );
#6990 = ADVANCED_FACE('',(#6991),#1864,.F.);
#6991 = FACE_BOUND('',#6992,.F.);
#6992 = EDGE_LOOP('',(#6993,#6994,#7017,#7038));
#6993 = ORIENTED_EDGE('',*,*,#6945,.F.);
#6994 = ORIENTED_EDGE('',*,*,#6995,.T.);
#6995 = EDGE_CURVE('',#6946,#6996,#6998,.T.);
#6996 = VERTEX_POINT('',#6997);
#6997 = CARTESIAN_POINT('',(-120.00334723,36.2,47.459555975937));
#6998 = SURFACE_CURVE('',#6999,(#7003,#7010),.PCURVE_S1.);
#6999 = LINE('',#7000,#7001);
#7000 = CARTESIAN_POINT('',(-120.00334723,41.4,47.459555975937));
#7001 = VECTOR('',#7002,1.);
#7002 = DIRECTION('',(0.,-1.,0.));
#7003 = PCURVE('',#1864,#7004);
#7004 = DEFINITIONAL_REPRESENTATION('',(#7005),#7009);
#7005 = LINE('',#7006,#7007);
#7006 = CARTESIAN_POINT('',(0.,0.));
#7007 = VECTOR('',#7008,1.);
#7008 = DIRECTION('',(0.,-1.));
#7009 = ( GEOMETRIC_REPRESENTATION_CONTEXT(2) 
PARAMETRIC_REPRESENTATION_CONTEXT() REPRESENTATION_CONTEXT('2D SPACE',''
  ) );
#7010 = PCURVE('',#6930,#7011);
#7011 = DEFINITIONAL_REPRESENTATION('',(#7012),#7016);
#7012 = LINE('',#7013,#7014);
#7013 = CARTESIAN_POINT('',(0.785196315181,0.));
#7014 = VECTOR('',#7015,1.);
#7015 = DIRECTION('',(0.,-1.));
#7016 = ( GEOMETRIC_REPRESENTATION_CONTEXT(2) 
PARAMETRIC_REPRESENTATION_CONTEXT() REPRESENTATION_CONTEXT('2D SPACE',''
  ) );
#7017 = ORIENTED_EDGE('',*,*,#7018,.T.);
#7018 = EDGE_CURVE('',#6996,#1817,#7019,.T.);
#7019 = SURFACE_CURVE('',#7020,(#7024,#7031),.PCURVE_S1.);
#7020 = LINE('',#7021,#7022);
#7021 = CARTESIAN_POINT('',(-120.00334723,36.2,47.459555975937));
#7022 = VECTOR('',#7023,1.);
#7023 = DIRECTION('',(6.659551075701E-02,0.,0.997780054895));
#7024 = PCURVE('',#1864,#7025);
#7025 = DEFINITIONAL_REPRESENTATION('',(#7026),#7030);
#7026 = LINE('',#7027,#7028);
#7027 = CARTESIAN_POINT('',(0.,-5.2));
#7028 = VECTOR('',#7029,1.);
#7029 = DIRECTION('',(1.,0.));
#7030 = ( GEOMETRIC_REPRESENTATION_CONTEXT(2) 
PARAMETRIC_REPRESENTATION_CONTEXT() REPRESENTATION_CONTEXT('2D SPACE',''
  ) );
#7031 = PCURVE('',#1833,#7032);
#7032 = DEFINITIONAL_REPRESENTATION('',(#7033),#7037);
#7033 = LINE('',#7034,#7035);
#7034 = CARTESIAN_POINT('',(9.540444024063,2.996652769963));
#7035 = VECTOR('',#7036,1.);
#7036 = DIRECTION('',(-0.997780054895,6.659551075701E-02));
#7037 = ( GEOMETRIC_REPRESENTATION_CONTEXT(2) 
PARAMETRIC_REPRESENTATION_CONTEXT() REPRESENTATION_CONTEXT('2D SPACE',''
  ) );
#7038 = ORIENTED_EDGE('',*,*,#1849,.T.);
#7039 = ADVANCED_FACE('',(#7040),#1833,.T.);
#7040 = FACE_BOUND('',#7041,.T.);
#7041 = EDGE_LOOP('',(#7042,#7043,#7044,#7045));
#7042 = ORIENTED_EDGE('',*,*,#7018,.T.);
#7043 = ORIENTED_EDGE('',*,*,#1816,.T.);
#7044 = ORIENTED_EDGE('',*,*,#6893,.T.);
#7045 = ORIENTED_EDGE('',*,*,#7046,.T.);
#7046 = EDGE_CURVE('',#6894,#6996,#7047,.T.);
#7047 = SURFACE_CURVE('',#7048,(#7052,#7059),.PCURVE_S1.);
#7048 = LINE('',#7049,#7050);
#7049 = CARTESIAN_POINT('',(-120.7611195214,36.2,47.25385131436));
#7050 = VECTOR('',#7051,1.);
#7051 = DIRECTION('',(0.965073672312,0.,0.261978638463));
#7052 = PCURVE('',#1833,#7053);
#7053 = DEFINITIONAL_REPRESENTATION('',(#7054),#7058);
#7054 = LINE('',#7055,#7056);
#7055 = CARTESIAN_POINT('',(9.746148685641,2.238880478585));
#7056 = VECTOR('',#7057,1.);
#7057 = DIRECTION('',(-0.261978638463,0.965073672312));
#7058 = ( GEOMETRIC_REPRESENTATION_CONTEXT(2) 
PARAMETRIC_REPRESENTATION_CONTEXT() REPRESENTATION_CONTEXT('2D SPACE',''
  ) );
#7059 = PCURVE('',#6930,#7060);
#7060 = DEFINITIONAL_REPRESENTATION('',(#7061),#7065);
#7061 = LINE('',#7062,#7063);
#7062 = CARTESIAN_POINT('',(0.,-5.2));
#7063 = VECTOR('',#7064,1.);
#7064 = DIRECTION('',(1.,0.));
#7065 = ( GEOMETRIC_REPRESENTATION_CONTEXT(2) 
PARAMETRIC_REPRESENTATION_CONTEXT() REPRESENTATION_CONTEXT('2D SPACE',''
  ) );
#7066 = ADVANCED_FACE('',(#7067),#1925,.F.);
#7067 = FACE_BOUND('',#7068,.F.);
#7068 = EDGE_LOOP('',(#7069,#7092,#7093,#7116));
#7069 = ORIENTED_EDGE('',*,*,#7070,.F.);
#7070 = EDGE_CURVE('',#1911,#7071,#7073,.T.);
#7071 = VERTEX_POINT('',#7072);
#7072 = CARTESIAN_POINT('',(-122.7055182675,41.4,47.00433691498));
#7073 = SURFACE_CURVE('',#7074,(#7078,#7085),.PCURVE_S1.);
#7074 = LINE('',#7075,#7076);
#7075 = CARTESIAN_POINT('',(-123.,41.4,47.7));
#7076 = VECTOR('',#7077,1.);
#7077 = DIRECTION('',(0.389822699779,0.,-0.920889929762));
#7078 = PCURVE('',#1925,#7079);
#7079 = DEFINITIONAL_REPRESENTATION('',(#7080),#7084);
#7080 = LINE('',#7081,#7082);
#7081 = CARTESIAN_POINT('',(0.,0.));
#7082 = VECTOR('',#7083,1.);
#7083 = DIRECTION('',(1.,0.));
#7084 = ( GEOMETRIC_REPRESENTATION_CONTEXT(2) 
PARAMETRIC_REPRESENTATION_CONTEXT() REPRESENTATION_CONTEXT('2D SPACE',''
  ) );
#7085 = PCURVE('',#2010,#7086);
#7086 = DEFINITIONAL_REPRESENTATION('',(#7087),#7091);
#7087 = LINE('',#7088,#7089);
#7088 = CARTESIAN_POINT('',(9.3,-2.84217094304E-14));
#7089 = VECTOR('',#7090,1.);
#7090 = DIRECTION('',(0.920889929762,0.389822699779));
#7091 = ( GEOMETRIC_REPRESENTATION_CONTEXT(2) 
PARAMETRIC_REPRESENTATION_CONTEXT() REPRESENTATION_CONTEXT('2D SPACE',''
  ) );
#7092 = ORIENTED_EDGE('',*,*,#1908,.F.);
#7093 = ORIENTED_EDGE('',*,*,#7094,.T.);
#7094 = EDGE_CURVE('',#1909,#7095,#7097,.T.);
#7095 = VERTEX_POINT('',#7096);
#7096 = CARTESIAN_POINT('',(-122.7055182675,36.2,47.00433691498));
#7097 = SURFACE_CURVE('',#7098,(#7102,#7109),.PCURVE_S1.);
#7098 = LINE('',#7099,#7100);
#7099 = CARTESIAN_POINT('',(-123.,36.2,47.7));
#7100 = VECTOR('',#7101,1.);
#7101 = DIRECTION('',(0.389822699779,0.,-0.920889929762));
#7102 = PCURVE('',#1925,#7103);
#7103 = DEFINITIONAL_REPRESENTATION('',(#7104),#7108);
#7104 = LINE('',#7105,#7106);
#7105 = CARTESIAN_POINT('',(0.,-5.2));
#7106 = VECTOR('',#7107,1.);
#7107 = DIRECTION('',(1.,0.));
#7108 = ( GEOMETRIC_REPRESENTATION_CONTEXT(2) 
PARAMETRIC_REPRESENTATION_CONTEXT() REPRESENTATION_CONTEXT('2D SPACE',''
  ) );
#7109 = PCURVE('',#1953,#7110);
#7110 = DEFINITIONAL_REPRESENTATION('',(#7111),#7115);
#7111 = LINE('',#7112,#7113);
#7112 = CARTESIAN_POINT('',(9.3,-2.84217094304E-14));
#7113 = VECTOR('',#7114,1.);
#7114 = DIRECTION('',(0.920889929762,0.389822699779));
#7115 = ( GEOMETRIC_REPRESENTATION_CONTEXT(2) 
PARAMETRIC_REPRESENTATION_CONTEXT() REPRESENTATION_CONTEXT('2D SPACE',''
  ) );
#7116 = ORIENTED_EDGE('',*,*,#7117,.F.);
#7117 = EDGE_CURVE('',#7071,#7095,#7118,.T.);
#7118 = SURFACE_CURVE('',#7119,(#7123,#7130),.PCURVE_S1.);
#7119 = LINE('',#7120,#7121);
#7120 = CARTESIAN_POINT('',(-122.7055182675,41.4,47.00433691498));
#7121 = VECTOR('',#7122,1.);
#7122 = DIRECTION('',(0.,-1.,0.));
#7123 = PCURVE('',#1925,#7124);
#7124 = DEFINITIONAL_REPRESENTATION('',(#7125),#7129);
#7125 = LINE('',#7126,#7127);
#7126 = CARTESIAN_POINT('',(0.755424793493,0.));
#7127 = VECTOR('',#7128,1.);
#7128 = DIRECTION('',(0.,-1.));
#7129 = ( GEOMETRIC_REPRESENTATION_CONTEXT(2) 
PARAMETRIC_REPRESENTATION_CONTEXT() REPRESENTATION_CONTEXT('2D SPACE',''
  ) );
#7130 = PCURVE('',#7131,#7136);
#7131 = PLANE('',#7132);
#7132 = AXIS2_PLACEMENT_3D('',#7133,#7134,#7135);
#7133 = CARTESIAN_POINT('',(-122.7055182675,41.4,47.00433691498));
#7134 = DIRECTION('',(-6.866825888437E-02,0.,0.997639549247));
#7135 = DIRECTION('',(0.997639549247,0.,6.866825888437E-02));
#7136 = DEFINITIONAL_REPRESENTATION('',(#7137),#7141);
#7137 = LINE('',#7138,#7139);
#7138 = CARTESIAN_POINT('',(0.,0.));
#7139 = VECTOR('',#7140,1.);
#7140 = DIRECTION('',(0.,-1.));
#7141 = ( GEOMETRIC_REPRESENTATION_CONTEXT(2) 
PARAMETRIC_REPRESENTATION_CONTEXT() REPRESENTATION_CONTEXT('2D SPACE',''
  ) );
#7142 = ADVANCED_FACE('',(#7143),#2010,.F.);
#7143 = FACE_BOUND('',#7144,.F.);
#7144 = EDGE_LOOP('',(#7145,#7168,#7169,#7170));
#7145 = ORIENTED_EDGE('',*,*,#7146,.T.);
#7146 = EDGE_CURVE('',#7147,#1970,#7149,.T.);
#7147 = VERTEX_POINT('',#7148);
#7148 = CARTESIAN_POINT('',(-121.9221753695,41.4,47.058254978826));
#7149 = SURFACE_CURVE('',#7150,(#7154,#7161),.PCURVE_S1.);
#7150 = LINE('',#7151,#7152);
#7151 = CARTESIAN_POINT('',(-121.9221753695,41.4,47.058254978826));
#7152 = VECTOR('',#7153,1.);
#7153 = DIRECTION('',(0.259973128902,0.,0.965615851283));
#7154 = PCURVE('',#2010,#7155);
#7155 = DEFINITIONAL_REPRESENTATION('',(#7156),#7160);
#7156 = LINE('',#7157,#7158);
#7157 = CARTESIAN_POINT('',(9.941745021174,1.077824630428));
#7158 = VECTOR('',#7159,1.);
#7159 = DIRECTION('',(-0.965615851283,0.259973128902));
#7160 = ( GEOMETRIC_REPRESENTATION_CONTEXT(2) 
PARAMETRIC_REPRESENTATION_CONTEXT() REPRESENTATION_CONTEXT('2D SPACE',''
  ) );
#7161 = PCURVE('',#1984,#7162);
#7162 = DEFINITIONAL_REPRESENTATION('',(#7163),#7167);
#7163 = LINE('',#7164,#7165);
#7164 = CARTESIAN_POINT('',(0.,0.));
#7165 = VECTOR('',#7166,1.);
#7166 = DIRECTION('',(1.,0.));
#7167 = ( GEOMETRIC_REPRESENTATION_CONTEXT(2) 
PARAMETRIC_REPRESENTATION_CONTEXT() REPRESENTATION_CONTEXT('2D SPACE',''
  ) );
#7168 = ORIENTED_EDGE('',*,*,#1995,.T.);
#7169 = ORIENTED_EDGE('',*,*,#7070,.T.);
#7170 = ORIENTED_EDGE('',*,*,#7171,.T.);
#7171 = EDGE_CURVE('',#7071,#7147,#7172,.T.);
#7172 = SURFACE_CURVE('',#7173,(#7177,#7184),.PCURVE_S1.);
#7173 = LINE('',#7174,#7175);
#7174 = CARTESIAN_POINT('',(-122.7055182675,41.4,47.00433691498));
#7175 = VECTOR('',#7176,1.);
#7176 = DIRECTION('',(0.997639549247,0.,6.866825888437E-02));
#7177 = PCURVE('',#2010,#7178);
#7178 = DEFINITIONAL_REPRESENTATION('',(#7179),#7183);
#7179 = LINE('',#7180,#7181);
#7180 = CARTESIAN_POINT('',(9.99566308502,0.29448173248));
#7181 = VECTOR('',#7182,1.);
#7182 = DIRECTION('',(-6.866825888437E-02,0.997639549247));
#7183 = ( GEOMETRIC_REPRESENTATION_CONTEXT(2) 
PARAMETRIC_REPRESENTATION_CONTEXT() REPRESENTATION_CONTEXT('2D SPACE',''
  ) );
#7184 = PCURVE('',#7131,#7185);
#7185 = DEFINITIONAL_REPRESENTATION('',(#7186),#7190);
#7186 = LINE('',#7187,#7188);
#7187 = CARTESIAN_POINT('',(0.,0.));
#7188 = VECTOR('',#7189,1.);
#7189 = DIRECTION('',(1.,0.));
#7190 = ( GEOMETRIC_REPRESENTATION_CONTEXT(2) 
PARAMETRIC_REPRESENTATION_CONTEXT() REPRESENTATION_CONTEXT('2D SPACE',''
  ) );
#7191 = ADVANCED_FACE('',(#7192),#1984,.F.);
#7192 = FACE_BOUND('',#7193,.F.);
#7193 = EDGE_LOOP('',(#7194,#7195,#7218,#7239));
#7194 = ORIENTED_EDGE('',*,*,#7146,.F.);
#7195 = ORIENTED_EDGE('',*,*,#7196,.T.);
#7196 = EDGE_CURVE('',#7147,#7197,#7199,.T.);
#7197 = VERTEX_POINT('',#7198);
#7198 = CARTESIAN_POINT('',(-121.9221753695,36.2,47.058254978826));
#7199 = SURFACE_CURVE('',#7200,(#7204,#7211),.PCURVE_S1.);
#7200 = LINE('',#7201,#7202);
#7201 = CARTESIAN_POINT('',(-121.9221753695,41.4,47.058254978826));
#7202 = VECTOR('',#7203,1.);
#7203 = DIRECTION('',(0.,-1.,0.));
#7204 = PCURVE('',#1984,#7205);
#7205 = DEFINITIONAL_REPRESENTATION('',(#7206),#7210);
#7206 = LINE('',#7207,#7208);
#7207 = CARTESIAN_POINT('',(0.,0.));
#7208 = VECTOR('',#7209,1.);
#7209 = DIRECTION('',(0.,-1.));
#7210 = ( GEOMETRIC_REPRESENTATION_CONTEXT(2) 
PARAMETRIC_REPRESENTATION_CONTEXT() REPRESENTATION_CONTEXT('2D SPACE',''
  ) );
#7211 = PCURVE('',#7131,#7212);
#7212 = DEFINITIONAL_REPRESENTATION('',(#7213),#7217);
#7213 = LINE('',#7214,#7215);
#7214 = CARTESIAN_POINT('',(0.785196315181,0.));
#7215 = VECTOR('',#7216,1.);
#7216 = DIRECTION('',(0.,-1.));
#7217 = ( GEOMETRIC_REPRESENTATION_CONTEXT(2) 
PARAMETRIC_REPRESENTATION_CONTEXT() REPRESENTATION_CONTEXT('2D SPACE',''
  ) );
#7218 = ORIENTED_EDGE('',*,*,#7219,.T.);
#7219 = EDGE_CURVE('',#7197,#1937,#7220,.T.);
#7220 = SURFACE_CURVE('',#7221,(#7225,#7232),.PCURVE_S1.);
#7221 = LINE('',#7222,#7223);
#7222 = CARTESIAN_POINT('',(-121.9221753695,36.2,47.058254978826));
#7223 = VECTOR('',#7224,1.);
#7224 = DIRECTION('',(0.259973128902,0.,0.965615851283));
#7225 = PCURVE('',#1984,#7226);
#7226 = DEFINITIONAL_REPRESENTATION('',(#7227),#7231);
#7227 = LINE('',#7228,#7229);
#7228 = CARTESIAN_POINT('',(0.,-5.2));
#7229 = VECTOR('',#7230,1.);
#7230 = DIRECTION('',(1.,0.));
#7231 = ( GEOMETRIC_REPRESENTATION_CONTEXT(2) 
PARAMETRIC_REPRESENTATION_CONTEXT() REPRESENTATION_CONTEXT('2D SPACE',''
  ) );
#7232 = PCURVE('',#1953,#7233);
#7233 = DEFINITIONAL_REPRESENTATION('',(#7234),#7238);
#7234 = LINE('',#7235,#7236);
#7235 = CARTESIAN_POINT('',(9.941745021174,1.077824630428));
#7236 = VECTOR('',#7237,1.);
#7237 = DIRECTION('',(-0.965615851283,0.259973128902));
#7238 = ( GEOMETRIC_REPRESENTATION_CONTEXT(2) 
PARAMETRIC_REPRESENTATION_CONTEXT() REPRESENTATION_CONTEXT('2D SPACE',''
  ) );
#7239 = ORIENTED_EDGE('',*,*,#1969,.T.);
#7240 = ADVANCED_FACE('',(#7241),#1953,.T.);
#7241 = FACE_BOUND('',#7242,.T.);
#7242 = EDGE_LOOP('',(#7243,#7244,#7245,#7246));
#7243 = ORIENTED_EDGE('',*,*,#7219,.T.);
#7244 = ORIENTED_EDGE('',*,*,#1936,.T.);
#7245 = ORIENTED_EDGE('',*,*,#7094,.T.);
#7246 = ORIENTED_EDGE('',*,*,#7247,.T.);
#7247 = EDGE_CURVE('',#7095,#7197,#7248,.T.);
#7248 = SURFACE_CURVE('',#7249,(#7253,#7260),.PCURVE_S1.);
#7249 = LINE('',#7250,#7251);
#7250 = CARTESIAN_POINT('',(-122.7055182675,36.2,47.00433691498));
#7251 = VECTOR('',#7252,1.);
#7252 = DIRECTION('',(0.997639549247,0.,6.866825888437E-02));
#7253 = PCURVE('',#1953,#7254);
#7254 = DEFINITIONAL_REPRESENTATION('',(#7255),#7259);
#7255 = LINE('',#7256,#7257);
#7256 = CARTESIAN_POINT('',(9.99566308502,0.29448173248));
#7257 = VECTOR('',#7258,1.);
#7258 = DIRECTION('',(-6.866825888437E-02,0.997639549247));
#7259 = ( GEOMETRIC_REPRESENTATION_CONTEXT(2) 
PARAMETRIC_REPRESENTATION_CONTEXT() REPRESENTATION_CONTEXT('2D SPACE',''
  ) );
#7260 = PCURVE('',#7131,#7261);
#7261 = DEFINITIONAL_REPRESENTATION('',(#7262),#7266);
#7262 = LINE('',#7263,#7264);
#7263 = CARTESIAN_POINT('',(0.,-5.2));
#7264 = VECTOR('',#7265,1.);
#7265 = DIRECTION('',(1.,0.));
#7266 = ( GEOMETRIC_REPRESENTATION_CONTEXT(2) 
PARAMETRIC_REPRESENTATION_CONTEXT() REPRESENTATION_CONTEXT('2D SPACE',''
  ) );
#7267 = ADVANCED_FACE('',(#7268),#2045,.F.);
#7268 = FACE_BOUND('',#7269,.F.);
#7269 = EDGE_LOOP('',(#7270,#7293,#7294,#7317));
#7270 = ORIENTED_EDGE('',*,*,#7271,.F.);
#7271 = EDGE_CURVE('',#2031,#7272,#7274,.T.);
#7272 = VERTEX_POINT('',#7273);
#7273 = CARTESIAN_POINT('',(-124.6612337814,41.4,47.138950242325));
#7274 = SURFACE_CURVE('',#7275,(#7279,#7286),.PCURVE_S1.);
#7275 = LINE('',#7276,#7277);
#7276 = CARTESIAN_POINT('',(-124.8143399947,41.4,47.87869689225));
#7277 = VECTOR('',#7278,1.);
#7278 = DIRECTION('',(0.202675652972,0.,-0.979245924011));
#7279 = PCURVE('',#2045,#7280);
#7280 = DEFINITIONAL_REPRESENTATION('',(#7281),#7285);
#7281 = LINE('',#7282,#7283);
#7282 = CARTESIAN_POINT('',(0.,0.));
#7283 = VECTOR('',#7284,1.);
#7284 = DIRECTION('',(1.,0.));
#7285 = ( GEOMETRIC_REPRESENTATION_CONTEXT(2) 
PARAMETRIC_REPRESENTATION_CONTEXT() REPRESENTATION_CONTEXT('2D SPACE',''
  ) );
#7286 = PCURVE('',#2130,#7287);
#7287 = DEFINITIONAL_REPRESENTATION('',(#7288),#7292);
#7288 = LINE('',#7289,#7290);
#7289 = CARTESIAN_POINT('',(9.12130310775,-1.81433999475));
#7290 = VECTOR('',#7291,1.);
#7291 = DIRECTION('',(0.979245924011,0.202675652972));
#7292 = ( GEOMETRIC_REPRESENTATION_CONTEXT(2) 
PARAMETRIC_REPRESENTATION_CONTEXT() REPRESENTATION_CONTEXT('2D SPACE',''
  ) );
#7293 = ORIENTED_EDGE('',*,*,#2028,.F.);
#7294 = ORIENTED_EDGE('',*,*,#7295,.T.);
#7295 = EDGE_CURVE('',#2029,#7296,#7298,.T.);
#7296 = VERTEX_POINT('',#7297);
#7297 = CARTESIAN_POINT('',(-124.6612337814,36.2,47.138950242325));
#7298 = SURFACE_CURVE('',#7299,(#7303,#7310),.PCURVE_S1.);
#7299 = LINE('',#7300,#7301);
#7300 = CARTESIAN_POINT('',(-124.8143399947,36.2,47.87869689225));
#7301 = VECTOR('',#7302,1.);
#7302 = DIRECTION('',(0.202675652972,0.,-0.979245924011));
#7303 = PCURVE('',#2045,#7304);
#7304 = DEFINITIONAL_REPRESENTATION('',(#7305),#7309);
#7305 = LINE('',#7306,#7307);
#7306 = CARTESIAN_POINT('',(0.,-5.2));
#7307 = VECTOR('',#7308,1.);
#7308 = DIRECTION('',(1.,0.));
#7309 = ( GEOMETRIC_REPRESENTATION_CONTEXT(2) 
PARAMETRIC_REPRESENTATION_CONTEXT() REPRESENTATION_CONTEXT('2D SPACE',''
  ) );
#7310 = PCURVE('',#2073,#7311);
#7311 = DEFINITIONAL_REPRESENTATION('',(#7312),#7316);
#7312 = LINE('',#7313,#7314);
#7313 = CARTESIAN_POINT('',(9.12130310775,-1.81433999475));
#7314 = VECTOR('',#7315,1.);
#7315 = DIRECTION('',(0.979245924011,0.202675652972));
#7316 = ( GEOMETRIC_REPRESENTATION_CONTEXT(2) 
PARAMETRIC_REPRESENTATION_CONTEXT() REPRESENTATION_CONTEXT('2D SPACE',''
  ) );
#7317 = ORIENTED_EDGE('',*,*,#7318,.F.);
#7318 = EDGE_CURVE('',#7272,#7296,#7319,.T.);
#7319 = SURFACE_CURVE('',#7320,(#7324,#7331),.PCURVE_S1.);
#7320 = LINE('',#7321,#7322);
#7321 = CARTESIAN_POINT('',(-124.6612337814,41.4,47.138950242325));
#7322 = VECTOR('',#7323,1.);
#7323 = DIRECTION('',(0.,-1.,0.));
#7324 = PCURVE('',#2045,#7325);
#7325 = DEFINITIONAL_REPRESENTATION('',(#7326),#7330);
#7326 = LINE('',#7327,#7328);
#7327 = CARTESIAN_POINT('',(0.755424793493,0.));
#7328 = VECTOR('',#7329,1.);
#7329 = DIRECTION('',(0.,-1.));
#7330 = ( GEOMETRIC_REPRESENTATION_CONTEXT(2) 
PARAMETRIC_REPRESENTATION_CONTEXT() REPRESENTATION_CONTEXT('2D SPACE',''
  ) );
#7331 = PCURVE('',#7332,#7337);
#7332 = PLANE('',#7333);
#7333 = AXIS2_PLACEMENT_3D('',#7334,#7335,#7336);
#7334 = CARTESIAN_POINT('',(-124.6612337814,41.4,47.138950242325));
#7335 = DIRECTION('',(0.127281003374,0.,0.991866697788));
#7336 = DIRECTION('',(0.991866697788,0.,-0.127281003374));
#7337 = DEFINITIONAL_REPRESENTATION('',(#7338),#7342);
#7338 = LINE('',#7339,#7340);
#7339 = CARTESIAN_POINT('',(0.,0.));
#7340 = VECTOR('',#7341,1.);
#7341 = DIRECTION('',(0.,-1.));
#7342 = ( GEOMETRIC_REPRESENTATION_CONTEXT(2) 
PARAMETRIC_REPRESENTATION_CONTEXT() REPRESENTATION_CONTEXT('2D SPACE',''
  ) );
#7343 = ADVANCED_FACE('',(#7344),#2130,.F.);
#7344 = FACE_BOUND('',#7345,.F.);
#7345 = EDGE_LOOP('',(#7346,#7369,#7370,#7371));
#7346 = ORIENTED_EDGE('',*,*,#7347,.T.);
#7347 = EDGE_CURVE('',#7348,#2090,#7350,.T.);
#7348 = VERTEX_POINT('',#7349);
#7349 = CARTESIAN_POINT('',(-123.8824237052,41.4,47.039009667483));
#7350 = SURFACE_CURVE('',#7351,(#7355,#7362),.PCURVE_S1.);
#7351 = LINE('',#7352,#7353);
#7352 = CARTESIAN_POINT('',(-123.8824237052,41.4,47.039009667483));
#7353 = VECTOR('',#7354,1.);
#7354 = DIRECTION('',(0.443360125498,0.,0.896343572029));
#7355 = PCURVE('',#2130,#7356);
#7356 = DEFINITIONAL_REPRESENTATION('',(#7357),#7361);
#7357 = LINE('',#7358,#7359);
#7358 = CARTESIAN_POINT('',(9.960990332517,-0.882423705204));
#7359 = VECTOR('',#7360,1.);
#7360 = DIRECTION('',(-0.896343572029,0.443360125498));
#7361 = ( GEOMETRIC_REPRESENTATION_CONTEXT(2) 
PARAMETRIC_REPRESENTATION_CONTEXT() REPRESENTATION_CONTEXT('2D SPACE',''
  ) );
#7362 = PCURVE('',#2104,#7363);
#7363 = DEFINITIONAL_REPRESENTATION('',(#7364),#7368);
#7364 = LINE('',#7365,#7366);
#7365 = CARTESIAN_POINT('',(0.,0.));
#7366 = VECTOR('',#7367,1.);
#7367 = DIRECTION('',(1.,0.));
#7368 = ( GEOMETRIC_REPRESENTATION_CONTEXT(2) 
PARAMETRIC_REPRESENTATION_CONTEXT() REPRESENTATION_CONTEXT('2D SPACE',''
  ) );
#7369 = ORIENTED_EDGE('',*,*,#2115,.T.);
#7370 = ORIENTED_EDGE('',*,*,#7271,.T.);
#7371 = ORIENTED_EDGE('',*,*,#7372,.T.);
#7372 = EDGE_CURVE('',#7272,#7348,#7373,.T.);
#7373 = SURFACE_CURVE('',#7374,(#7378,#7385),.PCURVE_S1.);
#7374 = LINE('',#7375,#7376);
#7375 = CARTESIAN_POINT('',(-124.6612337814,41.4,47.138950242325));
#7376 = VECTOR('',#7377,1.);
#7377 = DIRECTION('',(0.991866697788,0.,-0.127281003374));
#7378 = PCURVE('',#2130,#7379);
#7379 = DEFINITIONAL_REPRESENTATION('',(#7380),#7384);
#7380 = LINE('',#7381,#7382);
#7381 = CARTESIAN_POINT('',(9.861049757675,-1.661233781458));
#7382 = VECTOR('',#7383,1.);
#7383 = DIRECTION('',(0.127281003374,0.991866697788));
#7384 = ( GEOMETRIC_REPRESENTATION_CONTEXT(2) 
PARAMETRIC_REPRESENTATION_CONTEXT() REPRESENTATION_CONTEXT('2D SPACE',''
  ) );
#7385 = PCURVE('',#7332,#7386);
#7386 = DEFINITIONAL_REPRESENTATION('',(#7387),#7391);
#7387 = LINE('',#7388,#7389);
#7388 = CARTESIAN_POINT('',(0.,0.));
#7389 = VECTOR('',#7390,1.);
#7390 = DIRECTION('',(1.,0.));
#7391 = ( GEOMETRIC_REPRESENTATION_CONTEXT(2) 
PARAMETRIC_REPRESENTATION_CONTEXT() REPRESENTATION_CONTEXT('2D SPACE',''
  ) );
#7392 = ADVANCED_FACE('',(#7393),#2104,.F.);
#7393 = FACE_BOUND('',#7394,.F.);
#7394 = EDGE_LOOP('',(#7395,#7396,#7419,#7440));
#7395 = ORIENTED_EDGE('',*,*,#7347,.F.);
#7396 = ORIENTED_EDGE('',*,*,#7397,.T.);
#7397 = EDGE_CURVE('',#7348,#7398,#7400,.T.);
#7398 = VERTEX_POINT('',#7399);
#7399 = CARTESIAN_POINT('',(-123.8824237052,36.2,47.039009667483));
#7400 = SURFACE_CURVE('',#7401,(#7405,#7412),.PCURVE_S1.);
#7401 = LINE('',#7402,#7403);
#7402 = CARTESIAN_POINT('',(-123.8824237052,41.4,47.039009667483));
#7403 = VECTOR('',#7404,1.);
#7404 = DIRECTION('',(0.,-1.,0.));
#7405 = PCURVE('',#2104,#7406);
#7406 = DEFINITIONAL_REPRESENTATION('',(#7407),#7411);
#7407 = LINE('',#7408,#7409);
#7408 = CARTESIAN_POINT('',(0.,0.));
#7409 = VECTOR('',#7410,1.);
#7410 = DIRECTION('',(0.,-1.));
#7411 = ( GEOMETRIC_REPRESENTATION_CONTEXT(2) 
PARAMETRIC_REPRESENTATION_CONTEXT() REPRESENTATION_CONTEXT('2D SPACE',''
  ) );
#7412 = PCURVE('',#7332,#7413);
#7413 = DEFINITIONAL_REPRESENTATION('',(#7414),#7418);
#7414 = LINE('',#7415,#7416);
#7415 = CARTESIAN_POINT('',(0.785196315181,0.));
#7416 = VECTOR('',#7417,1.);
#7417 = DIRECTION('',(0.,-1.));
#7418 = ( GEOMETRIC_REPRESENTATION_CONTEXT(2) 
PARAMETRIC_REPRESENTATION_CONTEXT() REPRESENTATION_CONTEXT('2D SPACE',''
  ) );
#7419 = ORIENTED_EDGE('',*,*,#7420,.T.);
#7420 = EDGE_CURVE('',#7398,#2057,#7421,.T.);
#7421 = SURFACE_CURVE('',#7422,(#7426,#7433),.PCURVE_S1.);
#7422 = LINE('',#7423,#7424);
#7423 = CARTESIAN_POINT('',(-123.8824237052,36.2,47.039009667483));
#7424 = VECTOR('',#7425,1.);
#7425 = DIRECTION('',(0.443360125498,0.,0.896343572029));
#7426 = PCURVE('',#2104,#7427);
#7427 = DEFINITIONAL_REPRESENTATION('',(#7428),#7432);
#7428 = LINE('',#7429,#7430);
#7429 = CARTESIAN_POINT('',(0.,-5.2));
#7430 = VECTOR('',#7431,1.);
#7431 = DIRECTION('',(1.,0.));
#7432 = ( GEOMETRIC_REPRESENTATION_CONTEXT(2) 
PARAMETRIC_REPRESENTATION_CONTEXT() REPRESENTATION_CONTEXT('2D SPACE',''
  ) );
#7433 = PCURVE('',#2073,#7434);
#7434 = DEFINITIONAL_REPRESENTATION('',(#7435),#7439);
#7435 = LINE('',#7436,#7437);
#7436 = CARTESIAN_POINT('',(9.960990332517,-0.882423705204));
#7437 = VECTOR('',#7438,1.);
#7438 = DIRECTION('',(-0.896343572029,0.443360125498));
#7439 = ( GEOMETRIC_REPRESENTATION_CONTEXT(2) 
PARAMETRIC_REPRESENTATION_CONTEXT() REPRESENTATION_CONTEXT('2D SPACE',''
  ) );
#7440 = ORIENTED_EDGE('',*,*,#2089,.T.);
#7441 = ADVANCED_FACE('',(#7442),#2073,.T.);
#7442 = FACE_BOUND('',#7443,.T.);
#7443 = EDGE_LOOP('',(#7444,#7445,#7446,#7447));
#7444 = ORIENTED_EDGE('',*,*,#7420,.T.);
#7445 = ORIENTED_EDGE('',*,*,#2056,.T.);
#7446 = ORIENTED_EDGE('',*,*,#7295,.T.);
#7447 = ORIENTED_EDGE('',*,*,#7448,.T.);
#7448 = EDGE_CURVE('',#7296,#7398,#7449,.T.);
#7449 = SURFACE_CURVE('',#7450,(#7454,#7461),.PCURVE_S1.);
#7450 = LINE('',#7451,#7452);
#7451 = CARTESIAN_POINT('',(-124.6612337814,36.2,47.138950242325));
#7452 = VECTOR('',#7453,1.);
#7453 = DIRECTION('',(0.991866697788,0.,-0.127281003374));
#7454 = PCURVE('',#2073,#7455);
#7455 = DEFINITIONAL_REPRESENTATION('',(#7456),#7460);
#7456 = LINE('',#7457,#7458);
#7457 = CARTESIAN_POINT('',(9.861049757675,-1.661233781458));
#7458 = VECTOR('',#7459,1.);
#7459 = DIRECTION('',(0.127281003374,0.991866697788));
#7460 = ( GEOMETRIC_REPRESENTATION_CONTEXT(2) 
PARAMETRIC_REPRESENTATION_CONTEXT() REPRESENTATION_CONTEXT('2D SPACE',''
  ) );
#7461 = PCURVE('',#7332,#7462);
#7462 = DEFINITIONAL_REPRESENTATION('',(#7463),#7467);
#7463 = LINE('',#7464,#7465);
#7464 = CARTESIAN_POINT('',(0.,-5.2));
#7465 = VECTOR('',#7466,1.);
#7466 = DIRECTION('',(1.,0.));
#7467 = ( GEOMETRIC_REPRESENTATION_CONTEXT(2) 
PARAMETRIC_REPRESENTATION_CONTEXT() REPRESENTATION_CONTEXT('2D SPACE',''
  ) );
#7468 = ADVANCED_FACE('',(#7469),#2165,.F.);
#7469 = FACE_BOUND('',#7470,.F.);
#7470 = EDGE_LOOP('',(#7471,#7494,#7495,#7518));
#7471 = ORIENTED_EDGE('',*,*,#7472,.F.);
#7472 = EDGE_CURVE('',#2151,#7473,#7475,.T.);
#7473 = VERTEX_POINT('',#7474);
#7474 = CARTESIAN_POINT('',(-126.5531090128,41.4,47.652518181717));
#7475 = SURFACE_CURVE('',#7476,(#7480,#7487),.PCURVE_S1.);
#7476 = LINE('',#7477,#7478);
#7477 = CARTESIAN_POINT('',(-126.5589559209,41.4,48.407920347645));
#7478 = VECTOR('',#7479,1.);
#7479 = DIRECTION('',(7.739894482597E-03,0.,-0.999970046568));
#7480 = PCURVE('',#2165,#7481);
#7481 = DEFINITIONAL_REPRESENTATION('',(#7482),#7486);
#7482 = LINE('',#7483,#7484);
#7483 = CARTESIAN_POINT('',(0.,0.));
#7484 = VECTOR('',#7485,1.);
#7485 = DIRECTION('',(1.,0.));
#7486 = ( GEOMETRIC_REPRESENTATION_CONTEXT(2) 
PARAMETRIC_REPRESENTATION_CONTEXT() REPRESENTATION_CONTEXT('2D SPACE',''
  ) );
#7487 = PCURVE('',#2250,#7488);
#7488 = DEFINITIONAL_REPRESENTATION('',(#7489),#7493);
#7489 = LINE('',#7490,#7491);
#7490 = CARTESIAN_POINT('',(8.592079652355,-3.558955920995));
#7491 = VECTOR('',#7492,1.);
#7492 = DIRECTION('',(0.999970046568,7.739894482597E-03));
#7493 = ( GEOMETRIC_REPRESENTATION_CONTEXT(2) 
PARAMETRIC_REPRESENTATION_CONTEXT() REPRESENTATION_CONTEXT('2D SPACE',''
  ) );
#7494 = ORIENTED_EDGE('',*,*,#2148,.F.);
#7495 = ORIENTED_EDGE('',*,*,#7496,.T.);
#7496 = EDGE_CURVE('',#2149,#7497,#7499,.T.);
#7497 = VERTEX_POINT('',#7498);
#7498 = CARTESIAN_POINT('',(-126.5531090128,36.2,47.652518181717));
#7499 = SURFACE_CURVE('',#7500,(#7504,#7511),.PCURVE_S1.);
#7500 = LINE('',#7501,#7502);
#7501 = CARTESIAN_POINT('',(-126.5589559209,36.2,48.407920347645));
#7502 = VECTOR('',#7503,1.);
#7503 = DIRECTION('',(7.739894482597E-03,0.,-0.999970046568));
#7504 = PCURVE('',#2165,#7505);
#7505 = DEFINITIONAL_REPRESENTATION('',(#7506),#7510);
#7506 = LINE('',#7507,#7508);
#7507 = CARTESIAN_POINT('',(0.,-5.2));
#7508 = VECTOR('',#7509,1.);
#7509 = DIRECTION('',(1.,0.));
#7510 = ( GEOMETRIC_REPRESENTATION_CONTEXT(2) 
PARAMETRIC_REPRESENTATION_CONTEXT() REPRESENTATION_CONTEXT('2D SPACE',''
  ) );
#7511 = PCURVE('',#2193,#7512);
#7512 = DEFINITIONAL_REPRESENTATION('',(#7513),#7517);
#7513 = LINE('',#7514,#7515);
#7514 = CARTESIAN_POINT('',(8.592079652355,-3.558955920995));
#7515 = VECTOR('',#7516,1.);
#7516 = DIRECTION('',(0.999970046568,7.739894482597E-03));
#7517 = ( GEOMETRIC_REPRESENTATION_CONTEXT(2) 
PARAMETRIC_REPRESENTATION_CONTEXT() REPRESENTATION_CONTEXT('2D SPACE',''
  ) );
#7518 = ORIENTED_EDGE('',*,*,#7519,.F.);
#7519 = EDGE_CURVE('',#7473,#7497,#7520,.T.);
#7520 = SURFACE_CURVE('',#7521,(#7525,#7532),.PCURVE_S1.);
#7521 = LINE('',#7522,#7523);
#7522 = CARTESIAN_POINT('',(-126.5531090128,41.4,47.652518181717));
#7523 = VECTOR('',#7524,1.);
#7524 = DIRECTION('',(0.,-1.,0.));
#7525 = PCURVE('',#2165,#7526);
#7526 = DEFINITIONAL_REPRESENTATION('',(#7527),#7531);
#7527 = LINE('',#7528,#7529);
#7528 = CARTESIAN_POINT('',(0.755424793493,0.));
#7529 = VECTOR('',#7530,1.);
#7530 = DIRECTION('',(0.,-1.));
#7531 = ( GEOMETRIC_REPRESENTATION_CONTEXT(2) 
PARAMETRIC_REPRESENTATION_CONTEXT() REPRESENTATION_CONTEXT('2D SPACE',''
  ) );
#7532 = PCURVE('',#7533,#7538);
#7533 = PLANE('',#7534);
#7534 = AXIS2_PLACEMENT_3D('',#7535,#7536,#7537);
#7535 = CARTESIAN_POINT('',(-126.5531090128,41.4,47.652518181717));
#7536 = DIRECTION('',(0.318338928053,0.,0.947976965378));
#7537 = DIRECTION('',(0.947976965378,0.,-0.318338928053));
#7538 = DEFINITIONAL_REPRESENTATION('',(#7539),#7543);
#7539 = LINE('',#7540,#7541);
#7540 = CARTESIAN_POINT('',(0.,0.));
#7541 = VECTOR('',#7542,1.);
#7542 = DIRECTION('',(0.,-1.));
#7543 = ( GEOMETRIC_REPRESENTATION_CONTEXT(2) 
PARAMETRIC_REPRESENTATION_CONTEXT() REPRESENTATION_CONTEXT('2D SPACE',''
  ) );
#7544 = ADVANCED_FACE('',(#7545),#2250,.F.);
#7545 = FACE_BOUND('',#7546,.F.);
#7546 = EDGE_LOOP('',(#7547,#7570,#7571,#7572));
#7547 = ORIENTED_EDGE('',*,*,#7548,.T.);
#7548 = EDGE_CURVE('',#7549,#2210,#7551,.T.);
#7549 = VERTEX_POINT('',#7550);
#7550 = CARTESIAN_POINT('',(-125.8087609927,41.4,47.402559628431));
#7551 = SURFACE_CURVE('',#7552,(#7556,#7563),.PCURVE_S1.);
#7552 = LINE('',#7553,#7554);
#7553 = CARTESIAN_POINT('',(-125.8087609927,41.4,47.402559628431));
#7554 = VECTOR('',#7555,1.);
#7555 = DIRECTION('',(0.609709041111,0.,0.792625311978));
#7556 = PCURVE('',#2250,#7557);
#7557 = DEFINITIONAL_REPRESENTATION('',(#7558),#7562);
#7558 = LINE('',#7559,#7560);
#7559 = CARTESIAN_POINT('',(9.597440371569,-2.808760992713));
#7560 = VECTOR('',#7561,1.);
#7561 = DIRECTION('',(-0.792625311978,0.609709041111));
#7562 = ( GEOMETRIC_REPRESENTATION_CONTEXT(2) 
PARAMETRIC_REPRESENTATION_CONTEXT() REPRESENTATION_CONTEXT('2D SPACE',''
  ) );
#7563 = PCURVE('',#2224,#7564);
#7564 = DEFINITIONAL_REPRESENTATION('',(#7565),#7569);
#7565 = LINE('',#7566,#7567);
#7566 = CARTESIAN_POINT('',(0.,0.));
#7567 = VECTOR('',#7568,1.);
#7568 = DIRECTION('',(1.,0.));
#7569 = ( GEOMETRIC_REPRESENTATION_CONTEXT(2) 
PARAMETRIC_REPRESENTATION_CONTEXT() REPRESENTATION_CONTEXT('2D SPACE',''
  ) );
#7570 = ORIENTED_EDGE('',*,*,#2235,.T.);
#7571 = ORIENTED_EDGE('',*,*,#7472,.T.);
#7572 = ORIENTED_EDGE('',*,*,#7573,.T.);
#7573 = EDGE_CURVE('',#7473,#7549,#7574,.T.);
#7574 = SURFACE_CURVE('',#7575,(#7579,#7586),.PCURVE_S1.);
#7575 = LINE('',#7576,#7577);
#7576 = CARTESIAN_POINT('',(-126.5531090128,41.4,47.652518181717));
#7577 = VECTOR('',#7578,1.);
#7578 = DIRECTION('',(0.947976965378,0.,-0.318338928053));
#7579 = PCURVE('',#2250,#7580);
#7580 = DEFINITIONAL_REPRESENTATION('',(#7581),#7585);
#7581 = LINE('',#7582,#7583);
#7582 = CARTESIAN_POINT('',(9.347481818283,-3.553109012804));
#7583 = VECTOR('',#7584,1.);
#7584 = DIRECTION('',(0.318338928053,0.947976965378));
#7585 = ( GEOMETRIC_REPRESENTATION_CONTEXT(2) 
PARAMETRIC_REPRESENTATION_CONTEXT() REPRESENTATION_CONTEXT('2D SPACE',''
  ) );
#7586 = PCURVE('',#7533,#7587);
#7587 = DEFINITIONAL_REPRESENTATION('',(#7588),#7592);
#7588 = LINE('',#7589,#7590);
#7589 = CARTESIAN_POINT('',(0.,0.));
#7590 = VECTOR('',#7591,1.);
#7591 = DIRECTION('',(1.,0.));
#7592 = ( GEOMETRIC_REPRESENTATION_CONTEXT(2) 
PARAMETRIC_REPRESENTATION_CONTEXT() REPRESENTATION_CONTEXT('2D SPACE',''
  ) );
#7593 = ADVANCED_FACE('',(#7594),#2224,.F.);
#7594 = FACE_BOUND('',#7595,.F.);
#7595 = EDGE_LOOP('',(#7596,#7597,#7620,#7641));
#7596 = ORIENTED_EDGE('',*,*,#7548,.F.);
#7597 = ORIENTED_EDGE('',*,*,#7598,.T.);
#7598 = EDGE_CURVE('',#7549,#7599,#7601,.T.);
#7599 = VERTEX_POINT('',#7600);
#7600 = CARTESIAN_POINT('',(-125.8087609927,36.2,47.402559628431));
#7601 = SURFACE_CURVE('',#7602,(#7606,#7613),.PCURVE_S1.);
#7602 = LINE('',#7603,#7604);
#7603 = CARTESIAN_POINT('',(-125.8087609927,41.4,47.402559628431));
#7604 = VECTOR('',#7605,1.);
#7605 = DIRECTION('',(0.,-1.,0.));
#7606 = PCURVE('',#2224,#7607);
#7607 = DEFINITIONAL_REPRESENTATION('',(#7608),#7612);
#7608 = LINE('',#7609,#7610);
#7609 = CARTESIAN_POINT('',(0.,0.));
#7610 = VECTOR('',#7611,1.);
#7611 = DIRECTION('',(0.,-1.));
#7612 = ( GEOMETRIC_REPRESENTATION_CONTEXT(2) 
PARAMETRIC_REPRESENTATION_CONTEXT() REPRESENTATION_CONTEXT('2D SPACE',''
  ) );
#7613 = PCURVE('',#7533,#7614);
#7614 = DEFINITIONAL_REPRESENTATION('',(#7615),#7619);
#7615 = LINE('',#7616,#7617);
#7616 = CARTESIAN_POINT('',(0.785196315181,0.));
#7617 = VECTOR('',#7618,1.);
#7618 = DIRECTION('',(0.,-1.));
#7619 = ( GEOMETRIC_REPRESENTATION_CONTEXT(2) 
PARAMETRIC_REPRESENTATION_CONTEXT() REPRESENTATION_CONTEXT('2D SPACE',''
  ) );
#7620 = ORIENTED_EDGE('',*,*,#7621,.T.);
#7621 = EDGE_CURVE('',#7599,#2177,#7622,.T.);
#7622 = SURFACE_CURVE('',#7623,(#7627,#7634),.PCURVE_S1.);
#7623 = LINE('',#7624,#7625);
#7624 = CARTESIAN_POINT('',(-125.8087609927,36.2,47.402559628431));
#7625 = VECTOR('',#7626,1.);
#7626 = DIRECTION('',(0.609709041111,0.,0.792625311978));
#7627 = PCURVE('',#2224,#7628);
#7628 = DEFINITIONAL_REPRESENTATION('',(#7629),#7633);
#7629 = LINE('',#7630,#7631);
#7630 = CARTESIAN_POINT('',(0.,-5.2));
#7631 = VECTOR('',#7632,1.);
#7632 = DIRECTION('',(1.,0.));
#7633 = ( GEOMETRIC_REPRESENTATION_CONTEXT(2) 
PARAMETRIC_REPRESENTATION_CONTEXT() REPRESENTATION_CONTEXT('2D SPACE',''
  ) );
#7634 = PCURVE('',#2193,#7635);
#7635 = DEFINITIONAL_REPRESENTATION('',(#7636),#7640);
#7636 = LINE('',#7637,#7638);
#7637 = CARTESIAN_POINT('',(9.597440371569,-2.808760992713));
#7638 = VECTOR('',#7639,1.);
#7639 = DIRECTION('',(-0.792625311978,0.609709041111));
#7640 = ( GEOMETRIC_REPRESENTATION_CONTEXT(2) 
PARAMETRIC_REPRESENTATION_CONTEXT() REPRESENTATION_CONTEXT('2D SPACE',''
  ) );
#7641 = ORIENTED_EDGE('',*,*,#2209,.T.);
#7642 = ADVANCED_FACE('',(#7643),#2193,.T.);
#7643 = FACE_BOUND('',#7644,.T.);
#7644 = EDGE_LOOP('',(#7645,#7646,#7647,#7648));
#7645 = ORIENTED_EDGE('',*,*,#7621,.T.);
#7646 = ORIENTED_EDGE('',*,*,#2176,.T.);
#7647 = ORIENTED_EDGE('',*,*,#7496,.T.);
#7648 = ORIENTED_EDGE('',*,*,#7649,.T.);
#7649 = EDGE_CURVE('',#7497,#7599,#7650,.T.);
#7650 = SURFACE_CURVE('',#7651,(#7655,#7662),.PCURVE_S1.);
#7651 = LINE('',#7652,#7653);
#7652 = CARTESIAN_POINT('',(-126.5531090128,36.2,47.652518181717));
#7653 = VECTOR('',#7654,1.);
#7654 = DIRECTION('',(0.947976965378,0.,-0.318338928053));
#7655 = PCURVE('',#2193,#7656);
#7656 = DEFINITIONAL_REPRESENTATION('',(#7657),#7661);
#7657 = LINE('',#7658,#7659);
#7658 = CARTESIAN_POINT('',(9.347481818283,-3.553109012804));
#7659 = VECTOR('',#7660,1.);
#7660 = DIRECTION('',(0.318338928053,0.947976965378));
#7661 = ( GEOMETRIC_REPRESENTATION_CONTEXT(2) 
PARAMETRIC_REPRESENTATION_CONTEXT() REPRESENTATION_CONTEXT('2D SPACE',''
  ) );
#7662 = PCURVE('',#7533,#7663);
#7663 = DEFINITIONAL_REPRESENTATION('',(#7664),#7668);
#7664 = LINE('',#7665,#7666);
#7665 = CARTESIAN_POINT('',(0.,-5.2));
#7666 = VECTOR('',#7667,1.);
#7667 = DIRECTION('',(1.,0.));
#7668 = ( GEOMETRIC_REPRESENTATION_CONTEXT(2) 
PARAMETRIC_REPRESENTATION_CONTEXT() REPRESENTATION_CONTEXT('2D SPACE',''
  ) );
#7669 = ADVANCED_FACE('',(#7670),#2285,.F.);
#7670 = FACE_BOUND('',#7671,.F.);
#7671 = EDGE_LOOP('',(#7672,#7695,#7696,#7719));
#7672 = ORIENTED_EDGE('',*,*,#7673,.F.);
#7673 = EDGE_CURVE('',#2271,#7674,#7676,.T.);
#7674 = VERTEX_POINT('',#7675);
#7675 = CARTESIAN_POINT('',(-128.3084402573,41.4,48.525304605258));
#7676 = SURFACE_CURVE('',#7677,(#7681,#7688),.PCURVE_S1.);
#7677 = LINE('',#7678,#7679);
#7678 = CARTESIAN_POINT('',(-128.166803167,41.4,49.267332605586));
#7679 = VECTOR('',#7680,1.);
#7680 = DIRECTION('',(-0.187493303811,0.,-0.982265881025));
#7681 = PCURVE('',#2285,#7682);
#7682 = DEFINITIONAL_REPRESENTATION('',(#7683),#7687);
#7683 = LINE('',#7684,#7685);
#7684 = CARTESIAN_POINT('',(0.,0.));
#7685 = VECTOR('',#7686,1.);
#7686 = DIRECTION('',(1.,0.));
#7687 = ( GEOMETRIC_REPRESENTATION_CONTEXT(2) 
PARAMETRIC_REPRESENTATION_CONTEXT() REPRESENTATION_CONTEXT('2D SPACE',''
  ) );
#7688 = PCURVE('',#2370,#7689);
#7689 = DEFINITIONAL_REPRESENTATION('',(#7690),#7694);
#7690 = LINE('',#7691,#7692);
#7691 = CARTESIAN_POINT('',(7.732667394414,-5.166803167082));
#7692 = VECTOR('',#7693,1.);
#7693 = DIRECTION('',(0.982265881025,-0.187493303811));
#7694 = ( GEOMETRIC_REPRESENTATION_CONTEXT(2) 
PARAMETRIC_REPRESENTATION_CONTEXT() REPRESENTATION_CONTEXT('2D SPACE',''
  ) );
#7695 = ORIENTED_EDGE('',*,*,#2268,.F.);
#7696 = ORIENTED_EDGE('',*,*,#7697,.T.);
#7697 = EDGE_CURVE('',#2269,#7698,#7700,.T.);
#7698 = VERTEX_POINT('',#7699);
#7699 = CARTESIAN_POINT('',(-128.3084402573,36.2,48.525304605258));
#7700 = SURFACE_CURVE('',#7701,(#7705,#7712),.PCURVE_S1.);
#7701 = LINE('',#7702,#7703);
#7702 = CARTESIAN_POINT('',(-128.166803167,36.2,49.267332605586));
#7703 = VECTOR('',#7704,1.);
#7704 = DIRECTION('',(-0.187493303811,0.,-0.982265881025));
#7705 = PCURVE('',#2285,#7706);
#7706 = DEFINITIONAL_REPRESENTATION('',(#7707),#7711);
#7707 = LINE('',#7708,#7709);
#7708 = CARTESIAN_POINT('',(-0.,-5.2));
#7709 = VECTOR('',#7710,1.);
#7710 = DIRECTION('',(1.,0.));
#7711 = ( GEOMETRIC_REPRESENTATION_CONTEXT(2) 
PARAMETRIC_REPRESENTATION_CONTEXT() REPRESENTATION_CONTEXT('2D SPACE',''
  ) );
#7712 = PCURVE('',#2313,#7713);
#7713 = DEFINITIONAL_REPRESENTATION('',(#7714),#7718);
#7714 = LINE('',#7715,#7716);
#7715 = CARTESIAN_POINT('',(7.732667394414,-5.166803167082));
#7716 = VECTOR('',#7717,1.);
#7717 = DIRECTION('',(0.982265881025,-0.187493303811));
#7718 = ( GEOMETRIC_REPRESENTATION_CONTEXT(2) 
PARAMETRIC_REPRESENTATION_CONTEXT() REPRESENTATION_CONTEXT('2D SPACE',''
  ) );
#7719 = ORIENTED_EDGE('',*,*,#7720,.F.);
#7720 = EDGE_CURVE('',#7674,#7698,#7721,.T.);
#7721 = SURFACE_CURVE('',#7722,(#7726,#7733),.PCURVE_S1.);
#7722 = LINE('',#7723,#7724);
#7723 = CARTESIAN_POINT('',(-128.3084402573,41.4,48.525304605258));
#7724 = VECTOR('',#7725,1.);
#7725 = DIRECTION('',(0.,-1.,0.));
#7726 = PCURVE('',#2285,#7727);
#7727 = DEFINITIONAL_REPRESENTATION('',(#7728),#7732);
#7728 = LINE('',#7729,#7730);
#7729 = CARTESIAN_POINT('',(0.755424793493,0.));
#7730 = VECTOR('',#7731,1.);
#7731 = DIRECTION('',(-0.,-1.));
#7732 = ( GEOMETRIC_REPRESENTATION_CONTEXT(2) 
PARAMETRIC_REPRESENTATION_CONTEXT() REPRESENTATION_CONTEXT('2D SPACE',''
  ) );
#7733 = PCURVE('',#7734,#7739);
#7734 = PLANE('',#7735);
#7735 = AXIS2_PLACEMENT_3D('',#7736,#7737,#7738);
#7736 = CARTESIAN_POINT('',(-128.3084402573,41.4,48.525304605258));
#7737 = DIRECTION('',(0.497163266253,0.,0.86765700982));
#7738 = DIRECTION('',(0.86765700982,0.,-0.497163266253));
#7739 = DEFINITIONAL_REPRESENTATION('',(#7740),#7744);
#7740 = LINE('',#7741,#7742);
#7741 = CARTESIAN_POINT('',(0.,0.));
#7742 = VECTOR('',#7743,1.);
#7743 = DIRECTION('',(0.,-1.));
#7744 = ( GEOMETRIC_REPRESENTATION_CONTEXT(2) 
PARAMETRIC_REPRESENTATION_CONTEXT() REPRESENTATION_CONTEXT('2D SPACE',''
  ) );
#7745 = ADVANCED_FACE('',(#7746),#2370,.F.);
#7746 = FACE_BOUND('',#7747,.F.);
#7747 = EDGE_LOOP('',(#7748,#7771,#7772,#7773));
#7748 = ORIENTED_EDGE('',*,*,#7749,.T.);
#7749 = EDGE_CURVE('',#7750,#2330,#7752,.T.);
#7750 = VERTEX_POINT('',#7751);
#7751 = CARTESIAN_POINT('',(-127.6271591704,41.4,48.134933840553));
#7752 = SURFACE_CURVE('',#7753,(#7757,#7764),.PCURVE_S1.);
#7753 = LINE('',#7754,#7755);
#7754 = CARTESIAN_POINT('',(-127.6271591704,41.4,48.134933840553));
#7755 = VECTOR('',#7756,1.);
#7756 = DIRECTION('',(0.752627180202,0.,0.658446905696));
#7757 = PCURVE('',#2370,#7758);
#7758 = DEFINITIONAL_REPRESENTATION('',(#7759),#7763);
#7759 = LINE('',#7760,#7761);
#7760 = CARTESIAN_POINT('',(8.865066159448,-4.627159170444));
#7761 = VECTOR('',#7762,1.);
#7762 = DIRECTION('',(-0.658446905696,0.752627180202));
#7763 = ( GEOMETRIC_REPRESENTATION_CONTEXT(2) 
PARAMETRIC_REPRESENTATION_CONTEXT() REPRESENTATION_CONTEXT('2D SPACE',''
  ) );
#7764 = PCURVE('',#2344,#7765);
#7765 = DEFINITIONAL_REPRESENTATION('',(#7766),#7770);
#7766 = LINE('',#7767,#7768);
#7767 = CARTESIAN_POINT('',(0.,0.));
#7768 = VECTOR('',#7769,1.);
#7769 = DIRECTION('',(1.,0.));
#7770 = ( GEOMETRIC_REPRESENTATION_CONTEXT(2) 
PARAMETRIC_REPRESENTATION_CONTEXT() REPRESENTATION_CONTEXT('2D SPACE',''
  ) );
#7771 = ORIENTED_EDGE('',*,*,#2355,.T.);
#7772 = ORIENTED_EDGE('',*,*,#7673,.T.);
#7773 = ORIENTED_EDGE('',*,*,#7774,.T.);
#7774 = EDGE_CURVE('',#7674,#7750,#7775,.T.);
#7775 = SURFACE_CURVE('',#7776,(#7780,#7787),.PCURVE_S1.);
#7776 = LINE('',#7777,#7778);
#7777 = CARTESIAN_POINT('',(-128.3084402573,41.4,48.525304605258));
#7778 = VECTOR('',#7779,1.);
#7779 = DIRECTION('',(0.86765700982,0.,-0.497163266253));
#7780 = PCURVE('',#2370,#7781);
#7781 = DEFINITIONAL_REPRESENTATION('',(#7782),#7786);
#7782 = LINE('',#7783,#7784);
#7783 = CARTESIAN_POINT('',(8.474695394742,-5.308440257395));
#7784 = VECTOR('',#7785,1.);
#7785 = DIRECTION('',(0.497163266253,0.86765700982));
#7786 = ( GEOMETRIC_REPRESENTATION_CONTEXT(2) 
PARAMETRIC_REPRESENTATION_CONTEXT() REPRESENTATION_CONTEXT('2D SPACE',''
  ) );
#7787 = PCURVE('',#7734,#7788);
#7788 = DEFINITIONAL_REPRESENTATION('',(#7789),#7793);
#7789 = LINE('',#7790,#7791);
#7790 = CARTESIAN_POINT('',(0.,0.));
#7791 = VECTOR('',#7792,1.);
#7792 = DIRECTION('',(1.,0.));
#7793 = ( GEOMETRIC_REPRESENTATION_CONTEXT(2) 
PARAMETRIC_REPRESENTATION_CONTEXT() REPRESENTATION_CONTEXT('2D SPACE',''
  ) );
#7794 = ADVANCED_FACE('',(#7795),#2344,.F.);
#7795 = FACE_BOUND('',#7796,.F.);
#7796 = EDGE_LOOP('',(#7797,#7798,#7821,#7842));
#7797 = ORIENTED_EDGE('',*,*,#7749,.F.);
#7798 = ORIENTED_EDGE('',*,*,#7799,.T.);
#7799 = EDGE_CURVE('',#7750,#7800,#7802,.T.);
#7800 = VERTEX_POINT('',#7801);
#7801 = CARTESIAN_POINT('',(-127.6271591704,36.2,48.134933840553));
#7802 = SURFACE_CURVE('',#7803,(#7807,#7814),.PCURVE_S1.);
#7803 = LINE('',#7804,#7805);
#7804 = CARTESIAN_POINT('',(-127.6271591704,41.4,48.134933840553));
#7805 = VECTOR('',#7806,1.);
#7806 = DIRECTION('',(0.,-1.,0.));
#7807 = PCURVE('',#2344,#7808);
#7808 = DEFINITIONAL_REPRESENTATION('',(#7809),#7813);
#7809 = LINE('',#7810,#7811);
#7810 = CARTESIAN_POINT('',(0.,0.));
#7811 = VECTOR('',#7812,1.);
#7812 = DIRECTION('',(0.,-1.));
#7813 = ( GEOMETRIC_REPRESENTATION_CONTEXT(2) 
PARAMETRIC_REPRESENTATION_CONTEXT() REPRESENTATION_CONTEXT('2D SPACE',''
  ) );
#7814 = PCURVE('',#7734,#7815);
#7815 = DEFINITIONAL_REPRESENTATION('',(#7816),#7820);
#7816 = LINE('',#7817,#7818);
#7817 = CARTESIAN_POINT('',(0.785196315181,0.));
#7818 = VECTOR('',#7819,1.);
#7819 = DIRECTION('',(0.,-1.));
#7820 = ( GEOMETRIC_REPRESENTATION_CONTEXT(2) 
PARAMETRIC_REPRESENTATION_CONTEXT() REPRESENTATION_CONTEXT('2D SPACE',''
  ) );
#7821 = ORIENTED_EDGE('',*,*,#7822,.T.);
#7822 = EDGE_CURVE('',#7800,#2297,#7823,.T.);
#7823 = SURFACE_CURVE('',#7824,(#7828,#7835),.PCURVE_S1.);
#7824 = LINE('',#7825,#7826);
#7825 = CARTESIAN_POINT('',(-127.6271591704,36.2,48.134933840553));
#7826 = VECTOR('',#7827,1.);
#7827 = DIRECTION('',(0.752627180202,0.,0.658446905696));
#7828 = PCURVE('',#2344,#7829);
#7829 = DEFINITIONAL_REPRESENTATION('',(#7830),#7834);
#7830 = LINE('',#7831,#7832);
#7831 = CARTESIAN_POINT('',(0.,-5.2));
#7832 = VECTOR('',#7833,1.);
#7833 = DIRECTION('',(1.,0.));
#7834 = ( GEOMETRIC_REPRESENTATION_CONTEXT(2) 
PARAMETRIC_REPRESENTATION_CONTEXT() REPRESENTATION_CONTEXT('2D SPACE',''
  ) );
#7835 = PCURVE('',#2313,#7836);
#7836 = DEFINITIONAL_REPRESENTATION('',(#7837),#7841);
#7837 = LINE('',#7838,#7839);
#7838 = CARTESIAN_POINT('',(8.865066159448,-4.627159170444));
#7839 = VECTOR('',#7840,1.);
#7840 = DIRECTION('',(-0.658446905696,0.752627180202));
#7841 = ( GEOMETRIC_REPRESENTATION_CONTEXT(2) 
PARAMETRIC_REPRESENTATION_CONTEXT() REPRESENTATION_CONTEXT('2D SPACE',''
  ) );
#7842 = ORIENTED_EDGE('',*,*,#2329,.T.);
#7843 = ADVANCED_FACE('',(#7844),#2313,.T.);
#7844 = FACE_BOUND('',#7845,.T.);
#7845 = EDGE_LOOP('',(#7846,#7847,#7848,#7849));
#7846 = ORIENTED_EDGE('',*,*,#7822,.T.);
#7847 = ORIENTED_EDGE('',*,*,#2296,.T.);
#7848 = ORIENTED_EDGE('',*,*,#7697,.T.);
#7849 = ORIENTED_EDGE('',*,*,#7850,.T.);
#7850 = EDGE_CURVE('',#7698,#7800,#7851,.T.);
#7851 = SURFACE_CURVE('',#7852,(#7856,#7863),.PCURVE_S1.);
#7852 = LINE('',#7853,#7854);
#7853 = CARTESIAN_POINT('',(-128.3084402573,36.2,48.525304605258));
#7854 = VECTOR('',#7855,1.);
#7855 = DIRECTION('',(0.86765700982,0.,-0.497163266253));
#7856 = PCURVE('',#2313,#7857);
#7857 = DEFINITIONAL_REPRESENTATION('',(#7858),#7862);
#7858 = LINE('',#7859,#7860);
#7859 = CARTESIAN_POINT('',(8.474695394742,-5.308440257395));
#7860 = VECTOR('',#7861,1.);
#7861 = DIRECTION('',(0.497163266253,0.86765700982));
#7862 = ( GEOMETRIC_REPRESENTATION_CONTEXT(2) 
PARAMETRIC_REPRESENTATION_CONTEXT() REPRESENTATION_CONTEXT('2D SPACE',''
  ) );
#7863 = PCURVE('',#7734,#7864);
#7864 = DEFINITIONAL_REPRESENTATION('',(#7865),#7869);
#7865 = LINE('',#7866,#7867);
#7866 = CARTESIAN_POINT('',(0.,-5.2));
#7867 = VECTOR('',#7868,1.);
#7868 = DIRECTION('',(1.,0.));
#7869 = ( GEOMETRIC_REPRESENTATION_CONTEXT(2) 
PARAMETRIC_REPRESENTATION_CONTEXT() REPRESENTATION_CONTEXT('2D SPACE',''
  ) );
#7870 = ADVANCED_FACE('',(#7871),#2405,.F.);
#7871 = FACE_BOUND('',#7872,.F.);
#7872 = EDGE_LOOP('',(#7873,#7896,#7897,#7920));
#7873 = ORIENTED_EDGE('',*,*,#7874,.F.);
#7874 = EDGE_CURVE('',#2391,#7875,#7877,.T.);
#7875 = VERTEX_POINT('',#7876);
#7876 = CARTESIAN_POINT('',(-129.8597711199,41.4,49.723768820154));
#7877 = SURFACE_CURVE('',#7878,(#7882,#7889),.PCURVE_S1.);
#7878 = LINE('',#7879,#7880);
#7879 = CARTESIAN_POINT('',(-129.576093065,41.4,50.423906934965));
#7880 = VECTOR('',#7881,1.);
#7881 = DIRECTION('',(-0.375521239587,0.,-0.926813788535));
#7882 = PCURVE('',#2405,#7883);
#7883 = DEFINITIONAL_REPRESENTATION('',(#7884),#7888);
#7884 = LINE('',#7885,#7886);
#7885 = CARTESIAN_POINT('',(0.,0.));
#7886 = VECTOR('',#7887,1.);
#7887 = DIRECTION('',(1.,0.));
#7888 = ( GEOMETRIC_REPRESENTATION_CONTEXT(2) 
PARAMETRIC_REPRESENTATION_CONTEXT() REPRESENTATION_CONTEXT('2D SPACE',''
  ) );
#7889 = PCURVE('',#2490,#7890);
#7890 = DEFINITIONAL_REPRESENTATION('',(#7891),#7895);
#7891 = LINE('',#7892,#7893);
#7892 = CARTESIAN_POINT('',(6.576093065035,-6.576093065035));
#7893 = VECTOR('',#7894,1.);
#7894 = DIRECTION('',(0.926813788535,-0.375521239587));
#7895 = ( GEOMETRIC_REPRESENTATION_CONTEXT(2) 
PARAMETRIC_REPRESENTATION_CONTEXT() REPRESENTATION_CONTEXT('2D SPACE',''
  ) );
#7896 = ORIENTED_EDGE('',*,*,#2388,.F.);
#7897 = ORIENTED_EDGE('',*,*,#7898,.T.);
#7898 = EDGE_CURVE('',#2389,#7899,#7901,.T.);
#7899 = VERTEX_POINT('',#7900);
#7900 = CARTESIAN_POINT('',(-129.8597711199,36.2,49.723768820154));
#7901 = SURFACE_CURVE('',#7902,(#7906,#7913),.PCURVE_S1.);
#7902 = LINE('',#7903,#7904);
#7903 = CARTESIAN_POINT('',(-129.576093065,36.2,50.423906934965));
#7904 = VECTOR('',#7905,1.);
#7905 = DIRECTION('',(-0.375521239587,0.,-0.926813788535));
#7906 = PCURVE('',#2405,#7907);
#7907 = DEFINITIONAL_REPRESENTATION('',(#7908),#7912);
#7908 = LINE('',#7909,#7910);
#7909 = CARTESIAN_POINT('',(-0.,-5.2));
#7910 = VECTOR('',#7911,1.);
#7911 = DIRECTION('',(1.,0.));
#7912 = ( GEOMETRIC_REPRESENTATION_CONTEXT(2) 
PARAMETRIC_REPRESENTATION_CONTEXT() REPRESENTATION_CONTEXT('2D SPACE',''
  ) );
#7913 = PCURVE('',#2433,#7914);
#7914 = DEFINITIONAL_REPRESENTATION('',(#7915),#7919);
#7915 = LINE('',#7916,#7917);
#7916 = CARTESIAN_POINT('',(6.576093065035,-6.576093065035));
#7917 = VECTOR('',#7918,1.);
#7918 = DIRECTION('',(0.926813788535,-0.375521239587));
#7919 = ( GEOMETRIC_REPRESENTATION_CONTEXT(2) 
PARAMETRIC_REPRESENTATION_CONTEXT() REPRESENTATION_CONTEXT('2D SPACE',''
  ) );
#7920 = ORIENTED_EDGE('',*,*,#7921,.F.);
#7921 = EDGE_CURVE('',#7875,#7899,#7922,.T.);
#7922 = SURFACE_CURVE('',#7923,(#7927,#7934),.PCURVE_S1.);
#7923 = LINE('',#7924,#7925);
#7924 = CARTESIAN_POINT('',(-129.8597711199,41.4,49.723768820154));
#7925 = VECTOR('',#7926,1.);
#7926 = DIRECTION('',(0.,-1.,0.));
#7927 = PCURVE('',#2405,#7928);
#7928 = DEFINITIONAL_REPRESENTATION('',(#7929),#7933);
#7929 = LINE('',#7930,#7931);
#7930 = CARTESIAN_POINT('',(0.755424793493,0.));
#7931 = VECTOR('',#7932,1.);
#7932 = DIRECTION('',(-0.,-1.));
#7933 = ( GEOMETRIC_REPRESENTATION_CONTEXT(2) 
PARAMETRIC_REPRESENTATION_CONTEXT() REPRESENTATION_CONTEXT('2D SPACE',''
  ) );
#7934 = PCURVE('',#7935,#7940);
#7935 = PLANE('',#7936);
#7936 = AXIS2_PLACEMENT_3D('',#7937,#7938,#7939);
#7937 = CARTESIAN_POINT('',(-129.8597711199,41.4,49.723768820154));
#7938 = DIRECTION('',(0.656881898943,0.,0.753993481962));
#7939 = DIRECTION('',(0.753993481962,0.,-0.656881898943));
#7940 = DEFINITIONAL_REPRESENTATION('',(#7941),#7945);
#7941 = LINE('',#7942,#7943);
#7942 = CARTESIAN_POINT('',(0.,0.));
#7943 = VECTOR('',#7944,1.);
#7944 = DIRECTION('',(0.,-1.));
#7945 = ( GEOMETRIC_REPRESENTATION_CONTEXT(2) 
PARAMETRIC_REPRESENTATION_CONTEXT() REPRESENTATION_CONTEXT('2D SPACE',''
  ) );
#7946 = ADVANCED_FACE('',(#7947),#2490,.F.);
#7947 = FACE_BOUND('',#7948,.F.);
#7948 = EDGE_LOOP('',(#7949,#7972,#7973,#7974));
#7949 = ORIENTED_EDGE('',*,*,#7950,.T.);
#7950 = EDGE_CURVE('',#7951,#2450,#7953,.T.);
#7951 = VERTEX_POINT('',#7952);
#7952 = CARTESIAN_POINT('',(-129.2677382161,41.4,49.207987573595));
#7953 = SURFACE_CURVE('',#7954,(#7958,#7965),.PCURVE_S1.);
#7954 = LINE('',#7955,#7956);
#7955 = CARTESIAN_POINT('',(-129.2677382161,41.4,49.207987573595));
#7956 = VECTOR('',#7957,1.);
#7957 = DIRECTION('',(0.866622278836,0.,0.49896475409));
#7958 = PCURVE('',#2490,#7959);
#7959 = DEFINITIONAL_REPRESENTATION('',(#7960),#7964);
#7960 = LINE('',#7961,#7962);
#7961 = CARTESIAN_POINT('',(7.792012426405,-6.267738216195));
#7962 = VECTOR('',#7963,1.);
#7963 = DIRECTION('',(-0.49896475409,0.866622278836));
#7964 = ( GEOMETRIC_REPRESENTATION_CONTEXT(2) 
PARAMETRIC_REPRESENTATION_CONTEXT() REPRESENTATION_CONTEXT('2D SPACE',''
  ) );
#7965 = PCURVE('',#2464,#7966);
#7966 = DEFINITIONAL_REPRESENTATION('',(#7967),#7971);
#7967 = LINE('',#7968,#7969);
#7968 = CARTESIAN_POINT('',(0.,0.));
#7969 = VECTOR('',#7970,1.);
#7970 = DIRECTION('',(1.,0.));
#7971 = ( GEOMETRIC_REPRESENTATION_CONTEXT(2) 
PARAMETRIC_REPRESENTATION_CONTEXT() REPRESENTATION_CONTEXT('2D SPACE',''
  ) );
#7972 = ORIENTED_EDGE('',*,*,#2475,.T.);
#7973 = ORIENTED_EDGE('',*,*,#7874,.T.);
#7974 = ORIENTED_EDGE('',*,*,#7975,.T.);
#7975 = EDGE_CURVE('',#7875,#7951,#7976,.T.);
#7976 = SURFACE_CURVE('',#7977,(#7981,#7988),.PCURVE_S1.);
#7977 = LINE('',#7978,#7979);
#7978 = CARTESIAN_POINT('',(-129.8597711199,41.4,49.723768820154));
#7979 = VECTOR('',#7980,1.);
#7980 = DIRECTION('',(0.753993481962,0.,-0.656881898943));
#7981 = PCURVE('',#2490,#7982);
#7982 = DEFINITIONAL_REPRESENTATION('',(#7983),#7987);
#7983 = LINE('',#7984,#7985);
#7984 = CARTESIAN_POINT('',(7.276231179846,-6.859771119902));
#7985 = VECTOR('',#7986,1.);
#7986 = DIRECTION('',(0.656881898943,0.753993481962));
#7987 = ( GEOMETRIC_REPRESENTATION_CONTEXT(2) 
PARAMETRIC_REPRESENTATION_CONTEXT() REPRESENTATION_CONTEXT('2D SPACE',''
  ) );
#7988 = PCURVE('',#7935,#7989);
#7989 = DEFINITIONAL_REPRESENTATION('',(#7990),#7994);
#7990 = LINE('',#7991,#7992);
#7991 = CARTESIAN_POINT('',(0.,0.));
#7992 = VECTOR('',#7993,1.);
#7993 = DIRECTION('',(1.,0.));
#7994 = ( GEOMETRIC_REPRESENTATION_CONTEXT(2) 
PARAMETRIC_REPRESENTATION_CONTEXT() REPRESENTATION_CONTEXT('2D SPACE',''
  ) );
#7995 = ADVANCED_FACE('',(#7996),#2464,.F.);
#7996 = FACE_BOUND('',#7997,.F.);
#7997 = EDGE_LOOP('',(#7998,#7999,#8022,#8043));
#7998 = ORIENTED_EDGE('',*,*,#7950,.F.);
#7999 = ORIENTED_EDGE('',*,*,#8000,.T.);
#8000 = EDGE_CURVE('',#7951,#8001,#8003,.T.);
#8001 = VERTEX_POINT('',#8002);
#8002 = CARTESIAN_POINT('',(-129.2677382161,36.2,49.207987573595));
#8003 = SURFACE_CURVE('',#8004,(#8008,#8015),.PCURVE_S1.);
#8004 = LINE('',#8005,#8006);
#8005 = CARTESIAN_POINT('',(-129.2677382161,41.4,49.207987573595));
#8006 = VECTOR('',#8007,1.);
#8007 = DIRECTION('',(0.,-1.,0.));
#8008 = PCURVE('',#2464,#8009);
#8009 = DEFINITIONAL_REPRESENTATION('',(#8010),#8014);
#8010 = LINE('',#8011,#8012);
#8011 = CARTESIAN_POINT('',(0.,0.));
#8012 = VECTOR('',#8013,1.);
#8013 = DIRECTION('',(0.,-1.));
#8014 = ( GEOMETRIC_REPRESENTATION_CONTEXT(2) 
PARAMETRIC_REPRESENTATION_CONTEXT() REPRESENTATION_CONTEXT('2D SPACE',''
  ) );
#8015 = PCURVE('',#7935,#8016);
#8016 = DEFINITIONAL_REPRESENTATION('',(#8017),#8021);
#8017 = LINE('',#8018,#8019);
#8018 = CARTESIAN_POINT('',(0.785196315181,0.));
#8019 = VECTOR('',#8020,1.);
#8020 = DIRECTION('',(0.,-1.));
#8021 = ( GEOMETRIC_REPRESENTATION_CONTEXT(2) 
PARAMETRIC_REPRESENTATION_CONTEXT() REPRESENTATION_CONTEXT('2D SPACE',''
  ) );
#8022 = ORIENTED_EDGE('',*,*,#8023,.T.);
#8023 = EDGE_CURVE('',#8001,#2417,#8024,.T.);
#8024 = SURFACE_CURVE('',#8025,(#8029,#8036),.PCURVE_S1.);
#8025 = LINE('',#8026,#8027);
#8026 = CARTESIAN_POINT('',(-129.2677382161,36.2,49.207987573595));
#8027 = VECTOR('',#8028,1.);
#8028 = DIRECTION('',(0.866622278836,0.,0.49896475409));
#8029 = PCURVE('',#2464,#8030);
#8030 = DEFINITIONAL_REPRESENTATION('',(#8031),#8035);
#8031 = LINE('',#8032,#8033);
#8032 = CARTESIAN_POINT('',(0.,-5.2));
#8033 = VECTOR('',#8034,1.);
#8034 = DIRECTION('',(1.,0.));
#8035 = ( GEOMETRIC_REPRESENTATION_CONTEXT(2) 
PARAMETRIC_REPRESENTATION_CONTEXT() REPRESENTATION_CONTEXT('2D SPACE',''
  ) );
#8036 = PCURVE('',#2433,#8037);
#8037 = DEFINITIONAL_REPRESENTATION('',(#8038),#8042);
#8038 = LINE('',#8039,#8040);
#8039 = CARTESIAN_POINT('',(7.792012426405,-6.267738216195));
#8040 = VECTOR('',#8041,1.);
#8041 = DIRECTION('',(-0.49896475409,0.866622278836));
#8042 = ( GEOMETRIC_REPRESENTATION_CONTEXT(2) 
PARAMETRIC_REPRESENTATION_CONTEXT() REPRESENTATION_CONTEXT('2D SPACE',''
  ) );
#8043 = ORIENTED_EDGE('',*,*,#2449,.T.);
#8044 = ADVANCED_FACE('',(#8045),#2433,.T.);
#8045 = FACE_BOUND('',#8046,.T.);
#8046 = EDGE_LOOP('',(#8047,#8048,#8049,#8050));
#8047 = ORIENTED_EDGE('',*,*,#8023,.T.);
#8048 = ORIENTED_EDGE('',*,*,#2416,.T.);
#8049 = ORIENTED_EDGE('',*,*,#7898,.T.);
#8050 = ORIENTED_EDGE('',*,*,#8051,.T.);
#8051 = EDGE_CURVE('',#7899,#8001,#8052,.T.);
#8052 = SURFACE_CURVE('',#8053,(#8057,#8064),.PCURVE_S1.);
#8053 = LINE('',#8054,#8055);
#8054 = CARTESIAN_POINT('',(-129.8597711199,36.2,49.723768820154));
#8055 = VECTOR('',#8056,1.);
#8056 = DIRECTION('',(0.753993481962,0.,-0.656881898943));
#8057 = PCURVE('',#2433,#8058);
#8058 = DEFINITIONAL_REPRESENTATION('',(#8059),#8063);
#8059 = LINE('',#8060,#8061);
#8060 = CARTESIAN_POINT('',(7.276231179846,-6.859771119902));
#8061 = VECTOR('',#8062,1.);
#8062 = DIRECTION('',(0.656881898943,0.753993481962));
#8063 = ( GEOMETRIC_REPRESENTATION_CONTEXT(2) 
PARAMETRIC_REPRESENTATION_CONTEXT() REPRESENTATION_CONTEXT('2D SPACE',''
  ) );
#8064 = PCURVE('',#7935,#8065);
#8065 = DEFINITIONAL_REPRESENTATION('',(#8066),#8070);
#8066 = LINE('',#8067,#8068);
#8067 = CARTESIAN_POINT('',(0.,-5.2));
#8068 = VECTOR('',#8069,1.);
#8069 = DIRECTION('',(1.,0.));
#8070 = ( GEOMETRIC_REPRESENTATION_CONTEXT(2) 
PARAMETRIC_REPRESENTATION_CONTEXT() REPRESENTATION_CONTEXT('2D SPACE',''
  ) );
#8071 = ADVANCED_FACE('',(#8072),#2525,.F.);
#8072 = FACE_BOUND('',#8073,.F.);
#8073 = EDGE_LOOP('',(#8074,#8097,#8098,#8121));
#8074 = ORIENTED_EDGE('',*,*,#8075,.F.);
#8075 = EDGE_CURVE('',#2511,#8076,#8078,.T.);
#8076 = VERTEX_POINT('',#8077);
#8077 = CARTESIAN_POINT('',(-131.1474848252,41.4,51.201854518735));
#8078 = SURFACE_CURVE('',#8079,(#8083,#8090),.PCURVE_S1.);
#8079 = LINE('',#8080,#8081);
#8080 = CARTESIAN_POINT('',(-130.7326673944,41.4,51.833196832918));
#8081 = VECTOR('',#8082,1.);
#8082 = DIRECTION('',(-0.54911810472,0.,-0.835744761915));
#8083 = PCURVE('',#2525,#8084);
#8084 = DEFINITIONAL_REPRESENTATION('',(#8085),#8089);
#8085 = LINE('',#8086,#8087);
#8086 = CARTESIAN_POINT('',(0.,0.));
#8087 = VECTOR('',#8088,1.);
#8088 = DIRECTION('',(1.,0.));
#8089 = ( GEOMETRIC_REPRESENTATION_CONTEXT(2) 
PARAMETRIC_REPRESENTATION_CONTEXT() REPRESENTATION_CONTEXT('2D SPACE',''
  ) );
#8090 = PCURVE('',#2610,#8091);
#8091 = DEFINITIONAL_REPRESENTATION('',(#8092),#8096);
#8092 = LINE('',#8093,#8094);
#8093 = CARTESIAN_POINT('',(5.166803167082,-7.732667394414));
#8094 = VECTOR('',#8095,1.);
#8095 = DIRECTION('',(0.835744761915,-0.54911810472));
#8096 = ( GEOMETRIC_REPRESENTATION_CONTEXT(2) 
PARAMETRIC_REPRESENTATION_CONTEXT() REPRESENTATION_CONTEXT('2D SPACE',''
  ) );
#8097 = ORIENTED_EDGE('',*,*,#2508,.F.);
#8098 = ORIENTED_EDGE('',*,*,#8099,.T.);
#8099 = EDGE_CURVE('',#2509,#8100,#8102,.T.);
#8100 = VERTEX_POINT('',#8101);
#8101 = CARTESIAN_POINT('',(-131.1474848252,36.2,51.201854518735));
#8102 = SURFACE_CURVE('',#8103,(#8107,#8114),.PCURVE_S1.);
#8103 = LINE('',#8104,#8105);
#8104 = CARTESIAN_POINT('',(-130.7326673944,36.2,51.833196832918));
#8105 = VECTOR('',#8106,1.);
#8106 = DIRECTION('',(-0.54911810472,0.,-0.835744761915));
#8107 = PCURVE('',#2525,#8108);
#8108 = DEFINITIONAL_REPRESENTATION('',(#8109),#8113);
#8109 = LINE('',#8110,#8111);
#8110 = CARTESIAN_POINT('',(-0.,-5.2));
#8111 = VECTOR('',#8112,1.);
#8112 = DIRECTION('',(1.,0.));
#8113 = ( GEOMETRIC_REPRESENTATION_CONTEXT(2) 
PARAMETRIC_REPRESENTATION_CONTEXT() REPRESENTATION_CONTEXT('2D SPACE',''
  ) );
#8114 = PCURVE('',#2553,#8115);
#8115 = DEFINITIONAL_REPRESENTATION('',(#8116),#8120);
#8116 = LINE('',#8117,#8118);
#8117 = CARTESIAN_POINT('',(5.166803167082,-7.732667394414));
#8118 = VECTOR('',#8119,1.);
#8119 = DIRECTION('',(0.835744761915,-0.54911810472));
#8120 = ( GEOMETRIC_REPRESENTATION_CONTEXT(2) 
PARAMETRIC_REPRESENTATION_CONTEXT() REPRESENTATION_CONTEXT('2D SPACE',''
  ) );
#8121 = ORIENTED_EDGE('',*,*,#8122,.F.);
#8122 = EDGE_CURVE('',#8076,#8100,#8123,.T.);
#8123 = SURFACE_CURVE('',#8124,(#8128,#8135),.PCURVE_S1.);
#8124 = LINE('',#8125,#8126);
#8125 = CARTESIAN_POINT('',(-131.1474848252,41.4,51.201854518735));
#8126 = VECTOR('',#8127,1.);
#8127 = DIRECTION('',(0.,-1.,0.));
#8128 = PCURVE('',#2525,#8129);
#8129 = DEFINITIONAL_REPRESENTATION('',(#8130),#8134);
#8130 = LINE('',#8131,#8132);
#8131 = CARTESIAN_POINT('',(0.755424793493,0.));
#8132 = VECTOR('',#8133,1.);
#8133 = DIRECTION('',(-0.,-1.));
#8134 = ( GEOMETRIC_REPRESENTATION_CONTEXT(2) 
PARAMETRIC_REPRESENTATION_CONTEXT() REPRESENTATION_CONTEXT('2D SPACE',''
  ) );
#8135 = PCURVE('',#8136,#8141);
#8136 = PLANE('',#8137);
#8137 = AXIS2_PLACEMENT_3D('',#8138,#8139,#8140);
#8138 = CARTESIAN_POINT('',(-131.1474848252,41.4,51.201854518735));
#8139 = DIRECTION('',(0.791356928641,0.,0.611354407437));
#8140 = DIRECTION('',(0.611354407437,0.,-0.791356928641));
#8141 = DEFINITIONAL_REPRESENTATION('',(#8142),#8146);
#8142 = LINE('',#8143,#8144);
#8143 = CARTESIAN_POINT('',(0.,0.));
#8144 = VECTOR('',#8145,1.);
#8145 = DIRECTION('',(0.,-1.));
#8146 = ( GEOMETRIC_REPRESENTATION_CONTEXT(2) 
PARAMETRIC_REPRESENTATION_CONTEXT() REPRESENTATION_CONTEXT('2D SPACE',''
  ) );
#8147 = ADVANCED_FACE('',(#8148),#2610,.F.);
#8148 = FACE_BOUND('',#8149,.F.);
#8149 = EDGE_LOOP('',(#8150,#8173,#8174,#8175));
#8150 = ORIENTED_EDGE('',*,*,#8151,.T.);
#8151 = EDGE_CURVE('',#8152,#2570,#8154,.T.);
#8152 = VERTEX_POINT('',#8153);
#8153 = CARTESIAN_POINT('',(-130.6674515972,41.4,50.580483974373));
#8154 = SURFACE_CURVE('',#8155,(#8159,#8166),.PCURVE_S1.);
#8155 = LINE('',#8156,#8157);
#8156 = CARTESIAN_POINT('',(-130.6674515972,41.4,50.580483974373));
#8157 = VECTOR('',#8158,1.);
#8158 = DIRECTION('',(0.947313569302,0.,0.320307666807));
#8159 = PCURVE('',#2610,#8160);
#8160 = DEFINITIONAL_REPRESENTATION('',(#8161),#8165);
#8161 = LINE('',#8162,#8163);
#8162 = CARTESIAN_POINT('',(6.419516025627,-7.667451597286));
#8163 = VECTOR('',#8164,1.);
#8164 = DIRECTION('',(-0.320307666807,0.947313569302));
#8165 = ( GEOMETRIC_REPRESENTATION_CONTEXT(2) 
PARAMETRIC_REPRESENTATION_CONTEXT() REPRESENTATION_CONTEXT('2D SPACE',''
  ) );
#8166 = PCURVE('',#2584,#8167);
#8167 = DEFINITIONAL_REPRESENTATION('',(#8168),#8172);
#8168 = LINE('',#8169,#8170);
#8169 = CARTESIAN_POINT('',(0.,0.));
#8170 = VECTOR('',#8171,1.);
#8171 = DIRECTION('',(1.,0.));
#8172 = ( GEOMETRIC_REPRESENTATION_CONTEXT(2) 
PARAMETRIC_REPRESENTATION_CONTEXT() REPRESENTATION_CONTEXT('2D SPACE',''
  ) );
#8173 = ORIENTED_EDGE('',*,*,#2595,.T.);
#8174 = ORIENTED_EDGE('',*,*,#8075,.T.);
#8175 = ORIENTED_EDGE('',*,*,#8176,.T.);
#8176 = EDGE_CURVE('',#8076,#8152,#8177,.T.);
#8177 = SURFACE_CURVE('',#8178,(#8182,#8189),.PCURVE_S1.);
#8178 = LINE('',#8179,#8180);
#8179 = CARTESIAN_POINT('',(-131.1474848252,41.4,51.201854518735));
#8180 = VECTOR('',#8181,1.);
#8181 = DIRECTION('',(0.611354407437,0.,-0.791356928641));
#8182 = PCURVE('',#2610,#8183);
#8183 = DEFINITIONAL_REPRESENTATION('',(#8184),#8188);
#8184 = LINE('',#8185,#8186);
#8185 = CARTESIAN_POINT('',(5.798145481265,-8.147484825275));
#8186 = VECTOR('',#8187,1.);
#8187 = DIRECTION('',(0.791356928641,0.611354407437));
#8188 = ( GEOMETRIC_REPRESENTATION_CONTEXT(2) 
PARAMETRIC_REPRESENTATION_CONTEXT() REPRESENTATION_CONTEXT('2D SPACE',''
  ) );
#8189 = PCURVE('',#8136,#8190);
#8190 = DEFINITIONAL_REPRESENTATION('',(#8191),#8195);
#8191 = LINE('',#8192,#8193);
#8192 = CARTESIAN_POINT('',(0.,0.));
#8193 = VECTOR('',#8194,1.);
#8194 = DIRECTION('',(1.,0.));
#8195 = ( GEOMETRIC_REPRESENTATION_CONTEXT(2) 
PARAMETRIC_REPRESENTATION_CONTEXT() REPRESENTATION_CONTEXT('2D SPACE',''
  ) );
#8196 = ADVANCED_FACE('',(#8197),#2584,.F.);
#8197 = FACE_BOUND('',#8198,.F.);
#8198 = EDGE_LOOP('',(#8199,#8200,#8223,#8244));
#8199 = ORIENTED_EDGE('',*,*,#8151,.F.);
#8200 = ORIENTED_EDGE('',*,*,#8201,.T.);
#8201 = EDGE_CURVE('',#8152,#8202,#8204,.T.);
#8202 = VERTEX_POINT('',#8203);
#8203 = CARTESIAN_POINT('',(-130.6674515972,36.2,50.580483974373));
#8204 = SURFACE_CURVE('',#8205,(#8209,#8216),.PCURVE_S1.);
#8205 = LINE('',#8206,#8207);
#8206 = CARTESIAN_POINT('',(-130.6674515972,41.4,50.580483974373));
#8207 = VECTOR('',#8208,1.);
#8208 = DIRECTION('',(0.,-1.,0.));
#8209 = PCURVE('',#2584,#8210);
#8210 = DEFINITIONAL_REPRESENTATION('',(#8211),#8215);
#8211 = LINE('',#8212,#8213);
#8212 = CARTESIAN_POINT('',(0.,0.));
#8213 = VECTOR('',#8214,1.);
#8214 = DIRECTION('',(0.,-1.));
#8215 = ( GEOMETRIC_REPRESENTATION_CONTEXT(2) 
PARAMETRIC_REPRESENTATION_CONTEXT() REPRESENTATION_CONTEXT('2D SPACE',''
  ) );
#8216 = PCURVE('',#8136,#8217);
#8217 = DEFINITIONAL_REPRESENTATION('',(#8218),#8222);
#8218 = LINE('',#8219,#8220);
#8219 = CARTESIAN_POINT('',(0.785196315181,0.));
#8220 = VECTOR('',#8221,1.);
#8221 = DIRECTION('',(0.,-1.));
#8222 = ( GEOMETRIC_REPRESENTATION_CONTEXT(2) 
PARAMETRIC_REPRESENTATION_CONTEXT() REPRESENTATION_CONTEXT('2D SPACE',''
  ) );
#8223 = ORIENTED_EDGE('',*,*,#8224,.T.);
#8224 = EDGE_CURVE('',#8202,#2537,#8225,.T.);
#8225 = SURFACE_CURVE('',#8226,(#8230,#8237),.PCURVE_S1.);
#8226 = LINE('',#8227,#8228);
#8227 = CARTESIAN_POINT('',(-130.6674515972,36.2,50.580483974373));
#8228 = VECTOR('',#8229,1.);
#8229 = DIRECTION('',(0.947313569302,0.,0.320307666807));
#8230 = PCURVE('',#2584,#8231);
#8231 = DEFINITIONAL_REPRESENTATION('',(#8232),#8236);
#8232 = LINE('',#8233,#8234);
#8233 = CARTESIAN_POINT('',(0.,-5.2));
#8234 = VECTOR('',#8235,1.);
#8235 = DIRECTION('',(1.,0.));
#8236 = ( GEOMETRIC_REPRESENTATION_CONTEXT(2) 
PARAMETRIC_REPRESENTATION_CONTEXT() REPRESENTATION_CONTEXT('2D SPACE',''
  ) );
#8237 = PCURVE('',#2553,#8238);
#8238 = DEFINITIONAL_REPRESENTATION('',(#8239),#8243);
#8239 = LINE('',#8240,#8241);
#8240 = CARTESIAN_POINT('',(6.419516025627,-7.667451597286));
#8241 = VECTOR('',#8242,1.);
#8242 = DIRECTION('',(-0.320307666807,0.947313569302));
#8243 = ( GEOMETRIC_REPRESENTATION_CONTEXT(2) 
PARAMETRIC_REPRESENTATION_CONTEXT() REPRESENTATION_CONTEXT('2D SPACE',''
  ) );
#8244 = ORIENTED_EDGE('',*,*,#2569,.T.);
#8245 = ADVANCED_FACE('',(#8246),#2553,.T.);
#8246 = FACE_BOUND('',#8247,.T.);
#8247 = EDGE_LOOP('',(#8248,#8249,#8250,#8251));
#8248 = ORIENTED_EDGE('',*,*,#8224,.T.);
#8249 = ORIENTED_EDGE('',*,*,#2536,.T.);
#8250 = ORIENTED_EDGE('',*,*,#8099,.T.);
#8251 = ORIENTED_EDGE('',*,*,#8252,.T.);
#8252 = EDGE_CURVE('',#8100,#8202,#8253,.T.);
#8253 = SURFACE_CURVE('',#8254,(#8258,#8265),.PCURVE_S1.);
#8254 = LINE('',#8255,#8256);
#8255 = CARTESIAN_POINT('',(-131.1474848252,36.2,51.201854518735));
#8256 = VECTOR('',#8257,1.);
#8257 = DIRECTION('',(0.611354407437,0.,-0.791356928641));
#8258 = PCURVE('',#2553,#8259);
#8259 = DEFINITIONAL_REPRESENTATION('',(#8260),#8264);
#8260 = LINE('',#8261,#8262);
#8261 = CARTESIAN_POINT('',(5.798145481265,-8.147484825275));
#8262 = VECTOR('',#8263,1.);
#8263 = DIRECTION('',(0.791356928641,0.611354407437));
#8264 = ( GEOMETRIC_REPRESENTATION_CONTEXT(2) 
PARAMETRIC_REPRESENTATION_CONTEXT() REPRESENTATION_CONTEXT('2D SPACE',''
  ) );
#8265 = PCURVE('',#8136,#8266);
#8266 = DEFINITIONAL_REPRESENTATION('',(#8267),#8271);
#8267 = LINE('',#8268,#8269);
#8268 = CARTESIAN_POINT('',(0.,-5.2));
#8269 = VECTOR('',#8270,1.);
#8270 = DIRECTION('',(1.,0.));
#8271 = ( GEOMETRIC_REPRESENTATION_CONTEXT(2) 
PARAMETRIC_REPRESENTATION_CONTEXT() REPRESENTATION_CONTEXT('2D SPACE',''
  ) );
#8272 = ADVANCED_FACE('',(#8273),#2645,.F.);
#8273 = FACE_BOUND('',#8274,.F.);
#8274 = EDGE_LOOP('',(#8275,#8298,#8299,#8322));
#8275 = ORIENTED_EDGE('',*,*,#8276,.F.);
#8276 = EDGE_CURVE('',#2631,#8277,#8279,.T.);
#8277 = VERTEX_POINT('',#8278);
#8278 = CARTESIAN_POINT('',(-132.1220952579,41.4,52.902759696523));
#8279 = SURFACE_CURVE('',#8280,(#8284,#8291),.PCURVE_S1.);
#8280 = LINE('',#8281,#8282);
#8281 = CARTESIAN_POINT('',(-131.5920796523,41.4,53.441044079005));
#8282 = VECTOR('',#8283,1.);
#8283 = DIRECTION('',(-0.701612669037,0.,-0.712558532786));
#8284 = PCURVE('',#2645,#8285);
#8285 = DEFINITIONAL_REPRESENTATION('',(#8286),#8290);
#8286 = LINE('',#8287,#8288);
#8287 = CARTESIAN_POINT('',(0.,0.));
#8288 = VECTOR('',#8289,1.);
#8289 = DIRECTION('',(1.,0.));
#8290 = ( GEOMETRIC_REPRESENTATION_CONTEXT(2) 
PARAMETRIC_REPRESENTATION_CONTEXT() REPRESENTATION_CONTEXT('2D SPACE',''
  ) );
#8291 = PCURVE('',#2730,#8292);
#8292 = DEFINITIONAL_REPRESENTATION('',(#8293),#8297);
#8293 = LINE('',#8294,#8295);
#8294 = CARTESIAN_POINT('',(3.558955920995,-8.592079652355));
#8295 = VECTOR('',#8296,1.);
#8296 = DIRECTION('',(0.712558532786,-0.701612669037));
#8297 = ( GEOMETRIC_REPRESENTATION_CONTEXT(2) 
PARAMETRIC_REPRESENTATION_CONTEXT() REPRESENTATION_CONTEXT('2D SPACE',''
  ) );
#8298 = ORIENTED_EDGE('',*,*,#2628,.F.);
#8299 = ORIENTED_EDGE('',*,*,#8300,.T.);
#8300 = EDGE_CURVE('',#2629,#8301,#8303,.T.);
#8301 = VERTEX_POINT('',#8302);
#8302 = CARTESIAN_POINT('',(-132.1220952579,36.2,52.902759696523));
#8303 = SURFACE_CURVE('',#8304,(#8308,#8315),.PCURVE_S1.);
#8304 = LINE('',#8305,#8306);
#8305 = CARTESIAN_POINT('',(-131.5920796523,36.2,53.441044079005));
#8306 = VECTOR('',#8307,1.);
#8307 = DIRECTION('',(-0.701612669037,0.,-0.712558532786));
#8308 = PCURVE('',#2645,#8309);
#8309 = DEFINITIONAL_REPRESENTATION('',(#8310),#8314);
#8310 = LINE('',#8311,#8312);
#8311 = CARTESIAN_POINT('',(-0.,-5.2));
#8312 = VECTOR('',#8313,1.);
#8313 = DIRECTION('',(1.,0.));
#8314 = ( GEOMETRIC_REPRESENTATION_CONTEXT(2) 
PARAMETRIC_REPRESENTATION_CONTEXT() REPRESENTATION_CONTEXT('2D SPACE',''
  ) );
#8315 = PCURVE('',#2673,#8316);
#8316 = DEFINITIONAL_REPRESENTATION('',(#8317),#8321);
#8317 = LINE('',#8318,#8319);
#8318 = CARTESIAN_POINT('',(3.558955920995,-8.592079652355));
#8319 = VECTOR('',#8320,1.);
#8320 = DIRECTION('',(0.712558532786,-0.701612669037));
#8321 = ( GEOMETRIC_REPRESENTATION_CONTEXT(2) 
PARAMETRIC_REPRESENTATION_CONTEXT() REPRESENTATION_CONTEXT('2D SPACE',''
  ) );
#8322 = ORIENTED_EDGE('',*,*,#8323,.F.);
#8323 = EDGE_CURVE('',#8277,#8301,#8324,.T.);
#8324 = SURFACE_CURVE('',#8325,(#8329,#8336),.PCURVE_S1.);
#8325 = LINE('',#8326,#8327);
#8326 = CARTESIAN_POINT('',(-132.1220952579,41.4,52.902759696523));
#8327 = VECTOR('',#8328,1.);
#8328 = DIRECTION('',(0.,-1.,0.));
#8329 = PCURVE('',#2645,#8330);
#8330 = DEFINITIONAL_REPRESENTATION('',(#8331),#8335);
#8331 = LINE('',#8332,#8333);
#8332 = CARTESIAN_POINT('',(0.755424793493,0.));
#8333 = VECTOR('',#8334,1.);
#8334 = DIRECTION('',(-0.,-1.));
#8335 = ( GEOMETRIC_REPRESENTATION_CONTEXT(2) 
PARAMETRIC_REPRESENTATION_CONTEXT() REPRESENTATION_CONTEXT('2D SPACE',''
  ) );
#8336 = PCURVE('',#8337,#8342);
#8337 = PLANE('',#8338);
#8338 = AXIS2_PLACEMENT_3D('',#8339,#8340,#8341);
#8339 = CARTESIAN_POINT('',(-132.1220952579,41.4,52.902759696523));
#8340 = DIRECTION('',(0.895420555369,0.,0.445221325885));
#8341 = DIRECTION('',(0.445221325885,0.,-0.895420555369));
#8342 = DEFINITIONAL_REPRESENTATION('',(#8343),#8347);
#8343 = LINE('',#8344,#8345);
#8344 = CARTESIAN_POINT('',(0.,0.));
#8345 = VECTOR('',#8346,1.);
#8346 = DIRECTION('',(0.,-1.));
#8347 = ( GEOMETRIC_REPRESENTATION_CONTEXT(2) 
PARAMETRIC_REPRESENTATION_CONTEXT() REPRESENTATION_CONTEXT('2D SPACE',''
  ) );
#8348 = ADVANCED_FACE('',(#8349),#2730,.F.);
#8349 = FACE_BOUND('',#8350,.F.);
#8350 = EDGE_LOOP('',(#8351,#8374,#8375,#8376));
#8351 = ORIENTED_EDGE('',*,*,#8352,.T.);
#8352 = EDGE_CURVE('',#8353,#2690,#8355,.T.);
#8353 = VERTEX_POINT('',#8354);
#8354 = CARTESIAN_POINT('',(-131.7725091134,41.4,52.19967877591));
#8355 = SURFACE_CURVE('',#8356,(#8360,#8367),.PCURVE_S1.);
#8356 = LINE('',#8357,#8358);
#8357 = CARTESIAN_POINT('',(-131.7725091134,41.4,52.19967877591));
#8358 = VECTOR('',#8359,1.);
#8359 = DIRECTION('',(0.99160013056,0.,0.129341335519));
#8360 = PCURVE('',#2730,#8361);
#8361 = DEFINITIONAL_REPRESENTATION('',(#8362),#8366);
#8362 = LINE('',#8363,#8364);
#8363 = CARTESIAN_POINT('',(4.80032122409,-8.772509113449));
#8364 = VECTOR('',#8365,1.);
#8365 = DIRECTION('',(-0.129341335519,0.99160013056));
#8366 = ( GEOMETRIC_REPRESENTATION_CONTEXT(2) 
PARAMETRIC_REPRESENTATION_CONTEXT() REPRESENTATION_CONTEXT('2D SPACE',''
  ) );
#8367 = PCURVE('',#2704,#8368);
#8368 = DEFINITIONAL_REPRESENTATION('',(#8369),#8373);
#8369 = LINE('',#8370,#8371);
#8370 = CARTESIAN_POINT('',(0.,0.));
#8371 = VECTOR('',#8372,1.);
#8372 = DIRECTION('',(1.,0.));
#8373 = ( GEOMETRIC_REPRESENTATION_CONTEXT(2) 
PARAMETRIC_REPRESENTATION_CONTEXT() REPRESENTATION_CONTEXT('2D SPACE',''
  ) );
#8374 = ORIENTED_EDGE('',*,*,#2715,.T.);
#8375 = ORIENTED_EDGE('',*,*,#8276,.T.);
#8376 = ORIENTED_EDGE('',*,*,#8377,.T.);
#8377 = EDGE_CURVE('',#8277,#8353,#8378,.T.);
#8378 = SURFACE_CURVE('',#8379,(#8383,#8390),.PCURVE_S1.);
#8379 = LINE('',#8380,#8381);
#8380 = CARTESIAN_POINT('',(-132.1220952579,41.4,52.902759696523));
#8381 = VECTOR('',#8382,1.);
#8382 = DIRECTION('',(0.445221325885,0.,-0.895420555369));
#8383 = PCURVE('',#2730,#8384);
#8384 = DEFINITIONAL_REPRESENTATION('',(#8385),#8389);
#8385 = LINE('',#8386,#8387);
#8386 = CARTESIAN_POINT('',(4.097240303477,-9.122095257975));
#8387 = VECTOR('',#8388,1.);
#8388 = DIRECTION('',(0.895420555369,0.445221325885));
#8389 = ( GEOMETRIC_REPRESENTATION_CONTEXT(2) 
PARAMETRIC_REPRESENTATION_CONTEXT() REPRESENTATION_CONTEXT('2D SPACE',''
  ) );
#8390 = PCURVE('',#8337,#8391);
#8391 = DEFINITIONAL_REPRESENTATION('',(#8392),#8396);
#8392 = LINE('',#8393,#8394);
#8393 = CARTESIAN_POINT('',(0.,0.));
#8394 = VECTOR('',#8395,1.);
#8395 = DIRECTION('',(1.,0.));
#8396 = ( GEOMETRIC_REPRESENTATION_CONTEXT(2) 
PARAMETRIC_REPRESENTATION_CONTEXT() REPRESENTATION_CONTEXT('2D SPACE',''
  ) );
#8397 = ADVANCED_FACE('',(#8398),#2704,.F.);
#8398 = FACE_BOUND('',#8399,.F.);
#8399 = EDGE_LOOP('',(#8400,#8401,#8424,#8445));
#8400 = ORIENTED_EDGE('',*,*,#8352,.F.);
#8401 = ORIENTED_EDGE('',*,*,#8402,.T.);
#8402 = EDGE_CURVE('',#8353,#8403,#8405,.T.);
#8403 = VERTEX_POINT('',#8404);
#8404 = CARTESIAN_POINT('',(-131.7725091134,36.2,52.19967877591));
#8405 = SURFACE_CURVE('',#8406,(#8410,#8417),.PCURVE_S1.);
#8406 = LINE('',#8407,#8408);
#8407 = CARTESIAN_POINT('',(-131.7725091134,41.4,52.19967877591));
#8408 = VECTOR('',#8409,1.);
#8409 = DIRECTION('',(0.,-1.,0.));
#8410 = PCURVE('',#2704,#8411);
#8411 = DEFINITIONAL_REPRESENTATION('',(#8412),#8416);
#8412 = LINE('',#8413,#8414);
#8413 = CARTESIAN_POINT('',(0.,0.));
#8414 = VECTOR('',#8415,1.);
#8415 = DIRECTION('',(0.,-1.));
#8416 = ( GEOMETRIC_REPRESENTATION_CONTEXT(2) 
PARAMETRIC_REPRESENTATION_CONTEXT() REPRESENTATION_CONTEXT('2D SPACE',''
  ) );
#8417 = PCURVE('',#8337,#8418);
#8418 = DEFINITIONAL_REPRESENTATION('',(#8419),#8423);
#8419 = LINE('',#8420,#8421);
#8420 = CARTESIAN_POINT('',(0.785196315181,0.));
#8421 = VECTOR('',#8422,1.);
#8422 = DIRECTION('',(0.,-1.));
#8423 = ( GEOMETRIC_REPRESENTATION_CONTEXT(2) 
PARAMETRIC_REPRESENTATION_CONTEXT() REPRESENTATION_CONTEXT('2D SPACE',''
  ) );
#8424 = ORIENTED_EDGE('',*,*,#8425,.T.);
#8425 = EDGE_CURVE('',#8403,#2657,#8426,.T.);
#8426 = SURFACE_CURVE('',#8427,(#8431,#8438),.PCURVE_S1.);
#8427 = LINE('',#8428,#8429);
#8428 = CARTESIAN_POINT('',(-131.7725091134,36.2,52.19967877591));
#8429 = VECTOR('',#8430,1.);
#8430 = DIRECTION('',(0.99160013056,0.,0.129341335519));
#8431 = PCURVE('',#2704,#8432);
#8432 = DEFINITIONAL_REPRESENTATION('',(#8433),#8437);
#8433 = LINE('',#8434,#8435);
#8434 = CARTESIAN_POINT('',(0.,-5.2));
#8435 = VECTOR('',#8436,1.);
#8436 = DIRECTION('',(1.,0.));
#8437 = ( GEOMETRIC_REPRESENTATION_CONTEXT(2) 
PARAMETRIC_REPRESENTATION_CONTEXT() REPRESENTATION_CONTEXT('2D SPACE',''
  ) );
#8438 = PCURVE('',#2673,#8439);
#8439 = DEFINITIONAL_REPRESENTATION('',(#8440),#8444);
#8440 = LINE('',#8441,#8442);
#8441 = CARTESIAN_POINT('',(4.80032122409,-8.772509113449));
#8442 = VECTOR('',#8443,1.);
#8443 = DIRECTION('',(-0.129341335519,0.99160013056));
#8444 = ( GEOMETRIC_REPRESENTATION_CONTEXT(2) 
PARAMETRIC_REPRESENTATION_CONTEXT() REPRESENTATION_CONTEXT('2D SPACE',''
  ) );
#8445 = ORIENTED_EDGE('',*,*,#2689,.T.);
#8446 = ADVANCED_FACE('',(#8447),#2673,.T.);
#8447 = FACE_BOUND('',#8448,.T.);
#8448 = EDGE_LOOP('',(#8449,#8450,#8451,#8452));
#8449 = ORIENTED_EDGE('',*,*,#8425,.T.);
#8450 = ORIENTED_EDGE('',*,*,#2656,.T.);
#8451 = ORIENTED_EDGE('',*,*,#8300,.T.);
#8452 = ORIENTED_EDGE('',*,*,#8453,.T.);
#8453 = EDGE_CURVE('',#8301,#8403,#8454,.T.);
#8454 = SURFACE_CURVE('',#8455,(#8459,#8466),.PCURVE_S1.);
#8455 = LINE('',#8456,#8457);
#8456 = CARTESIAN_POINT('',(-132.1220952579,36.2,52.902759696523));
#8457 = VECTOR('',#8458,1.);
#8458 = DIRECTION('',(0.445221325885,0.,-0.895420555369));
#8459 = PCURVE('',#2673,#8460);
#8460 = DEFINITIONAL_REPRESENTATION('',(#8461),#8465);
#8461 = LINE('',#8462,#8463);
#8462 = CARTESIAN_POINT('',(4.097240303477,-9.122095257975));
#8463 = VECTOR('',#8464,1.);
#8464 = DIRECTION('',(0.895420555369,0.445221325885));
#8465 = ( GEOMETRIC_REPRESENTATION_CONTEXT(2) 
PARAMETRIC_REPRESENTATION_CONTEXT() REPRESENTATION_CONTEXT('2D SPACE',''
  ) );
#8466 = PCURVE('',#8337,#8467);
#8467 = DEFINITIONAL_REPRESENTATION('',(#8468),#8472);
#8468 = LINE('',#8469,#8470);
#8469 = CARTESIAN_POINT('',(0.,-5.2));
#8470 = VECTOR('',#8471,1.);
#8471 = DIRECTION('',(1.,0.));
#8472 = ( GEOMETRIC_REPRESENTATION_CONTEXT(2) 
PARAMETRIC_REPRESENTATION_CONTEXT() REPRESENTATION_CONTEXT('2D SPACE',''
  ) );
#8473 = ADVANCED_FACE('',(#8474),#2765,.F.);
#8474 = FACE_BOUND('',#8475,.F.);
#8475 = EDGE_LOOP('',(#8476,#8499,#8500,#8523));
#8476 = ORIENTED_EDGE('',*,*,#8477,.F.);
#8477 = EDGE_CURVE('',#2751,#8478,#8480,.T.);
#8478 = VERTEX_POINT('',#8479);
#8479 = CARTESIAN_POINT('',(-132.7461486856,41.4,54.761119521415));
#8480 = SURFACE_CURVE('',#8481,(#8485,#8492),.PCURVE_S1.);
#8481 = LINE('',#8482,#8483);
#8482 = CARTESIAN_POINT('',(-132.1213031077,41.4,55.18566000525));
#8483 = VECTOR('',#8484,1.);
#8484 = DIRECTION('',(-0.827144651953,0.,-0.561989078849));
#8485 = PCURVE('',#2765,#8486);
#8486 = DEFINITIONAL_REPRESENTATION('',(#8487),#8491);
#8487 = LINE('',#8488,#8489);
#8488 = CARTESIAN_POINT('',(0.,0.));
#8489 = VECTOR('',#8490,1.);
#8490 = DIRECTION('',(1.,0.));
#8491 = ( GEOMETRIC_REPRESENTATION_CONTEXT(2) 
PARAMETRIC_REPRESENTATION_CONTEXT() REPRESENTATION_CONTEXT('2D SPACE',''
  ) );
#8492 = PCURVE('',#2850,#8493);
#8493 = DEFINITIONAL_REPRESENTATION('',(#8494),#8498);
#8494 = LINE('',#8495,#8496);
#8495 = CARTESIAN_POINT('',(1.81433999475,-9.12130310775));
#8496 = VECTOR('',#8497,1.);
#8497 = DIRECTION('',(0.561989078849,-0.827144651953));
#8498 = ( GEOMETRIC_REPRESENTATION_CONTEXT(2) 
PARAMETRIC_REPRESENTATION_CONTEXT() REPRESENTATION_CONTEXT('2D SPACE',''
  ) );
#8499 = ORIENTED_EDGE('',*,*,#2748,.F.);
#8500 = ORIENTED_EDGE('',*,*,#8501,.T.);
#8501 = EDGE_CURVE('',#2749,#8502,#8504,.T.);
#8502 = VERTEX_POINT('',#8503);
#8503 = CARTESIAN_POINT('',(-132.7461486856,36.2,54.761119521415));
#8504 = SURFACE_CURVE('',#8505,(#8509,#8516),.PCURVE_S1.);
#8505 = LINE('',#8506,#8507);
#8506 = CARTESIAN_POINT('',(-132.1213031077,36.2,55.18566000525));
#8507 = VECTOR('',#8508,1.);
#8508 = DIRECTION('',(-0.827144651953,0.,-0.561989078849));
#8509 = PCURVE('',#2765,#8510);
#8510 = DEFINITIONAL_REPRESENTATION('',(#8511),#8515);
#8511 = LINE('',#8512,#8513);
#8512 = CARTESIAN_POINT('',(-0.,-5.2));
#8513 = VECTOR('',#8514,1.);
#8514 = DIRECTION('',(1.,0.));
#8515 = ( GEOMETRIC_REPRESENTATION_CONTEXT(2) 
PARAMETRIC_REPRESENTATION_CONTEXT() REPRESENTATION_CONTEXT('2D SPACE',''
  ) );
#8516 = PCURVE('',#2793,#8517);
#8517 = DEFINITIONAL_REPRESENTATION('',(#8518),#8522);
#8518 = LINE('',#8519,#8520);
#8519 = CARTESIAN_POINT('',(1.81433999475,-9.12130310775));
#8520 = VECTOR('',#8521,1.);
#8521 = DIRECTION('',(0.561989078849,-0.827144651953));
#8522 = ( GEOMETRIC_REPRESENTATION_CONTEXT(2) 
PARAMETRIC_REPRESENTATION_CONTEXT() REPRESENTATION_CONTEXT('2D SPACE',''
  ) );
#8523 = ORIENTED_EDGE('',*,*,#8524,.F.);
#8524 = EDGE_CURVE('',#8478,#8502,#8525,.T.);
#8525 = SURFACE_CURVE('',#8526,(#8530,#8537),.PCURVE_S1.);
#8526 = LINE('',#8527,#8528);
#8527 = CARTESIAN_POINT('',(-132.7461486856,41.4,54.761119521415));
#8528 = VECTOR('',#8529,1.);
#8529 = DIRECTION('',(0.,-1.,0.));
#8530 = PCURVE('',#2765,#8531);
#8531 = DEFINITIONAL_REPRESENTATION('',(#8532),#8536);
#8532 = LINE('',#8533,#8534);
#8533 = CARTESIAN_POINT('',(0.755424793493,0.));
#8534 = VECTOR('',#8535,1.);
#8535 = DIRECTION('',(-0.,-1.));
#8536 = ( GEOMETRIC_REPRESENTATION_CONTEXT(2) 
PARAMETRIC_REPRESENTATION_CONTEXT() REPRESENTATION_CONTEXT('2D SPACE',''
  ) );
#8537 = PCURVE('',#8538,#8543);
#8538 = PLANE('',#8539);
#8539 = AXIS2_PLACEMENT_3D('',#8540,#8541,#8542);
#8540 = CARTESIAN_POINT('',(-132.7461486856,41.4,54.761119521415));
#8541 = DIRECTION('',(0.965073672312,0.,0.261978638463));
#8542 = DIRECTION('',(0.261978638463,0.,-0.965073672312));
#8543 = DEFINITIONAL_REPRESENTATION('',(#8544),#8548);
#8544 = LINE('',#8545,#8546);
#8545 = CARTESIAN_POINT('',(0.,0.));
#8546 = VECTOR('',#8547,1.);
#8547 = DIRECTION('',(0.,-1.));
#8548 = ( GEOMETRIC_REPRESENTATION_CONTEXT(2) 
PARAMETRIC_REPRESENTATION_CONTEXT() REPRESENTATION_CONTEXT('2D SPACE',''
  ) );
#8549 = ADVANCED_FACE('',(#8550),#2850,.F.);
#8550 = FACE_BOUND('',#8551,.F.);
#8551 = EDGE_LOOP('',(#8552,#8575,#8576,#8577));
#8552 = ORIENTED_EDGE('',*,*,#8553,.T.);
#8553 = EDGE_CURVE('',#8554,#2810,#8556,.T.);
#8554 = VERTEX_POINT('',#8555);
#8555 = CARTESIAN_POINT('',(-132.540444024,41.4,54.003347230037));
#8556 = SURFACE_CURVE('',#8557,(#8561,#8568),.PCURVE_S1.);
#8557 = LINE('',#8558,#8559);
#8558 = CARTESIAN_POINT('',(-132.540444024,41.4,54.003347230037));
#8559 = VECTOR('',#8560,1.);
#8560 = DIRECTION('',(0.997780054895,0.,-6.659551075702E-02));
#8561 = PCURVE('',#2850,#8562);
#8562 = DEFINITIONAL_REPRESENTATION('',(#8563),#8567);
#8563 = LINE('',#8564,#8565);
#8564 = CARTESIAN_POINT('',(2.996652769963,-9.540444024063));
#8565 = VECTOR('',#8566,1.);
#8566 = DIRECTION('',(6.659551075702E-02,0.997780054895));
#8567 = ( GEOMETRIC_REPRESENTATION_CONTEXT(2) 
PARAMETRIC_REPRESENTATION_CONTEXT() REPRESENTATION_CONTEXT('2D SPACE',''
  ) );
#8568 = PCURVE('',#2824,#8569);
#8569 = DEFINITIONAL_REPRESENTATION('',(#8570),#8574);
#8570 = LINE('',#8571,#8572);
#8571 = CARTESIAN_POINT('',(0.,0.));
#8572 = VECTOR('',#8573,1.);
#8573 = DIRECTION('',(1.,0.));
#8574 = ( GEOMETRIC_REPRESENTATION_CONTEXT(2) 
PARAMETRIC_REPRESENTATION_CONTEXT() REPRESENTATION_CONTEXT('2D SPACE',''
  ) );
#8575 = ORIENTED_EDGE('',*,*,#2835,.T.);
#8576 = ORIENTED_EDGE('',*,*,#8477,.T.);
#8577 = ORIENTED_EDGE('',*,*,#8578,.T.);
#8578 = EDGE_CURVE('',#8478,#8554,#8579,.T.);
#8579 = SURFACE_CURVE('',#8580,(#8584,#8591),.PCURVE_S1.);
#8580 = LINE('',#8581,#8582);
#8581 = CARTESIAN_POINT('',(-132.7461486856,41.4,54.761119521415));
#8582 = VECTOR('',#8583,1.);
#8583 = DIRECTION('',(0.261978638463,0.,-0.965073672312));
#8584 = PCURVE('',#2850,#8585);
#8585 = DEFINITIONAL_REPRESENTATION('',(#8586),#8590);
#8586 = LINE('',#8587,#8588);
#8587 = CARTESIAN_POINT('',(2.238880478585,-9.74614868564));
#8588 = VECTOR('',#8589,1.);
#8589 = DIRECTION('',(0.965073672312,0.261978638463));
#8590 = ( GEOMETRIC_REPRESENTATION_CONTEXT(2) 
PARAMETRIC_REPRESENTATION_CONTEXT() REPRESENTATION_CONTEXT('2D SPACE',''
  ) );
#8591 = PCURVE('',#8538,#8592);
#8592 = DEFINITIONAL_REPRESENTATION('',(#8593),#8597);
#8593 = LINE('',#8594,#8595);
#8594 = CARTESIAN_POINT('',(0.,0.));
#8595 = VECTOR('',#8596,1.);
#8596 = DIRECTION('',(1.,0.));
#8597 = ( GEOMETRIC_REPRESENTATION_CONTEXT(2) 
PARAMETRIC_REPRESENTATION_CONTEXT() REPRESENTATION_CONTEXT('2D SPACE',''
  ) );
#8598 = ADVANCED_FACE('',(#8599),#2824,.F.);
#8599 = FACE_BOUND('',#8600,.F.);
#8600 = EDGE_LOOP('',(#8601,#8602,#8625,#8646));
#8601 = ORIENTED_EDGE('',*,*,#8553,.F.);
#8602 = ORIENTED_EDGE('',*,*,#8603,.T.);
#8603 = EDGE_CURVE('',#8554,#8604,#8606,.T.);
#8604 = VERTEX_POINT('',#8605);
#8605 = CARTESIAN_POINT('',(-132.540444024,36.2,54.003347230037));
#8606 = SURFACE_CURVE('',#8607,(#8611,#8618),.PCURVE_S1.);
#8607 = LINE('',#8608,#8609);
#8608 = CARTESIAN_POINT('',(-132.540444024,41.4,54.003347230037));
#8609 = VECTOR('',#8610,1.);
#8610 = DIRECTION('',(0.,-1.,0.));
#8611 = PCURVE('',#2824,#8612);
#8612 = DEFINITIONAL_REPRESENTATION('',(#8613),#8617);
#8613 = LINE('',#8614,#8615);
#8614 = CARTESIAN_POINT('',(0.,0.));
#8615 = VECTOR('',#8616,1.);
#8616 = DIRECTION('',(0.,-1.));
#8617 = ( GEOMETRIC_REPRESENTATION_CONTEXT(2) 
PARAMETRIC_REPRESENTATION_CONTEXT() REPRESENTATION_CONTEXT('2D SPACE',''
  ) );
#8618 = PCURVE('',#8538,#8619);
#8619 = DEFINITIONAL_REPRESENTATION('',(#8620),#8624);
#8620 = LINE('',#8621,#8622);
#8621 = CARTESIAN_POINT('',(0.785196315181,0.));
#8622 = VECTOR('',#8623,1.);
#8623 = DIRECTION('',(0.,-1.));
#8624 = ( GEOMETRIC_REPRESENTATION_CONTEXT(2) 
PARAMETRIC_REPRESENTATION_CONTEXT() REPRESENTATION_CONTEXT('2D SPACE',''
  ) );
#8625 = ORIENTED_EDGE('',*,*,#8626,.T.);
#8626 = EDGE_CURVE('',#8604,#2777,#8627,.T.);
#8627 = SURFACE_CURVE('',#8628,(#8632,#8639),.PCURVE_S1.);
#8628 = LINE('',#8629,#8630);
#8629 = CARTESIAN_POINT('',(-132.540444024,36.2,54.003347230037));
#8630 = VECTOR('',#8631,1.);
#8631 = DIRECTION('',(0.997780054895,0.,-6.659551075702E-02));
#8632 = PCURVE('',#2824,#8633);
#8633 = DEFINITIONAL_REPRESENTATION('',(#8634),#8638);
#8634 = LINE('',#8635,#8636);
#8635 = CARTESIAN_POINT('',(0.,-5.2));
#8636 = VECTOR('',#8637,1.);
#8637 = DIRECTION('',(1.,0.));
#8638 = ( GEOMETRIC_REPRESENTATION_CONTEXT(2) 
PARAMETRIC_REPRESENTATION_CONTEXT() REPRESENTATION_CONTEXT('2D SPACE',''
  ) );
#8639 = PCURVE('',#2793,#8640);
#8640 = DEFINITIONAL_REPRESENTATION('',(#8641),#8645);
#8641 = LINE('',#8642,#8643);
#8642 = CARTESIAN_POINT('',(2.996652769963,-9.540444024063));
#8643 = VECTOR('',#8644,1.);
#8644 = DIRECTION('',(6.659551075702E-02,0.997780054895));
#8645 = ( GEOMETRIC_REPRESENTATION_CONTEXT(2) 
PARAMETRIC_REPRESENTATION_CONTEXT() REPRESENTATION_CONTEXT('2D SPACE',''
  ) );
#8646 = ORIENTED_EDGE('',*,*,#2809,.T.);
#8647 = ADVANCED_FACE('',(#8648),#2793,.T.);
#8648 = FACE_BOUND('',#8649,.T.);
#8649 = EDGE_LOOP('',(#8650,#8651,#8652,#8653));
#8650 = ORIENTED_EDGE('',*,*,#8626,.T.);
#8651 = ORIENTED_EDGE('',*,*,#2776,.T.);
#8652 = ORIENTED_EDGE('',*,*,#8501,.T.);
#8653 = ORIENTED_EDGE('',*,*,#8654,.T.);
#8654 = EDGE_CURVE('',#8502,#8604,#8655,.T.);
#8655 = SURFACE_CURVE('',#8656,(#8660,#8667),.PCURVE_S1.);
#8656 = LINE('',#8657,#8658);
#8657 = CARTESIAN_POINT('',(-132.7461486856,36.2,54.761119521415));
#8658 = VECTOR('',#8659,1.);
#8659 = DIRECTION('',(0.261978638463,0.,-0.965073672312));
#8660 = PCURVE('',#2793,#8661);
#8661 = DEFINITIONAL_REPRESENTATION('',(#8662),#8666);
#8662 = LINE('',#8663,#8664);
#8663 = CARTESIAN_POINT('',(2.238880478585,-9.74614868564));
#8664 = VECTOR('',#8665,1.);
#8665 = DIRECTION('',(0.965073672312,0.261978638463));
#8666 = ( GEOMETRIC_REPRESENTATION_CONTEXT(2) 
PARAMETRIC_REPRESENTATION_CONTEXT() REPRESENTATION_CONTEXT('2D SPACE',''
  ) );
#8667 = PCURVE('',#8538,#8668);
#8668 = DEFINITIONAL_REPRESENTATION('',(#8669),#8673);
#8669 = LINE('',#8670,#8671);
#8670 = CARTESIAN_POINT('',(0.,-5.2));
#8671 = VECTOR('',#8672,1.);
#8672 = DIRECTION('',(1.,0.));
#8673 = ( GEOMETRIC_REPRESENTATION_CONTEXT(2) 
PARAMETRIC_REPRESENTATION_CONTEXT() REPRESENTATION_CONTEXT('2D SPACE',''
  ) );
#8674 = ADVANCED_FACE('',(#8675),#2885,.F.);
#8675 = FACE_BOUND('',#8676,.F.);
#8676 = EDGE_LOOP('',(#8677,#8700,#8701,#8724));
#8677 = ORIENTED_EDGE('',*,*,#8678,.F.);
#8678 = EDGE_CURVE('',#2871,#8679,#8681,.T.);
#8679 = VERTEX_POINT('',#8680);
#8680 = CARTESIAN_POINT('',(-132.995663085,41.4,56.70551826752));
#8681 = SURFACE_CURVE('',#8682,(#8686,#8693),.PCURVE_S1.);
#8682 = LINE('',#8683,#8684);
#8683 = CARTESIAN_POINT('',(-132.3,41.4,57.));
#8684 = VECTOR('',#8685,1.);
#8685 = DIRECTION('',(-0.920889929762,0.,-0.389822699779));
#8686 = PCURVE('',#2885,#8687);
#8687 = DEFINITIONAL_REPRESENTATION('',(#8688),#8692);
#8688 = LINE('',#8689,#8690);
#8689 = CARTESIAN_POINT('',(0.,0.));
#8690 = VECTOR('',#8691,1.);
#8691 = DIRECTION('',(1.,0.));
#8692 = ( GEOMETRIC_REPRESENTATION_CONTEXT(2) 
PARAMETRIC_REPRESENTATION_CONTEXT() REPRESENTATION_CONTEXT('2D SPACE',''
  ) );
#8693 = PCURVE('',#2970,#8694);
#8694 = DEFINITIONAL_REPRESENTATION('',(#8695),#8699);
#8695 = LINE('',#8696,#8697);
#8696 = CARTESIAN_POINT('',(5.684341886081E-14,-9.3));
#8697 = VECTOR('',#8698,1.);
#8698 = DIRECTION('',(0.389822699779,-0.920889929762));
#8699 = ( GEOMETRIC_REPRESENTATION_CONTEXT(2) 
PARAMETRIC_REPRESENTATION_CONTEXT() REPRESENTATION_CONTEXT('2D SPACE',''
  ) );
#8700 = ORIENTED_EDGE('',*,*,#2868,.F.);
#8701 = ORIENTED_EDGE('',*,*,#8702,.T.);
#8702 = EDGE_CURVE('',#2869,#8703,#8705,.T.);
#8703 = VERTEX_POINT('',#8704);
#8704 = CARTESIAN_POINT('',(-132.995663085,36.2,56.70551826752));
#8705 = SURFACE_CURVE('',#8706,(#8710,#8717),.PCURVE_S1.);
#8706 = LINE('',#8707,#8708);
#8707 = CARTESIAN_POINT('',(-132.3,36.2,57.));
#8708 = VECTOR('',#8709,1.);
#8709 = DIRECTION('',(-0.920889929762,0.,-0.389822699779));
#8710 = PCURVE('',#2885,#8711);
#8711 = DEFINITIONAL_REPRESENTATION('',(#8712),#8716);
#8712 = LINE('',#8713,#8714);
#8713 = CARTESIAN_POINT('',(-0.,-5.2));
#8714 = VECTOR('',#8715,1.);
#8715 = DIRECTION('',(1.,0.));
#8716 = ( GEOMETRIC_REPRESENTATION_CONTEXT(2) 
PARAMETRIC_REPRESENTATION_CONTEXT() REPRESENTATION_CONTEXT('2D SPACE',''
  ) );
#8717 = PCURVE('',#2913,#8718);
#8718 = DEFINITIONAL_REPRESENTATION('',(#8719),#8723);
#8719 = LINE('',#8720,#8721);
#8720 = CARTESIAN_POINT('',(5.684341886081E-14,-9.3));
#8721 = VECTOR('',#8722,1.);
#8722 = DIRECTION('',(0.389822699779,-0.920889929762));
#8723 = ( GEOMETRIC_REPRESENTATION_CONTEXT(2) 
PARAMETRIC_REPRESENTATION_CONTEXT() REPRESENTATION_CONTEXT('2D SPACE',''
  ) );
#8724 = ORIENTED_EDGE('',*,*,#8725,.F.);
#8725 = EDGE_CURVE('',#8679,#8703,#8726,.T.);
#8726 = SURFACE_CURVE('',#8727,(#8731,#8738),.PCURVE_S1.);
#8727 = LINE('',#8728,#8729);
#8728 = CARTESIAN_POINT('',(-132.995663085,41.4,56.70551826752));
#8729 = VECTOR('',#8730,1.);
#8730 = DIRECTION('',(0.,-1.,0.));
#8731 = PCURVE('',#2885,#8732);
#8732 = DEFINITIONAL_REPRESENTATION('',(#8733),#8737);
#8733 = LINE('',#8734,#8735);
#8734 = CARTESIAN_POINT('',(0.755424793493,0.));
#8735 = VECTOR('',#8736,1.);
#8736 = DIRECTION('',(-0.,-1.));
#8737 = ( GEOMETRIC_REPRESENTATION_CONTEXT(2) 
PARAMETRIC_REPRESENTATION_CONTEXT() REPRESENTATION_CONTEXT('2D SPACE',''
  ) );
#8738 = PCURVE('',#8739,#8744);
#8739 = PLANE('',#8740);
#8740 = AXIS2_PLACEMENT_3D('',#8741,#8742,#8743);
#8741 = CARTESIAN_POINT('',(-132.995663085,41.4,56.70551826752));
#8742 = DIRECTION('',(0.997639549247,0.,6.866825888439E-02));
#8743 = DIRECTION('',(6.866825888439E-02,0.,-0.997639549247));
#8744 = DEFINITIONAL_REPRESENTATION('',(#8745),#8749);
#8745 = LINE('',#8746,#8747);
#8746 = CARTESIAN_POINT('',(0.,0.));
#8747 = VECTOR('',#8748,1.);
#8748 = DIRECTION('',(0.,-1.));
#8749 = ( GEOMETRIC_REPRESENTATION_CONTEXT(2) 
PARAMETRIC_REPRESENTATION_CONTEXT() REPRESENTATION_CONTEXT('2D SPACE',''
  ) );
#8750 = ADVANCED_FACE('',(#8751),#2970,.F.);
#8751 = FACE_BOUND('',#8752,.F.);
#8752 = EDGE_LOOP('',(#8753,#8776,#8777,#8778));
#8753 = ORIENTED_EDGE('',*,*,#8754,.T.);
#8754 = EDGE_CURVE('',#8755,#2930,#8757,.T.);
#8755 = VERTEX_POINT('',#8756);
#8756 = CARTESIAN_POINT('',(-132.9417450211,41.4,55.922175369572));
#8757 = SURFACE_CURVE('',#8758,(#8762,#8769),.PCURVE_S1.);
#8758 = LINE('',#8759,#8760);
#8759 = CARTESIAN_POINT('',(-132.9417450211,41.4,55.922175369572));
#8760 = VECTOR('',#8761,1.);
#8761 = DIRECTION('',(0.965615851283,0.,-0.259973128902));
#8762 = PCURVE('',#2970,#8763);
#8763 = DEFINITIONAL_REPRESENTATION('',(#8764),#8768);
#8764 = LINE('',#8765,#8766);
#8765 = CARTESIAN_POINT('',(1.077824630428,-9.941745021174));
#8766 = VECTOR('',#8767,1.);
#8767 = DIRECTION('',(0.259973128902,0.965615851283));
#8768 = ( GEOMETRIC_REPRESENTATION_CONTEXT(2) 
PARAMETRIC_REPRESENTATION_CONTEXT() REPRESENTATION_CONTEXT('2D SPACE',''
  ) );
#8769 = PCURVE('',#2944,#8770);
#8770 = DEFINITIONAL_REPRESENTATION('',(#8771),#8775);
#8771 = LINE('',#8772,#8773);
#8772 = CARTESIAN_POINT('',(0.,0.));
#8773 = VECTOR('',#8774,1.);
#8774 = DIRECTION('',(1.,0.));
#8775 = ( GEOMETRIC_REPRESENTATION_CONTEXT(2) 
PARAMETRIC_REPRESENTATION_CONTEXT() REPRESENTATION_CONTEXT('2D SPACE',''
  ) );
#8776 = ORIENTED_EDGE('',*,*,#2955,.T.);
#8777 = ORIENTED_EDGE('',*,*,#8678,.T.);
#8778 = ORIENTED_EDGE('',*,*,#8779,.T.);
#8779 = EDGE_CURVE('',#8679,#8755,#8780,.T.);
#8780 = SURFACE_CURVE('',#8781,(#8785,#8792),.PCURVE_S1.);
#8781 = LINE('',#8782,#8783);
#8782 = CARTESIAN_POINT('',(-132.995663085,41.4,56.70551826752));
#8783 = VECTOR('',#8784,1.);
#8784 = DIRECTION('',(6.866825888439E-02,0.,-0.997639549247));
#8785 = PCURVE('',#2970,#8786);
#8786 = DEFINITIONAL_REPRESENTATION('',(#8787),#8791);
#8787 = LINE('',#8788,#8789);
#8788 = CARTESIAN_POINT('',(0.29448173248,-9.99566308502));
#8789 = VECTOR('',#8790,1.);
#8790 = DIRECTION('',(0.997639549247,6.866825888439E-02));
#8791 = ( GEOMETRIC_REPRESENTATION_CONTEXT(2) 
PARAMETRIC_REPRESENTATION_CONTEXT() REPRESENTATION_CONTEXT('2D SPACE',''
  ) );
#8792 = PCURVE('',#8739,#8793);
#8793 = DEFINITIONAL_REPRESENTATION('',(#8794),#8798);
#8794 = LINE('',#8795,#8796);
#8795 = CARTESIAN_POINT('',(0.,0.));
#8796 = VECTOR('',#8797,1.);
#8797 = DIRECTION('',(1.,0.));
#8798 = ( GEOMETRIC_REPRESENTATION_CONTEXT(2) 
PARAMETRIC_REPRESENTATION_CONTEXT() REPRESENTATION_CONTEXT('2D SPACE',''
  ) );
#8799 = ADVANCED_FACE('',(#8800),#2944,.F.);
#8800 = FACE_BOUND('',#8801,.F.);
#8801 = EDGE_LOOP('',(#8802,#8803,#8826,#8847));
#8802 = ORIENTED_EDGE('',*,*,#8754,.F.);
#8803 = ORIENTED_EDGE('',*,*,#8804,.T.);
#8804 = EDGE_CURVE('',#8755,#8805,#8807,.T.);
#8805 = VERTEX_POINT('',#8806);
#8806 = CARTESIAN_POINT('',(-132.9417450211,36.2,55.922175369572));
#8807 = SURFACE_CURVE('',#8808,(#8812,#8819),.PCURVE_S1.);
#8808 = LINE('',#8809,#8810);
#8809 = CARTESIAN_POINT('',(-132.9417450211,41.4,55.922175369572));
#8810 = VECTOR('',#8811,1.);
#8811 = DIRECTION('',(0.,-1.,0.));
#8812 = PCURVE('',#2944,#8813);
#8813 = DEFINITIONAL_REPRESENTATION('',(#8814),#8818);
#8814 = LINE('',#8815,#8816);
#8815 = CARTESIAN_POINT('',(0.,0.));
#8816 = VECTOR('',#8817,1.);
#8817 = DIRECTION('',(0.,-1.));
#8818 = ( GEOMETRIC_REPRESENTATION_CONTEXT(2) 
PARAMETRIC_REPRESENTATION_CONTEXT() REPRESENTATION_CONTEXT('2D SPACE',''
  ) );
#8819 = PCURVE('',#8739,#8820);
#8820 = DEFINITIONAL_REPRESENTATION('',(#8821),#8825);
#8821 = LINE('',#8822,#8823);
#8822 = CARTESIAN_POINT('',(0.785196315181,0.));
#8823 = VECTOR('',#8824,1.);
#8824 = DIRECTION('',(0.,-1.));
#8825 = ( GEOMETRIC_REPRESENTATION_CONTEXT(2) 
PARAMETRIC_REPRESENTATION_CONTEXT() REPRESENTATION_CONTEXT('2D SPACE',''
  ) );
#8826 = ORIENTED_EDGE('',*,*,#8827,.T.);
#8827 = EDGE_CURVE('',#8805,#2897,#8828,.T.);
#8828 = SURFACE_CURVE('',#8829,(#8833,#8840),.PCURVE_S1.);
#8829 = LINE('',#8830,#8831);
#8830 = CARTESIAN_POINT('',(-132.9417450211,36.2,55.922175369572));
#8831 = VECTOR('',#8832,1.);
#8832 = DIRECTION('',(0.965615851283,0.,-0.259973128902));
#8833 = PCURVE('',#2944,#8834);
#8834 = DEFINITIONAL_REPRESENTATION('',(#8835),#8839);
#8835 = LINE('',#8836,#8837);
#8836 = CARTESIAN_POINT('',(0.,-5.2));
#8837 = VECTOR('',#8838,1.);
#8838 = DIRECTION('',(1.,0.));
#8839 = ( GEOMETRIC_REPRESENTATION_CONTEXT(2) 
PARAMETRIC_REPRESENTATION_CONTEXT() REPRESENTATION_CONTEXT('2D SPACE',''
  ) );
#8840 = PCURVE('',#2913,#8841);
#8841 = DEFINITIONAL_REPRESENTATION('',(#8842),#8846);
#8842 = LINE('',#8843,#8844);
#8843 = CARTESIAN_POINT('',(1.077824630428,-9.941745021174));
#8844 = VECTOR('',#8845,1.);
#8845 = DIRECTION('',(0.259973128902,0.965615851283));
#8846 = ( GEOMETRIC_REPRESENTATION_CONTEXT(2) 
PARAMETRIC_REPRESENTATION_CONTEXT() REPRESENTATION_CONTEXT('2D SPACE',''
  ) );
#8847 = ORIENTED_EDGE('',*,*,#2929,.T.);
#8848 = ADVANCED_FACE('',(#8849),#2913,.T.);
#8849 = FACE_BOUND('',#8850,.T.);
#8850 = EDGE_LOOP('',(#8851,#8852,#8853,#8854));
#8851 = ORIENTED_EDGE('',*,*,#8827,.T.);
#8852 = ORIENTED_EDGE('',*,*,#2896,.T.);
#8853 = ORIENTED_EDGE('',*,*,#8702,.T.);
#8854 = ORIENTED_EDGE('',*,*,#8855,.T.);
#8855 = EDGE_CURVE('',#8703,#8805,#8856,.T.);
#8856 = SURFACE_CURVE('',#8857,(#8861,#8868),.PCURVE_S1.);
#8857 = LINE('',#8858,#8859);
#8858 = CARTESIAN_POINT('',(-132.995663085,36.2,56.70551826752));
#8859 = VECTOR('',#8860,1.);
#8860 = DIRECTION('',(6.866825888439E-02,0.,-0.997639549247));
#8861 = PCURVE('',#2913,#8862);
#8862 = DEFINITIONAL_REPRESENTATION('',(#8863),#8867);
#8863 = LINE('',#8864,#8865);
#8864 = CARTESIAN_POINT('',(0.29448173248,-9.99566308502));
#8865 = VECTOR('',#8866,1.);
#8866 = DIRECTION('',(0.997639549247,6.866825888439E-02));
#8867 = ( GEOMETRIC_REPRESENTATION_CONTEXT(2) 
PARAMETRIC_REPRESENTATION_CONTEXT() REPRESENTATION_CONTEXT('2D SPACE',''
  ) );
#8868 = PCURVE('',#8739,#8869);
#8869 = DEFINITIONAL_REPRESENTATION('',(#8870),#8874);
#8870 = LINE('',#8871,#8872);
#8871 = CARTESIAN_POINT('',(0.,-5.2));
#8872 = VECTOR('',#8873,1.);
#8873 = DIRECTION('',(1.,0.));
#8874 = ( GEOMETRIC_REPRESENTATION_CONTEXT(2) 
PARAMETRIC_REPRESENTATION_CONTEXT() REPRESENTATION_CONTEXT('2D SPACE',''
  ) );
#8875 = ADVANCED_FACE('',(#8876),#3005,.F.);
#8876 = FACE_BOUND('',#8877,.F.);
#8877 = EDGE_LOOP('',(#8878,#8901,#8902,#8925));
#8878 = ORIENTED_EDGE('',*,*,#8879,.F.);
#8879 = EDGE_CURVE('',#2991,#8880,#8882,.T.);
#8880 = VERTEX_POINT('',#8881);
#8881 = CARTESIAN_POINT('',(-132.8610497576,41.4,58.661233781458));
#8882 = SURFACE_CURVE('',#8883,(#8887,#8894),.PCURVE_S1.);
#8883 = LINE('',#8884,#8885);
#8884 = CARTESIAN_POINT('',(-132.1213031077,41.4,58.81433999475));
#8885 = VECTOR('',#8886,1.);
#8886 = DIRECTION('',(-0.979245924011,0.,-0.202675652972));
#8887 = PCURVE('',#3005,#8888);
#8888 = DEFINITIONAL_REPRESENTATION('',(#8889),#8893);
#8889 = LINE('',#8890,#8891);
#8890 = CARTESIAN_POINT('',(0.,0.));
#8891 = VECTOR('',#8892,1.);
#8892 = DIRECTION('',(1.,0.));
#8893 = ( GEOMETRIC_REPRESENTATION_CONTEXT(2) 
PARAMETRIC_REPRESENTATION_CONTEXT() REPRESENTATION_CONTEXT('2D SPACE',''
  ) );
#8894 = PCURVE('',#3090,#8895);
#8895 = DEFINITIONAL_REPRESENTATION('',(#8896),#8900);
#8896 = LINE('',#8897,#8898);
#8897 = CARTESIAN_POINT('',(-1.81433999475,-9.12130310775));
#8898 = VECTOR('',#8899,1.);
#8899 = DIRECTION('',(0.202675652972,-0.979245924011));
#8900 = ( GEOMETRIC_REPRESENTATION_CONTEXT(2) 
PARAMETRIC_REPRESENTATION_CONTEXT() REPRESENTATION_CONTEXT('2D SPACE',''
  ) );
#8901 = ORIENTED_EDGE('',*,*,#2988,.F.);
#8902 = ORIENTED_EDGE('',*,*,#8903,.T.);
#8903 = EDGE_CURVE('',#2989,#8904,#8906,.T.);
#8904 = VERTEX_POINT('',#8905);
#8905 = CARTESIAN_POINT('',(-132.8610497576,36.2,58.661233781458));
#8906 = SURFACE_CURVE('',#8907,(#8911,#8918),.PCURVE_S1.);
#8907 = LINE('',#8908,#8909);
#8908 = CARTESIAN_POINT('',(-132.1213031077,36.2,58.81433999475));
#8909 = VECTOR('',#8910,1.);
#8910 = DIRECTION('',(-0.979245924011,0.,-0.202675652972));
#8911 = PCURVE('',#3005,#8912);
#8912 = DEFINITIONAL_REPRESENTATION('',(#8913),#8917);
#8913 = LINE('',#8914,#8915);
#8914 = CARTESIAN_POINT('',(-0.,-5.2));
#8915 = VECTOR('',#8916,1.);
#8916 = DIRECTION('',(1.,0.));
#8917 = ( GEOMETRIC_REPRESENTATION_CONTEXT(2) 
PARAMETRIC_REPRESENTATION_CONTEXT() REPRESENTATION_CONTEXT('2D SPACE',''
  ) );
#8918 = PCURVE('',#3033,#8919);
#8919 = DEFINITIONAL_REPRESENTATION('',(#8920),#8924);
#8920 = LINE('',#8921,#8922);
#8921 = CARTESIAN_POINT('',(-1.81433999475,-9.12130310775));
#8922 = VECTOR('',#8923,1.);
#8923 = DIRECTION('',(0.202675652972,-0.979245924011));
#8924 = ( GEOMETRIC_REPRESENTATION_CONTEXT(2) 
PARAMETRIC_REPRESENTATION_CONTEXT() REPRESENTATION_CONTEXT('2D SPACE',''
  ) );
#8925 = ORIENTED_EDGE('',*,*,#8926,.F.);
#8926 = EDGE_CURVE('',#8880,#8904,#8927,.T.);
#8927 = SURFACE_CURVE('',#8928,(#8932,#8939),.PCURVE_S1.);
#8928 = LINE('',#8929,#8930);
#8929 = CARTESIAN_POINT('',(-132.8610497576,41.4,58.661233781458));
#8930 = VECTOR('',#8931,1.);
#8931 = DIRECTION('',(0.,-1.,0.));
#8932 = PCURVE('',#3005,#8933);
#8933 = DEFINITIONAL_REPRESENTATION('',(#8934),#8938);
#8934 = LINE('',#8935,#8936);
#8935 = CARTESIAN_POINT('',(0.755424793493,0.));
#8936 = VECTOR('',#8937,1.);
#8937 = DIRECTION('',(-0.,-1.));
#8938 = ( GEOMETRIC_REPRESENTATION_CONTEXT(2) 
PARAMETRIC_REPRESENTATION_CONTEXT() REPRESENTATION_CONTEXT('2D SPACE',''
  ) );
#8939 = PCURVE('',#8940,#8945);
#8940 = PLANE('',#8941);
#8941 = AXIS2_PLACEMENT_3D('',#8942,#8943,#8944);
#8942 = CARTESIAN_POINT('',(-132.8610497576,41.4,58.661233781458));
#8943 = DIRECTION('',(0.991866697788,0.,-0.127281003374));
#8944 = DIRECTION('',(-0.127281003374,0.,-0.991866697788));
#8945 = DEFINITIONAL_REPRESENTATION('',(#8946),#8950);
#8946 = LINE('',#8947,#8948);
#8947 = CARTESIAN_POINT('',(0.,0.));
#8948 = VECTOR('',#8949,1.);
#8949 = DIRECTION('',(-0.,-1.));
#8950 = ( GEOMETRIC_REPRESENTATION_CONTEXT(2) 
PARAMETRIC_REPRESENTATION_CONTEXT() REPRESENTATION_CONTEXT('2D SPACE',''
  ) );
#8951 = ADVANCED_FACE('',(#8952),#3090,.F.);
#8952 = FACE_BOUND('',#8953,.F.);
#8953 = EDGE_LOOP('',(#8954,#8955,#8956,#8979));
#8954 = ORIENTED_EDGE('',*,*,#3075,.T.);
#8955 = ORIENTED_EDGE('',*,*,#8879,.T.);
#8956 = ORIENTED_EDGE('',*,*,#8957,.T.);
#8957 = EDGE_CURVE('',#8880,#8958,#8960,.T.);
#8958 = VERTEX_POINT('',#8959);
#8959 = CARTESIAN_POINT('',(-132.9609903325,41.4,57.882423705204));
#8960 = SURFACE_CURVE('',#8961,(#8965,#8972),.PCURVE_S1.);
#8961 = LINE('',#8962,#8963);
#8962 = CARTESIAN_POINT('',(-132.8610497576,41.4,58.661233781458));
#8963 = VECTOR('',#8964,1.);
#8964 = DIRECTION('',(-0.127281003374,0.,-0.991866697788));
#8965 = PCURVE('',#3090,#8966);
#8966 = DEFINITIONAL_REPRESENTATION('',(#8967),#8971);
#8967 = LINE('',#8968,#8969);
#8968 = CARTESIAN_POINT('',(-1.661233781458,-9.861049757675));
#8969 = VECTOR('',#8970,1.);
#8970 = DIRECTION('',(0.991866697788,-0.127281003374));
#8971 = ( GEOMETRIC_REPRESENTATION_CONTEXT(2) 
PARAMETRIC_REPRESENTATION_CONTEXT() REPRESENTATION_CONTEXT('2D SPACE',''
  ) );
#8972 = PCURVE('',#8940,#8973);
#8973 = DEFINITIONAL_REPRESENTATION('',(#8974),#8978);
#8974 = LINE('',#8975,#8976);
#8975 = CARTESIAN_POINT('',(0.,0.));
#8976 = VECTOR('',#8977,1.);
#8977 = DIRECTION('',(1.,0.));
#8978 = ( GEOMETRIC_REPRESENTATION_CONTEXT(2) 
PARAMETRIC_REPRESENTATION_CONTEXT() REPRESENTATION_CONTEXT('2D SPACE',''
  ) );
#8979 = ORIENTED_EDGE('',*,*,#8980,.T.);
#8980 = EDGE_CURVE('',#8958,#3050,#8981,.T.);
#8981 = SURFACE_CURVE('',#8982,(#8986,#8993),.PCURVE_S1.);
#8982 = LINE('',#8983,#8984);
#8983 = CARTESIAN_POINT('',(-132.9609903325,41.4,57.882423705204));
#8984 = VECTOR('',#8985,1.);
#8985 = DIRECTION('',(0.896343572029,0.,-0.443360125498));
#8986 = PCURVE('',#3090,#8987);
#8987 = DEFINITIONAL_REPRESENTATION('',(#8988),#8992);
#8988 = LINE('',#8989,#8990);
#8989 = CARTESIAN_POINT('',(-0.882423705204,-9.960990332517));
#8990 = VECTOR('',#8991,1.);
#8991 = DIRECTION('',(0.443360125498,0.896343572029));
#8992 = ( GEOMETRIC_REPRESENTATION_CONTEXT(2) 
PARAMETRIC_REPRESENTATION_CONTEXT() REPRESENTATION_CONTEXT('2D SPACE',''
  ) );
#8993 = PCURVE('',#3064,#8994);
#8994 = DEFINITIONAL_REPRESENTATION('',(#8995),#8999);
#8995 = LINE('',#8996,#8997);
#8996 = CARTESIAN_POINT('',(0.,0.));
#8997 = VECTOR('',#8998,1.);
#8998 = DIRECTION('',(1.,0.));
#8999 = ( GEOMETRIC_REPRESENTATION_CONTEXT(2) 
PARAMETRIC_REPRESENTATION_CONTEXT() REPRESENTATION_CONTEXT('2D SPACE',''
  ) );
#9000 = ADVANCED_FACE('',(#9001),#3064,.F.);
#9001 = FACE_BOUND('',#9002,.F.);
#9002 = EDGE_LOOP('',(#9003,#9004,#9027,#9048));
#9003 = ORIENTED_EDGE('',*,*,#8980,.F.);
#9004 = ORIENTED_EDGE('',*,*,#9005,.T.);
#9005 = EDGE_CURVE('',#8958,#9006,#9008,.T.);
#9006 = VERTEX_POINT('',#9007);
#9007 = CARTESIAN_POINT('',(-132.9609903325,36.2,57.882423705204));
#9008 = SURFACE_CURVE('',#9009,(#9013,#9020),.PCURVE_S1.);
#9009 = LINE('',#9010,#9011);
#9010 = CARTESIAN_POINT('',(-132.9609903325,41.4,57.882423705204));
#9011 = VECTOR('',#9012,1.);
#9012 = DIRECTION('',(0.,-1.,0.));
#9013 = PCURVE('',#3064,#9014);
#9014 = DEFINITIONAL_REPRESENTATION('',(#9015),#9019);
#9015 = LINE('',#9016,#9017);
#9016 = CARTESIAN_POINT('',(0.,0.));
#9017 = VECTOR('',#9018,1.);
#9018 = DIRECTION('',(0.,-1.));
#9019 = ( GEOMETRIC_REPRESENTATION_CONTEXT(2) 
PARAMETRIC_REPRESENTATION_CONTEXT() REPRESENTATION_CONTEXT('2D SPACE',''
  ) );
#9020 = PCURVE('',#8940,#9021);
#9021 = DEFINITIONAL_REPRESENTATION('',(#9022),#9026);
#9022 = LINE('',#9023,#9024);
#9023 = CARTESIAN_POINT('',(0.785196315181,0.));
#9024 = VECTOR('',#9025,1.);
#9025 = DIRECTION('',(-0.,-1.));
#9026 = ( GEOMETRIC_REPRESENTATION_CONTEXT(2) 
PARAMETRIC_REPRESENTATION_CONTEXT() REPRESENTATION_CONTEXT('2D SPACE',''
  ) );
#9027 = ORIENTED_EDGE('',*,*,#9028,.T.);
#9028 = EDGE_CURVE('',#9006,#3017,#9029,.T.);
#9029 = SURFACE_CURVE('',#9030,(#9034,#9041),.PCURVE_S1.);
#9030 = LINE('',#9031,#9032);
#9031 = CARTESIAN_POINT('',(-132.9609903325,36.2,57.882423705204));
#9032 = VECTOR('',#9033,1.);
#9033 = DIRECTION('',(0.896343572029,0.,-0.443360125498));
#9034 = PCURVE('',#3064,#9035);
#9035 = DEFINITIONAL_REPRESENTATION('',(#9036),#9040);
#9036 = LINE('',#9037,#9038);
#9037 = CARTESIAN_POINT('',(0.,-5.2));
#9038 = VECTOR('',#9039,1.);
#9039 = DIRECTION('',(1.,0.));
#9040 = ( GEOMETRIC_REPRESENTATION_CONTEXT(2) 
PARAMETRIC_REPRESENTATION_CONTEXT() REPRESENTATION_CONTEXT('2D SPACE',''
  ) );
#9041 = PCURVE('',#3033,#9042);
#9042 = DEFINITIONAL_REPRESENTATION('',(#9043),#9047);
#9043 = LINE('',#9044,#9045);
#9044 = CARTESIAN_POINT('',(-0.882423705204,-9.960990332517));
#9045 = VECTOR('',#9046,1.);
#9046 = DIRECTION('',(0.443360125498,0.896343572029));
#9047 = ( GEOMETRIC_REPRESENTATION_CONTEXT(2) 
PARAMETRIC_REPRESENTATION_CONTEXT() REPRESENTATION_CONTEXT('2D SPACE',''
  ) );
#9048 = ORIENTED_EDGE('',*,*,#3049,.T.);
#9049 = ADVANCED_FACE('',(#9050),#3033,.T.);
#9050 = FACE_BOUND('',#9051,.T.);
#9051 = EDGE_LOOP('',(#9052,#9053,#9054,#9075));
#9052 = ORIENTED_EDGE('',*,*,#3016,.T.);
#9053 = ORIENTED_EDGE('',*,*,#8903,.T.);
#9054 = ORIENTED_EDGE('',*,*,#9055,.T.);
#9055 = EDGE_CURVE('',#8904,#9006,#9056,.T.);
#9056 = SURFACE_CURVE('',#9057,(#9061,#9068),.PCURVE_S1.);
#9057 = LINE('',#9058,#9059);
#9058 = CARTESIAN_POINT('',(-132.8610497576,36.2,58.661233781458));
#9059 = VECTOR('',#9060,1.);
#9060 = DIRECTION('',(-0.127281003374,0.,-0.991866697788));
#9061 = PCURVE('',#3033,#9062);
#9062 = DEFINITIONAL_REPRESENTATION('',(#9063),#9067);
#9063 = LINE('',#9064,#9065);
#9064 = CARTESIAN_POINT('',(-1.661233781458,-9.861049757675));
#9065 = VECTOR('',#9066,1.);
#9066 = DIRECTION('',(0.991866697788,-0.127281003374));
#9067 = ( GEOMETRIC_REPRESENTATION_CONTEXT(2) 
PARAMETRIC_REPRESENTATION_CONTEXT() REPRESENTATION_CONTEXT('2D SPACE',''
  ) );
#9068 = PCURVE('',#8940,#9069);
#9069 = DEFINITIONAL_REPRESENTATION('',(#9070),#9074);
#9070 = LINE('',#9071,#9072);
#9071 = CARTESIAN_POINT('',(-0.,-5.2));
#9072 = VECTOR('',#9073,1.);
#9073 = DIRECTION('',(1.,0.));
#9074 = ( GEOMETRIC_REPRESENTATION_CONTEXT(2) 
PARAMETRIC_REPRESENTATION_CONTEXT() REPRESENTATION_CONTEXT('2D SPACE',''
  ) );
#9075 = ORIENTED_EDGE('',*,*,#9028,.T.);
#9076 = ADVANCED_FACE('',(#9077),#3125,.F.);
#9077 = FACE_BOUND('',#9078,.F.);
#9078 = EDGE_LOOP('',(#9079,#9102,#9103,#9126));
#9079 = ORIENTED_EDGE('',*,*,#9080,.F.);
#9080 = EDGE_CURVE('',#3111,#9081,#9083,.T.);
#9081 = VERTEX_POINT('',#9082);
#9082 = CARTESIAN_POINT('',(-132.3474818182,41.4,60.553109012804));
#9083 = SURFACE_CURVE('',#9084,(#9088,#9095),.PCURVE_S1.);
#9084 = LINE('',#9085,#9086);
#9085 = CARTESIAN_POINT('',(-131.5920796523,41.4,60.558955920995));
#9086 = VECTOR('',#9087,1.);
#9087 = DIRECTION('',(-0.999970046568,0.,-7.739894482597E-03));
#9088 = PCURVE('',#3125,#9089);
#9089 = DEFINITIONAL_REPRESENTATION('',(#9090),#9094);
#9090 = LINE('',#9091,#9092);
#9091 = CARTESIAN_POINT('',(0.,0.));
#9092 = VECTOR('',#9093,1.);
#9093 = DIRECTION('',(1.,0.));
#9094 = ( GEOMETRIC_REPRESENTATION_CONTEXT(2) 
PARAMETRIC_REPRESENTATION_CONTEXT() REPRESENTATION_CONTEXT('2D SPACE',''
  ) );
#9095 = PCURVE('',#3210,#9096);
#9096 = DEFINITIONAL_REPRESENTATION('',(#9097),#9101);
#9097 = LINE('',#9098,#9099);
#9098 = CARTESIAN_POINT('',(-3.558955920995,-8.592079652355));
#9099 = VECTOR('',#9100,1.);
#9100 = DIRECTION('',(7.739894482597E-03,-0.999970046568));
#9101 = ( GEOMETRIC_REPRESENTATION_CONTEXT(2) 
PARAMETRIC_REPRESENTATION_CONTEXT() REPRESENTATION_CONTEXT('2D SPACE',''
  ) );
#9102 = ORIENTED_EDGE('',*,*,#3108,.F.);
#9103 = ORIENTED_EDGE('',*,*,#9104,.T.);
#9104 = EDGE_CURVE('',#3109,#9105,#9107,.T.);
#9105 = VERTEX_POINT('',#9106);
#9106 = CARTESIAN_POINT('',(-132.3474818182,36.2,60.553109012804));
#9107 = SURFACE_CURVE('',#9108,(#9112,#9119),.PCURVE_S1.);
#9108 = LINE('',#9109,#9110);
#9109 = CARTESIAN_POINT('',(-131.5920796523,36.2,60.558955920995));
#9110 = VECTOR('',#9111,1.);
#9111 = DIRECTION('',(-0.999970046568,0.,-7.739894482597E-03));
#9112 = PCURVE('',#3125,#9113);
#9113 = DEFINITIONAL_REPRESENTATION('',(#9114),#9118);
#9114 = LINE('',#9115,#9116);
#9115 = CARTESIAN_POINT('',(-0.,-5.2));
#9116 = VECTOR('',#9117,1.);
#9117 = DIRECTION('',(1.,0.));
#9118 = ( GEOMETRIC_REPRESENTATION_CONTEXT(2) 
PARAMETRIC_REPRESENTATION_CONTEXT() REPRESENTATION_CONTEXT('2D SPACE',''
  ) );
#9119 = PCURVE('',#3153,#9120);
#9120 = DEFINITIONAL_REPRESENTATION('',(#9121),#9125);
#9121 = LINE('',#9122,#9123);
#9122 = CARTESIAN_POINT('',(-3.558955920995,-8.592079652355));
#9123 = VECTOR('',#9124,1.);
#9124 = DIRECTION('',(7.739894482597E-03,-0.999970046568));
#9125 = ( GEOMETRIC_REPRESENTATION_CONTEXT(2) 
PARAMETRIC_REPRESENTATION_CONTEXT() REPRESENTATION_CONTEXT('2D SPACE',''
  ) );
#9126 = ORIENTED_EDGE('',*,*,#9127,.F.);
#9127 = EDGE_CURVE('',#9081,#9105,#9128,.T.);
#9128 = SURFACE_CURVE('',#9129,(#9133,#9140),.PCURVE_S1.);
#9129 = LINE('',#9130,#9131);
#9130 = CARTESIAN_POINT('',(-132.3474818182,41.4,60.553109012804));
#9131 = VECTOR('',#9132,1.);
#9132 = DIRECTION('',(0.,-1.,0.));
#9133 = PCURVE('',#3125,#9134);
#9134 = DEFINITIONAL_REPRESENTATION('',(#9135),#9139);
#9135 = LINE('',#9136,#9137);
#9136 = CARTESIAN_POINT('',(0.755424793493,0.));
#9137 = VECTOR('',#9138,1.);
#9138 = DIRECTION('',(-0.,-1.));
#9139 = ( GEOMETRIC_REPRESENTATION_CONTEXT(2) 
PARAMETRIC_REPRESENTATION_CONTEXT() REPRESENTATION_CONTEXT('2D SPACE',''
  ) );
#9140 = PCURVE('',#9141,#9146);
#9141 = PLANE('',#9142);
#9142 = AXIS2_PLACEMENT_3D('',#9143,#9144,#9145);
#9143 = CARTESIAN_POINT('',(-132.3474818182,41.4,60.553109012804));
#9144 = DIRECTION('',(0.947976965378,0.,-0.318338928053));
#9145 = DIRECTION('',(-0.318338928053,0.,-0.947976965378));
#9146 = DEFINITIONAL_REPRESENTATION('',(#9147),#9151);
#9147 = LINE('',#9148,#9149);
#9148 = CARTESIAN_POINT('',(0.,0.));
#9149 = VECTOR('',#9150,1.);
#9150 = DIRECTION('',(-0.,-1.));
#9151 = ( GEOMETRIC_REPRESENTATION_CONTEXT(2) 
PARAMETRIC_REPRESENTATION_CONTEXT() REPRESENTATION_CONTEXT('2D SPACE',''
  ) );
#9152 = ADVANCED_FACE('',(#9153),#3210,.F.);
#9153 = FACE_BOUND('',#9154,.F.);
#9154 = EDGE_LOOP('',(#9155,#9156,#9157,#9180));
#9155 = ORIENTED_EDGE('',*,*,#3195,.T.);
#9156 = ORIENTED_EDGE('',*,*,#9080,.T.);
#9157 = ORIENTED_EDGE('',*,*,#9158,.T.);
#9158 = EDGE_CURVE('',#9081,#9159,#9161,.T.);
#9159 = VERTEX_POINT('',#9160);
#9160 = CARTESIAN_POINT('',(-132.5974403715,41.4,59.808760992713));
#9161 = SURFACE_CURVE('',#9162,(#9166,#9173),.PCURVE_S1.);
#9162 = LINE('',#9163,#9164);
#9163 = CARTESIAN_POINT('',(-132.3474818182,41.4,60.553109012804));
#9164 = VECTOR('',#9165,1.);
#9165 = DIRECTION('',(-0.318338928053,0.,-0.947976965378));
#9166 = PCURVE('',#3210,#9167);
#9167 = DEFINITIONAL_REPRESENTATION('',(#9168),#9172);
#9168 = LINE('',#9169,#9170);
#9169 = CARTESIAN_POINT('',(-3.553109012804,-9.347481818283));
#9170 = VECTOR('',#9171,1.);
#9171 = DIRECTION('',(0.947976965378,-0.318338928053));
#9172 = ( GEOMETRIC_REPRESENTATION_CONTEXT(2) 
PARAMETRIC_REPRESENTATION_CONTEXT() REPRESENTATION_CONTEXT('2D SPACE',''
  ) );
#9173 = PCURVE('',#9141,#9174);
#9174 = DEFINITIONAL_REPRESENTATION('',(#9175),#9179);
#9175 = LINE('',#9176,#9177);
#9176 = CARTESIAN_POINT('',(0.,0.));
#9177 = VECTOR('',#9178,1.);
#9178 = DIRECTION('',(1.,0.));
#9179 = ( GEOMETRIC_REPRESENTATION_CONTEXT(2) 
PARAMETRIC_REPRESENTATION_CONTEXT() REPRESENTATION_CONTEXT('2D SPACE',''
  ) );
#9180 = ORIENTED_EDGE('',*,*,#9181,.T.);
#9181 = EDGE_CURVE('',#9159,#3170,#9182,.T.);
#9182 = SURFACE_CURVE('',#9183,(#9187,#9194),.PCURVE_S1.);
#9183 = LINE('',#9184,#9185);
#9184 = CARTESIAN_POINT('',(-132.5974403715,41.4,59.808760992713));
#9185 = VECTOR('',#9186,1.);
#9186 = DIRECTION('',(0.792625311978,0.,-0.609709041111));
#9187 = PCURVE('',#3210,#9188);
#9188 = DEFINITIONAL_REPRESENTATION('',(#9189),#9193);
#9189 = LINE('',#9190,#9191);
#9190 = CARTESIAN_POINT('',(-2.808760992713,-9.597440371569));
#9191 = VECTOR('',#9192,1.);
#9192 = DIRECTION('',(0.609709041111,0.792625311978));
#9193 = ( GEOMETRIC_REPRESENTATION_CONTEXT(2) 
PARAMETRIC_REPRESENTATION_CONTEXT() REPRESENTATION_CONTEXT('2D SPACE',''
  ) );
#9194 = PCURVE('',#3184,#9195);
#9195 = DEFINITIONAL_REPRESENTATION('',(#9196),#9200);
#9196 = LINE('',#9197,#9198);
#9197 = CARTESIAN_POINT('',(0.,0.));
#9198 = VECTOR('',#9199,1.);
#9199 = DIRECTION('',(1.,0.));
#9200 = ( GEOMETRIC_REPRESENTATION_CONTEXT(2) 
PARAMETRIC_REPRESENTATION_CONTEXT() REPRESENTATION_CONTEXT('2D SPACE',''
  ) );
#9201 = ADVANCED_FACE('',(#9202),#3184,.F.);
#9202 = FACE_BOUND('',#9203,.F.);
#9203 = EDGE_LOOP('',(#9204,#9205,#9228,#9249));
#9204 = ORIENTED_EDGE('',*,*,#9181,.F.);
#9205 = ORIENTED_EDGE('',*,*,#9206,.T.);
#9206 = EDGE_CURVE('',#9159,#9207,#9209,.T.);
#9207 = VERTEX_POINT('',#9208);
#9208 = CARTESIAN_POINT('',(-132.5974403715,36.2,59.808760992713));
#9209 = SURFACE_CURVE('',#9210,(#9214,#9221),.PCURVE_S1.);
#9210 = LINE('',#9211,#9212);
#9211 = CARTESIAN_POINT('',(-132.5974403715,41.4,59.808760992713));
#9212 = VECTOR('',#9213,1.);
#9213 = DIRECTION('',(0.,-1.,0.));
#9214 = PCURVE('',#3184,#9215);
#9215 = DEFINITIONAL_REPRESENTATION('',(#9216),#9220);
#9216 = LINE('',#9217,#9218);
#9217 = CARTESIAN_POINT('',(0.,0.));
#9218 = VECTOR('',#9219,1.);
#9219 = DIRECTION('',(0.,-1.));
#9220 = ( GEOMETRIC_REPRESENTATION_CONTEXT(2) 
PARAMETRIC_REPRESENTATION_CONTEXT() REPRESENTATION_CONTEXT('2D SPACE',''
  ) );
#9221 = PCURVE('',#9141,#9222);
#9222 = DEFINITIONAL_REPRESENTATION('',(#9223),#9227);
#9223 = LINE('',#9224,#9225);
#9224 = CARTESIAN_POINT('',(0.785196315181,0.));
#9225 = VECTOR('',#9226,1.);
#9226 = DIRECTION('',(-0.,-1.));
#9227 = ( GEOMETRIC_REPRESENTATION_CONTEXT(2) 
PARAMETRIC_REPRESENTATION_CONTEXT() REPRESENTATION_CONTEXT('2D SPACE',''
  ) );
#9228 = ORIENTED_EDGE('',*,*,#9229,.T.);
#9229 = EDGE_CURVE('',#9207,#3137,#9230,.T.);
#9230 = SURFACE_CURVE('',#9231,(#9235,#9242),.PCURVE_S1.);
#9231 = LINE('',#9232,#9233);
#9232 = CARTESIAN_POINT('',(-132.5974403715,36.2,59.808760992713));
#9233 = VECTOR('',#9234,1.);
#9234 = DIRECTION('',(0.792625311978,0.,-0.609709041111));
#9235 = PCURVE('',#3184,#9236);
#9236 = DEFINITIONAL_REPRESENTATION('',(#9237),#9241);
#9237 = LINE('',#9238,#9239);
#9238 = CARTESIAN_POINT('',(0.,-5.2));
#9239 = VECTOR('',#9240,1.);
#9240 = DIRECTION('',(1.,0.));
#9241 = ( GEOMETRIC_REPRESENTATION_CONTEXT(2) 
PARAMETRIC_REPRESENTATION_CONTEXT() REPRESENTATION_CONTEXT('2D SPACE',''
  ) );
#9242 = PCURVE('',#3153,#9243);
#9243 = DEFINITIONAL_REPRESENTATION('',(#9244),#9248);
#9244 = LINE('',#9245,#9246);
#9245 = CARTESIAN_POINT('',(-2.808760992713,-9.597440371569));
#9246 = VECTOR('',#9247,1.);
#9247 = DIRECTION('',(0.609709041111,0.792625311978));
#9248 = ( GEOMETRIC_REPRESENTATION_CONTEXT(2) 
PARAMETRIC_REPRESENTATION_CONTEXT() REPRESENTATION_CONTEXT('2D SPACE',''
  ) );
#9249 = ORIENTED_EDGE('',*,*,#3169,.T.);
#9250 = ADVANCED_FACE('',(#9251),#3153,.T.);
#9251 = FACE_BOUND('',#9252,.T.);
#9252 = EDGE_LOOP('',(#9253,#9254,#9255,#9276));
#9253 = ORIENTED_EDGE('',*,*,#3136,.T.);
#9254 = ORIENTED_EDGE('',*,*,#9104,.T.);
#9255 = ORIENTED_EDGE('',*,*,#9256,.T.);
#9256 = EDGE_CURVE('',#9105,#9207,#9257,.T.);
#9257 = SURFACE_CURVE('',#9258,(#9262,#9269),.PCURVE_S1.);
#9258 = LINE('',#9259,#9260);
#9259 = CARTESIAN_POINT('',(-132.3474818182,36.2,60.553109012804));
#9260 = VECTOR('',#9261,1.);
#9261 = DIRECTION('',(-0.318338928053,0.,-0.947976965378));
#9262 = PCURVE('',#3153,#9263);
#9263 = DEFINITIONAL_REPRESENTATION('',(#9264),#9268);
#9264 = LINE('',#9265,#9266);
#9265 = CARTESIAN_POINT('',(-3.553109012804,-9.347481818283));
#9266 = VECTOR('',#9267,1.);
#9267 = DIRECTION('',(0.947976965378,-0.318338928053));
#9268 = ( GEOMETRIC_REPRESENTATION_CONTEXT(2) 
PARAMETRIC_REPRESENTATION_CONTEXT() REPRESENTATION_CONTEXT('2D SPACE',''
  ) );
#9269 = PCURVE('',#9141,#9270);
#9270 = DEFINITIONAL_REPRESENTATION('',(#9271),#9275);
#9271 = LINE('',#9272,#9273);
#9272 = CARTESIAN_POINT('',(-0.,-5.2));
#9273 = VECTOR('',#9274,1.);
#9274 = DIRECTION('',(1.,0.));
#9275 = ( GEOMETRIC_REPRESENTATION_CONTEXT(2) 
PARAMETRIC_REPRESENTATION_CONTEXT() REPRESENTATION_CONTEXT('2D SPACE',''
  ) );
#9276 = ORIENTED_EDGE('',*,*,#9229,.T.);
#9277 = ADVANCED_FACE('',(#9278),#3245,.F.);
#9278 = FACE_BOUND('',#9279,.F.);
#9279 = EDGE_LOOP('',(#9280,#9303,#9304,#9327));
#9280 = ORIENTED_EDGE('',*,*,#9281,.F.);
#9281 = EDGE_CURVE('',#3231,#9282,#9284,.T.);
#9282 = VERTEX_POINT('',#9283);
#9283 = CARTESIAN_POINT('',(-131.4746953947,41.4,62.308440257395));
#9284 = SURFACE_CURVE('',#9285,(#9289,#9296),.PCURVE_S1.);
#9285 = LINE('',#9286,#9287);
#9286 = CARTESIAN_POINT('',(-130.7326673944,41.4,62.166803167082));
#9287 = VECTOR('',#9288,1.);
#9288 = DIRECTION('',(-0.982265881025,0.,0.187493303811));
#9289 = PCURVE('',#3245,#9290);
#9290 = DEFINITIONAL_REPRESENTATION('',(#9291),#9295);
#9291 = LINE('',#9292,#9293);
#9292 = CARTESIAN_POINT('',(0.,0.));
#9293 = VECTOR('',#9294,1.);
#9294 = DIRECTION('',(1.,0.));
#9295 = ( GEOMETRIC_REPRESENTATION_CONTEXT(2) 
PARAMETRIC_REPRESENTATION_CONTEXT() REPRESENTATION_CONTEXT('2D SPACE',''
  ) );
#9296 = PCURVE('',#3330,#9297);
#9297 = DEFINITIONAL_REPRESENTATION('',(#9298),#9302);
#9298 = LINE('',#9299,#9300);
#9299 = CARTESIAN_POINT('',(-5.166803167082,-7.732667394414));
#9300 = VECTOR('',#9301,1.);
#9301 = DIRECTION('',(-0.187493303811,-0.982265881025));
#9302 = ( GEOMETRIC_REPRESENTATION_CONTEXT(2) 
PARAMETRIC_REPRESENTATION_CONTEXT() REPRESENTATION_CONTEXT('2D SPACE',''
  ) );
#9303 = ORIENTED_EDGE('',*,*,#3228,.F.);
#9304 = ORIENTED_EDGE('',*,*,#9305,.T.);
#9305 = EDGE_CURVE('',#3229,#9306,#9308,.T.);
#9306 = VERTEX_POINT('',#9307);
#9307 = CARTESIAN_POINT('',(-131.4746953947,36.2,62.308440257395));
#9308 = SURFACE_CURVE('',#9309,(#9313,#9320),.PCURVE_S1.);
#9309 = LINE('',#9310,#9311);
#9310 = CARTESIAN_POINT('',(-130.7326673944,36.2,62.166803167082));
#9311 = VECTOR('',#9312,1.);
#9312 = DIRECTION('',(-0.982265881025,0.,0.187493303811));
#9313 = PCURVE('',#3245,#9314);
#9314 = DEFINITIONAL_REPRESENTATION('',(#9315),#9319);
#9315 = LINE('',#9316,#9317);
#9316 = CARTESIAN_POINT('',(0.,-5.2));
#9317 = VECTOR('',#9318,1.);
#9318 = DIRECTION('',(1.,0.));
#9319 = ( GEOMETRIC_REPRESENTATION_CONTEXT(2) 
PARAMETRIC_REPRESENTATION_CONTEXT() REPRESENTATION_CONTEXT('2D SPACE',''
  ) );
#9320 = PCURVE('',#3273,#9321);
#9321 = DEFINITIONAL_REPRESENTATION('',(#9322),#9326);
#9322 = LINE('',#9323,#9324);
#9323 = CARTESIAN_POINT('',(-5.166803167082,-7.732667394414));
#9324 = VECTOR('',#9325,1.);
#9325 = DIRECTION('',(-0.187493303811,-0.982265881025));
#9326 = ( GEOMETRIC_REPRESENTATION_CONTEXT(2) 
PARAMETRIC_REPRESENTATION_CONTEXT() REPRESENTATION_CONTEXT('2D SPACE',''
  ) );
#9327 = ORIENTED_EDGE('',*,*,#9328,.F.);
#9328 = EDGE_CURVE('',#9282,#9306,#9329,.T.);
#9329 = SURFACE_CURVE('',#9330,(#9334,#9341),.PCURVE_S1.);
#9330 = LINE('',#9331,#9332);
#9331 = CARTESIAN_POINT('',(-131.4746953947,41.4,62.308440257395));
#9332 = VECTOR('',#9333,1.);
#9333 = DIRECTION('',(0.,-1.,0.));
#9334 = PCURVE('',#3245,#9335);
#9335 = DEFINITIONAL_REPRESENTATION('',(#9336),#9340);
#9336 = LINE('',#9337,#9338);
#9337 = CARTESIAN_POINT('',(0.755424793493,0.));
#9338 = VECTOR('',#9339,1.);
#9339 = DIRECTION('',(0.,-1.));
#9340 = ( GEOMETRIC_REPRESENTATION_CONTEXT(2) 
PARAMETRIC_REPRESENTATION_CONTEXT() REPRESENTATION_CONTEXT('2D SPACE',''
  ) );
#9341 = PCURVE('',#9342,#9347);
#9342 = PLANE('',#9343);
#9343 = AXIS2_PLACEMENT_3D('',#9344,#9345,#9346);
#9344 = CARTESIAN_POINT('',(-131.4746953947,41.4,62.308440257395));
#9345 = DIRECTION('',(0.86765700982,0.,-0.497163266253));
#9346 = DIRECTION('',(-0.497163266253,0.,-0.86765700982));
#9347 = DEFINITIONAL_REPRESENTATION('',(#9348),#9352);
#9348 = LINE('',#9349,#9350);
#9349 = CARTESIAN_POINT('',(0.,0.));
#9350 = VECTOR('',#9351,1.);
#9351 = DIRECTION('',(-0.,-1.));
#9352 = ( GEOMETRIC_REPRESENTATION_CONTEXT(2) 
PARAMETRIC_REPRESENTATION_CONTEXT() REPRESENTATION_CONTEXT('2D SPACE',''
  ) );
#9353 = ADVANCED_FACE('',(#9354),#3330,.F.);
#9354 = FACE_BOUND('',#9355,.F.);
#9355 = EDGE_LOOP('',(#9356,#9357,#9358,#9381));
#9356 = ORIENTED_EDGE('',*,*,#3315,.T.);
#9357 = ORIENTED_EDGE('',*,*,#9281,.T.);
#9358 = ORIENTED_EDGE('',*,*,#9359,.T.);
#9359 = EDGE_CURVE('',#9282,#9360,#9362,.T.);
#9360 = VERTEX_POINT('',#9361);
#9361 = CARTESIAN_POINT('',(-131.8650661594,41.4,61.627159170444));
#9362 = SURFACE_CURVE('',#9363,(#9367,#9374),.PCURVE_S1.);
#9363 = LINE('',#9364,#9365);
#9364 = CARTESIAN_POINT('',(-131.4746953947,41.4,62.308440257395));
#9365 = VECTOR('',#9366,1.);
#9366 = DIRECTION('',(-0.497163266253,0.,-0.86765700982));
#9367 = PCURVE('',#3330,#9368);
#9368 = DEFINITIONAL_REPRESENTATION('',(#9369),#9373);
#9369 = LINE('',#9370,#9371);
#9370 = CARTESIAN_POINT('',(-5.308440257395,-8.474695394742));
#9371 = VECTOR('',#9372,1.);
#9372 = DIRECTION('',(0.86765700982,-0.497163266253));
#9373 = ( GEOMETRIC_REPRESENTATION_CONTEXT(2) 
PARAMETRIC_REPRESENTATION_CONTEXT() REPRESENTATION_CONTEXT('2D SPACE',''
  ) );
#9374 = PCURVE('',#9342,#9375);
#9375 = DEFINITIONAL_REPRESENTATION('',(#9376),#9380);
#9376 = LINE('',#9377,#9378);
#9377 = CARTESIAN_POINT('',(0.,0.));
#9378 = VECTOR('',#9379,1.);
#9379 = DIRECTION('',(1.,0.));
#9380 = ( GEOMETRIC_REPRESENTATION_CONTEXT(2) 
PARAMETRIC_REPRESENTATION_CONTEXT() REPRESENTATION_CONTEXT('2D SPACE',''
  ) );
#9381 = ORIENTED_EDGE('',*,*,#9382,.T.);
#9382 = EDGE_CURVE('',#9360,#3290,#9383,.T.);
#9383 = SURFACE_CURVE('',#9384,(#9388,#9395),.PCURVE_S1.);
#9384 = LINE('',#9385,#9386);
#9385 = CARTESIAN_POINT('',(-131.8650661594,41.4,61.627159170444));
#9386 = VECTOR('',#9387,1.);
#9387 = DIRECTION('',(0.658446905696,0.,-0.752627180202));
#9388 = PCURVE('',#3330,#9389);
#9389 = DEFINITIONAL_REPRESENTATION('',(#9390),#9394);
#9390 = LINE('',#9391,#9392);
#9391 = CARTESIAN_POINT('',(-4.627159170443,-8.865066159447));
#9392 = VECTOR('',#9393,1.);
#9393 = DIRECTION('',(0.752627180202,0.658446905696));
#9394 = ( GEOMETRIC_REPRESENTATION_CONTEXT(2) 
PARAMETRIC_REPRESENTATION_CONTEXT() REPRESENTATION_CONTEXT('2D SPACE',''
  ) );
#9395 = PCURVE('',#3304,#9396);
#9396 = DEFINITIONAL_REPRESENTATION('',(#9397),#9401);
#9397 = LINE('',#9398,#9399);
#9398 = CARTESIAN_POINT('',(0.,0.));
#9399 = VECTOR('',#9400,1.);
#9400 = DIRECTION('',(1.,0.));
#9401 = ( GEOMETRIC_REPRESENTATION_CONTEXT(2) 
PARAMETRIC_REPRESENTATION_CONTEXT() REPRESENTATION_CONTEXT('2D SPACE',''
  ) );
#9402 = ADVANCED_FACE('',(#9403),#3304,.F.);
#9403 = FACE_BOUND('',#9404,.F.);
#9404 = EDGE_LOOP('',(#9405,#9406,#9429,#9450));
#9405 = ORIENTED_EDGE('',*,*,#9382,.F.);
#9406 = ORIENTED_EDGE('',*,*,#9407,.T.);
#9407 = EDGE_CURVE('',#9360,#9408,#9410,.T.);
#9408 = VERTEX_POINT('',#9409);
#9409 = CARTESIAN_POINT('',(-131.8650661594,36.2,61.627159170444));
#9410 = SURFACE_CURVE('',#9411,(#9415,#9422),.PCURVE_S1.);
#9411 = LINE('',#9412,#9413);
#9412 = CARTESIAN_POINT('',(-131.8650661594,41.4,61.627159170444));
#9413 = VECTOR('',#9414,1.);
#9414 = DIRECTION('',(0.,-1.,0.));
#9415 = PCURVE('',#3304,#9416);
#9416 = DEFINITIONAL_REPRESENTATION('',(#9417),#9421);
#9417 = LINE('',#9418,#9419);
#9418 = CARTESIAN_POINT('',(0.,0.));
#9419 = VECTOR('',#9420,1.);
#9420 = DIRECTION('',(0.,-1.));
#9421 = ( GEOMETRIC_REPRESENTATION_CONTEXT(2) 
PARAMETRIC_REPRESENTATION_CONTEXT() REPRESENTATION_CONTEXT('2D SPACE',''
  ) );
#9422 = PCURVE('',#9342,#9423);
#9423 = DEFINITIONAL_REPRESENTATION('',(#9424),#9428);
#9424 = LINE('',#9425,#9426);
#9425 = CARTESIAN_POINT('',(0.785196315181,0.));
#9426 = VECTOR('',#9427,1.);
#9427 = DIRECTION('',(-0.,-1.));
#9428 = ( GEOMETRIC_REPRESENTATION_CONTEXT(2) 
PARAMETRIC_REPRESENTATION_CONTEXT() REPRESENTATION_CONTEXT('2D SPACE',''
  ) );
#9429 = ORIENTED_EDGE('',*,*,#9430,.T.);
#9430 = EDGE_CURVE('',#9408,#3257,#9431,.T.);
#9431 = SURFACE_CURVE('',#9432,(#9436,#9443),.PCURVE_S1.);
#9432 = LINE('',#9433,#9434);
#9433 = CARTESIAN_POINT('',(-131.8650661594,36.2,61.627159170444));
#9434 = VECTOR('',#9435,1.);
#9435 = DIRECTION('',(0.658446905696,0.,-0.752627180202));
#9436 = PCURVE('',#3304,#9437);
#9437 = DEFINITIONAL_REPRESENTATION('',(#9438),#9442);
#9438 = LINE('',#9439,#9440);
#9439 = CARTESIAN_POINT('',(0.,-5.2));
#9440 = VECTOR('',#9441,1.);
#9441 = DIRECTION('',(1.,0.));
#9442 = ( GEOMETRIC_REPRESENTATION_CONTEXT(2) 
PARAMETRIC_REPRESENTATION_CONTEXT() REPRESENTATION_CONTEXT('2D SPACE',''
  ) );
#9443 = PCURVE('',#3273,#9444);
#9444 = DEFINITIONAL_REPRESENTATION('',(#9445),#9449);
#9445 = LINE('',#9446,#9447);
#9446 = CARTESIAN_POINT('',(-4.627159170443,-8.865066159447));
#9447 = VECTOR('',#9448,1.);
#9448 = DIRECTION('',(0.752627180202,0.658446905696));
#9449 = ( GEOMETRIC_REPRESENTATION_CONTEXT(2) 
PARAMETRIC_REPRESENTATION_CONTEXT() REPRESENTATION_CONTEXT('2D SPACE',''
  ) );
#9450 = ORIENTED_EDGE('',*,*,#3289,.T.);
#9451 = ADVANCED_FACE('',(#9452),#3273,.T.);
#9452 = FACE_BOUND('',#9453,.T.);
#9453 = EDGE_LOOP('',(#9454,#9455,#9456,#9477));
#9454 = ORIENTED_EDGE('',*,*,#3256,.T.);
#9455 = ORIENTED_EDGE('',*,*,#9305,.T.);
#9456 = ORIENTED_EDGE('',*,*,#9457,.T.);
#9457 = EDGE_CURVE('',#9306,#9408,#9458,.T.);
#9458 = SURFACE_CURVE('',#9459,(#9463,#9470),.PCURVE_S1.);
#9459 = LINE('',#9460,#9461);
#9460 = CARTESIAN_POINT('',(-131.4746953947,36.2,62.308440257395));
#9461 = VECTOR('',#9462,1.);
#9462 = DIRECTION('',(-0.497163266253,0.,-0.86765700982));
#9463 = PCURVE('',#3273,#9464);
#9464 = DEFINITIONAL_REPRESENTATION('',(#9465),#9469);
#9465 = LINE('',#9466,#9467);
#9466 = CARTESIAN_POINT('',(-5.308440257395,-8.474695394742));
#9467 = VECTOR('',#9468,1.);
#9468 = DIRECTION('',(0.86765700982,-0.497163266253));
#9469 = ( GEOMETRIC_REPRESENTATION_CONTEXT(2) 
PARAMETRIC_REPRESENTATION_CONTEXT() REPRESENTATION_CONTEXT('2D SPACE',''
  ) );
#9470 = PCURVE('',#9342,#9471);
#9471 = DEFINITIONAL_REPRESENTATION('',(#9472),#9476);
#9472 = LINE('',#9473,#9474);
#9473 = CARTESIAN_POINT('',(-0.,-5.2));
#9474 = VECTOR('',#9475,1.);
#9475 = DIRECTION('',(1.,0.));
#9476 = ( GEOMETRIC_REPRESENTATION_CONTEXT(2) 
PARAMETRIC_REPRESENTATION_CONTEXT() REPRESENTATION_CONTEXT('2D SPACE',''
  ) );
#9477 = ORIENTED_EDGE('',*,*,#9430,.T.);
#9478 = ADVANCED_FACE('',(#9479),#3365,.F.);
#9479 = FACE_BOUND('',#9480,.F.);
#9480 = EDGE_LOOP('',(#9481,#9504,#9505,#9528));
#9481 = ORIENTED_EDGE('',*,*,#9482,.F.);
#9482 = EDGE_CURVE('',#3351,#9483,#9485,.T.);
#9483 = VERTEX_POINT('',#9484);
#9484 = CARTESIAN_POINT('',(-130.2762311798,41.4,63.859771119902));
#9485 = SURFACE_CURVE('',#9486,(#9490,#9497),.PCURVE_S1.);
#9486 = LINE('',#9487,#9488);
#9487 = CARTESIAN_POINT('',(-129.576093065,41.4,63.576093065035));
#9488 = VECTOR('',#9489,1.);
#9489 = DIRECTION('',(-0.926813788535,0.,0.375521239587));
#9490 = PCURVE('',#3365,#9491);
#9491 = DEFINITIONAL_REPRESENTATION('',(#9492),#9496);
#9492 = LINE('',#9493,#9494);
#9493 = CARTESIAN_POINT('',(0.,0.));
#9494 = VECTOR('',#9495,1.);
#9495 = DIRECTION('',(1.,0.));
#9496 = ( GEOMETRIC_REPRESENTATION_CONTEXT(2) 
PARAMETRIC_REPRESENTATION_CONTEXT() REPRESENTATION_CONTEXT('2D SPACE',''
  ) );
#9497 = PCURVE('',#3450,#9498);
#9498 = DEFINITIONAL_REPRESENTATION('',(#9499),#9503);
#9499 = LINE('',#9500,#9501);
#9500 = CARTESIAN_POINT('',(-6.576093065035,-6.576093065035));
#9501 = VECTOR('',#9502,1.);
#9502 = DIRECTION('',(-0.375521239587,-0.926813788535));
#9503 = ( GEOMETRIC_REPRESENTATION_CONTEXT(2) 
PARAMETRIC_REPRESENTATION_CONTEXT() REPRESENTATION_CONTEXT('2D SPACE',''
  ) );
#9504 = ORIENTED_EDGE('',*,*,#3348,.F.);
#9505 = ORIENTED_EDGE('',*,*,#9506,.T.);
#9506 = EDGE_CURVE('',#3349,#9507,#9509,.T.);
#9507 = VERTEX_POINT('',#9508);
#9508 = CARTESIAN_POINT('',(-130.2762311798,36.2,63.859771119902));
#9509 = SURFACE_CURVE('',#9510,(#9514,#9521),.PCURVE_S1.);
#9510 = LINE('',#9511,#9512);
#9511 = CARTESIAN_POINT('',(-129.576093065,36.2,63.576093065035));
#9512 = VECTOR('',#9513,1.);
#9513 = DIRECTION('',(-0.926813788535,0.,0.375521239587));
#9514 = PCURVE('',#3365,#9515);
#9515 = DEFINITIONAL_REPRESENTATION('',(#9516),#9520);
#9516 = LINE('',#9517,#9518);
#9517 = CARTESIAN_POINT('',(0.,-5.2));
#9518 = VECTOR('',#9519,1.);
#9519 = DIRECTION('',(1.,0.));
#9520 = ( GEOMETRIC_REPRESENTATION_CONTEXT(2) 
PARAMETRIC_REPRESENTATION_CONTEXT() REPRESENTATION_CONTEXT('2D SPACE',''
  ) );
#9521 = PCURVE('',#3393,#9522);
#9522 = DEFINITIONAL_REPRESENTATION('',(#9523),#9527);
#9523 = LINE('',#9524,#9525);
#9524 = CARTESIAN_POINT('',(-6.576093065035,-6.576093065035));
#9525 = VECTOR('',#9526,1.);
#9526 = DIRECTION('',(-0.375521239587,-0.926813788535));
#9527 = ( GEOMETRIC_REPRESENTATION_CONTEXT(2) 
PARAMETRIC_REPRESENTATION_CONTEXT() REPRESENTATION_CONTEXT('2D SPACE',''
  ) );
#9528 = ORIENTED_EDGE('',*,*,#9529,.F.);
#9529 = EDGE_CURVE('',#9483,#9507,#9530,.T.);
#9530 = SURFACE_CURVE('',#9531,(#9535,#9542),.PCURVE_S1.);
#9531 = LINE('',#9532,#9533);
#9532 = CARTESIAN_POINT('',(-130.2762311798,41.4,63.859771119902));
#9533 = VECTOR('',#9534,1.);
#9534 = DIRECTION('',(0.,-1.,0.));
#9535 = PCURVE('',#3365,#9536);
#9536 = DEFINITIONAL_REPRESENTATION('',(#9537),#9541);
#9537 = LINE('',#9538,#9539);
#9538 = CARTESIAN_POINT('',(0.755424793493,0.));
#9539 = VECTOR('',#9540,1.);
#9540 = DIRECTION('',(0.,-1.));
#9541 = ( GEOMETRIC_REPRESENTATION_CONTEXT(2) 
PARAMETRIC_REPRESENTATION_CONTEXT() REPRESENTATION_CONTEXT('2D SPACE',''
  ) );
#9542 = PCURVE('',#9543,#9548);
#9543 = PLANE('',#9544);
#9544 = AXIS2_PLACEMENT_3D('',#9545,#9546,#9547);
#9545 = CARTESIAN_POINT('',(-130.2762311798,41.4,63.859771119902));
#9546 = DIRECTION('',(0.753993481962,0.,-0.656881898943));
#9547 = DIRECTION('',(-0.656881898943,0.,-0.753993481962));
#9548 = DEFINITIONAL_REPRESENTATION('',(#9549),#9553);
#9549 = LINE('',#9550,#9551);
#9550 = CARTESIAN_POINT('',(0.,0.));
#9551 = VECTOR('',#9552,1.);
#9552 = DIRECTION('',(-0.,-1.));
#9553 = ( GEOMETRIC_REPRESENTATION_CONTEXT(2) 
PARAMETRIC_REPRESENTATION_CONTEXT() REPRESENTATION_CONTEXT('2D SPACE',''
  ) );
#9554 = ADVANCED_FACE('',(#9555),#3450,.F.);
#9555 = FACE_BOUND('',#9556,.F.);
#9556 = EDGE_LOOP('',(#9557,#9558,#9559,#9582));
#9557 = ORIENTED_EDGE('',*,*,#3435,.T.);
#9558 = ORIENTED_EDGE('',*,*,#9482,.T.);
#9559 = ORIENTED_EDGE('',*,*,#9560,.T.);
#9560 = EDGE_CURVE('',#9483,#9561,#9563,.T.);
#9561 = VERTEX_POINT('',#9562);
#9562 = CARTESIAN_POINT('',(-130.7920124264,41.4,63.267738216195));
#9563 = SURFACE_CURVE('',#9564,(#9568,#9575),.PCURVE_S1.);
#9564 = LINE('',#9565,#9566);
#9565 = CARTESIAN_POINT('',(-130.2762311798,41.4,63.859771119902));
#9566 = VECTOR('',#9567,1.);
#9567 = DIRECTION('',(-0.656881898943,0.,-0.753993481962));
#9568 = PCURVE('',#3450,#9569);
#9569 = DEFINITIONAL_REPRESENTATION('',(#9570),#9574);
#9570 = LINE('',#9571,#9572);
#9571 = CARTESIAN_POINT('',(-6.859771119902,-7.276231179846));
#9572 = VECTOR('',#9573,1.);
#9573 = DIRECTION('',(0.753993481962,-0.656881898943));
#9574 = ( GEOMETRIC_REPRESENTATION_CONTEXT(2) 
PARAMETRIC_REPRESENTATION_CONTEXT() REPRESENTATION_CONTEXT('2D SPACE',''
  ) );
#9575 = PCURVE('',#9543,#9576);
#9576 = DEFINITIONAL_REPRESENTATION('',(#9577),#9581);
#9577 = LINE('',#9578,#9579);
#9578 = CARTESIAN_POINT('',(0.,0.));
#9579 = VECTOR('',#9580,1.);
#9580 = DIRECTION('',(1.,0.));
#9581 = ( GEOMETRIC_REPRESENTATION_CONTEXT(2) 
PARAMETRIC_REPRESENTATION_CONTEXT() REPRESENTATION_CONTEXT('2D SPACE',''
  ) );
#9582 = ORIENTED_EDGE('',*,*,#9583,.T.);
#9583 = EDGE_CURVE('',#9561,#3410,#9584,.T.);
#9584 = SURFACE_CURVE('',#9585,(#9589,#9596),.PCURVE_S1.);
#9585 = LINE('',#9586,#9587);
#9586 = CARTESIAN_POINT('',(-130.7920124264,41.4,63.267738216195));
#9587 = VECTOR('',#9588,1.);
#9588 = DIRECTION('',(0.49896475409,0.,-0.866622278836));
#9589 = PCURVE('',#3450,#9590);
#9590 = DEFINITIONAL_REPRESENTATION('',(#9591),#9595);
#9591 = LINE('',#9592,#9593);
#9592 = CARTESIAN_POINT('',(-6.267738216195,-7.792012426405));
#9593 = VECTOR('',#9594,1.);
#9594 = DIRECTION('',(0.866622278836,0.49896475409));
#9595 = ( GEOMETRIC_REPRESENTATION_CONTEXT(2) 
PARAMETRIC_REPRESENTATION_CONTEXT() REPRESENTATION_CONTEXT('2D SPACE',''
  ) );
#9596 = PCURVE('',#3424,#9597);
#9597 = DEFINITIONAL_REPRESENTATION('',(#9598),#9602);
#9598 = LINE('',#9599,#9600);
#9599 = CARTESIAN_POINT('',(0.,0.));
#9600 = VECTOR('',#9601,1.);
#9601 = DIRECTION('',(1.,0.));
#9602 = ( GEOMETRIC_REPRESENTATION_CONTEXT(2) 
PARAMETRIC_REPRESENTATION_CONTEXT() REPRESENTATION_CONTEXT('2D SPACE',''
  ) );
#9603 = ADVANCED_FACE('',(#9604),#3424,.F.);
#9604 = FACE_BOUND('',#9605,.F.);
#9605 = EDGE_LOOP('',(#9606,#9607,#9630,#9651));
#9606 = ORIENTED_EDGE('',*,*,#9583,.F.);
#9607 = ORIENTED_EDGE('',*,*,#9608,.T.);
#9608 = EDGE_CURVE('',#9561,#9609,#9611,.T.);
#9609 = VERTEX_POINT('',#9610);
#9610 = CARTESIAN_POINT('',(-130.7920124264,36.2,63.267738216195));
#9611 = SURFACE_CURVE('',#9612,(#9616,#9623),.PCURVE_S1.);
#9612 = LINE('',#9613,#9614);
#9613 = CARTESIAN_POINT('',(-130.7920124264,41.4,63.267738216195));
#9614 = VECTOR('',#9615,1.);
#9615 = DIRECTION('',(0.,-1.,0.));
#9616 = PCURVE('',#3424,#9617);
#9617 = DEFINITIONAL_REPRESENTATION('',(#9618),#9622);
#9618 = LINE('',#9619,#9620);
#9619 = CARTESIAN_POINT('',(0.,0.));
#9620 = VECTOR('',#9621,1.);
#9621 = DIRECTION('',(0.,-1.));
#9622 = ( GEOMETRIC_REPRESENTATION_CONTEXT(2) 
PARAMETRIC_REPRESENTATION_CONTEXT() REPRESENTATION_CONTEXT('2D SPACE',''
  ) );
#9623 = PCURVE('',#9543,#9624);
#9624 = DEFINITIONAL_REPRESENTATION('',(#9625),#9629);
#9625 = LINE('',#9626,#9627);
#9626 = CARTESIAN_POINT('',(0.785196315181,0.));
#9627 = VECTOR('',#9628,1.);
#9628 = DIRECTION('',(-0.,-1.));
#9629 = ( GEOMETRIC_REPRESENTATION_CONTEXT(2) 
PARAMETRIC_REPRESENTATION_CONTEXT() REPRESENTATION_CONTEXT('2D SPACE',''
  ) );
#9630 = ORIENTED_EDGE('',*,*,#9631,.T.);
#9631 = EDGE_CURVE('',#9609,#3377,#9632,.T.);
#9632 = SURFACE_CURVE('',#9633,(#9637,#9644),.PCURVE_S1.);
#9633 = LINE('',#9634,#9635);
#9634 = CARTESIAN_POINT('',(-130.7920124264,36.2,63.267738216195));
#9635 = VECTOR('',#9636,1.);
#9636 = DIRECTION('',(0.49896475409,0.,-0.866622278836));
#9637 = PCURVE('',#3424,#9638);
#9638 = DEFINITIONAL_REPRESENTATION('',(#9639),#9643);
#9639 = LINE('',#9640,#9641);
#9640 = CARTESIAN_POINT('',(0.,-5.2));
#9641 = VECTOR('',#9642,1.);
#9642 = DIRECTION('',(1.,0.));
#9643 = ( GEOMETRIC_REPRESENTATION_CONTEXT(2) 
PARAMETRIC_REPRESENTATION_CONTEXT() REPRESENTATION_CONTEXT('2D SPACE',''
  ) );
#9644 = PCURVE('',#3393,#9645);
#9645 = DEFINITIONAL_REPRESENTATION('',(#9646),#9650);
#9646 = LINE('',#9647,#9648);
#9647 = CARTESIAN_POINT('',(-6.267738216195,-7.792012426405));
#9648 = VECTOR('',#9649,1.);
#9649 = DIRECTION('',(0.866622278836,0.49896475409));
#9650 = ( GEOMETRIC_REPRESENTATION_CONTEXT(2) 
PARAMETRIC_REPRESENTATION_CONTEXT() REPRESENTATION_CONTEXT('2D SPACE',''
  ) );
#9651 = ORIENTED_EDGE('',*,*,#3409,.T.);
#9652 = ADVANCED_FACE('',(#9653),#3393,.T.);
#9653 = FACE_BOUND('',#9654,.T.);
#9654 = EDGE_LOOP('',(#9655,#9656,#9657,#9678));
#9655 = ORIENTED_EDGE('',*,*,#3376,.T.);
#9656 = ORIENTED_EDGE('',*,*,#9506,.T.);
#9657 = ORIENTED_EDGE('',*,*,#9658,.T.);
#9658 = EDGE_CURVE('',#9507,#9609,#9659,.T.);
#9659 = SURFACE_CURVE('',#9660,(#9664,#9671),.PCURVE_S1.);
#9660 = LINE('',#9661,#9662);
#9661 = CARTESIAN_POINT('',(-130.2762311798,36.2,63.859771119902));
#9662 = VECTOR('',#9663,1.);
#9663 = DIRECTION('',(-0.656881898943,0.,-0.753993481962));
#9664 = PCURVE('',#3393,#9665);
#9665 = DEFINITIONAL_REPRESENTATION('',(#9666),#9670);
#9666 = LINE('',#9667,#9668);
#9667 = CARTESIAN_POINT('',(-6.859771119902,-7.276231179846));
#9668 = VECTOR('',#9669,1.);
#9669 = DIRECTION('',(0.753993481962,-0.656881898943));
#9670 = ( GEOMETRIC_REPRESENTATION_CONTEXT(2) 
PARAMETRIC_REPRESENTATION_CONTEXT() REPRESENTATION_CONTEXT('2D SPACE',''
  ) );
#9671 = PCURVE('',#9543,#9672);
#9672 = DEFINITIONAL_REPRESENTATION('',(#9673),#9677);
#9673 = LINE('',#9674,#9675);
#9674 = CARTESIAN_POINT('',(-0.,-5.2));
#9675 = VECTOR('',#9676,1.);
#9676 = DIRECTION('',(1.,0.));
#9677 = ( GEOMETRIC_REPRESENTATION_CONTEXT(2) 
PARAMETRIC_REPRESENTATION_CONTEXT() REPRESENTATION_CONTEXT('2D SPACE',''
  ) );
#9678 = ORIENTED_EDGE('',*,*,#9631,.T.);
#9679 = ADVANCED_FACE('',(#9680),#3485,.F.);
#9680 = FACE_BOUND('',#9681,.F.);
#9681 = EDGE_LOOP('',(#9682,#9705,#9706,#9729));
#9682 = ORIENTED_EDGE('',*,*,#9683,.F.);
#9683 = EDGE_CURVE('',#3471,#9684,#9686,.T.);
#9684 = VERTEX_POINT('',#9685);
#9685 = CARTESIAN_POINT('',(-128.7981454812,41.4,65.147484825275));
#9686 = SURFACE_CURVE('',#9687,(#9691,#9698),.PCURVE_S1.);
#9687 = LINE('',#9688,#9689);
#9688 = CARTESIAN_POINT('',(-128.166803167,41.4,64.732667394414));
#9689 = VECTOR('',#9690,1.);
#9690 = DIRECTION('',(-0.835744761915,0.,0.54911810472));
#9691 = PCURVE('',#3485,#9692);
#9692 = DEFINITIONAL_REPRESENTATION('',(#9693),#9697);
#9693 = LINE('',#9694,#9695);
#9694 = CARTESIAN_POINT('',(0.,0.));
#9695 = VECTOR('',#9696,1.);
#9696 = DIRECTION('',(1.,0.));
#9697 = ( GEOMETRIC_REPRESENTATION_CONTEXT(2) 
PARAMETRIC_REPRESENTATION_CONTEXT() REPRESENTATION_CONTEXT('2D SPACE',''
  ) );
#9698 = PCURVE('',#3570,#9699);
#9699 = DEFINITIONAL_REPRESENTATION('',(#9700),#9704);
#9700 = LINE('',#9701,#9702);
#9701 = CARTESIAN_POINT('',(-7.732667394414,-5.166803167082));
#9702 = VECTOR('',#9703,1.);
#9703 = DIRECTION('',(-0.54911810472,-0.835744761915));
#9704 = ( GEOMETRIC_REPRESENTATION_CONTEXT(2) 
PARAMETRIC_REPRESENTATION_CONTEXT() REPRESENTATION_CONTEXT('2D SPACE',''
  ) );
#9705 = ORIENTED_EDGE('',*,*,#3468,.F.);
#9706 = ORIENTED_EDGE('',*,*,#9707,.T.);
#9707 = EDGE_CURVE('',#3469,#9708,#9710,.T.);
#9708 = VERTEX_POINT('',#9709);
#9709 = CARTESIAN_POINT('',(-128.7981454812,36.2,65.147484825275));
#9710 = SURFACE_CURVE('',#9711,(#9715,#9722),.PCURVE_S1.);
#9711 = LINE('',#9712,#9713);
#9712 = CARTESIAN_POINT('',(-128.166803167,36.2,64.732667394414));
#9713 = VECTOR('',#9714,1.);
#9714 = DIRECTION('',(-0.835744761915,0.,0.54911810472));
#9715 = PCURVE('',#3485,#9716);
#9716 = DEFINITIONAL_REPRESENTATION('',(#9717),#9721);
#9717 = LINE('',#9718,#9719);
#9718 = CARTESIAN_POINT('',(0.,-5.2));
#9719 = VECTOR('',#9720,1.);
#9720 = DIRECTION('',(1.,0.));
#9721 = ( GEOMETRIC_REPRESENTATION_CONTEXT(2) 
PARAMETRIC_REPRESENTATION_CONTEXT() REPRESENTATION_CONTEXT('2D SPACE',''
  ) );
#9722 = PCURVE('',#3513,#9723);
#9723 = DEFINITIONAL_REPRESENTATION('',(#9724),#9728);
#9724 = LINE('',#9725,#9726);
#9725 = CARTESIAN_POINT('',(-7.732667394414,-5.166803167082));
#9726 = VECTOR('',#9727,1.);
#9727 = DIRECTION('',(-0.54911810472,-0.835744761915));
#9728 = ( GEOMETRIC_REPRESENTATION_CONTEXT(2) 
PARAMETRIC_REPRESENTATION_CONTEXT() REPRESENTATION_CONTEXT('2D SPACE',''
  ) );
#9729 = ORIENTED_EDGE('',*,*,#9730,.F.);
#9730 = EDGE_CURVE('',#9684,#9708,#9731,.T.);
#9731 = SURFACE_CURVE('',#9732,(#9736,#9743),.PCURVE_S1.);
#9732 = LINE('',#9733,#9734);
#9733 = CARTESIAN_POINT('',(-128.7981454812,41.4,65.147484825275));
#9734 = VECTOR('',#9735,1.);
#9735 = DIRECTION('',(0.,-1.,0.));
#9736 = PCURVE('',#3485,#9737);
#9737 = DEFINITIONAL_REPRESENTATION('',(#9738),#9742);
#9738 = LINE('',#9739,#9740);
#9739 = CARTESIAN_POINT('',(0.755424793493,0.));
#9740 = VECTOR('',#9741,1.);
#9741 = DIRECTION('',(0.,-1.));
#9742 = ( GEOMETRIC_REPRESENTATION_CONTEXT(2) 
PARAMETRIC_REPRESENTATION_CONTEXT() REPRESENTATION_CONTEXT('2D SPACE',''
  ) );
#9743 = PCURVE('',#9744,#9749);
#9744 = PLANE('',#9745);
#9745 = AXIS2_PLACEMENT_3D('',#9746,#9747,#9748);
#9746 = CARTESIAN_POINT('',(-128.7981454812,41.4,65.147484825275));
#9747 = DIRECTION('',(0.611354407437,0.,-0.791356928641));
#9748 = DIRECTION('',(-0.791356928641,0.,-0.611354407437));
#9749 = DEFINITIONAL_REPRESENTATION('',(#9750),#9754);
#9750 = LINE('',#9751,#9752);
#9751 = CARTESIAN_POINT('',(0.,0.));
#9752 = VECTOR('',#9753,1.);
#9753 = DIRECTION('',(-0.,-1.));
#9754 = ( GEOMETRIC_REPRESENTATION_CONTEXT(2) 
PARAMETRIC_REPRESENTATION_CONTEXT() REPRESENTATION_CONTEXT('2D SPACE',''
  ) );
#9755 = ADVANCED_FACE('',(#9756),#3570,.F.);
#9756 = FACE_BOUND('',#9757,.F.);
#9757 = EDGE_LOOP('',(#9758,#9759,#9760,#9783));
#9758 = ORIENTED_EDGE('',*,*,#3555,.T.);
#9759 = ORIENTED_EDGE('',*,*,#9683,.T.);
#9760 = ORIENTED_EDGE('',*,*,#9761,.T.);
#9761 = EDGE_CURVE('',#9684,#9762,#9764,.T.);
#9762 = VERTEX_POINT('',#9763);
#9763 = CARTESIAN_POINT('',(-129.4195160256,41.4,64.667451597286));
#9764 = SURFACE_CURVE('',#9765,(#9769,#9776),.PCURVE_S1.);
#9765 = LINE('',#9766,#9767);
#9766 = CARTESIAN_POINT('',(-128.7981454812,41.4,65.147484825275));
#9767 = VECTOR('',#9768,1.);
#9768 = DIRECTION('',(-0.791356928641,0.,-0.611354407437));
#9769 = PCURVE('',#3570,#9770);
#9770 = DEFINITIONAL_REPRESENTATION('',(#9771),#9775);
#9771 = LINE('',#9772,#9773);
#9772 = CARTESIAN_POINT('',(-8.147484825275,-5.798145481265));
#9773 = VECTOR('',#9774,1.);
#9774 = DIRECTION('',(0.611354407437,-0.791356928641));
#9775 = ( GEOMETRIC_REPRESENTATION_CONTEXT(2) 
PARAMETRIC_REPRESENTATION_CONTEXT() REPRESENTATION_CONTEXT('2D SPACE',''
  ) );
#9776 = PCURVE('',#9744,#9777);
#9777 = DEFINITIONAL_REPRESENTATION('',(#9778),#9782);
#9778 = LINE('',#9779,#9780);
#9779 = CARTESIAN_POINT('',(0.,0.));
#9780 = VECTOR('',#9781,1.);
#9781 = DIRECTION('',(1.,0.));
#9782 = ( GEOMETRIC_REPRESENTATION_CONTEXT(2) 
PARAMETRIC_REPRESENTATION_CONTEXT() REPRESENTATION_CONTEXT('2D SPACE',''
  ) );
#9783 = ORIENTED_EDGE('',*,*,#9784,.T.);
#9784 = EDGE_CURVE('',#9762,#3530,#9785,.T.);
#9785 = SURFACE_CURVE('',#9786,(#9790,#9797),.PCURVE_S1.);
#9786 = LINE('',#9787,#9788);
#9787 = CARTESIAN_POINT('',(-129.4195160256,41.4,64.667451597286));
#9788 = VECTOR('',#9789,1.);
#9789 = DIRECTION('',(0.320307666807,0.,-0.947313569302));
#9790 = PCURVE('',#3570,#9791);
#9791 = DEFINITIONAL_REPRESENTATION('',(#9792),#9796);
#9792 = LINE('',#9793,#9794);
#9793 = CARTESIAN_POINT('',(-7.667451597286,-6.419516025627));
#9794 = VECTOR('',#9795,1.);
#9795 = DIRECTION('',(0.947313569302,0.320307666807));
#9796 = ( GEOMETRIC_REPRESENTATION_CONTEXT(2) 
PARAMETRIC_REPRESENTATION_CONTEXT() REPRESENTATION_CONTEXT('2D SPACE',''
  ) );
#9797 = PCURVE('',#3544,#9798);
#9798 = DEFINITIONAL_REPRESENTATION('',(#9799),#9803);
#9799 = LINE('',#9800,#9801);
#9800 = CARTESIAN_POINT('',(0.,0.));
#9801 = VECTOR('',#9802,1.);
#9802 = DIRECTION('',(1.,0.));
#9803 = ( GEOMETRIC_REPRESENTATION_CONTEXT(2) 
PARAMETRIC_REPRESENTATION_CONTEXT() REPRESENTATION_CONTEXT('2D SPACE',''
  ) );
#9804 = ADVANCED_FACE('',(#9805),#3544,.F.);
#9805 = FACE_BOUND('',#9806,.F.);
#9806 = EDGE_LOOP('',(#9807,#9808,#9831,#9852));
#9807 = ORIENTED_EDGE('',*,*,#9784,.F.);
#9808 = ORIENTED_EDGE('',*,*,#9809,.T.);
#9809 = EDGE_CURVE('',#9762,#9810,#9812,.T.);
#9810 = VERTEX_POINT('',#9811);
#9811 = CARTESIAN_POINT('',(-129.4195160256,36.2,64.667451597286));
#9812 = SURFACE_CURVE('',#9813,(#9817,#9824),.PCURVE_S1.);
#9813 = LINE('',#9814,#9815);
#9814 = CARTESIAN_POINT('',(-129.4195160256,41.4,64.667451597286));
#9815 = VECTOR('',#9816,1.);
#9816 = DIRECTION('',(0.,-1.,0.));
#9817 = PCURVE('',#3544,#9818);
#9818 = DEFINITIONAL_REPRESENTATION('',(#9819),#9823);
#9819 = LINE('',#9820,#9821);
#9820 = CARTESIAN_POINT('',(0.,0.));
#9821 = VECTOR('',#9822,1.);
#9822 = DIRECTION('',(0.,-1.));
#9823 = ( GEOMETRIC_REPRESENTATION_CONTEXT(2) 
PARAMETRIC_REPRESENTATION_CONTEXT() REPRESENTATION_CONTEXT('2D SPACE',''
  ) );
#9824 = PCURVE('',#9744,#9825);
#9825 = DEFINITIONAL_REPRESENTATION('',(#9826),#9830);
#9826 = LINE('',#9827,#9828);
#9827 = CARTESIAN_POINT('',(0.785196315181,0.));
#9828 = VECTOR('',#9829,1.);
#9829 = DIRECTION('',(-0.,-1.));
#9830 = ( GEOMETRIC_REPRESENTATION_CONTEXT(2) 
PARAMETRIC_REPRESENTATION_CONTEXT() REPRESENTATION_CONTEXT('2D SPACE',''
  ) );
#9831 = ORIENTED_EDGE('',*,*,#9832,.T.);
#9832 = EDGE_CURVE('',#9810,#3497,#9833,.T.);
#9833 = SURFACE_CURVE('',#9834,(#9838,#9845),.PCURVE_S1.);
#9834 = LINE('',#9835,#9836);
#9835 = CARTESIAN_POINT('',(-129.4195160256,36.2,64.667451597286));
#9836 = VECTOR('',#9837,1.);
#9837 = DIRECTION('',(0.320307666807,0.,-0.947313569302));
#9838 = PCURVE('',#3544,#9839);
#9839 = DEFINITIONAL_REPRESENTATION('',(#9840),#9844);
#9840 = LINE('',#9841,#9842);
#9841 = CARTESIAN_POINT('',(0.,-5.2));
#9842 = VECTOR('',#9843,1.);
#9843 = DIRECTION('',(1.,0.));
#9844 = ( GEOMETRIC_REPRESENTATION_CONTEXT(2) 
PARAMETRIC_REPRESENTATION_CONTEXT() REPRESENTATION_CONTEXT('2D SPACE',''
  ) );
#9845 = PCURVE('',#3513,#9846);
#9846 = DEFINITIONAL_REPRESENTATION('',(#9847),#9851);
#9847 = LINE('',#9848,#9849);
#9848 = CARTESIAN_POINT('',(-7.667451597286,-6.419516025627));
#9849 = VECTOR('',#9850,1.);
#9850 = DIRECTION('',(0.947313569302,0.320307666807));
#9851 = ( GEOMETRIC_REPRESENTATION_CONTEXT(2) 
PARAMETRIC_REPRESENTATION_CONTEXT() REPRESENTATION_CONTEXT('2D SPACE',''
  ) );
#9852 = ORIENTED_EDGE('',*,*,#3529,.T.);
#9853 = ADVANCED_FACE('',(#9854),#3513,.T.);
#9854 = FACE_BOUND('',#9855,.T.);
#9855 = EDGE_LOOP('',(#9856,#9857,#9858,#9879));
#9856 = ORIENTED_EDGE('',*,*,#3496,.T.);
#9857 = ORIENTED_EDGE('',*,*,#9707,.T.);
#9858 = ORIENTED_EDGE('',*,*,#9859,.T.);
#9859 = EDGE_CURVE('',#9708,#9810,#9860,.T.);
#9860 = SURFACE_CURVE('',#9861,(#9865,#9872),.PCURVE_S1.);
#9861 = LINE('',#9862,#9863);
#9862 = CARTESIAN_POINT('',(-128.7981454812,36.2,65.147484825275));
#9863 = VECTOR('',#9864,1.);
#9864 = DIRECTION('',(-0.791356928641,0.,-0.611354407437));
#9865 = PCURVE('',#3513,#9866);
#9866 = DEFINITIONAL_REPRESENTATION('',(#9867),#9871);
#9867 = LINE('',#9868,#9869);
#9868 = CARTESIAN_POINT('',(-8.147484825275,-5.798145481265));
#9869 = VECTOR('',#9870,1.);
#9870 = DIRECTION('',(0.611354407437,-0.791356928641));
#9871 = ( GEOMETRIC_REPRESENTATION_CONTEXT(2) 
PARAMETRIC_REPRESENTATION_CONTEXT() REPRESENTATION_CONTEXT('2D SPACE',''
  ) );
#9872 = PCURVE('',#9744,#9873);
#9873 = DEFINITIONAL_REPRESENTATION('',(#9874),#9878);
#9874 = LINE('',#9875,#9876);
#9875 = CARTESIAN_POINT('',(-0.,-5.2));
#9876 = VECTOR('',#9877,1.);
#9877 = DIRECTION('',(1.,0.));
#9878 = ( GEOMETRIC_REPRESENTATION_CONTEXT(2) 
PARAMETRIC_REPRESENTATION_CONTEXT() REPRESENTATION_CONTEXT('2D SPACE',''
  ) );
#9879 = ORIENTED_EDGE('',*,*,#9832,.T.);
#9880 = ADVANCED_FACE('',(#9881),#3605,.F.);
#9881 = FACE_BOUND('',#9882,.F.);
#9882 = EDGE_LOOP('',(#9883,#9906,#9907,#9930));
#9883 = ORIENTED_EDGE('',*,*,#9884,.F.);
#9884 = EDGE_CURVE('',#3591,#9885,#9887,.T.);
#9885 = VERTEX_POINT('',#9886);
#9886 = CARTESIAN_POINT('',(-127.0972403034,41.4,66.122095257975));
#9887 = SURFACE_CURVE('',#9888,(#9892,#9899),.PCURVE_S1.);
#9888 = LINE('',#9889,#9890);
#9889 = CARTESIAN_POINT('',(-126.5589559209,41.4,65.592079652355));
#9890 = VECTOR('',#9891,1.);
#9891 = DIRECTION('',(-0.712558532786,0.,0.701612669037));
#9892 = PCURVE('',#3605,#9893);
#9893 = DEFINITIONAL_REPRESENTATION('',(#9894),#9898);
#9894 = LINE('',#9895,#9896);
#9895 = CARTESIAN_POINT('',(0.,0.));
#9896 = VECTOR('',#9897,1.);
#9897 = DIRECTION('',(1.,0.));
#9898 = ( GEOMETRIC_REPRESENTATION_CONTEXT(2) 
PARAMETRIC_REPRESENTATION_CONTEXT() REPRESENTATION_CONTEXT('2D SPACE',''
  ) );
#9899 = PCURVE('',#3690,#9900);
#9900 = DEFINITIONAL_REPRESENTATION('',(#9901),#9905);
#9901 = LINE('',#9902,#9903);
#9902 = CARTESIAN_POINT('',(-8.592079652355,-3.558955920995));
#9903 = VECTOR('',#9904,1.);
#9904 = DIRECTION('',(-0.701612669037,-0.712558532786));
#9905 = ( GEOMETRIC_REPRESENTATION_CONTEXT(2) 
PARAMETRIC_REPRESENTATION_CONTEXT() REPRESENTATION_CONTEXT('2D SPACE',''
  ) );
#9906 = ORIENTED_EDGE('',*,*,#3588,.F.);
#9907 = ORIENTED_EDGE('',*,*,#9908,.T.);
#9908 = EDGE_CURVE('',#3589,#9909,#9911,.T.);
#9909 = VERTEX_POINT('',#9910);
#9910 = CARTESIAN_POINT('',(-127.0972403034,36.2,66.122095257975));
#9911 = SURFACE_CURVE('',#9912,(#9916,#9923),.PCURVE_S1.);
#9912 = LINE('',#9913,#9914);
#9913 = CARTESIAN_POINT('',(-126.5589559209,36.2,65.592079652355));
#9914 = VECTOR('',#9915,1.);
#9915 = DIRECTION('',(-0.712558532786,0.,0.701612669037));
#9916 = PCURVE('',#3605,#9917);
#9917 = DEFINITIONAL_REPRESENTATION('',(#9918),#9922);
#9918 = LINE('',#9919,#9920);
#9919 = CARTESIAN_POINT('',(0.,-5.2));
#9920 = VECTOR('',#9921,1.);
#9921 = DIRECTION('',(1.,0.));
#9922 = ( GEOMETRIC_REPRESENTATION_CONTEXT(2) 
PARAMETRIC_REPRESENTATION_CONTEXT() REPRESENTATION_CONTEXT('2D SPACE',''
  ) );
#9923 = PCURVE('',#3633,#9924);
#9924 = DEFINITIONAL_REPRESENTATION('',(#9925),#9929);
#9925 = LINE('',#9926,#9927);
#9926 = CARTESIAN_POINT('',(-8.592079652355,-3.558955920995));
#9927 = VECTOR('',#9928,1.);
#9928 = DIRECTION('',(-0.701612669037,-0.712558532786));
#9929 = ( GEOMETRIC_REPRESENTATION_CONTEXT(2) 
PARAMETRIC_REPRESENTATION_CONTEXT() REPRESENTATION_CONTEXT('2D SPACE',''
  ) );
#9930 = ORIENTED_EDGE('',*,*,#9931,.F.);
#9931 = EDGE_CURVE('',#9885,#9909,#9932,.T.);
#9932 = SURFACE_CURVE('',#9933,(#9937,#9944),.PCURVE_S1.);
#9933 = LINE('',#9934,#9935);
#9934 = CARTESIAN_POINT('',(-127.0972403034,41.4,66.122095257975));
#9935 = VECTOR('',#9936,1.);
#9936 = DIRECTION('',(0.,-1.,0.));
#9937 = PCURVE('',#3605,#9938);
#9938 = DEFINITIONAL_REPRESENTATION('',(#9939),#9943);
#9939 = LINE('',#9940,#9941);
#9940 = CARTESIAN_POINT('',(0.755424793493,0.));
#9941 = VECTOR('',#9942,1.);
#9942 = DIRECTION('',(0.,-1.));
#9943 = ( GEOMETRIC_REPRESENTATION_CONTEXT(2) 
PARAMETRIC_REPRESENTATION_CONTEXT() REPRESENTATION_CONTEXT('2D SPACE',''
  ) );
#9944 = PCURVE('',#9945,#9950);
#9945 = PLANE('',#9946);
#9946 = AXIS2_PLACEMENT_3D('',#9947,#9948,#9949);
#9947 = CARTESIAN_POINT('',(-127.0972403034,41.4,66.122095257975));
#9948 = DIRECTION('',(0.445221325885,0.,-0.895420555369));
#9949 = DIRECTION('',(-0.895420555369,0.,-0.445221325885));
#9950 = DEFINITIONAL_REPRESENTATION('',(#9951),#9955);
#9951 = LINE('',#9952,#9953);
#9952 = CARTESIAN_POINT('',(0.,0.));
#9953 = VECTOR('',#9954,1.);
#9954 = DIRECTION('',(-0.,-1.));
#9955 = ( GEOMETRIC_REPRESENTATION_CONTEXT(2) 
PARAMETRIC_REPRESENTATION_CONTEXT() REPRESENTATION_CONTEXT('2D SPACE',''
  ) );
#9956 = ADVANCED_FACE('',(#9957),#3690,.F.);
#9957 = FACE_BOUND('',#9958,.F.);
#9958 = EDGE_LOOP('',(#9959,#9960,#9961,#9984));
#9959 = ORIENTED_EDGE('',*,*,#3675,.T.);
#9960 = ORIENTED_EDGE('',*,*,#9884,.T.);
#9961 = ORIENTED_EDGE('',*,*,#9962,.T.);
#9962 = EDGE_CURVE('',#9885,#9963,#9965,.T.);
#9963 = VERTEX_POINT('',#9964);
#9964 = CARTESIAN_POINT('',(-127.800321224,41.4,65.772509113449));
#9965 = SURFACE_CURVE('',#9966,(#9970,#9977),.PCURVE_S1.);
#9966 = LINE('',#9967,#9968);
#9967 = CARTESIAN_POINT('',(-127.0972403034,41.4,66.122095257975));
#9968 = VECTOR('',#9969,1.);
#9969 = DIRECTION('',(-0.895420555369,0.,-0.445221325885));
#9970 = PCURVE('',#3690,#9971);
#9971 = DEFINITIONAL_REPRESENTATION('',(#9972),#9976);
#9972 = LINE('',#9973,#9974);
#9973 = CARTESIAN_POINT('',(-9.122095257975,-4.097240303477));
#9974 = VECTOR('',#9975,1.);
#9975 = DIRECTION('',(0.445221325885,-0.895420555369));
#9976 = ( GEOMETRIC_REPRESENTATION_CONTEXT(2) 
PARAMETRIC_REPRESENTATION_CONTEXT() REPRESENTATION_CONTEXT('2D SPACE',''
  ) );
#9977 = PCURVE('',#9945,#9978);
#9978 = DEFINITIONAL_REPRESENTATION('',(#9979),#9983);
#9979 = LINE('',#9980,#9981);
#9980 = CARTESIAN_POINT('',(0.,0.));
#9981 = VECTOR('',#9982,1.);
#9982 = DIRECTION('',(1.,0.));
#9983 = ( GEOMETRIC_REPRESENTATION_CONTEXT(2) 
PARAMETRIC_REPRESENTATION_CONTEXT() REPRESENTATION_CONTEXT('2D SPACE',''
  ) );
#9984 = ORIENTED_EDGE('',*,*,#9985,.T.);
#9985 = EDGE_CURVE('',#9963,#3650,#9986,.T.);
#9986 = SURFACE_CURVE('',#9987,(#9991,#9998),.PCURVE_S1.);
#9987 = LINE('',#9988,#9989);
#9988 = CARTESIAN_POINT('',(-127.800321224,41.4,65.772509113449));
#9989 = VECTOR('',#9990,1.);
#9990 = DIRECTION('',(0.129341335519,0.,-0.99160013056));
#9991 = PCURVE('',#3690,#9992);
#9992 = DEFINITIONAL_REPRESENTATION('',(#9993),#9997);
#9993 = LINE('',#9994,#9995);
#9994 = CARTESIAN_POINT('',(-8.772509113449,-4.80032122409));
#9995 = VECTOR('',#9996,1.);
#9996 = DIRECTION('',(0.99160013056,0.129341335519));
#9997 = ( GEOMETRIC_REPRESENTATION_CONTEXT(2) 
PARAMETRIC_REPRESENTATION_CONTEXT() REPRESENTATION_CONTEXT('2D SPACE',''
  ) );
#9998 = PCURVE('',#3664,#9999);
#9999 = DEFINITIONAL_REPRESENTATION('',(#10000),#10004);
#10000 = LINE('',#10001,#10002);
#10001 = CARTESIAN_POINT('',(0.,0.));
#10002 = VECTOR('',#10003,1.);
#10003 = DIRECTION('',(1.,0.));
#10004 = ( GEOMETRIC_REPRESENTATION_CONTEXT(2) 
PARAMETRIC_REPRESENTATION_CONTEXT() REPRESENTATION_CONTEXT('2D SPACE',''
  ) );
#10005 = ADVANCED_FACE('',(#10006),#3664,.F.);
#10006 = FACE_BOUND('',#10007,.F.);
#10007 = EDGE_LOOP('',(#10008,#10009,#10032,#10053));
#10008 = ORIENTED_EDGE('',*,*,#9985,.F.);
#10009 = ORIENTED_EDGE('',*,*,#10010,.T.);
#10010 = EDGE_CURVE('',#9963,#10011,#10013,.T.);
#10011 = VERTEX_POINT('',#10012);
#10012 = CARTESIAN_POINT('',(-127.800321224,36.2,65.772509113449));
#10013 = SURFACE_CURVE('',#10014,(#10018,#10025),.PCURVE_S1.);
#10014 = LINE('',#10015,#10016);
#10015 = CARTESIAN_POINT('',(-127.800321224,41.4,65.772509113449));
#10016 = VECTOR('',#10017,1.);
#10017 = DIRECTION('',(0.,-1.,0.));
#10018 = PCURVE('',#3664,#10019);
#10019 = DEFINITIONAL_REPRESENTATION('',(#10020),#10024);
#10020 = LINE('',#10021,#10022);
#10021 = CARTESIAN_POINT('',(0.,0.));
#10022 = VECTOR('',#10023,1.);
#10023 = DIRECTION('',(0.,-1.));
#10024 = ( GEOMETRIC_REPRESENTATION_CONTEXT(2) 
PARAMETRIC_REPRESENTATION_CONTEXT() REPRESENTATION_CONTEXT('2D SPACE',''
  ) );
#10025 = PCURVE('',#9945,#10026);
#10026 = DEFINITIONAL_REPRESENTATION('',(#10027),#10031);
#10027 = LINE('',#10028,#10029);
#10028 = CARTESIAN_POINT('',(0.785196315181,0.));
#10029 = VECTOR('',#10030,1.);
#10030 = DIRECTION('',(-0.,-1.));
#10031 = ( GEOMETRIC_REPRESENTATION_CONTEXT(2) 
PARAMETRIC_REPRESENTATION_CONTEXT() REPRESENTATION_CONTEXT('2D SPACE',''
  ) );
#10032 = ORIENTED_EDGE('',*,*,#10033,.T.);
#10033 = EDGE_CURVE('',#10011,#3617,#10034,.T.);
#10034 = SURFACE_CURVE('',#10035,(#10039,#10046),.PCURVE_S1.);
#10035 = LINE('',#10036,#10037);
#10036 = CARTESIAN_POINT('',(-127.800321224,36.2,65.772509113449));
#10037 = VECTOR('',#10038,1.);
#10038 = DIRECTION('',(0.129341335519,0.,-0.99160013056));
#10039 = PCURVE('',#3664,#10040);
#10040 = DEFINITIONAL_REPRESENTATION('',(#10041),#10045);
#10041 = LINE('',#10042,#10043);
#10042 = CARTESIAN_POINT('',(0.,-5.2));
#10043 = VECTOR('',#10044,1.);
#10044 = DIRECTION('',(1.,0.));
#10045 = ( GEOMETRIC_REPRESENTATION_CONTEXT(2) 
PARAMETRIC_REPRESENTATION_CONTEXT() REPRESENTATION_CONTEXT('2D SPACE',''
  ) );
#10046 = PCURVE('',#3633,#10047);
#10047 = DEFINITIONAL_REPRESENTATION('',(#10048),#10052);
#10048 = LINE('',#10049,#10050);
#10049 = CARTESIAN_POINT('',(-8.772509113449,-4.80032122409));
#10050 = VECTOR('',#10051,1.);
#10051 = DIRECTION('',(0.99160013056,0.129341335519));
#10052 = ( GEOMETRIC_REPRESENTATION_CONTEXT(2) 
PARAMETRIC_REPRESENTATION_CONTEXT() REPRESENTATION_CONTEXT('2D SPACE',''
  ) );
#10053 = ORIENTED_EDGE('',*,*,#3649,.T.);
#10054 = ADVANCED_FACE('',(#10055),#3633,.T.);
#10055 = FACE_BOUND('',#10056,.T.);
#10056 = EDGE_LOOP('',(#10057,#10058,#10059,#10080));
#10057 = ORIENTED_EDGE('',*,*,#3616,.T.);
#10058 = ORIENTED_EDGE('',*,*,#9908,.T.);
#10059 = ORIENTED_EDGE('',*,*,#10060,.T.);
#10060 = EDGE_CURVE('',#9909,#10011,#10061,.T.);
#10061 = SURFACE_CURVE('',#10062,(#10066,#10073),.PCURVE_S1.);
#10062 = LINE('',#10063,#10064);
#10063 = CARTESIAN_POINT('',(-127.0972403034,36.2,66.122095257975));
#10064 = VECTOR('',#10065,1.);
#10065 = DIRECTION('',(-0.895420555369,0.,-0.445221325885));
#10066 = PCURVE('',#3633,#10067);
#10067 = DEFINITIONAL_REPRESENTATION('',(#10068),#10072);
#10068 = LINE('',#10069,#10070);
#10069 = CARTESIAN_POINT('',(-9.122095257975,-4.097240303477));
#10070 = VECTOR('',#10071,1.);
#10071 = DIRECTION('',(0.445221325885,-0.895420555369));
#10072 = ( GEOMETRIC_REPRESENTATION_CONTEXT(2) 
PARAMETRIC_REPRESENTATION_CONTEXT() REPRESENTATION_CONTEXT('2D SPACE',''
  ) );
#10073 = PCURVE('',#9945,#10074);
#10074 = DEFINITIONAL_REPRESENTATION('',(#10075),#10079);
#10075 = LINE('',#10076,#10077);
#10076 = CARTESIAN_POINT('',(-0.,-5.2));
#10077 = VECTOR('',#10078,1.);
#10078 = DIRECTION('',(1.,0.));
#10079 = ( GEOMETRIC_REPRESENTATION_CONTEXT(2) 
PARAMETRIC_REPRESENTATION_CONTEXT() REPRESENTATION_CONTEXT('2D SPACE',''
  ) );
#10080 = ORIENTED_EDGE('',*,*,#10033,.T.);
#10081 = ADVANCED_FACE('',(#10082),#3725,.F.);
#10082 = FACE_BOUND('',#10083,.F.);
#10083 = EDGE_LOOP('',(#10084,#10107,#10108,#10131));
#10084 = ORIENTED_EDGE('',*,*,#10085,.F.);
#10085 = EDGE_CURVE('',#3711,#10086,#10088,.T.);
#10086 = VERTEX_POINT('',#10087);
#10087 = CARTESIAN_POINT('',(-125.2388804785,41.4,66.74614868564));
#10088 = SURFACE_CURVE('',#10089,(#10093,#10100),.PCURVE_S1.);
#10089 = LINE('',#10090,#10091);
#10090 = CARTESIAN_POINT('',(-124.8143399947,41.4,66.12130310775));
#10091 = VECTOR('',#10092,1.);
#10092 = DIRECTION('',(-0.561989078849,0.,0.827144651953));
#10093 = PCURVE('',#3725,#10094);
#10094 = DEFINITIONAL_REPRESENTATION('',(#10095),#10099);
#10095 = LINE('',#10096,#10097);
#10096 = CARTESIAN_POINT('',(0.,0.));
#10097 = VECTOR('',#10098,1.);
#10098 = DIRECTION('',(1.,0.));
#10099 = ( GEOMETRIC_REPRESENTATION_CONTEXT(2) 
PARAMETRIC_REPRESENTATION_CONTEXT() REPRESENTATION_CONTEXT('2D SPACE',''
  ) );
#10100 = PCURVE('',#3810,#10101);
#10101 = DEFINITIONAL_REPRESENTATION('',(#10102),#10106);
#10102 = LINE('',#10103,#10104);
#10103 = CARTESIAN_POINT('',(-9.12130310775,-1.81433999475));
#10104 = VECTOR('',#10105,1.);
#10105 = DIRECTION('',(-0.827144651953,-0.561989078849));
#10106 = ( GEOMETRIC_REPRESENTATION_CONTEXT(2) 
PARAMETRIC_REPRESENTATION_CONTEXT() REPRESENTATION_CONTEXT('2D SPACE',''
  ) );
#10107 = ORIENTED_EDGE('',*,*,#3708,.F.);
#10108 = ORIENTED_EDGE('',*,*,#10109,.T.);
#10109 = EDGE_CURVE('',#3709,#10110,#10112,.T.);
#10110 = VERTEX_POINT('',#10111);
#10111 = CARTESIAN_POINT('',(-125.2388804785,36.2,66.74614868564));
#10112 = SURFACE_CURVE('',#10113,(#10117,#10124),.PCURVE_S1.);
#10113 = LINE('',#10114,#10115);
#10114 = CARTESIAN_POINT('',(-124.8143399947,36.2,66.12130310775));
#10115 = VECTOR('',#10116,1.);
#10116 = DIRECTION('',(-0.561989078849,0.,0.827144651953));
#10117 = PCURVE('',#3725,#10118);
#10118 = DEFINITIONAL_REPRESENTATION('',(#10119),#10123);
#10119 = LINE('',#10120,#10121);
#10120 = CARTESIAN_POINT('',(0.,-5.2));
#10121 = VECTOR('',#10122,1.);
#10122 = DIRECTION('',(1.,0.));
#10123 = ( GEOMETRIC_REPRESENTATION_CONTEXT(2) 
PARAMETRIC_REPRESENTATION_CONTEXT() REPRESENTATION_CONTEXT('2D SPACE',''
  ) );
#10124 = PCURVE('',#3753,#10125);
#10125 = DEFINITIONAL_REPRESENTATION('',(#10126),#10130);
#10126 = LINE('',#10127,#10128);
#10127 = CARTESIAN_POINT('',(-9.12130310775,-1.81433999475));
#10128 = VECTOR('',#10129,1.);
#10129 = DIRECTION('',(-0.827144651953,-0.561989078849));
#10130 = ( GEOMETRIC_REPRESENTATION_CONTEXT(2) 
PARAMETRIC_REPRESENTATION_CONTEXT() REPRESENTATION_CONTEXT('2D SPACE',''
  ) );
#10131 = ORIENTED_EDGE('',*,*,#10132,.F.);
#10132 = EDGE_CURVE('',#10086,#10110,#10133,.T.);
#10133 = SURFACE_CURVE('',#10134,(#10138,#10145),.PCURVE_S1.);
#10134 = LINE('',#10135,#10136);
#10135 = CARTESIAN_POINT('',(-125.2388804785,41.4,66.74614868564));
#10136 = VECTOR('',#10137,1.);
#10137 = DIRECTION('',(0.,-1.,0.));
#10138 = PCURVE('',#3725,#10139);
#10139 = DEFINITIONAL_REPRESENTATION('',(#10140),#10144);
#10140 = LINE('',#10141,#10142);
#10141 = CARTESIAN_POINT('',(0.755424793493,0.));
#10142 = VECTOR('',#10143,1.);
#10143 = DIRECTION('',(0.,-1.));
#10144 = ( GEOMETRIC_REPRESENTATION_CONTEXT(2) 
PARAMETRIC_REPRESENTATION_CONTEXT() REPRESENTATION_CONTEXT('2D SPACE',''
  ) );
#10145 = PCURVE('',#10146,#10151);
#10146 = PLANE('',#10147);
#10147 = AXIS2_PLACEMENT_3D('',#10148,#10149,#10150);
#10148 = CARTESIAN_POINT('',(-125.2388804785,41.4,66.74614868564));
#10149 = DIRECTION('',(0.261978638463,0.,-0.965073672312));
#10150 = DIRECTION('',(-0.965073672312,0.,-0.261978638463));
#10151 = DEFINITIONAL_REPRESENTATION('',(#10152),#10156);
#10152 = LINE('',#10153,#10154);
#10153 = CARTESIAN_POINT('',(0.,0.));
#10154 = VECTOR('',#10155,1.);
#10155 = DIRECTION('',(-0.,-1.));
#10156 = ( GEOMETRIC_REPRESENTATION_CONTEXT(2) 
PARAMETRIC_REPRESENTATION_CONTEXT() REPRESENTATION_CONTEXT('2D SPACE',''
  ) );
#10157 = ADVANCED_FACE('',(#10158),#3810,.F.);
#10158 = FACE_BOUND('',#10159,.F.);
#10159 = EDGE_LOOP('',(#10160,#10161,#10162,#10185));
#10160 = ORIENTED_EDGE('',*,*,#3795,.T.);
#10161 = ORIENTED_EDGE('',*,*,#10085,.T.);
#10162 = ORIENTED_EDGE('',*,*,#10163,.T.);
#10163 = EDGE_CURVE('',#10086,#10164,#10166,.T.);
#10164 = VERTEX_POINT('',#10165);
#10165 = CARTESIAN_POINT('',(-125.9966527699,41.4,66.540444024063));
#10166 = SURFACE_CURVE('',#10167,(#10171,#10178),.PCURVE_S1.);
#10167 = LINE('',#10168,#10169);
#10168 = CARTESIAN_POINT('',(-125.2388804785,41.4,66.74614868564));
#10169 = VECTOR('',#10170,1.);
#10170 = DIRECTION('',(-0.965073672312,0.,-0.261978638463));
#10171 = PCURVE('',#3810,#10172);
#10172 = DEFINITIONAL_REPRESENTATION('',(#10173),#10177);
#10173 = LINE('',#10174,#10175);
#10174 = CARTESIAN_POINT('',(-9.74614868564,-2.238880478585));
#10175 = VECTOR('',#10176,1.);
#10176 = DIRECTION('',(0.261978638463,-0.965073672312));
#10177 = ( GEOMETRIC_REPRESENTATION_CONTEXT(2) 
PARAMETRIC_REPRESENTATION_CONTEXT() REPRESENTATION_CONTEXT('2D SPACE',''
  ) );
#10178 = PCURVE('',#10146,#10179);
#10179 = DEFINITIONAL_REPRESENTATION('',(#10180),#10184);
#10180 = LINE('',#10181,#10182);
#10181 = CARTESIAN_POINT('',(0.,0.));
#10182 = VECTOR('',#10183,1.);
#10183 = DIRECTION('',(1.,0.));
#10184 = ( GEOMETRIC_REPRESENTATION_CONTEXT(2) 
PARAMETRIC_REPRESENTATION_CONTEXT() REPRESENTATION_CONTEXT('2D SPACE',''
  ) );
#10185 = ORIENTED_EDGE('',*,*,#10186,.T.);
#10186 = EDGE_CURVE('',#10164,#3770,#10187,.T.);
#10187 = SURFACE_CURVE('',#10188,(#10192,#10199),.PCURVE_S1.);
#10188 = LINE('',#10189,#10190);
#10189 = CARTESIAN_POINT('',(-125.9966527699,41.4,66.540444024063));
#10190 = VECTOR('',#10191,1.);
#10191 = DIRECTION('',(-6.659551075701E-02,0.,-0.997780054895));
#10192 = PCURVE('',#3810,#10193);
#10193 = DEFINITIONAL_REPRESENTATION('',(#10194),#10198);
#10194 = LINE('',#10195,#10196);
#10195 = CARTESIAN_POINT('',(-9.540444024063,-2.996652769963));
#10196 = VECTOR('',#10197,1.);
#10197 = DIRECTION('',(0.997780054895,-6.659551075701E-02));
#10198 = ( GEOMETRIC_REPRESENTATION_CONTEXT(2) 
PARAMETRIC_REPRESENTATION_CONTEXT() REPRESENTATION_CONTEXT('2D SPACE',''
  ) );
#10199 = PCURVE('',#3784,#10200);
#10200 = DEFINITIONAL_REPRESENTATION('',(#10201),#10205);
#10201 = LINE('',#10202,#10203);
#10202 = CARTESIAN_POINT('',(0.,0.));
#10203 = VECTOR('',#10204,1.);
#10204 = DIRECTION('',(1.,0.));
#10205 = ( GEOMETRIC_REPRESENTATION_CONTEXT(2) 
PARAMETRIC_REPRESENTATION_CONTEXT() REPRESENTATION_CONTEXT('2D SPACE',''
  ) );
#10206 = ADVANCED_FACE('',(#10207),#3784,.F.);
#10207 = FACE_BOUND('',#10208,.F.);
#10208 = EDGE_LOOP('',(#10209,#10210,#10233,#10254));
#10209 = ORIENTED_EDGE('',*,*,#10186,.F.);
#10210 = ORIENTED_EDGE('',*,*,#10211,.T.);
#10211 = EDGE_CURVE('',#10164,#10212,#10214,.T.);
#10212 = VERTEX_POINT('',#10213);
#10213 = CARTESIAN_POINT('',(-125.9966527699,36.2,66.540444024063));
#10214 = SURFACE_CURVE('',#10215,(#10219,#10226),.PCURVE_S1.);
#10215 = LINE('',#10216,#10217);
#10216 = CARTESIAN_POINT('',(-125.9966527699,41.4,66.540444024063));
#10217 = VECTOR('',#10218,1.);
#10218 = DIRECTION('',(0.,-1.,0.));
#10219 = PCURVE('',#3784,#10220);
#10220 = DEFINITIONAL_REPRESENTATION('',(#10221),#10225);
#10221 = LINE('',#10222,#10223);
#10222 = CARTESIAN_POINT('',(0.,0.));
#10223 = VECTOR('',#10224,1.);
#10224 = DIRECTION('',(-0.,-1.));
#10225 = ( GEOMETRIC_REPRESENTATION_CONTEXT(2) 
PARAMETRIC_REPRESENTATION_CONTEXT() REPRESENTATION_CONTEXT('2D SPACE',''
  ) );
#10226 = PCURVE('',#10146,#10227);
#10227 = DEFINITIONAL_REPRESENTATION('',(#10228),#10232);
#10228 = LINE('',#10229,#10230);
#10229 = CARTESIAN_POINT('',(0.785196315181,0.));
#10230 = VECTOR('',#10231,1.);
#10231 = DIRECTION('',(-0.,-1.));
#10232 = ( GEOMETRIC_REPRESENTATION_CONTEXT(2) 
PARAMETRIC_REPRESENTATION_CONTEXT() REPRESENTATION_CONTEXT('2D SPACE',''
  ) );
#10233 = ORIENTED_EDGE('',*,*,#10234,.T.);
#10234 = EDGE_CURVE('',#10212,#3737,#10235,.T.);
#10235 = SURFACE_CURVE('',#10236,(#10240,#10247),.PCURVE_S1.);
#10236 = LINE('',#10237,#10238);
#10237 = CARTESIAN_POINT('',(-125.9966527699,36.2,66.540444024063));
#10238 = VECTOR('',#10239,1.);
#10239 = DIRECTION('',(-6.659551075701E-02,0.,-0.997780054895));
#10240 = PCURVE('',#3784,#10241);
#10241 = DEFINITIONAL_REPRESENTATION('',(#10242),#10246);
#10242 = LINE('',#10243,#10244);
#10243 = CARTESIAN_POINT('',(-0.,-5.2));
#10244 = VECTOR('',#10245,1.);
#10245 = DIRECTION('',(1.,0.));
#10246 = ( GEOMETRIC_REPRESENTATION_CONTEXT(2) 
PARAMETRIC_REPRESENTATION_CONTEXT() REPRESENTATION_CONTEXT('2D SPACE',''
  ) );
#10247 = PCURVE('',#3753,#10248);
#10248 = DEFINITIONAL_REPRESENTATION('',(#10249),#10253);
#10249 = LINE('',#10250,#10251);
#10250 = CARTESIAN_POINT('',(-9.540444024063,-2.996652769963));
#10251 = VECTOR('',#10252,1.);
#10252 = DIRECTION('',(0.997780054895,-6.659551075701E-02));
#10253 = ( GEOMETRIC_REPRESENTATION_CONTEXT(2) 
PARAMETRIC_REPRESENTATION_CONTEXT() REPRESENTATION_CONTEXT('2D SPACE',''
  ) );
#10254 = ORIENTED_EDGE('',*,*,#3769,.T.);
#10255 = ADVANCED_FACE('',(#10256),#3753,.T.);
#10256 = FACE_BOUND('',#10257,.T.);
#10257 = EDGE_LOOP('',(#10258,#10259,#10260,#10281));
#10258 = ORIENTED_EDGE('',*,*,#3736,.T.);
#10259 = ORIENTED_EDGE('',*,*,#10109,.T.);
#10260 = ORIENTED_EDGE('',*,*,#10261,.T.);
#10261 = EDGE_CURVE('',#10110,#10212,#10262,.T.);
#10262 = SURFACE_CURVE('',#10263,(#10267,#10274),.PCURVE_S1.);
#10263 = LINE('',#10264,#10265);
#10264 = CARTESIAN_POINT('',(-125.2388804785,36.2,66.74614868564));
#10265 = VECTOR('',#10266,1.);
#10266 = DIRECTION('',(-0.965073672312,0.,-0.261978638463));
#10267 = PCURVE('',#3753,#10268);
#10268 = DEFINITIONAL_REPRESENTATION('',(#10269),#10273);
#10269 = LINE('',#10270,#10271);
#10270 = CARTESIAN_POINT('',(-9.74614868564,-2.238880478585));
#10271 = VECTOR('',#10272,1.);
#10272 = DIRECTION('',(0.261978638463,-0.965073672312));
#10273 = ( GEOMETRIC_REPRESENTATION_CONTEXT(2) 
PARAMETRIC_REPRESENTATION_CONTEXT() REPRESENTATION_CONTEXT('2D SPACE',''
  ) );
#10274 = PCURVE('',#10146,#10275);
#10275 = DEFINITIONAL_REPRESENTATION('',(#10276),#10280);
#10276 = LINE('',#10277,#10278);
#10277 = CARTESIAN_POINT('',(-0.,-5.2));
#10278 = VECTOR('',#10279,1.);
#10279 = DIRECTION('',(1.,0.));
#10280 = ( GEOMETRIC_REPRESENTATION_CONTEXT(2) 
PARAMETRIC_REPRESENTATION_CONTEXT() REPRESENTATION_CONTEXT('2D SPACE',''
  ) );
#10281 = ORIENTED_EDGE('',*,*,#10234,.T.);
#10282 = ADVANCED_FACE('',(#10283),#3845,.F.);
#10283 = FACE_BOUND('',#10284,.F.);
#10284 = EDGE_LOOP('',(#10285,#10308,#10309,#10332));
#10285 = ORIENTED_EDGE('',*,*,#10286,.F.);
#10286 = EDGE_CURVE('',#3831,#10287,#10289,.T.);
#10287 = VERTEX_POINT('',#10288);
#10288 = CARTESIAN_POINT('',(-123.2944817324,41.4,66.99566308502));
#10289 = SURFACE_CURVE('',#10290,(#10294,#10301),.PCURVE_S1.);
#10290 = LINE('',#10291,#10292);
#10291 = CARTESIAN_POINT('',(-123.,41.4,66.3));
#10292 = VECTOR('',#10293,1.);
#10293 = DIRECTION('',(-0.389822699779,0.,0.920889929762));
#10294 = PCURVE('',#3845,#10295);
#10295 = DEFINITIONAL_REPRESENTATION('',(#10296),#10300);
#10296 = LINE('',#10297,#10298);
#10297 = CARTESIAN_POINT('',(0.,0.));
#10298 = VECTOR('',#10299,1.);
#10299 = DIRECTION('',(1.,0.));
#10300 = ( GEOMETRIC_REPRESENTATION_CONTEXT(2) 
PARAMETRIC_REPRESENTATION_CONTEXT() REPRESENTATION_CONTEXT('2D SPACE',''
  ) );
#10301 = PCURVE('',#3930,#10302);
#10302 = DEFINITIONAL_REPRESENTATION('',(#10303),#10307);
#10303 = LINE('',#10304,#10305);
#10304 = CARTESIAN_POINT('',(-9.3,-2.84217094304E-14));
#10305 = VECTOR('',#10306,1.);
#10306 = DIRECTION('',(-0.920889929762,-0.389822699779));
#10307 = ( GEOMETRIC_REPRESENTATION_CONTEXT(2) 
PARAMETRIC_REPRESENTATION_CONTEXT() REPRESENTATION_CONTEXT('2D SPACE',''
  ) );
#10308 = ORIENTED_EDGE('',*,*,#3828,.F.);
#10309 = ORIENTED_EDGE('',*,*,#10310,.T.);
#10310 = EDGE_CURVE('',#3829,#10311,#10313,.T.);
#10311 = VERTEX_POINT('',#10312);
#10312 = CARTESIAN_POINT('',(-123.2944817324,36.2,66.99566308502));
#10313 = SURFACE_CURVE('',#10314,(#10318,#10325),.PCURVE_S1.);
#10314 = LINE('',#10315,#10316);
#10315 = CARTESIAN_POINT('',(-123.,36.2,66.3));
#10316 = VECTOR('',#10317,1.);
#10317 = DIRECTION('',(-0.389822699779,0.,0.920889929762));
#10318 = PCURVE('',#3845,#10319);
#10319 = DEFINITIONAL_REPRESENTATION('',(#10320),#10324);
#10320 = LINE('',#10321,#10322);
#10321 = CARTESIAN_POINT('',(0.,-5.2));
#10322 = VECTOR('',#10323,1.);
#10323 = DIRECTION('',(1.,0.));
#10324 = ( GEOMETRIC_REPRESENTATION_CONTEXT(2) 
PARAMETRIC_REPRESENTATION_CONTEXT() REPRESENTATION_CONTEXT('2D SPACE',''
  ) );
#10325 = PCURVE('',#3873,#10326);
#10326 = DEFINITIONAL_REPRESENTATION('',(#10327),#10331);
#10327 = LINE('',#10328,#10329);
#10328 = CARTESIAN_POINT('',(-9.3,-2.84217094304E-14));
#10329 = VECTOR('',#10330,1.);
#10330 = DIRECTION('',(-0.920889929762,-0.389822699779));
#10331 = ( GEOMETRIC_REPRESENTATION_CONTEXT(2) 
PARAMETRIC_REPRESENTATION_CONTEXT() REPRESENTATION_CONTEXT('2D SPACE',''
  ) );
#10332 = ORIENTED_EDGE('',*,*,#10333,.F.);
#10333 = EDGE_CURVE('',#10287,#10311,#10334,.T.);
#10334 = SURFACE_CURVE('',#10335,(#10339,#10346),.PCURVE_S1.);
#10335 = LINE('',#10336,#10337);
#10336 = CARTESIAN_POINT('',(-123.2944817324,41.4,66.99566308502));
#10337 = VECTOR('',#10338,1.);
#10338 = DIRECTION('',(0.,-1.,0.));
#10339 = PCURVE('',#3845,#10340);
#10340 = DEFINITIONAL_REPRESENTATION('',(#10341),#10345);
#10341 = LINE('',#10342,#10343);
#10342 = CARTESIAN_POINT('',(0.755424793493,0.));
#10343 = VECTOR('',#10344,1.);
#10344 = DIRECTION('',(0.,-1.));
#10345 = ( GEOMETRIC_REPRESENTATION_CONTEXT(2) 
PARAMETRIC_REPRESENTATION_CONTEXT() REPRESENTATION_CONTEXT('2D SPACE',''
  ) );
#10346 = PCURVE('',#10347,#10352);
#10347 = PLANE('',#10348);
#10348 = AXIS2_PLACEMENT_3D('',#10349,#10350,#10351);
#10349 = CARTESIAN_POINT('',(-123.2944817324,41.4,66.99566308502));
#10350 = DIRECTION('',(6.866825888437E-02,0.,-0.997639549247));
#10351 = DIRECTION('',(-0.997639549247,0.,-6.866825888437E-02));
#10352 = DEFINITIONAL_REPRESENTATION('',(#10353),#10357);
#10353 = LINE('',#10354,#10355);
#10354 = CARTESIAN_POINT('',(0.,0.));
#10355 = VECTOR('',#10356,1.);
#10356 = DIRECTION('',(-0.,-1.));
#10357 = ( GEOMETRIC_REPRESENTATION_CONTEXT(2) 
PARAMETRIC_REPRESENTATION_CONTEXT() REPRESENTATION_CONTEXT('2D SPACE',''
  ) );
#10358 = ADVANCED_FACE('',(#10359),#3930,.F.);
#10359 = FACE_BOUND('',#10360,.F.);
#10360 = EDGE_LOOP('',(#10361,#10362,#10363,#10386));
#10361 = ORIENTED_EDGE('',*,*,#3915,.T.);
#10362 = ORIENTED_EDGE('',*,*,#10286,.T.);
#10363 = ORIENTED_EDGE('',*,*,#10364,.T.);
#10364 = EDGE_CURVE('',#10287,#10365,#10367,.T.);
#10365 = VERTEX_POINT('',#10366);
#10366 = CARTESIAN_POINT('',(-124.0778246304,41.4,66.941745021174));
#10367 = SURFACE_CURVE('',#10368,(#10372,#10379),.PCURVE_S1.);
#10368 = LINE('',#10369,#10370);
#10369 = CARTESIAN_POINT('',(-123.2944817324,41.4,66.99566308502));
#10370 = VECTOR('',#10371,1.);
#10371 = DIRECTION('',(-0.997639549247,0.,-6.866825888437E-02));
#10372 = PCURVE('',#3930,#10373);
#10373 = DEFINITIONAL_REPRESENTATION('',(#10374),#10378);
#10374 = LINE('',#10375,#10376);
#10375 = CARTESIAN_POINT('',(-9.99566308502,-0.29448173248));
#10376 = VECTOR('',#10377,1.);
#10377 = DIRECTION('',(6.866825888437E-02,-0.997639549247));
#10378 = ( GEOMETRIC_REPRESENTATION_CONTEXT(2) 
PARAMETRIC_REPRESENTATION_CONTEXT() REPRESENTATION_CONTEXT('2D SPACE',''
  ) );
#10379 = PCURVE('',#10347,#10380);
#10380 = DEFINITIONAL_REPRESENTATION('',(#10381),#10385);
#10381 = LINE('',#10382,#10383);
#10382 = CARTESIAN_POINT('',(0.,0.));
#10383 = VECTOR('',#10384,1.);
#10384 = DIRECTION('',(1.,0.));
#10385 = ( GEOMETRIC_REPRESENTATION_CONTEXT(2) 
PARAMETRIC_REPRESENTATION_CONTEXT() REPRESENTATION_CONTEXT('2D SPACE',''
  ) );
#10386 = ORIENTED_EDGE('',*,*,#10387,.T.);
#10387 = EDGE_CURVE('',#10365,#3890,#10388,.T.);
#10388 = SURFACE_CURVE('',#10389,(#10393,#10400),.PCURVE_S1.);
#10389 = LINE('',#10390,#10391);
#10390 = CARTESIAN_POINT('',(-124.0778246304,41.4,66.941745021174));
#10391 = VECTOR('',#10392,1.);
#10392 = DIRECTION('',(-0.259973128902,0.,-0.965615851283));
#10393 = PCURVE('',#3930,#10394);
#10394 = DEFINITIONAL_REPRESENTATION('',(#10395),#10399);
#10395 = LINE('',#10396,#10397);
#10396 = CARTESIAN_POINT('',(-9.941745021174,-1.077824630428));
#10397 = VECTOR('',#10398,1.);
#10398 = DIRECTION('',(0.965615851283,-0.259973128902));
#10399 = ( GEOMETRIC_REPRESENTATION_CONTEXT(2) 
PARAMETRIC_REPRESENTATION_CONTEXT() REPRESENTATION_CONTEXT('2D SPACE',''
  ) );
#10400 = PCURVE('',#3904,#10401);
#10401 = DEFINITIONAL_REPRESENTATION('',(#10402),#10406);
#10402 = LINE('',#10403,#10404);
#10403 = CARTESIAN_POINT('',(0.,0.));
#10404 = VECTOR('',#10405,1.);
#10405 = DIRECTION('',(1.,0.));
#10406 = ( GEOMETRIC_REPRESENTATION_CONTEXT(2) 
PARAMETRIC_REPRESENTATION_CONTEXT() REPRESENTATION_CONTEXT('2D SPACE',''
  ) );
#10407 = ADVANCED_FACE('',(#10408),#3904,.F.);
#10408 = FACE_BOUND('',#10409,.F.);
#10409 = EDGE_LOOP('',(#10410,#10411,#10434,#10455));
#10410 = ORIENTED_EDGE('',*,*,#10387,.F.);
#10411 = ORIENTED_EDGE('',*,*,#10412,.T.);
#10412 = EDGE_CURVE('',#10365,#10413,#10415,.T.);
#10413 = VERTEX_POINT('',#10414);
#10414 = CARTESIAN_POINT('',(-124.0778246304,36.2,66.941745021174));
#10415 = SURFACE_CURVE('',#10416,(#10420,#10427),.PCURVE_S1.);
#10416 = LINE('',#10417,#10418);
#10417 = CARTESIAN_POINT('',(-124.0778246304,41.4,66.941745021174));
#10418 = VECTOR('',#10419,1.);
#10419 = DIRECTION('',(0.,-1.,0.));
#10420 = PCURVE('',#3904,#10421);
#10421 = DEFINITIONAL_REPRESENTATION('',(#10422),#10426);
#10422 = LINE('',#10423,#10424);
#10423 = CARTESIAN_POINT('',(0.,0.));
#10424 = VECTOR('',#10425,1.);
#10425 = DIRECTION('',(-0.,-1.));
#10426 = ( GEOMETRIC_REPRESENTATION_CONTEXT(2) 
PARAMETRIC_REPRESENTATION_CONTEXT() REPRESENTATION_CONTEXT('2D SPACE',''
  ) );
#10427 = PCURVE('',#10347,#10428);
#10428 = DEFINITIONAL_REPRESENTATION('',(#10429),#10433);
#10429 = LINE('',#10430,#10431);
#10430 = CARTESIAN_POINT('',(0.785196315181,0.));
#10431 = VECTOR('',#10432,1.);
#10432 = DIRECTION('',(-0.,-1.));
#10433 = ( GEOMETRIC_REPRESENTATION_CONTEXT(2) 
PARAMETRIC_REPRESENTATION_CONTEXT() REPRESENTATION_CONTEXT('2D SPACE',''
  ) );
#10434 = ORIENTED_EDGE('',*,*,#10435,.T.);
#10435 = EDGE_CURVE('',#10413,#3857,#10436,.T.);
#10436 = SURFACE_CURVE('',#10437,(#10441,#10448),.PCURVE_S1.);
#10437 = LINE('',#10438,#10439);
#10438 = CARTESIAN_POINT('',(-124.0778246304,36.2,66.941745021174));
#10439 = VECTOR('',#10440,1.);
#10440 = DIRECTION('',(-0.259973128902,0.,-0.965615851283));
#10441 = PCURVE('',#3904,#10442);
#10442 = DEFINITIONAL_REPRESENTATION('',(#10443),#10447);
#10443 = LINE('',#10444,#10445);
#10444 = CARTESIAN_POINT('',(-0.,-5.2));
#10445 = VECTOR('',#10446,1.);
#10446 = DIRECTION('',(1.,0.));
#10447 = ( GEOMETRIC_REPRESENTATION_CONTEXT(2) 
PARAMETRIC_REPRESENTATION_CONTEXT() REPRESENTATION_CONTEXT('2D SPACE',''
  ) );
#10448 = PCURVE('',#3873,#10449);
#10449 = DEFINITIONAL_REPRESENTATION('',(#10450),#10454);
#10450 = LINE('',#10451,#10452);
#10451 = CARTESIAN_POINT('',(-9.941745021174,-1.077824630428));
#10452 = VECTOR('',#10453,1.);
#10453 = DIRECTION('',(0.965615851283,-0.259973128902));
#10454 = ( GEOMETRIC_REPRESENTATION_CONTEXT(2) 
PARAMETRIC_REPRESENTATION_CONTEXT() REPRESENTATION_CONTEXT('2D SPACE',''
  ) );
#10455 = ORIENTED_EDGE('',*,*,#3889,.T.);
#10456 = ADVANCED_FACE('',(#10457),#3873,.T.);
#10457 = FACE_BOUND('',#10458,.T.);
#10458 = EDGE_LOOP('',(#10459,#10460,#10461,#10482));
#10459 = ORIENTED_EDGE('',*,*,#3856,.T.);
#10460 = ORIENTED_EDGE('',*,*,#10310,.T.);
#10461 = ORIENTED_EDGE('',*,*,#10462,.T.);
#10462 = EDGE_CURVE('',#10311,#10413,#10463,.T.);
#10463 = SURFACE_CURVE('',#10464,(#10468,#10475),.PCURVE_S1.);
#10464 = LINE('',#10465,#10466);
#10465 = CARTESIAN_POINT('',(-123.2944817324,36.2,66.99566308502));
#10466 = VECTOR('',#10467,1.);
#10467 = DIRECTION('',(-0.997639549247,0.,-6.866825888437E-02));
#10468 = PCURVE('',#3873,#10469);
#10469 = DEFINITIONAL_REPRESENTATION('',(#10470),#10474);
#10470 = LINE('',#10471,#10472);
#10471 = CARTESIAN_POINT('',(-9.99566308502,-0.29448173248));
#10472 = VECTOR('',#10473,1.);
#10473 = DIRECTION('',(6.866825888437E-02,-0.997639549247));
#10474 = ( GEOMETRIC_REPRESENTATION_CONTEXT(2) 
PARAMETRIC_REPRESENTATION_CONTEXT() REPRESENTATION_CONTEXT('2D SPACE',''
  ) );
#10475 = PCURVE('',#10347,#10476);
#10476 = DEFINITIONAL_REPRESENTATION('',(#10477),#10481);
#10477 = LINE('',#10478,#10479);
#10478 = CARTESIAN_POINT('',(-0.,-5.2));
#10479 = VECTOR('',#10480,1.);
#10480 = DIRECTION('',(1.,0.));
#10481 = ( GEOMETRIC_REPRESENTATION_CONTEXT(2) 
PARAMETRIC_REPRESENTATION_CONTEXT() REPRESENTATION_CONTEXT('2D SPACE',''
  ) );
#10482 = ORIENTED_EDGE('',*,*,#10435,.T.);
#10483 = ADVANCED_FACE('',(#10484,#10487),#3987,.F.);
#10484 = FACE_BOUND('',#10485,.F.);
#10485 = EDGE_LOOP('',(#10486));
#10486 = ORIENTED_EDGE('',*,*,#3972,.T.);
#10487 = FACE_BOUND('',#10488,.F.);
#10488 = EDGE_LOOP('',(#10489));
#10489 = ORIENTED_EDGE('',*,*,#10490,.F.);
#10490 = EDGE_CURVE('',#10491,#10491,#10493,.T.);
#10491 = VERTEX_POINT('',#10492);
#10492 = CARTESIAN_POINT('',(-123.,35.2,65.));
#10493 = SURFACE_CURVE('',#10494,(#10499,#10506),.PCURVE_S1.);
#10494 = CIRCLE('',#10495,8.);
#10495 = AXIS2_PLACEMENT_3D('',#10496,#10497,#10498);
#10496 = CARTESIAN_POINT('',(-123.,35.2,57.));
#10497 = DIRECTION('',(0.,1.,0.));
#10498 = DIRECTION('',(0.,-0.,1.));
#10499 = PCURVE('',#3987,#10500);
#10500 = DEFINITIONAL_REPRESENTATION('',(#10501),#10505);
#10501 = CIRCLE('',#10502,8.);
#10502 = AXIS2_PLACEMENT_2D('',#10503,#10504);
#10503 = CARTESIAN_POINT('',(0.,0.));
#10504 = DIRECTION('',(1.,0.));
#10505 = ( GEOMETRIC_REPRESENTATION_CONTEXT(2) 
PARAMETRIC_REPRESENTATION_CONTEXT() REPRESENTATION_CONTEXT('2D SPACE',''
  ) );
#10506 = PCURVE('',#10507,#10512);
#10507 = CYLINDRICAL_SURFACE('',#10508,8.);
#10508 = AXIS2_PLACEMENT_3D('',#10509,#10510,#10511);
#10509 = CARTESIAN_POINT('',(-123.,35.1,57.));
#10510 = DIRECTION('',(0.,1.,0.));
#10511 = DIRECTION('',(0.,-0.,1.));
#10512 = DEFINITIONAL_REPRESENTATION('',(#10513),#10517);
#10513 = LINE('',#10514,#10515);
#10514 = CARTESIAN_POINT('',(0.,0.1));
#10515 = VECTOR('',#10516,1.);
#10516 = DIRECTION('',(1.,0.));
#10517 = ( GEOMETRIC_REPRESENTATION_CONTEXT(2) 
PARAMETRIC_REPRESENTATION_CONTEXT() REPRESENTATION_CONTEXT('2D SPACE',''
  ) );
#10518 = ADVANCED_FACE('',(#10519,#10522,#10628),#4040,.T.);
#10519 = FACE_BOUND('',#10520,.T.);
#10520 = EDGE_LOOP('',(#10521));
#10521 = ORIENTED_EDGE('',*,*,#4025,.T.);
#10522 = FACE_BOUND('',#10523,.T.);
#10523 = EDGE_LOOP('',(#10524,#10552,#10578,#10604));
#10524 = ORIENTED_EDGE('',*,*,#10525,.T.);
#10525 = EDGE_CURVE('',#10526,#10528,#10530,.T.);
#10526 = VERTEX_POINT('',#10527);
#10527 = CARTESIAN_POINT('',(-125.9698484809,42.2,59.12132034356));
#10528 = VERTEX_POINT('',#10529);
#10529 = CARTESIAN_POINT('',(-125.1213203435,42.2,59.969848480984));
#10530 = SURFACE_CURVE('',#10531,(#10535,#10541),.PCURVE_S1.);
#10531 = LINE('',#10532,#10533);
#10532 = CARTESIAN_POINT('',(-125.7577164466,42.2,59.333452377916));
#10533 = VECTOR('',#10534,1.);
#10534 = DIRECTION('',(0.707106781187,-0.,0.707106781187));
#10535 = PCURVE('',#4040,#10536);
#10536 = DEFINITIONAL_REPRESENTATION('',(#10537),#10540);
#10537 = B_SPLINE_CURVE_WITH_KNOTS('',1,(#10538,#10539),.UNSPECIFIED.,
  .F.,.F.,(2,2),(-0.3,0.9),.PIECEWISE_BEZIER_KNOTS.);
#10538 = CARTESIAN_POINT('',(2.12132034356,-2.969848480984));
#10539 = CARTESIAN_POINT('',(2.969848480984,-2.12132034356));
#10540 = ( GEOMETRIC_REPRESENTATION_CONTEXT(2) 
PARAMETRIC_REPRESENTATION_CONTEXT() REPRESENTATION_CONTEXT('2D SPACE',''
  ) );
#10541 = PCURVE('',#10542,#10547);
#10542 = PLANE('',#10543);
#10543 = AXIS2_PLACEMENT_3D('',#10544,#10545,#10546);
#10544 = CARTESIAN_POINT('',(-125.9698484809,42.3,59.12132034356));
#10545 = DIRECTION('',(-0.707106781187,0.,0.707106781187));
#10546 = DIRECTION('',(0.707106781187,0.,0.707106781187));
#10547 = DEFINITIONAL_REPRESENTATION('',(#10548),#10551);
#10548 = B_SPLINE_CURVE_WITH_KNOTS('',1,(#10549,#10550),.UNSPECIFIED.,
  .F.,.F.,(2,2),(-0.3,0.9),.PIECEWISE_BEZIER_KNOTS.);
#10549 = CARTESIAN_POINT('',(0.,-0.1));
#10550 = CARTESIAN_POINT('',(1.2,-0.1));
#10551 = ( GEOMETRIC_REPRESENTATION_CONTEXT(2) 
PARAMETRIC_REPRESENTATION_CONTEXT() REPRESENTATION_CONTEXT('2D SPACE',''
  ) );
#10552 = ORIENTED_EDGE('',*,*,#10553,.T.);
#10553 = EDGE_CURVE('',#10528,#10554,#10556,.T.);
#10554 = VERTEX_POINT('',#10555);
#10555 = CARTESIAN_POINT('',(-128.5154328932,42.2,63.363961030679));
#10556 = SURFACE_CURVE('',#10557,(#10561,#10567),.PCURVE_S1.);
#10557 = LINE('',#10558,#10559);
#10558 = CARTESIAN_POINT('',(-123.8485281374,42.2,58.697056274848));
#10559 = VECTOR('',#10560,1.);
#10560 = DIRECTION('',(-0.707106781187,0.,0.707106781187));
#10561 = PCURVE('',#4040,#10562);
#10562 = DEFINITIONAL_REPRESENTATION('',(#10563),#10566);
#10563 = B_SPLINE_CURVE_WITH_KNOTS('',1,(#10564,#10565),.UNSPECIFIED.,
  .F.,.F.,(2,2),(1.8,6.6),.PIECEWISE_BEZIER_KNOTS.);
#10564 = CARTESIAN_POINT('',(2.969848480984,-2.12132034356));
#10565 = CARTESIAN_POINT('',(6.363961030679,-5.515432893255));
#10566 = ( GEOMETRIC_REPRESENTATION_CONTEXT(2) 
PARAMETRIC_REPRESENTATION_CONTEXT() REPRESENTATION_CONTEXT('2D SPACE',''
  ) );
#10567 = PCURVE('',#10568,#10573);
#10568 = PLANE('',#10569);
#10569 = AXIS2_PLACEMENT_3D('',#10570,#10571,#10572);
#10570 = CARTESIAN_POINT('',(-125.1213203435,42.3,59.969848480984));
#10571 = DIRECTION('',(-0.707106781187,-0.,-0.707106781187));
#10572 = DIRECTION('',(-0.707106781187,0.,0.707106781187));
#10573 = DEFINITIONAL_REPRESENTATION('',(#10574),#10577);
#10574 = B_SPLINE_CURVE_WITH_KNOTS('',1,(#10575,#10576),.UNSPECIFIED.,
  .F.,.F.,(2,2),(1.8,6.6),.PIECEWISE_BEZIER_KNOTS.);
#10575 = CARTESIAN_POINT('',(0.,-0.1));
#10576 = CARTESIAN_POINT('',(4.8,-0.1));
#10577 = ( GEOMETRIC_REPRESENTATION_CONTEXT(2) 
PARAMETRIC_REPRESENTATION_CONTEXT() REPRESENTATION_CONTEXT('2D SPACE',''
  ) );
#10578 = ORIENTED_EDGE('',*,*,#10579,.T.);
#10579 = EDGE_CURVE('',#10554,#10580,#10582,.T.);
#10580 = VERTEX_POINT('',#10581);
#10581 = CARTESIAN_POINT('',(-129.3639610306,42.2,62.515432893255));
#10582 = SURFACE_CURVE('',#10583,(#10587,#10593),.PCURVE_S1.);
#10583 = LINE('',#10584,#10585);
#10584 = CARTESIAN_POINT('',(-128.7275649276,42.2,63.151828996323));
#10585 = VECTOR('',#10586,1.);
#10586 = DIRECTION('',(-0.707106781187,0.,-0.707106781187));
#10587 = PCURVE('',#4040,#10588);
#10588 = DEFINITIONAL_REPRESENTATION('',(#10589),#10592);
#10589 = B_SPLINE_CURVE_WITH_KNOTS('',1,(#10590,#10591),.UNSPECIFIED.,
  .F.,.F.,(2,2),(-0.3,0.9),.PIECEWISE_BEZIER_KNOTS.);
#10590 = CARTESIAN_POINT('',(6.363961030679,-5.515432893255));
#10591 = CARTESIAN_POINT('',(5.515432893255,-6.363961030679));
#10592 = ( GEOMETRIC_REPRESENTATION_CONTEXT(2) 
PARAMETRIC_REPRESENTATION_CONTEXT() REPRESENTATION_CONTEXT('2D SPACE',''
  ) );
#10593 = PCURVE('',#10594,#10599);
#10594 = PLANE('',#10595);
#10595 = AXIS2_PLACEMENT_3D('',#10596,#10597,#10598);
#10596 = CARTESIAN_POINT('',(-128.5154328932,42.3,63.363961030679));
#10597 = DIRECTION('',(0.707106781187,0.,-0.707106781187));
#10598 = DIRECTION('',(-0.707106781187,0.,-0.707106781187));
#10599 = DEFINITIONAL_REPRESENTATION('',(#10600),#10603);
#10600 = B_SPLINE_CURVE_WITH_KNOTS('',1,(#10601,#10602),.UNSPECIFIED.,
  .F.,.F.,(2,2),(-0.3,0.9),.PIECEWISE_BEZIER_KNOTS.);
#10601 = CARTESIAN_POINT('',(0.,-0.1));
#10602 = CARTESIAN_POINT('',(1.2,-0.1));
#10603 = ( GEOMETRIC_REPRESENTATION_CONTEXT(2) 
PARAMETRIC_REPRESENTATION_CONTEXT() REPRESENTATION_CONTEXT('2D SPACE',''
  ) );
#10604 = ORIENTED_EDGE('',*,*,#10605,.T.);
#10605 = EDGE_CURVE('',#10580,#10526,#10606,.T.);
#10606 = SURFACE_CURVE('',#10607,(#10611,#10617),.PCURVE_S1.);
#10607 = LINE('',#10608,#10609);
#10608 = CARTESIAN_POINT('',(-126.3941125496,42.2,59.545584412272));
#10609 = VECTOR('',#10610,1.);
#10610 = DIRECTION('',(0.707106781187,0.,-0.707106781187));
#10611 = PCURVE('',#4040,#10612);
#10612 = DEFINITIONAL_REPRESENTATION('',(#10613),#10616);
#10613 = B_SPLINE_CURVE_WITH_KNOTS('',1,(#10614,#10615),.UNSPECIFIED.,
  .F.,.F.,(2,2),(-4.2,0.6),.PIECEWISE_BEZIER_KNOTS.);
#10614 = CARTESIAN_POINT('',(5.515432893255,-6.363961030679));
#10615 = CARTESIAN_POINT('',(2.12132034356,-2.969848480983));
#10616 = ( GEOMETRIC_REPRESENTATION_CONTEXT(2) 
PARAMETRIC_REPRESENTATION_CONTEXT() REPRESENTATION_CONTEXT('2D SPACE',''
  ) );
#10617 = PCURVE('',#10618,#10623);
#10618 = PLANE('',#10619);
#10619 = AXIS2_PLACEMENT_3D('',#10620,#10621,#10622);
#10620 = CARTESIAN_POINT('',(-129.3639610306,42.3,62.515432893255));
#10621 = DIRECTION('',(0.707106781187,0.,0.707106781187));
#10622 = DIRECTION('',(0.707106781187,0.,-0.707106781187));
#10623 = DEFINITIONAL_REPRESENTATION('',(#10624),#10627);
#10624 = B_SPLINE_CURVE_WITH_KNOTS('',1,(#10625,#10626),.UNSPECIFIED.,
  .F.,.F.,(2,2),(-4.2,0.6),.PIECEWISE_BEZIER_KNOTS.);
#10625 = CARTESIAN_POINT('',(0.,-0.1));
#10626 = CARTESIAN_POINT('',(4.8,-0.1));
#10627 = ( GEOMETRIC_REPRESENTATION_CONTEXT(2) 
PARAMETRIC_REPRESENTATION_CONTEXT() REPRESENTATION_CONTEXT('2D SPACE',''
  ) );
#10628 = FACE_BOUND('',#10629,.T.);
#10629 = EDGE_LOOP('',(#10630,#10658,#10684,#10710,#10736,#10762,#10788,
    #10814,#10840,#10866,#10892,#10918,#10944,#10970,#10996,#11022,
    #11048,#11074,#11100,#11126,#11152,#11178,#11204,#11230,#11256,
    #11282,#11308,#11334,#11360,#11386,#11412,#11438,#11464,#11490,
    #11516,#11542,#11568,#11594,#11620,#11646,#11672,#11698,#11724,
    #11750,#11776,#11802,#11828,#11854,#11880));
#10630 = ORIENTED_EDGE('',*,*,#10631,.T.);
#10631 = EDGE_CURVE('',#10632,#10634,#10636,.T.);
#10632 = VERTEX_POINT('',#10633);
#10633 = CARTESIAN_POINT('',(-121.9721962238,42.2,60.10954086605));
#10634 = VERTEX_POINT('',#10635);
#10635 = CARTESIAN_POINT('',(-122.251257229,42.2,60.18826116605));
#10636 = SURFACE_CURVE('',#10637,(#10641,#10647),.PCURVE_S1.);
#10637 = LINE('',#10638,#10639);
#10638 = CARTESIAN_POINT('',(-122.0419614751,42.2,60.12922094105));
#10639 = VECTOR('',#10640,1.);
#10640 = DIRECTION('',(-0.962439956696,0.,0.271494621964));
#10641 = PCURVE('',#4040,#10642);
#10642 = DEFINITIONAL_REPRESENTATION('',(#10643),#10646);
#10643 = B_SPLINE_CURVE_WITH_KNOTS('',1,(#10644,#10645),.UNSPECIFIED.,
  .F.,.F.,(2,2),(-7.248789997242E-02,0.217463699917),
  .PIECEWISE_BEZIER_KNOTS.);
#10644 = CARTESIAN_POINT('',(3.10954086605,1.027803776198));
#10645 = CARTESIAN_POINT('',(3.18826116605,0.748742770956));
#10646 = ( GEOMETRIC_REPRESENTATION_CONTEXT(2) 
PARAMETRIC_REPRESENTATION_CONTEXT() REPRESENTATION_CONTEXT('2D SPACE',''
  ) );
#10647 = PCURVE('',#10648,#10653);
#10648 = PLANE('',#10649);
#10649 = AXIS2_PLACEMENT_3D('',#10650,#10651,#10652);
#10650 = CARTESIAN_POINT('',(-121.9721962238,42.3,60.10954086605));
#10651 = DIRECTION('',(-0.271494621964,-0.,-0.962439956696));
#10652 = DIRECTION('',(-0.962439956696,0.,0.271494621964));
#10653 = DEFINITIONAL_REPRESENTATION('',(#10654),#10657);
#10654 = B_SPLINE_CURVE_WITH_KNOTS('',1,(#10655,#10656),.UNSPECIFIED.,
  .F.,.F.,(2,2),(-7.248789997242E-02,0.217463699917),
  .PIECEWISE_BEZIER_KNOTS.);
#10655 = CARTESIAN_POINT('',(0.,-0.1));
#10656 = CARTESIAN_POINT('',(0.28995159989,-0.1));
#10657 = ( GEOMETRIC_REPRESENTATION_CONTEXT(2) 
PARAMETRIC_REPRESENTATION_CONTEXT() REPRESENTATION_CONTEXT('2D SPACE',''
  ) );
#10658 = ORIENTED_EDGE('',*,*,#10659,.T.);
#10659 = EDGE_CURVE('',#10634,#10660,#10662,.T.);
#10660 = VERTEX_POINT('',#10661);
#10661 = CARTESIAN_POINT('',(-126.188261166,42.2,56.251257229044));
#10662 = SURFACE_CURVE('',#10663,(#10667,#10673),.PCURVE_S1.);
#10663 = LINE('',#10664,#10665);
#10664 = CARTESIAN_POINT('',(-123.2355082132,42.2,59.204010181798));
#10665 = VECTOR('',#10666,1.);
#10666 = DIRECTION('',(-0.707106781187,0.,-0.707106781187));
#10667 = PCURVE('',#4040,#10668);
#10668 = DEFINITIONAL_REPRESENTATION('',(#10669),#10672);
#10669 = B_SPLINE_CURVE_WITH_KNOTS('',1,(#10670,#10671),.UNSPECIFIED.,
  .F.,.F.,(2,2),(-1.391941090708,4.175823272123),
  .PIECEWISE_BEZIER_KNOTS.);
#10670 = CARTESIAN_POINT('',(3.18826116605,0.748742770956));
#10671 = CARTESIAN_POINT('',(-0.748742770956,-3.18826116605));
#10672 = ( GEOMETRIC_REPRESENTATION_CONTEXT(2) 
PARAMETRIC_REPRESENTATION_CONTEXT() REPRESENTATION_CONTEXT('2D SPACE',''
  ) );
#10673 = PCURVE('',#10674,#10679);
#10674 = PLANE('',#10675);
#10675 = AXIS2_PLACEMENT_3D('',#10676,#10677,#10678);
#10676 = CARTESIAN_POINT('',(-122.251257229,42.3,60.18826116605));
#10677 = DIRECTION('',(0.707106781187,0.,-0.707106781187));
#10678 = DIRECTION('',(-0.707106781187,0.,-0.707106781187));
#10679 = DEFINITIONAL_REPRESENTATION('',(#10680),#10683);
#10680 = B_SPLINE_CURVE_WITH_KNOTS('',1,(#10681,#10682),.UNSPECIFIED.,
  .F.,.F.,(2,2),(-1.391941090708,4.175823272123),
  .PIECEWISE_BEZIER_KNOTS.);
#10681 = CARTESIAN_POINT('',(0.,-0.1));
#10682 = CARTESIAN_POINT('',(5.56776436283,-0.1));
#10683 = ( GEOMETRIC_REPRESENTATION_CONTEXT(2) 
PARAMETRIC_REPRESENTATION_CONTEXT() REPRESENTATION_CONTEXT('2D SPACE',''
  ) );
#10684 = ORIENTED_EDGE('',*,*,#10685,.T.);
#10685 = EDGE_CURVE('',#10660,#10686,#10688,.T.);
#10686 = VERTEX_POINT('',#10687);
#10687 = CARTESIAN_POINT('',(-126.109540866,42.2,55.972196223802));
#10688 = SURFACE_CURVE('',#10689,(#10693,#10699),.PCURVE_S1.);
#10689 = LINE('',#10690,#10691);
#10690 = CARTESIAN_POINT('',(-126.168581091,42.2,56.181491977733));
#10691 = VECTOR('',#10692,1.);
#10692 = DIRECTION('',(0.271494621964,0.,-0.962439956696));
#10693 = PCURVE('',#4040,#10694);
#10694 = DEFINITIONAL_REPRESENTATION('',(#10695),#10698);
#10695 = B_SPLINE_CURVE_WITH_KNOTS('',1,(#10696,#10697),.UNSPECIFIED.,
  .F.,.F.,(2,2),(-7.248789997236E-02,0.217463699917),
  .PIECEWISE_BEZIER_KNOTS.);
#10696 = CARTESIAN_POINT('',(-0.748742770956,-3.18826116605));
#10697 = CARTESIAN_POINT('',(-1.027803776198,-3.10954086605));
#10698 = ( GEOMETRIC_REPRESENTATION_CONTEXT(2) 
PARAMETRIC_REPRESENTATION_CONTEXT() REPRESENTATION_CONTEXT('2D SPACE',''
  ) );
#10699 = PCURVE('',#10700,#10705);
#10700 = PLANE('',#10701);
#10701 = AXIS2_PLACEMENT_3D('',#10702,#10703,#10704);
#10702 = CARTESIAN_POINT('',(-126.188261166,42.3,56.251257229044));
#10703 = DIRECTION('',(0.962439956696,0.,0.271494621964));
#10704 = DIRECTION('',(0.271494621964,0.,-0.962439956696));
#10705 = DEFINITIONAL_REPRESENTATION('',(#10706),#10709);
#10706 = B_SPLINE_CURVE_WITH_KNOTS('',1,(#10707,#10708),.UNSPECIFIED.,
  .F.,.F.,(2,2),(-7.248789997236E-02,0.217463699917),
  .PIECEWISE_BEZIER_KNOTS.);
#10707 = CARTESIAN_POINT('',(0.,-0.1));
#10708 = CARTESIAN_POINT('',(0.28995159989,-0.1));
#10709 = ( GEOMETRIC_REPRESENTATION_CONTEXT(2) 
PARAMETRIC_REPRESENTATION_CONTEXT() REPRESENTATION_CONTEXT('2D SPACE',''
  ) );
#10710 = ORIENTED_EDGE('',*,*,#10711,.T.);
#10711 = EDGE_CURVE('',#10686,#10712,#10714,.T.);
#10712 = VERTEX_POINT('',#10713);
#10713 = CARTESIAN_POINT('',(-126.0064466854,42.2,55.701191574009));
#10714 = SURFACE_CURVE('',#10715,(#10719,#10725),.PCURVE_S1.);
#10715 = LINE('',#10716,#10717);
#10716 = CARTESIAN_POINT('',(-126.0837673209,42.2,55.904445061354));
#10717 = VECTOR('',#10718,1.);
#10718 = DIRECTION('',(0.355556515703,0.,-0.934654783405));
#10719 = PCURVE('',#4040,#10720);
#10720 = DEFINITIONAL_REPRESENTATION('',(#10721),#10724);
#10721 = B_SPLINE_CURVE_WITH_KNOTS('',1,(#10722,#10723),.UNSPECIFIED.,
  .F.,.F.,(2,2),(-7.248789997245E-02,0.217463699917),
  .PIECEWISE_BEZIER_KNOTS.);
#10722 = CARTESIAN_POINT('',(-1.027803776198,-3.10954086605));
#10723 = CARTESIAN_POINT('',(-1.298808425991,-3.00644668547));
#10724 = ( GEOMETRIC_REPRESENTATION_CONTEXT(2) 
PARAMETRIC_REPRESENTATION_CONTEXT() REPRESENTATION_CONTEXT('2D SPACE',''
  ) );
#10725 = PCURVE('',#10726,#10731);
#10726 = PLANE('',#10727);
#10727 = AXIS2_PLACEMENT_3D('',#10728,#10729,#10730);
#10728 = CARTESIAN_POINT('',(-126.109540866,42.3,55.972196223802));
#10729 = DIRECTION('',(0.934654783405,0.,0.355556515703));
#10730 = DIRECTION('',(0.355556515703,0.,-0.934654783405));
#10731 = DEFINITIONAL_REPRESENTATION('',(#10732),#10735);
#10732 = B_SPLINE_CURVE_WITH_KNOTS('',1,(#10733,#10734),.UNSPECIFIED.,
  .F.,.F.,(2,2),(-7.248789997245E-02,0.217463699917),
  .PIECEWISE_BEZIER_KNOTS.);
#10733 = CARTESIAN_POINT('',(0.,-0.1));
#10734 = CARTESIAN_POINT('',(0.28995159989,-0.1));
#10735 = ( GEOMETRIC_REPRESENTATION_CONTEXT(2) 
PARAMETRIC_REPRESENTATION_CONTEXT() REPRESENTATION_CONTEXT('2D SPACE',''
  ) );
#10736 = ORIENTED_EDGE('',*,*,#10737,.T.);
#10737 = EDGE_CURVE('',#10712,#10738,#10740,.T.);
#10738 = VERTEX_POINT('',#10739);
#10739 = CARTESIAN_POINT('',(-125.8797867195,42.2,55.440367527346));
#10740 = SURFACE_CURVE('',#10741,(#10745,#10751),.PCURVE_S1.);
#10741 = LINE('',#10742,#10743);
#10742 = CARTESIAN_POINT('',(-125.9747816939,42.2,55.635985562343));
#10743 = VECTOR('',#10744,1.);
#10744 = DIRECTION('',(0.436831408909,0.,-0.899543395391));
#10745 = PCURVE('',#4040,#10746);
#10746 = DEFINITIONAL_REPRESENTATION('',(#10747),#10750);
#10747 = B_SPLINE_CURVE_WITH_KNOTS('',1,(#10748,#10749),.UNSPECIFIED.,
  .F.,.F.,(2,2),(-7.248789997243E-02,0.217463699917),
  .PIECEWISE_BEZIER_KNOTS.);
#10748 = CARTESIAN_POINT('',(-1.298808425991,-3.00644668547));
#10749 = CARTESIAN_POINT('',(-1.559632472654,-2.879786719575));
#10750 = ( GEOMETRIC_REPRESENTATION_CONTEXT(2) 
PARAMETRIC_REPRESENTATION_CONTEXT() REPRESENTATION_CONTEXT('2D SPACE',''
  ) );
#10751 = PCURVE('',#10752,#10757);
#10752 = PLANE('',#10753);
#10753 = AXIS2_PLACEMENT_3D('',#10754,#10755,#10756);
#10754 = CARTESIAN_POINT('',(-126.0064466854,42.3,55.701191574009));
#10755 = DIRECTION('',(0.899543395391,0.,0.436831408909));
#10756 = DIRECTION('',(0.436831408909,0.,-0.899543395391));
#10757 = DEFINITIONAL_REPRESENTATION('',(#10758),#10761);
#10758 = B_SPLINE_CURVE_WITH_KNOTS('',1,(#10759,#10760),.UNSPECIFIED.,
  .F.,.F.,(2,2),(-7.248789997243E-02,0.217463699917),
  .PIECEWISE_BEZIER_KNOTS.);
#10759 = CARTESIAN_POINT('',(0.,-0.1));
#10760 = CARTESIAN_POINT('',(0.28995159989,-0.1));
#10761 = ( GEOMETRIC_REPRESENTATION_CONTEXT(2) 
PARAMETRIC_REPRESENTATION_CONTEXT() REPRESENTATION_CONTEXT('2D SPACE',''
  ) );
#10762 = ORIENTED_EDGE('',*,*,#10763,.T.);
#10763 = EDGE_CURVE('',#10738,#10764,#10766,.T.);
#10764 = VERTEX_POINT('',#10765);
#10765 = CARTESIAN_POINT('',(-125.7305537821,42.2,55.19176853167));
#10766 = SURFACE_CURVE('',#10767,(#10771,#10777),.PCURVE_S1.);
#10767 = LINE('',#10768,#10769);
#10768 = CARTESIAN_POINT('',(-125.8424784852,42.2,55.378217778427));
#10769 = VECTOR('',#10770,1.);
#10770 = DIRECTION('',(0.514682235008,0.,-0.857381010384));
#10771 = PCURVE('',#4040,#10772);
#10772 = DEFINITIONAL_REPRESENTATION('',(#10773),#10776);
#10773 = B_SPLINE_CURVE_WITH_KNOTS('',1,(#10774,#10775),.UNSPECIFIED.,
  .F.,.F.,(2,2),(-7.248789997244E-02,0.217463699917),
  .PIECEWISE_BEZIER_KNOTS.);
#10774 = CARTESIAN_POINT('',(-1.559632472654,-2.879786719575));
#10775 = CARTESIAN_POINT('',(-1.80823146833,-2.7305537821));
#10776 = ( GEOMETRIC_REPRESENTATION_CONTEXT(2) 
PARAMETRIC_REPRESENTATION_CONTEXT() REPRESENTATION_CONTEXT('2D SPACE',''
  ) );
#10777 = PCURVE('',#10778,#10783);
#10778 = PLANE('',#10779);
#10779 = AXIS2_PLACEMENT_3D('',#10780,#10781,#10782);
#10780 = CARTESIAN_POINT('',(-125.8797867195,42.3,55.440367527346));
#10781 = DIRECTION('',(0.857381010384,0.,0.514682235008));
#10782 = DIRECTION('',(0.514682235008,0.,-0.857381010384));
#10783 = DEFINITIONAL_REPRESENTATION('',(#10784),#10787);
#10784 = B_SPLINE_CURVE_WITH_KNOTS('',1,(#10785,#10786),.UNSPECIFIED.,
  .F.,.F.,(2,2),(-7.248789997244E-02,0.217463699917),
  .PIECEWISE_BEZIER_KNOTS.);
#10785 = CARTESIAN_POINT('',(0.,-0.1));
#10786 = CARTESIAN_POINT('',(0.28995159989,-0.1));
#10787 = ( GEOMETRIC_REPRESENTATION_CONTEXT(2) 
PARAMETRIC_REPRESENTATION_CONTEXT() REPRESENTATION_CONTEXT('2D SPACE',''
  ) );
#10788 = ORIENTED_EDGE('',*,*,#10789,.T.);
#10789 = EDGE_CURVE('',#10764,#10790,#10792,.T.);
#10790 = VERTEX_POINT('',#10791);
#10791 = CARTESIAN_POINT('',(-125.5599176231,42.2,54.957343209783));
#10792 = SURFACE_CURVE('',#10793,(#10797,#10803),.PCURVE_S1.);
#10793 = LINE('',#10794,#10795);
#10794 = CARTESIAN_POINT('',(-125.6878947423,42.2,55.133162201198));
#10795 = VECTOR('',#10796,1.);
#10796 = DIRECTION('',(0.588498766698,0.,-0.808498114775));
#10797 = PCURVE('',#4040,#10798);
#10798 = DEFINITIONAL_REPRESENTATION('',(#10799),#10802);
#10799 = B_SPLINE_CURVE_WITH_KNOTS('',1,(#10800,#10801),.UNSPECIFIED.,
  .F.,.F.,(2,2),(-7.248789997243E-02,0.217463699917),
  .PIECEWISE_BEZIER_KNOTS.);
#10800 = CARTESIAN_POINT('',(-1.80823146833,-2.7305537821));
#10801 = CARTESIAN_POINT('',(-2.042656790217,-2.559917623163));
#10802 = ( GEOMETRIC_REPRESENTATION_CONTEXT(2) 
PARAMETRIC_REPRESENTATION_CONTEXT() REPRESENTATION_CONTEXT('2D SPACE',''
  ) );
#10803 = PCURVE('',#10804,#10809);
#10804 = PLANE('',#10805);
#10805 = AXIS2_PLACEMENT_3D('',#10806,#10807,#10808);
#10806 = CARTESIAN_POINT('',(-125.7305537821,42.3,55.19176853167));
#10807 = DIRECTION('',(0.808498114775,0.,0.588498766698));
#10808 = DIRECTION('',(0.588498766698,0.,-0.808498114775));
#10809 = DEFINITIONAL_REPRESENTATION('',(#10810),#10813);
#10810 = B_SPLINE_CURVE_WITH_KNOTS('',1,(#10811,#10812),.UNSPECIFIED.,
  .F.,.F.,(2,2),(-7.248789997243E-02,0.217463699917),
  .PIECEWISE_BEZIER_KNOTS.);
#10811 = CARTESIAN_POINT('',(0.,-0.1));
#10812 = CARTESIAN_POINT('',(0.28995159989,-0.1));
#10813 = ( GEOMETRIC_REPRESENTATION_CONTEXT(2) 
PARAMETRIC_REPRESENTATION_CONTEXT() REPRESENTATION_CONTEXT('2D SPACE',''
  ) );
#10814 = ORIENTED_EDGE('',*,*,#10815,.T.);
#10815 = EDGE_CURVE('',#10790,#10816,#10818,.T.);
#10816 = VERTEX_POINT('',#10817);
#10817 = CARTESIAN_POINT('',(-125.3692157602,42.2,54.738929085309));
#10818 = SURFACE_CURVE('',#10819,(#10823,#10829),.PCURVE_S1.);
#10819 = LINE('',#10820,#10821);
#10820 = CARTESIAN_POINT('',(-125.5122421574,42.2,54.902739678664));
#10821 = VECTOR('',#10822,1.);
#10822 = DIRECTION('',(0.657702399159,0.,-0.753277873125));
#10823 = PCURVE('',#4040,#10824);
#10824 = DEFINITIONAL_REPRESENTATION('',(#10825),#10828);
#10825 = B_SPLINE_CURVE_WITH_KNOTS('',1,(#10826,#10827),.UNSPECIFIED.,
  .F.,.F.,(2,2),(-7.248789997243E-02,0.217463699917),
  .PIECEWISE_BEZIER_KNOTS.);
#10826 = CARTESIAN_POINT('',(-2.042656790217,-2.559917623163));
#10827 = CARTESIAN_POINT('',(-2.261070914691,-2.369215760275));
#10828 = ( GEOMETRIC_REPRESENTATION_CONTEXT(2) 
PARAMETRIC_REPRESENTATION_CONTEXT() REPRESENTATION_CONTEXT('2D SPACE',''
  ) );
#10829 = PCURVE('',#10830,#10835);
#10830 = PLANE('',#10831);
#10831 = AXIS2_PLACEMENT_3D('',#10832,#10833,#10834);
#10832 = CARTESIAN_POINT('',(-125.5599176231,42.3,54.957343209783));
#10833 = DIRECTION('',(0.753277873125,0.,0.657702399159));
#10834 = DIRECTION('',(0.657702399159,0.,-0.753277873125));
#10835 = DEFINITIONAL_REPRESENTATION('',(#10836),#10839);
#10836 = B_SPLINE_CURVE_WITH_KNOTS('',1,(#10837,#10838),.UNSPECIFIED.,
  .F.,.F.,(2,2),(-7.248789997243E-02,0.217463699917),
  .PIECEWISE_BEZIER_KNOTS.);
#10837 = CARTESIAN_POINT('',(0.,-0.1));
#10838 = CARTESIAN_POINT('',(0.28995159989,-0.1));
#10839 = ( GEOMETRIC_REPRESENTATION_CONTEXT(2) 
PARAMETRIC_REPRESENTATION_CONTEXT() REPRESENTATION_CONTEXT('2D SPACE',''
  ) );
#10840 = ORIENTED_EDGE('',*,*,#10841,.T.);
#10841 = EDGE_CURVE('',#10816,#10842,#10844,.T.);
#10842 = VERTEX_POINT('',#10843);
#10843 = CARTESIAN_POINT('',(-125.1599429943,42.2,54.538238179416));
#10844 = SURFACE_CURVE('',#10845,(#10849,#10855),.PCURVE_S1.);
#10845 = LINE('',#10846,#10847);
#10846 = CARTESIAN_POINT('',(-125.3168975687,42.2,54.688756358835));
#10847 = VECTOR('',#10848,1.);
#10848 = DIRECTION('',(0.721750685406,0.,-0.692153124761));
#10849 = PCURVE('',#4040,#10850);
#10850 = DEFINITIONAL_REPRESENTATION('',(#10851),#10854);
#10851 = B_SPLINE_CURVE_WITH_KNOTS('',1,(#10852,#10853),.UNSPECIFIED.,
  .F.,.F.,(2,2),(-7.248789997242E-02,0.217463699917),
  .PIECEWISE_BEZIER_KNOTS.);
#10852 = CARTESIAN_POINT('',(-2.261070914691,-2.369215760275));
#10853 = CARTESIAN_POINT('',(-2.461761820584,-2.15994299432));
#10854 = ( GEOMETRIC_REPRESENTATION_CONTEXT(2) 
PARAMETRIC_REPRESENTATION_CONTEXT() REPRESENTATION_CONTEXT('2D SPACE',''
  ) );
#10855 = PCURVE('',#10856,#10861);
#10856 = PLANE('',#10857);
#10857 = AXIS2_PLACEMENT_3D('',#10858,#10859,#10860);
#10858 = CARTESIAN_POINT('',(-125.3692157602,42.3,54.738929085309));
#10859 = DIRECTION('',(0.692153124761,0.,0.721750685406));
#10860 = DIRECTION('',(0.721750685406,0.,-0.692153124761));
#10861 = DEFINITIONAL_REPRESENTATION('',(#10862),#10865);
#10862 = B_SPLINE_CURVE_WITH_KNOTS('',1,(#10863,#10864),.UNSPECIFIED.,
  .F.,.F.,(2,2),(-7.248789997242E-02,0.217463699917),
  .PIECEWISE_BEZIER_KNOTS.);
#10863 = CARTESIAN_POINT('',(0.,-0.1));
#10864 = CARTESIAN_POINT('',(0.28995159989,-0.1));
#10865 = ( GEOMETRIC_REPRESENTATION_CONTEXT(2) 
PARAMETRIC_REPRESENTATION_CONTEXT() REPRESENTATION_CONTEXT('2D SPACE',''
  ) );
#10866 = ORIENTED_EDGE('',*,*,#10867,.T.);
#10867 = EDGE_CURVE('',#10842,#10868,#10870,.T.);
#10868 = VERTEX_POINT('',#10869);
#10869 = CARTESIAN_POINT('',(-124.9337396926,42.2,54.35684359128));
#10870 = SURFACE_CURVE('',#10871,(#10875,#10881),.PCURVE_S1.);
#10871 = LINE('',#10872,#10873);
#10872 = CARTESIAN_POINT('',(-125.1033921689,42.2,54.492889532382));
#10873 = VECTOR('',#10874,1.);
#10874 = DIRECTION('',(0.780141588209,0.,-0.625602990999));
#10875 = PCURVE('',#4040,#10876);
#10876 = DEFINITIONAL_REPRESENTATION('',(#10877),#10880);
#10877 = B_SPLINE_CURVE_WITH_KNOTS('',1,(#10878,#10879),.UNSPECIFIED.,
  .F.,.F.,(2,2),(-7.248789997244E-02,0.217463699917),
  .PIECEWISE_BEZIER_KNOTS.);
#10878 = CARTESIAN_POINT('',(-2.461761820584,-2.15994299432));
#10879 = CARTESIAN_POINT('',(-2.64315640872,-1.933739692679));
#10880 = ( GEOMETRIC_REPRESENTATION_CONTEXT(2) 
PARAMETRIC_REPRESENTATION_CONTEXT() REPRESENTATION_CONTEXT('2D SPACE',''
  ) );
#10881 = PCURVE('',#10882,#10887);
#10882 = PLANE('',#10883);
#10883 = AXIS2_PLACEMENT_3D('',#10884,#10885,#10886);
#10884 = CARTESIAN_POINT('',(-125.1599429943,42.3,54.538238179416));
#10885 = DIRECTION('',(0.625602990999,0.,0.780141588209));
#10886 = DIRECTION('',(0.780141588209,0.,-0.625602990999));
#10887 = DEFINITIONAL_REPRESENTATION('',(#10888),#10891);
#10888 = B_SPLINE_CURVE_WITH_KNOTS('',1,(#10889,#10890),.UNSPECIFIED.,
  .F.,.F.,(2,2),(-7.248789997244E-02,0.217463699917),
  .PIECEWISE_BEZIER_KNOTS.);
#10889 = CARTESIAN_POINT('',(0.,-0.1));
#10890 = CARTESIAN_POINT('',(0.28995159989,-0.1));
#10891 = ( GEOMETRIC_REPRESENTATION_CONTEXT(2) 
PARAMETRIC_REPRESENTATION_CONTEXT() REPRESENTATION_CONTEXT('2D SPACE',''
  ) );
#10892 = ORIENTED_EDGE('',*,*,#10893,.T.);
#10893 = EDGE_CURVE('',#10868,#10894,#10896,.T.);
#10894 = VERTEX_POINT('',#10895);
#10895 = CARTESIAN_POINT('',(-124.6923789313,42.2,54.196167167475));
#10896 = SURFACE_CURVE('',#10897,(#10901,#10907),.PCURVE_S1.);
#10897 = LINE('',#10898,#10899);
#10898 = CARTESIAN_POINT('',(-124.8733995023,42.2,54.316674485329));
#10899 = VECTOR('',#10900,1.);
#10900 = DIRECTION('',(0.832417415274,0.,-0.554149119596));
#10901 = PCURVE('',#4040,#10902);
#10902 = DEFINITIONAL_REPRESENTATION('',(#10903),#10906);
#10903 = B_SPLINE_CURVE_WITH_KNOTS('',1,(#10904,#10905),.UNSPECIFIED.,
  .F.,.F.,(2,2),(-7.248789997241E-02,0.217463699917),
  .PIECEWISE_BEZIER_KNOTS.);
#10904 = CARTESIAN_POINT('',(-2.64315640872,-1.933739692679));
#10905 = CARTESIAN_POINT('',(-2.803832832525,-1.692378931344));
#10906 = ( GEOMETRIC_REPRESENTATION_CONTEXT(2) 
PARAMETRIC_REPRESENTATION_CONTEXT() REPRESENTATION_CONTEXT('2D SPACE',''
  ) );
#10907 = PCURVE('',#10908,#10913);
#10908 = PLANE('',#10909);
#10909 = AXIS2_PLACEMENT_3D('',#10910,#10911,#10912);
#10910 = CARTESIAN_POINT('',(-124.9337396926,42.3,54.35684359128));
#10911 = DIRECTION('',(0.554149119596,0.,0.832417415274));
#10912 = DIRECTION('',(0.832417415274,0.,-0.554149119596));
#10913 = DEFINITIONAL_REPRESENTATION('',(#10914),#10917);
#10914 = B_SPLINE_CURVE_WITH_KNOTS('',1,(#10915,#10916),.UNSPECIFIED.,
  .F.,.F.,(2,2),(-7.248789997241E-02,0.217463699917),
  .PIECEWISE_BEZIER_KNOTS.);
#10915 = CARTESIAN_POINT('',(0.,-0.1));
#10916 = CARTESIAN_POINT('',(0.28995159989,-0.1));
#10917 = ( GEOMETRIC_REPRESENTATION_CONTEXT(2) 
PARAMETRIC_REPRESENTATION_CONTEXT() REPRESENTATION_CONTEXT('2D SPACE',''
  ) );
#10918 = ORIENTED_EDGE('',*,*,#10919,.T.);
#10919 = EDGE_CURVE('',#10894,#10920,#10922,.T.);
#10920 = VERTEX_POINT('',#10921);
#10921 = CARTESIAN_POINT('',(-124.4377525968,42.2,54.057468356949));
#10922 = SURFACE_CURVE('',#10923,(#10927,#10933),.PCURVE_S1.);
#10923 = LINE('',#10924,#10925);
#10924 = CARTESIAN_POINT('',(-124.6287223477,42.2,54.161492464844));
#10925 = VECTOR('',#10926,1.);
#10926 = DIRECTION('',(0.878168406826,0.,-0.478351595851));
#10927 = PCURVE('',#4040,#10928);
#10928 = DEFINITIONAL_REPRESENTATION('',(#10929),#10932);
#10929 = B_SPLINE_CURVE_WITH_KNOTS('',1,(#10930,#10931),.UNSPECIFIED.,
  .F.,.F.,(2,2),(-7.248789997246E-02,0.217463699917),
  .PIECEWISE_BEZIER_KNOTS.);
#10930 = CARTESIAN_POINT('',(-2.803832832525,-1.692378931344));
#10931 = CARTESIAN_POINT('',(-2.942531643051,-1.437752596812));
#10932 = ( GEOMETRIC_REPRESENTATION_CONTEXT(2) 
PARAMETRIC_REPRESENTATION_CONTEXT() REPRESENTATION_CONTEXT('2D SPACE',''
  ) );
#10933 = PCURVE('',#10934,#10939);
#10934 = PLANE('',#10935);
#10935 = AXIS2_PLACEMENT_3D('',#10936,#10937,#10938);
#10936 = CARTESIAN_POINT('',(-124.6923789313,42.3,54.196167167475));
#10937 = DIRECTION('',(0.478351595851,0.,0.878168406826));
#10938 = DIRECTION('',(0.878168406826,0.,-0.478351595851));
#10939 = DEFINITIONAL_REPRESENTATION('',(#10940),#10943);
#10940 = B_SPLINE_CURVE_WITH_KNOTS('',1,(#10941,#10942),.UNSPECIFIED.,
  .F.,.F.,(2,2),(-7.248789997246E-02,0.217463699917),
  .PIECEWISE_BEZIER_KNOTS.);
#10941 = CARTESIAN_POINT('',(0.,-0.1));
#10942 = CARTESIAN_POINT('',(0.28995159989,-0.1));
#10943 = ( GEOMETRIC_REPRESENTATION_CONTEXT(2) 
PARAMETRIC_REPRESENTATION_CONTEXT() REPRESENTATION_CONTEXT('2D SPACE',''
  ) );
#10944 = ORIENTED_EDGE('',*,*,#10945,.T.);
#10945 = EDGE_CURVE('',#10920,#10946,#10948,.T.);
#10946 = VERTEX_POINT('',#10947);
#10947 = CARTESIAN_POINT('',(-124.1718565566,42.2,53.941834338929));
#10948 = SURFACE_CURVE('',#10949,(#10953,#10959),.PCURVE_S1.);
#10949 = LINE('',#10950,#10951);
#10950 = CARTESIAN_POINT('',(-124.3712785867,42.2,54.028559852444));
#10951 = VECTOR('',#10952,1.);
#10952 = DIRECTION('',(0.917035947476,0.,-0.398804552427));
#10953 = PCURVE('',#4040,#10954);
#10954 = DEFINITIONAL_REPRESENTATION('',(#10955),#10958);
#10955 = B_SPLINE_CURVE_WITH_KNOTS('',1,(#10956,#10957),.UNSPECIFIED.,
  .F.,.F.,(2,2),(-7.248789997241E-02,0.217463699917),
  .PIECEWISE_BEZIER_KNOTS.);
#10956 = CARTESIAN_POINT('',(-2.942531643051,-1.437752596812));
#10957 = CARTESIAN_POINT('',(-3.058165661071,-1.171856556685));
#10958 = ( GEOMETRIC_REPRESENTATION_CONTEXT(2) 
PARAMETRIC_REPRESENTATION_CONTEXT() REPRESENTATION_CONTEXT('2D SPACE',''
  ) );
#10959 = PCURVE('',#10960,#10965);
#10960 = PLANE('',#10961);
#10961 = AXIS2_PLACEMENT_3D('',#10962,#10963,#10964);
#10962 = CARTESIAN_POINT('',(-124.4377525968,42.3,54.057468356949));
#10963 = DIRECTION('',(0.398804552427,0.,0.917035947476));
#10964 = DIRECTION('',(0.917035947476,0.,-0.398804552427));
#10965 = DEFINITIONAL_REPRESENTATION('',(#10966),#10969);
#10966 = B_SPLINE_CURVE_WITH_KNOTS('',1,(#10967,#10968),.UNSPECIFIED.,
  .F.,.F.,(2,2),(-7.248789997241E-02,0.217463699917),
  .PIECEWISE_BEZIER_KNOTS.);
#10967 = CARTESIAN_POINT('',(0.,-0.1));
#10968 = CARTESIAN_POINT('',(0.28995159989,-0.1));
#10969 = ( GEOMETRIC_REPRESENTATION_CONTEXT(2) 
PARAMETRIC_REPRESENTATION_CONTEXT() REPRESENTATION_CONTEXT('2D SPACE',''
  ) );
#10970 = ORIENTED_EDGE('',*,*,#10971,.T.);
#10971 = EDGE_CURVE('',#10946,#10972,#10974,.T.);
#10972 = VERTEX_POINT('',#10973);
#10973 = CARTESIAN_POINT('',(-123.8967750152,42.2,53.850171501166));
#10974 = SURFACE_CURVE('',#10975,(#10979,#10985),.PCURVE_S1.);
#10975 = LINE('',#10976,#10977);
#10976 = CARTESIAN_POINT('',(-124.1030861713,42.2,53.918918629488));
#10977 = VECTOR('',#10978,1.);
#10978 = DIRECTION('',(0.948715377202,0.,-0.316131512287));
#10979 = PCURVE('',#4040,#10980);
#10980 = DEFINITIONAL_REPRESENTATION('',(#10981),#10984);
#10981 = B_SPLINE_CURVE_WITH_KNOTS('',1,(#10982,#10983),.UNSPECIFIED.,
  .F.,.F.,(2,2),(-7.24878999724E-02,0.217463699917),
  .PIECEWISE_BEZIER_KNOTS.);
#10982 = CARTESIAN_POINT('',(-3.058165661071,-1.171856556685));
#10983 = CARTESIAN_POINT('',(-3.149828498834,-0.896775015226));
#10984 = ( GEOMETRIC_REPRESENTATION_CONTEXT(2) 
PARAMETRIC_REPRESENTATION_CONTEXT() REPRESENTATION_CONTEXT('2D SPACE',''
  ) );
#10985 = PCURVE('',#10986,#10991);
#10986 = PLANE('',#10987);
#10987 = AXIS2_PLACEMENT_3D('',#10988,#10989,#10990);
#10988 = CARTESIAN_POINT('',(-124.1718565566,42.3,53.941834338929));
#10989 = DIRECTION('',(0.316131512287,0.,0.948715377202));
#10990 = DIRECTION('',(0.948715377202,0.,-0.316131512287));
#10991 = DEFINITIONAL_REPRESENTATION('',(#10992),#10995);
#10992 = B_SPLINE_CURVE_WITH_KNOTS('',1,(#10993,#10994),.UNSPECIFIED.,
  .F.,.F.,(2,2),(-7.24878999724E-02,0.217463699917),
  .PIECEWISE_BEZIER_KNOTS.);
#10993 = CARTESIAN_POINT('',(0.,-0.1));
#10994 = CARTESIAN_POINT('',(0.28995159989,-0.1));
#10995 = ( GEOMETRIC_REPRESENTATION_CONTEXT(2) 
PARAMETRIC_REPRESENTATION_CONTEXT() REPRESENTATION_CONTEXT('2D SPACE',''
  ) );
#10996 = ORIENTED_EDGE('',*,*,#10997,.T.);
#10997 = EDGE_CURVE('',#10972,#10998,#11000,.T.);
#10998 = VERTEX_POINT('',#10999);
#10999 = CARTESIAN_POINT('',(-123.6146641764,42.2,53.783198335282));
#11000 = SURFACE_CURVE('',#11001,(#11005,#11011),.PCURVE_S1.);
#11001 = LINE('',#11002,#11003);
#11002 = CARTESIAN_POINT('',(-123.8262473055,42.2,53.833428209695));
#11003 = VECTOR('',#11004,1.);
#11004 = DIRECTION('',(0.972958379396,0.,-0.230980501263));
#11005 = PCURVE('',#4040,#11006);
#11006 = DEFINITIONAL_REPRESENTATION('',(#11007),#11010);
#11007 = B_SPLINE_CURVE_WITH_KNOTS('',1,(#11008,#11009),.UNSPECIFIED.,
  .F.,.F.,(2,2),(-7.248789997247E-02,0.217463699917),
  .PIECEWISE_BEZIER_KNOTS.);
#11008 = CARTESIAN_POINT('',(-3.149828498834,-0.896775015226));
#11009 = CARTESIAN_POINT('',(-3.216801664718,-0.614664176494));
#11010 = ( GEOMETRIC_REPRESENTATION_CONTEXT(2) 
PARAMETRIC_REPRESENTATION_CONTEXT() REPRESENTATION_CONTEXT('2D SPACE',''
  ) );
#11011 = PCURVE('',#11012,#11017);
#11012 = PLANE('',#11013);
#11013 = AXIS2_PLACEMENT_3D('',#11014,#11015,#11016);
#11014 = CARTESIAN_POINT('',(-123.8967750152,42.3,53.850171501166));
#11015 = DIRECTION('',(0.230980501263,0.,0.972958379396));
#11016 = DIRECTION('',(0.972958379396,0.,-0.230980501263));
#11017 = DEFINITIONAL_REPRESENTATION('',(#11018),#11021);
#11018 = B_SPLINE_CURVE_WITH_KNOTS('',1,(#11019,#11020),.UNSPECIFIED.,
  .F.,.F.,(2,2),(-7.248789997247E-02,0.217463699917),
  .PIECEWISE_BEZIER_KNOTS.);
#11019 = CARTESIAN_POINT('',(0.,-0.1));
#11020 = CARTESIAN_POINT('',(0.28995159989,-0.1));
#11021 = ( GEOMETRIC_REPRESENTATION_CONTEXT(2) 
PARAMETRIC_REPRESENTATION_CONTEXT() REPRESENTATION_CONTEXT('2D SPACE',''
  ) );
#11022 = ORIENTED_EDGE('',*,*,#11023,.T.);
#11023 = EDGE_CURVE('',#10998,#11024,#11026,.T.);
#11024 = VERTEX_POINT('',#11025);
#11025 = CARTESIAN_POINT('',(-123.3277353431,42.2,53.741439804934));
#11026 = SURFACE_CURVE('',#11027,(#11031,#11037),.PCURVE_S1.);
#11027 = LINE('',#11028,#11029);
#11028 = CARTESIAN_POINT('',(-123.5429319681,42.2,53.772758702695));
#11029 = VECTOR('',#11030,1.);
#11030 = DIRECTION('',(0.989574927277,0.,-0.144018968558));
#11031 = PCURVE('',#4040,#11032);
#11032 = DEFINITIONAL_REPRESENTATION('',(#11033),#11036);
#11033 = B_SPLINE_CURVE_WITH_KNOTS('',1,(#11034,#11035),.UNSPECIFIED.,
  .F.,.F.,(2,2),(-7.248789997239E-02,0.217463699917),
  .PIECEWISE_BEZIER_KNOTS.);
#11034 = CARTESIAN_POINT('',(-3.216801664718,-0.614664176494));
#11035 = CARTESIAN_POINT('',(-3.258560195066,-0.327735343119));
#11036 = ( GEOMETRIC_REPRESENTATION_CONTEXT(2) 
PARAMETRIC_REPRESENTATION_CONTEXT() REPRESENTATION_CONTEXT('2D SPACE',''
  ) );
#11037 = PCURVE('',#11038,#11043);
#11038 = PLANE('',#11039);
#11039 = AXIS2_PLACEMENT_3D('',#11040,#11041,#11042);
#11040 = CARTESIAN_POINT('',(-123.6146641764,42.3,53.783198335282));
#11041 = DIRECTION('',(0.144018968558,0.,0.989574927277));
#11042 = DIRECTION('',(0.989574927277,0.,-0.144018968558));
#11043 = DEFINITIONAL_REPRESENTATION('',(#11044),#11047);
#11044 = B_SPLINE_CURVE_WITH_KNOTS('',1,(#11045,#11046),.UNSPECIFIED.,
  .F.,.F.,(2,2),(-7.248789997239E-02,0.217463699917),
  .PIECEWISE_BEZIER_KNOTS.);
#11045 = CARTESIAN_POINT('',(0.,-0.1));
#11046 = CARTESIAN_POINT('',(0.28995159989,-0.1));
#11047 = ( GEOMETRIC_REPRESENTATION_CONTEXT(2) 
PARAMETRIC_REPRESENTATION_CONTEXT() REPRESENTATION_CONTEXT('2D SPACE',''
  ) );
#11048 = ORIENTED_EDGE('',*,*,#11049,.T.);
#11049 = EDGE_CURVE('',#11024,#11050,#11052,.T.);
#11050 = VERTEX_POINT('',#11051);
#11051 = CARTESIAN_POINT('',(-123.0382375831,42.2,53.725223230931));
#11052 = SURFACE_CURVE('',#11053,(#11057,#11063),.PCURVE_S1.);
#11053 = LINE('',#11054,#11055);
#11054 = CARTESIAN_POINT('',(-123.2553609031,42.2,53.737385661433));
#11055 = VECTOR('',#11056,1.);
#11056 = DIRECTION('',(0.998434773401,0.,-5.592855500212E-02));
#11057 = PCURVE('',#4040,#11058);
#11058 = DEFINITIONAL_REPRESENTATION('',(#11059),#11062);
#11059 = B_SPLINE_CURVE_WITH_KNOTS('',1,(#11060,#11061),.UNSPECIFIED.,
  .F.,.F.,(2,2),(-7.248789997244E-02,0.217463699917),
  .PIECEWISE_BEZIER_KNOTS.);
#11060 = CARTESIAN_POINT('',(-3.258560195066,-0.327735343119));
#11061 = CARTESIAN_POINT('',(-3.274776769069,-3.8237583186E-02));
#11062 = ( GEOMETRIC_REPRESENTATION_CONTEXT(2) 
PARAMETRIC_REPRESENTATION_CONTEXT() REPRESENTATION_CONTEXT('2D SPACE',''
  ) );
#11063 = PCURVE('',#11064,#11069);
#11064 = PLANE('',#11065);
#11065 = AXIS2_PLACEMENT_3D('',#11066,#11067,#11068);
#11066 = CARTESIAN_POINT('',(-123.3277353431,42.3,53.741439804934));
#11067 = DIRECTION('',(5.592855500212E-02,0.,0.998434773401));
#11068 = DIRECTION('',(0.998434773401,0.,-5.592855500212E-02));
#11069 = DEFINITIONAL_REPRESENTATION('',(#11070),#11073);
#11070 = B_SPLINE_CURVE_WITH_KNOTS('',1,(#11071,#11072),.UNSPECIFIED.,
  .F.,.F.,(2,2),(-7.248789997244E-02,0.217463699917),
  .PIECEWISE_BEZIER_KNOTS.);
#11071 = CARTESIAN_POINT('',(0.,-0.1));
#11072 = CARTESIAN_POINT('',(0.28995159989,-0.1));
#11073 = ( GEOMETRIC_REPRESENTATION_CONTEXT(2) 
PARAMETRIC_REPRESENTATION_CONTEXT() REPRESENTATION_CONTEXT('2D SPACE',''
  ) );
#11074 = ORIENTED_EDGE('',*,*,#11075,.T.);
#11075 = EDGE_CURVE('',#11050,#11076,#11078,.T.);
#11076 = VERTEX_POINT('',#11077);
#11077 = CARTESIAN_POINT('',(-122.748440101,42.2,53.734675725557));
#11078 = SURFACE_CURVE('',#11079,(#11083,#11089),.PCURVE_S1.);
#11079 = LINE('',#11080,#11081);
#11080 = CARTESIAN_POINT('',(-122.9657882126,42.2,53.727586354588));
#11081 = VECTOR('',#11082,1.);
#11082 = DIRECTION('',(0.99946847059,-0.,3.260024993679E-02));
#11083 = PCURVE('',#4040,#11084);
#11084 = DEFINITIONAL_REPRESENTATION('',(#11085),#11088);
#11085 = B_SPLINE_CURVE_WITH_KNOTS('',1,(#11086,#11087),.UNSPECIFIED.,
  .F.,.F.,(2,2),(-7.248789997241E-02,0.217463699917),
  .PIECEWISE_BEZIER_KNOTS.);
#11086 = CARTESIAN_POINT('',(-3.274776769069,-3.8237583186E-02));
#11087 = CARTESIAN_POINT('',(-3.265324274443,0.251559898901));
#11088 = ( GEOMETRIC_REPRESENTATION_CONTEXT(2) 
PARAMETRIC_REPRESENTATION_CONTEXT() REPRESENTATION_CONTEXT('2D SPACE',''
  ) );
#11089 = PCURVE('',#11090,#11095);
#11090 = PLANE('',#11091);
#11091 = AXIS2_PLACEMENT_3D('',#11092,#11093,#11094);
#11092 = CARTESIAN_POINT('',(-123.0382375831,42.3,53.725223230931));
#11093 = DIRECTION('',(-3.260024993679E-02,0.,0.99946847059));
#11094 = DIRECTION('',(0.99946847059,0.,3.260024993679E-02));
#11095 = DEFINITIONAL_REPRESENTATION('',(#11096),#11099);
#11096 = B_SPLINE_CURVE_WITH_KNOTS('',1,(#11097,#11098),.UNSPECIFIED.,
  .F.,.F.,(2,2),(-7.248789997241E-02,0.217463699917),
  .PIECEWISE_BEZIER_KNOTS.);
#11097 = CARTESIAN_POINT('',(0.,-0.1));
#11098 = CARTESIAN_POINT('',(0.28995159989,-0.1));
#11099 = ( GEOMETRIC_REPRESENTATION_CONTEXT(2) 
PARAMETRIC_REPRESENTATION_CONTEXT() REPRESENTATION_CONTEXT('2D SPACE',''
  ) );
#11100 = ORIENTED_EDGE('',*,*,#11101,.T.);
#11101 = EDGE_CURVE('',#11076,#11102,#11104,.T.);
#11102 = VERTEX_POINT('',#11103);
#11103 = CARTESIAN_POINT('',(-122.4606144506,42.2,53.769723196209));
#11104 = SURFACE_CURVE('',#11105,(#11109,#11115),.PCURVE_S1.);
#11105 = LINE('',#11106,#11107);
#11106 = CARTESIAN_POINT('',(-122.6764836884,42.2,53.74343759322));
#11107 = VECTOR('',#11108,1.);
#11108 = DIRECTION('',(0.992667916296,-0.,0.120873520495));
#11109 = PCURVE('',#4040,#11110);
#11110 = DEFINITIONAL_REPRESENTATION('',(#11111),#11114);
#11111 = B_SPLINE_CURVE_WITH_KNOTS('',1,(#11112,#11113),.UNSPECIFIED.,
  .F.,.F.,(2,2),(-7.248789997244E-02,0.217463699917),
  .PIECEWISE_BEZIER_KNOTS.);
#11112 = CARTESIAN_POINT('',(-3.265324274443,0.251559898901));
#11113 = CARTESIAN_POINT('',(-3.230276803791,0.53938554939));
#11114 = ( GEOMETRIC_REPRESENTATION_CONTEXT(2) 
PARAMETRIC_REPRESENTATION_CONTEXT() REPRESENTATION_CONTEXT('2D SPACE',''
  ) );
#11115 = PCURVE('',#11116,#11121);
#11116 = PLANE('',#11117);
#11117 = AXIS2_PLACEMENT_3D('',#11118,#11119,#11120);
#11118 = CARTESIAN_POINT('',(-122.748440101,42.3,53.734675725557));
#11119 = DIRECTION('',(-0.120873520495,0.,0.992667916296));
#11120 = DIRECTION('',(0.992667916296,0.,0.120873520495));
#11121 = DEFINITIONAL_REPRESENTATION('',(#11122),#11125);
#11122 = B_SPLINE_CURVE_WITH_KNOTS('',1,(#11123,#11124),.UNSPECIFIED.,
  .F.,.F.,(2,2),(-7.248789997244E-02,0.217463699917),
  .PIECEWISE_BEZIER_KNOTS.);
#11123 = CARTESIAN_POINT('',(0.,-0.1));
#11124 = CARTESIAN_POINT('',(0.28995159989,-0.1));
#11125 = ( GEOMETRIC_REPRESENTATION_CONTEXT(2) 
PARAMETRIC_REPRESENTATION_CONTEXT() REPRESENTATION_CONTEXT('2D SPACE',''
  ) );
#11126 = ORIENTED_EDGE('',*,*,#11127,.T.);
#11127 = EDGE_CURVE('',#11102,#11128,#11130,.T.);
#11128 = VERTEX_POINT('',#11129);
#11129 = CARTESIAN_POINT('',(-122.1770167294,42.2,53.830090926168));
#11130 = SURFACE_CURVE('',#11131,(#11135,#11141),.PCURVE_S1.);
#11131 = LINE('',#11132,#11133);
#11132 = CARTESIAN_POINT('',(-122.3897150203,42.2,53.784815128699));
#11133 = VECTOR('',#11134,1.);
#11134 = DIRECTION('',(0.978086416103,-0.,0.208199333895));
#11135 = PCURVE('',#4040,#11136);
#11136 = DEFINITIONAL_REPRESENTATION('',(#11137),#11140);
#11137 = B_SPLINE_CURVE_WITH_KNOTS('',1,(#11138,#11139),.UNSPECIFIED.,
  .F.,.F.,(2,2),(-7.248789997245E-02,0.217463699917),
  .PIECEWISE_BEZIER_KNOTS.);
#11138 = CARTESIAN_POINT('',(-3.230276803791,0.53938554939));
#11139 = CARTESIAN_POINT('',(-3.169909073832,0.82298327057));
#11140 = ( GEOMETRIC_REPRESENTATION_CONTEXT(2) 
PARAMETRIC_REPRESENTATION_CONTEXT() REPRESENTATION_CONTEXT('2D SPACE',''
  ) );
#11141 = PCURVE('',#11142,#11147);
#11142 = PLANE('',#11143);
#11143 = AXIS2_PLACEMENT_3D('',#11144,#11145,#11146);
#11144 = CARTESIAN_POINT('',(-122.4606144506,42.3,53.769723196209));
#11145 = DIRECTION('',(-0.208199333895,0.,0.978086416103));
#11146 = DIRECTION('',(0.978086416103,0.,0.208199333895));
#11147 = DEFINITIONAL_REPRESENTATION('',(#11148),#11151);
#11148 = B_SPLINE_CURVE_WITH_KNOTS('',1,(#11149,#11150),.UNSPECIFIED.,
  .F.,.F.,(2,2),(-7.248789997245E-02,0.217463699917),
  .PIECEWISE_BEZIER_KNOTS.);
#11149 = CARTESIAN_POINT('',(0.,-0.1));
#11150 = CARTESIAN_POINT('',(0.28995159989,-0.1));
#11151 = ( GEOMETRIC_REPRESENTATION_CONTEXT(2) 
PARAMETRIC_REPRESENTATION_CONTEXT() REPRESENTATION_CONTEXT('2D SPACE',''
  ) );
#11152 = ORIENTED_EDGE('',*,*,#11153,.T.);
#11153 = EDGE_CURVE('',#11128,#11154,#11156,.T.);
#11154 = VERTEX_POINT('',#11155);
#11155 = CARTESIAN_POINT('',(-121.8998698949,42.2,53.915305727943));
#11156 = SURFACE_CURVE('',#11157,(#11161,#11167),.PCURVE_S1.);
#11157 = LINE('',#11158,#11159);
#11158 = CARTESIAN_POINT('',(-122.1077300208,42.2,53.851394626612));
#11159 = VECTOR('',#11160,1.);
#11160 = DIRECTION('',(0.955838265904,-0.,0.293893193923));
#11161 = PCURVE('',#4040,#11162);
#11162 = DEFINITIONAL_REPRESENTATION('',(#11163),#11166);
#11163 = B_SPLINE_CURVE_WITH_KNOTS('',1,(#11164,#11165),.UNSPECIFIED.,
  .F.,.F.,(2,2),(-7.248789997241E-02,0.217463699917),
  .PIECEWISE_BEZIER_KNOTS.);
#11164 = CARTESIAN_POINT('',(-3.169909073832,0.82298327057));
#11165 = CARTESIAN_POINT('',(-3.084694272057,1.100130105004));
#11166 = ( GEOMETRIC_REPRESENTATION_CONTEXT(2) 
PARAMETRIC_REPRESENTATION_CONTEXT() REPRESENTATION_CONTEXT('2D SPACE',''
  ) );
#11167 = PCURVE('',#11168,#11173);
#11168 = PLANE('',#11169);
#11169 = AXIS2_PLACEMENT_3D('',#11170,#11171,#11172);
#11170 = CARTESIAN_POINT('',(-122.1770167294,42.3,53.830090926168));
#11171 = DIRECTION('',(-0.293893193923,0.,0.955838265904));
#11172 = DIRECTION('',(0.955838265904,0.,0.293893193923));
#11173 = DEFINITIONAL_REPRESENTATION('',(#11174),#11177);
#11174 = B_SPLINE_CURVE_WITH_KNOTS('',1,(#11175,#11176),.UNSPECIFIED.,
  .F.,.F.,(2,2),(-7.248789997241E-02,0.217463699917),
  .PIECEWISE_BEZIER_KNOTS.);
#11175 = CARTESIAN_POINT('',(0.,-0.1));
#11176 = CARTESIAN_POINT('',(0.28995159989,-0.1));
#11177 = ( GEOMETRIC_REPRESENTATION_CONTEXT(2) 
PARAMETRIC_REPRESENTATION_CONTEXT() REPRESENTATION_CONTEXT('2D SPACE',''
  ) );
#11178 = ORIENTED_EDGE('',*,*,#11179,.T.);
#11179 = EDGE_CURVE('',#11154,#11180,#11182,.T.);
#11180 = VERTEX_POINT('',#11181);
#11181 = CARTESIAN_POINT('',(-121.6313463399,42.2,54.024699652311));
#11182 = SURFACE_CURVE('',#11183,(#11187,#11193),.PCURVE_S1.);
#11183 = LINE('',#11184,#11185);
#11184 = CARTESIAN_POINT('',(-121.8327390062,42.2,53.942654209035));
#11185 = VECTOR('',#11186,1.);
#11186 = DIRECTION('',(0.926097855994,-0.,0.377283396298));
#11187 = PCURVE('',#4040,#11188);
#11188 = DEFINITIONAL_REPRESENTATION('',(#11189),#11192);
#11189 = B_SPLINE_CURVE_WITH_KNOTS('',1,(#11190,#11191),.UNSPECIFIED.,
  .F.,.F.,(2,2),(-7.248789997241E-02,0.217463699917),
  .PIECEWISE_BEZIER_KNOTS.);
#11190 = CARTESIAN_POINT('',(-3.084694272057,1.100130105004));
#11191 = CARTESIAN_POINT('',(-2.975300347689,1.368653660004));
#11192 = ( GEOMETRIC_REPRESENTATION_CONTEXT(2) 
PARAMETRIC_REPRESENTATION_CONTEXT() REPRESENTATION_CONTEXT('2D SPACE',''
  ) );
#11193 = PCURVE('',#11194,#11199);
#11194 = PLANE('',#11195);
#11195 = AXIS2_PLACEMENT_3D('',#11196,#11197,#11198);
#11196 = CARTESIAN_POINT('',(-121.8998698949,42.3,53.915305727943));
#11197 = DIRECTION('',(-0.377283396298,0.,0.926097855994));
#11198 = DIRECTION('',(0.926097855994,0.,0.377283396298));
#11199 = DEFINITIONAL_REPRESENTATION('',(#11200),#11203);
#11200 = B_SPLINE_CURVE_WITH_KNOTS('',1,(#11201,#11202),.UNSPECIFIED.,
  .F.,.F.,(2,2),(-7.248789997241E-02,0.217463699917),
  .PIECEWISE_BEZIER_KNOTS.);
#11201 = CARTESIAN_POINT('',(0.,-0.1));
#11202 = CARTESIAN_POINT('',(0.28995159989,-0.1));
#11203 = ( GEOMETRIC_REPRESENTATION_CONTEXT(2) 
PARAMETRIC_REPRESENTATION_CONTEXT() REPRESENTATION_CONTEXT('2D SPACE',''
  ) );
#11204 = ORIENTED_EDGE('',*,*,#11205,.T.);
#11205 = EDGE_CURVE('',#11180,#11206,#11208,.T.);
#11206 = VERTEX_POINT('',#11207);
#11207 = CARTESIAN_POINT('',(-121.3735508642,42.2,54.157415223986));
#11208 = SURFACE_CURVE('',#11209,(#11213,#11219),.PCURVE_S1.);
#11209 = LINE('',#11210,#11211);
#11210 = CARTESIAN_POINT('',(-121.566897471,42.2,54.05787854523));
#11211 = VECTOR('',#11212,1.);
#11212 = DIRECTION('',(0.889098304135,-0.,0.457716293772));
#11213 = PCURVE('',#4040,#11214);
#11214 = DEFINITIONAL_REPRESENTATION('',(#11215),#11218);
#11215 = B_SPLINE_CURVE_WITH_KNOTS('',1,(#11216,#11217),.UNSPECIFIED.,
  .F.,.F.,(2,2),(-7.248789997246E-02,0.217463699917),
  .PIECEWISE_BEZIER_KNOTS.);
#11216 = CARTESIAN_POINT('',(-2.975300347689,1.368653660004));
#11217 = CARTESIAN_POINT('',(-2.842584776014,1.626449135747));
#11218 = ( GEOMETRIC_REPRESENTATION_CONTEXT(2) 
PARAMETRIC_REPRESENTATION_CONTEXT() REPRESENTATION_CONTEXT('2D SPACE',''
  ) );
#11219 = PCURVE('',#11220,#11225);
#11220 = PLANE('',#11221);
#11221 = AXIS2_PLACEMENT_3D('',#11222,#11223,#11224);
#11222 = CARTESIAN_POINT('',(-121.6313463399,42.3,54.024699652311));
#11223 = DIRECTION('',(-0.457716293772,0.,0.889098304135));
#11224 = DIRECTION('',(0.889098304135,0.,0.457716293772));
#11225 = DEFINITIONAL_REPRESENTATION('',(#11226),#11229);
#11226 = B_SPLINE_CURVE_WITH_KNOTS('',1,(#11227,#11228),.UNSPECIFIED.,
  .F.,.F.,(2,2),(-7.248789997246E-02,0.217463699917),
  .PIECEWISE_BEZIER_KNOTS.);
#11227 = CARTESIAN_POINT('',(0.,-0.1));
#11228 = CARTESIAN_POINT('',(0.28995159989,-0.1));
#11229 = ( GEOMETRIC_REPRESENTATION_CONTEXT(2) 
PARAMETRIC_REPRESENTATION_CONTEXT() REPRESENTATION_CONTEXT('2D SPACE',''
  ) );
#11230 = ORIENTED_EDGE('',*,*,#11231,.T.);
#11231 = EDGE_CURVE('',#11206,#11232,#11234,.T.);
#11232 = VERTEX_POINT('',#11233);
#11233 = CARTESIAN_POINT('',(-121.1285041764,42.2,54.312412162863));
#11234 = SURFACE_CURVE('',#11235,(#11239,#11245),.PCURVE_S1.);
#11235 = LINE('',#11236,#11237);
#11236 = CARTESIAN_POINT('',(-121.3122891922,42.2,54.196164458705));
#11237 = VECTOR('',#11238,1.);
#11238 = DIRECTION('',(0.845129628272,-0.,0.534561419686));
#11239 = PCURVE('',#4040,#11240);
#11240 = DEFINITIONAL_REPRESENTATION('',(#11241),#11244);
#11241 = B_SPLINE_CURVE_WITH_KNOTS('',1,(#11242,#11243),.UNSPECIFIED.,
  .F.,.F.,(2,2),(-7.24878999724E-02,0.217463699917),
  .PIECEWISE_BEZIER_KNOTS.);
#11242 = CARTESIAN_POINT('',(-2.842584776014,1.626449135747));
#11243 = CARTESIAN_POINT('',(-2.687587837137,1.871495823579));
#11244 = ( GEOMETRIC_REPRESENTATION_CONTEXT(2) 
PARAMETRIC_REPRESENTATION_CONTEXT() REPRESENTATION_CONTEXT('2D SPACE',''
  ) );
#11245 = PCURVE('',#11246,#11251);
#11246 = PLANE('',#11247);
#11247 = AXIS2_PLACEMENT_3D('',#11248,#11249,#11250);
#11248 = CARTESIAN_POINT('',(-121.3735508642,42.3,54.157415223986));
#11249 = DIRECTION('',(-0.534561419686,0.,0.845129628272));
#11250 = DIRECTION('',(0.845129628272,0.,0.534561419686));
#11251 = DEFINITIONAL_REPRESENTATION('',(#11252),#11255);
#11252 = B_SPLINE_CURVE_WITH_KNOTS('',1,(#11253,#11254),.UNSPECIFIED.,
  .F.,.F.,(2,2),(-7.24878999724E-02,0.217463699917),
  .PIECEWISE_BEZIER_KNOTS.);
#11253 = CARTESIAN_POINT('',(0.,-0.1));
#11254 = CARTESIAN_POINT('',(0.28995159989,-0.1));
#11255 = ( GEOMETRIC_REPRESENTATION_CONTEXT(2) 
PARAMETRIC_REPRESENTATION_CONTEXT() REPRESENTATION_CONTEXT('2D SPACE',''
  ) );
#11256 = ORIENTED_EDGE('',*,*,#11257,.T.);
#11257 = EDGE_CURVE('',#11232,#11258,#11260,.T.);
#11258 = VERTEX_POINT('',#11259);
#11259 = CARTESIAN_POINT('',(-120.8981270548,42.2,54.488475538173));
#11260 = SURFACE_CURVE('',#11261,(#11265,#11271),.PCURVE_S1.);
#11261 = LINE('',#11262,#11263);
#11262 = CARTESIAN_POINT('',(-121.070909896,42.2,54.356428006691));
#11263 = VECTOR('',#11264,1.);
#11264 = DIRECTION('',(0.79453647326,-0.,0.607216429834));
#11265 = PCURVE('',#4040,#11266);
#11266 = DEFINITIONAL_REPRESENTATION('',(#11267),#11270);
#11267 = B_SPLINE_CURVE_WITH_KNOTS('',1,(#11268,#11269),.UNSPECIFIED.,
  .F.,.F.,(2,2),(-7.248789997241E-02,0.217463699917),
  .PIECEWISE_BEZIER_KNOTS.);
#11268 = CARTESIAN_POINT('',(-2.687587837137,1.871495823579));
#11269 = CARTESIAN_POINT('',(-2.511524461827,2.101872945171));
#11270 = ( GEOMETRIC_REPRESENTATION_CONTEXT(2) 
PARAMETRIC_REPRESENTATION_CONTEXT() REPRESENTATION_CONTEXT('2D SPACE',''
  ) );
#11271 = PCURVE('',#11272,#11277);
#11272 = PLANE('',#11273);
#11273 = AXIS2_PLACEMENT_3D('',#11274,#11275,#11276);
#11274 = CARTESIAN_POINT('',(-121.1285041764,42.3,54.312412162863));
#11275 = DIRECTION('',(-0.607216429834,0.,0.79453647326));
#11276 = DIRECTION('',(0.79453647326,0.,0.607216429834));
#11277 = DEFINITIONAL_REPRESENTATION('',(#11278),#11281);
#11278 = B_SPLINE_CURVE_WITH_KNOTS('',1,(#11279,#11280),.UNSPECIFIED.,
  .F.,.F.,(2,2),(-7.248789997241E-02,0.217463699917),
  .PIECEWISE_BEZIER_KNOTS.);
#11279 = CARTESIAN_POINT('',(0.,-0.1));
#11280 = CARTESIAN_POINT('',(0.28995159989,-0.1));
#11281 = ( GEOMETRIC_REPRESENTATION_CONTEXT(2) 
PARAMETRIC_REPRESENTATION_CONTEXT() REPRESENTATION_CONTEXT('2D SPACE',''
  ) );
#11282 = ORIENTED_EDGE('',*,*,#11283,.T.);
#11283 = EDGE_CURVE('',#11258,#11284,#11286,.T.);
#11284 = VERTEX_POINT('',#11285);
#11285 = CARTESIAN_POINT('',(-120.6842252916,42.2,54.684225291614));
#11286 = SURFACE_CURVE('',#11287,(#11291,#11297),.PCURVE_S1.);
#11287 = LINE('',#11288,#11289);
#11288 = CARTESIAN_POINT('',(-120.844651614,42.2,54.537412976533));
#11289 = VECTOR('',#11290,1.);
#11290 = DIRECTION('',(0.737715409385,-0.,0.67511182389));
#11291 = PCURVE('',#4040,#11292);
#11292 = DEFINITIONAL_REPRESENTATION('',(#11293),#11296);
#11293 = B_SPLINE_CURVE_WITH_KNOTS('',1,(#11294,#11295),.UNSPECIFIED.,
  .F.,.F.,(2,2),(-7.248789997244E-02,0.217463699917),
  .PIECEWISE_BEZIER_KNOTS.);
#11294 = CARTESIAN_POINT('',(-2.511524461827,2.101872945171));
#11295 = CARTESIAN_POINT('',(-2.315774708386,2.315774708386));
#11296 = ( GEOMETRIC_REPRESENTATION_CONTEXT(2) 
PARAMETRIC_REPRESENTATION_CONTEXT() REPRESENTATION_CONTEXT('2D SPACE',''
  ) );
#11297 = PCURVE('',#11298,#11303);
#11298 = PLANE('',#11299);
#11299 = AXIS2_PLACEMENT_3D('',#11300,#11301,#11302);
#11300 = CARTESIAN_POINT('',(-120.8981270548,42.3,54.488475538173));
#11301 = DIRECTION('',(-0.67511182389,0.,0.737715409385));
#11302 = DIRECTION('',(0.737715409385,0.,0.67511182389));
#11303 = DEFINITIONAL_REPRESENTATION('',(#11304),#11307);
#11304 = B_SPLINE_CURVE_WITH_KNOTS('',1,(#11305,#11306),.UNSPECIFIED.,
  .F.,.F.,(2,2),(-7.248789997244E-02,0.217463699917),
  .PIECEWISE_BEZIER_KNOTS.);
#11305 = CARTESIAN_POINT('',(0.,-0.1));
#11306 = CARTESIAN_POINT('',(0.28995159989,-0.1));
#11307 = ( GEOMETRIC_REPRESENTATION_CONTEXT(2) 
PARAMETRIC_REPRESENTATION_CONTEXT() REPRESENTATION_CONTEXT('2D SPACE',''
  ) );
#11308 = ORIENTED_EDGE('',*,*,#11309,.T.);
#11309 = EDGE_CURVE('',#11284,#11310,#11312,.T.);
#11310 = VERTEX_POINT('',#11311);
#11311 = CARTESIAN_POINT('',(-120.4884755381,42.2,54.898127054829));
#11312 = SURFACE_CURVE('',#11313,(#11317,#11323),.PCURVE_S1.);
#11313 = LINE('',#11314,#11315);
#11314 = CARTESIAN_POINT('',(-120.6352878532,42.2,54.737700732418));
#11315 = VECTOR('',#11316,1.);
#11316 = DIRECTION('',(0.67511182389,-0.,0.737715409385));
#11317 = PCURVE('',#4040,#11318);
#11318 = DEFINITIONAL_REPRESENTATION('',(#11319),#11322);
#11319 = B_SPLINE_CURVE_WITH_KNOTS('',1,(#11320,#11321),.UNSPECIFIED.,
  .F.,.F.,(2,2),(-7.248789997242E-02,0.217463699917),
  .PIECEWISE_BEZIER_KNOTS.);
#11320 = CARTESIAN_POINT('',(-2.315774708386,2.315774708386));
#11321 = CARTESIAN_POINT('',(-2.101872945171,2.511524461827));
#11322 = ( GEOMETRIC_REPRESENTATION_CONTEXT(2) 
PARAMETRIC_REPRESENTATION_CONTEXT() REPRESENTATION_CONTEXT('2D SPACE',''
  ) );
#11323 = PCURVE('',#11324,#11329);
#11324 = PLANE('',#11325);
#11325 = AXIS2_PLACEMENT_3D('',#11326,#11327,#11328);
#11326 = CARTESIAN_POINT('',(-120.6842252916,42.3,54.684225291614));
#11327 = DIRECTION('',(-0.737715409385,0.,0.67511182389));
#11328 = DIRECTION('',(0.67511182389,0.,0.737715409385));
#11329 = DEFINITIONAL_REPRESENTATION('',(#11330),#11333);
#11330 = B_SPLINE_CURVE_WITH_KNOTS('',1,(#11331,#11332),.UNSPECIFIED.,
  .F.,.F.,(2,2),(-7.248789997242E-02,0.217463699917),
  .PIECEWISE_BEZIER_KNOTS.);
#11331 = CARTESIAN_POINT('',(0.,-0.1));
#11332 = CARTESIAN_POINT('',(0.28995159989,-0.1));
#11333 = ( GEOMETRIC_REPRESENTATION_CONTEXT(2) 
PARAMETRIC_REPRESENTATION_CONTEXT() REPRESENTATION_CONTEXT('2D SPACE',''
  ) );
#11334 = ORIENTED_EDGE('',*,*,#11335,.T.);
#11335 = EDGE_CURVE('',#11310,#11336,#11338,.T.);
#11336 = VERTEX_POINT('',#11337);
#11337 = CARTESIAN_POINT('',(-120.3124121628,42.2,55.128504176421));
#11338 = SURFACE_CURVE('',#11339,(#11343,#11349),.PCURVE_S1.);
#11339 = LINE('',#11340,#11341);
#11340 = CARTESIAN_POINT('',(-120.4444596943,42.2,54.955721335227));
#11341 = VECTOR('',#11342,1.);
#11342 = DIRECTION('',(0.607216429834,-0.,0.79453647326));
#11343 = PCURVE('',#4040,#11344);
#11344 = DEFINITIONAL_REPRESENTATION('',(#11345),#11348);
#11345 = B_SPLINE_CURVE_WITH_KNOTS('',1,(#11346,#11347),.UNSPECIFIED.,
  .F.,.F.,(2,2),(-7.248789997246E-02,0.217463699917),
  .PIECEWISE_BEZIER_KNOTS.);
#11346 = CARTESIAN_POINT('',(-2.101872945171,2.511524461827));
#11347 = CARTESIAN_POINT('',(-1.871495823579,2.687587837137));
#11348 = ( GEOMETRIC_REPRESENTATION_CONTEXT(2) 
PARAMETRIC_REPRESENTATION_CONTEXT() REPRESENTATION_CONTEXT('2D SPACE',''
  ) );
#11349 = PCURVE('',#11350,#11355);
#11350 = PLANE('',#11351);
#11351 = AXIS2_PLACEMENT_3D('',#11352,#11353,#11354);
#11352 = CARTESIAN_POINT('',(-120.4884755381,42.3,54.898127054829));
#11353 = DIRECTION('',(-0.79453647326,0.,0.607216429834));
#11354 = DIRECTION('',(0.607216429834,0.,0.79453647326));
#11355 = DEFINITIONAL_REPRESENTATION('',(#11356),#11359);
#11356 = B_SPLINE_CURVE_WITH_KNOTS('',1,(#11357,#11358),.UNSPECIFIED.,
  .F.,.F.,(2,2),(-7.248789997246E-02,0.217463699917),
  .PIECEWISE_BEZIER_KNOTS.);
#11357 = CARTESIAN_POINT('',(0.,-0.1));
#11358 = CARTESIAN_POINT('',(0.28995159989,-0.1));
#11359 = ( GEOMETRIC_REPRESENTATION_CONTEXT(2) 
PARAMETRIC_REPRESENTATION_CONTEXT() REPRESENTATION_CONTEXT('2D SPACE',''
  ) );
#11360 = ORIENTED_EDGE('',*,*,#11361,.T.);
#11361 = EDGE_CURVE('',#11336,#11362,#11364,.T.);
#11362 = VERTEX_POINT('',#11363);
#11363 = CARTESIAN_POINT('',(-120.1574152239,42.2,55.373550864253));
#11364 = SURFACE_CURVE('',#11365,(#11369,#11375),.PCURVE_S1.);
#11365 = LINE('',#11366,#11367);
#11366 = CARTESIAN_POINT('',(-120.2736629281,42.2,55.189765848379));
#11367 = VECTOR('',#11368,1.);
#11368 = DIRECTION('',(0.534561419686,-0.,0.845129628272));
#11369 = PCURVE('',#4040,#11370);
#11370 = DEFINITIONAL_REPRESENTATION('',(#11371),#11374);
#11371 = B_SPLINE_CURVE_WITH_KNOTS('',1,(#11372,#11373),.UNSPECIFIED.,
  .F.,.F.,(2,2),(-7.248789997243E-02,0.217463699917),
  .PIECEWISE_BEZIER_KNOTS.);
#11372 = CARTESIAN_POINT('',(-1.871495823579,2.687587837137));
#11373 = CARTESIAN_POINT('',(-1.626449135747,2.842584776014));
#11374 = ( GEOMETRIC_REPRESENTATION_CONTEXT(2) 
PARAMETRIC_REPRESENTATION_CONTEXT() REPRESENTATION_CONTEXT('2D SPACE',''
  ) );
#11375 = PCURVE('',#11376,#11381);
#11376 = PLANE('',#11377);
#11377 = AXIS2_PLACEMENT_3D('',#11378,#11379,#11380);
#11378 = CARTESIAN_POINT('',(-120.3124121628,42.3,55.128504176421));
#11379 = DIRECTION('',(-0.845129628272,0.,0.534561419686));
#11380 = DIRECTION('',(0.534561419686,0.,0.845129628272));
#11381 = DEFINITIONAL_REPRESENTATION('',(#11382),#11385);
#11382 = B_SPLINE_CURVE_WITH_KNOTS('',1,(#11383,#11384),.UNSPECIFIED.,
  .F.,.F.,(2,2),(-7.248789997243E-02,0.217463699917),
  .PIECEWISE_BEZIER_KNOTS.);
#11383 = CARTESIAN_POINT('',(0.,-0.1));
#11384 = CARTESIAN_POINT('',(0.28995159989,-0.1));
#11385 = ( GEOMETRIC_REPRESENTATION_CONTEXT(2) 
PARAMETRIC_REPRESENTATION_CONTEXT() REPRESENTATION_CONTEXT('2D SPACE',''
  ) );
#11386 = ORIENTED_EDGE('',*,*,#11387,.T.);
#11387 = EDGE_CURVE('',#11362,#11388,#11390,.T.);
#11388 = VERTEX_POINT('',#11389);
#11389 = CARTESIAN_POINT('',(-120.0246996523,42.2,55.631346339996));
#11390 = SURFACE_CURVE('',#11391,(#11395,#11401),.PCURVE_S1.);
#11391 = LINE('',#11392,#11393);
#11392 = CARTESIAN_POINT('',(-120.124236331,42.2,55.437999733188));
#11393 = VECTOR('',#11394,1.);
#11394 = DIRECTION('',(0.457716293772,-0.,0.889098304135));
#11395 = PCURVE('',#4040,#11396);
#11396 = DEFINITIONAL_REPRESENTATION('',(#11397),#11400);
#11397 = B_SPLINE_CURVE_WITH_KNOTS('',1,(#11398,#11399),.UNSPECIFIED.,
  .F.,.F.,(2,2),(-7.248789997241E-02,0.217463699917),
  .PIECEWISE_BEZIER_KNOTS.);
#11398 = CARTESIAN_POINT('',(-1.626449135747,2.842584776014));
#11399 = CARTESIAN_POINT('',(-1.368653660004,2.975300347689));
#11400 = ( GEOMETRIC_REPRESENTATION_CONTEXT(2) 
PARAMETRIC_REPRESENTATION_CONTEXT() REPRESENTATION_CONTEXT('2D SPACE',''
  ) );
#11401 = PCURVE('',#11402,#11407);
#11402 = PLANE('',#11403);
#11403 = AXIS2_PLACEMENT_3D('',#11404,#11405,#11406);
#11404 = CARTESIAN_POINT('',(-120.1574152239,42.3,55.373550864253));
#11405 = DIRECTION('',(-0.889098304135,0.,0.457716293772));
#11406 = DIRECTION('',(0.457716293772,0.,0.889098304135));
#11407 = DEFINITIONAL_REPRESENTATION('',(#11408),#11411);
#11408 = B_SPLINE_CURVE_WITH_KNOTS('',1,(#11409,#11410),.UNSPECIFIED.,
  .F.,.F.,(2,2),(-7.248789997241E-02,0.217463699917),
  .PIECEWISE_BEZIER_KNOTS.);
#11409 = CARTESIAN_POINT('',(0.,-0.1));
#11410 = CARTESIAN_POINT('',(0.28995159989,-0.1));
#11411 = ( GEOMETRIC_REPRESENTATION_CONTEXT(2) 
PARAMETRIC_REPRESENTATION_CONTEXT() REPRESENTATION_CONTEXT('2D SPACE',''
  ) );
#11412 = ORIENTED_EDGE('',*,*,#11413,.T.);
#11413 = EDGE_CURVE('',#11388,#11414,#11416,.T.);
#11414 = VERTEX_POINT('',#11415);
#11415 = CARTESIAN_POINT('',(-119.9153057279,42.2,55.899869894996));
#11416 = SURFACE_CURVE('',#11417,(#11421,#11427),.PCURVE_S1.);
#11417 = LINE('',#11418,#11419);
#11418 = CARTESIAN_POINT('',(-119.9973511712,42.2,55.698477228746));
#11419 = VECTOR('',#11420,1.);
#11420 = DIRECTION('',(0.377283396298,-0.,0.926097855994));
#11421 = PCURVE('',#4040,#11422);
#11422 = DEFINITIONAL_REPRESENTATION('',(#11423),#11426);
#11423 = B_SPLINE_CURVE_WITH_KNOTS('',1,(#11424,#11425),.UNSPECIFIED.,
  .F.,.F.,(2,2),(-7.248789997239E-02,0.217463699917),
  .PIECEWISE_BEZIER_KNOTS.);
#11424 = CARTESIAN_POINT('',(-1.368653660004,2.975300347689));
#11425 = CARTESIAN_POINT('',(-1.100130105004,3.084694272057));
#11426 = ( GEOMETRIC_REPRESENTATION_CONTEXT(2) 
PARAMETRIC_REPRESENTATION_CONTEXT() REPRESENTATION_CONTEXT('2D SPACE',''
  ) );
#11427 = PCURVE('',#11428,#11433);
#11428 = PLANE('',#11429);
#11429 = AXIS2_PLACEMENT_3D('',#11430,#11431,#11432);
#11430 = CARTESIAN_POINT('',(-120.0246996523,42.3,55.631346339996));
#11431 = DIRECTION('',(-0.926097855994,0.,0.377283396298));
#11432 = DIRECTION('',(0.377283396298,0.,0.926097855994));
#11433 = DEFINITIONAL_REPRESENTATION('',(#11434),#11437);
#11434 = B_SPLINE_CURVE_WITH_KNOTS('',1,(#11435,#11436),.UNSPECIFIED.,
  .F.,.F.,(2,2),(-7.248789997239E-02,0.217463699917),
  .PIECEWISE_BEZIER_KNOTS.);
#11435 = CARTESIAN_POINT('',(0.,-0.1));
#11436 = CARTESIAN_POINT('',(0.28995159989,-0.1));
#11437 = ( GEOMETRIC_REPRESENTATION_CONTEXT(2) 
PARAMETRIC_REPRESENTATION_CONTEXT() REPRESENTATION_CONTEXT('2D SPACE',''
  ) );
#11438 = ORIENTED_EDGE('',*,*,#11439,.T.);
#11439 = EDGE_CURVE('',#11414,#11440,#11442,.T.);
#11440 = VERTEX_POINT('',#11441);
#11441 = CARTESIAN_POINT('',(-119.8300909261,42.2,56.17701672943));
#11442 = SURFACE_CURVE('',#11443,(#11447,#11453),.PCURVE_S1.);
#11443 = LINE('',#11444,#11445);
#11444 = CARTESIAN_POINT('',(-119.8940020274,42.2,55.969156603604));
#11445 = VECTOR('',#11446,1.);
#11446 = DIRECTION('',(0.293893193923,-0.,0.955838265904));
#11447 = PCURVE('',#4040,#11448);
#11448 = DEFINITIONAL_REPRESENTATION('',(#11449),#11452);
#11449 = B_SPLINE_CURVE_WITH_KNOTS('',1,(#11450,#11451),.UNSPECIFIED.,
  .F.,.F.,(2,2),(-7.248789997243E-02,0.217463699917),
  .PIECEWISE_BEZIER_KNOTS.);
#11450 = CARTESIAN_POINT('',(-1.100130105004,3.084694272057));
#11451 = CARTESIAN_POINT('',(-0.82298327057,3.169909073832));
#11452 = ( GEOMETRIC_REPRESENTATION_CONTEXT(2) 
PARAMETRIC_REPRESENTATION_CONTEXT() REPRESENTATION_CONTEXT('2D SPACE',''
  ) );
#11453 = PCURVE('',#11454,#11459);
#11454 = PLANE('',#11455);
#11455 = AXIS2_PLACEMENT_3D('',#11456,#11457,#11458);
#11456 = CARTESIAN_POINT('',(-119.9153057279,42.3,55.899869894996));
#11457 = DIRECTION('',(-0.955838265904,0.,0.293893193923));
#11458 = DIRECTION('',(0.293893193923,0.,0.955838265904));
#11459 = DEFINITIONAL_REPRESENTATION('',(#11460),#11463);
#11460 = B_SPLINE_CURVE_WITH_KNOTS('',1,(#11461,#11462),.UNSPECIFIED.,
  .F.,.F.,(2,2),(-7.248789997243E-02,0.217463699917),
  .PIECEWISE_BEZIER_KNOTS.);
#11461 = CARTESIAN_POINT('',(0.,-0.1));
#11462 = CARTESIAN_POINT('',(0.28995159989,-0.1));
#11463 = ( GEOMETRIC_REPRESENTATION_CONTEXT(2) 
PARAMETRIC_REPRESENTATION_CONTEXT() REPRESENTATION_CONTEXT('2D SPACE',''
  ) );
#11464 = ORIENTED_EDGE('',*,*,#11465,.T.);
#11465 = EDGE_CURVE('',#11440,#11466,#11468,.T.);
#11466 = VERTEX_POINT('',#11467);
#11467 = CARTESIAN_POINT('',(-119.7697231962,42.2,56.46061445061));
#11468 = SURFACE_CURVE('',#11469,(#11473,#11479),.PCURVE_S1.);
#11469 = LINE('',#11470,#11471);
#11470 = CARTESIAN_POINT('',(-119.8149989936,42.2,56.247916159725));
#11471 = VECTOR('',#11472,1.);
#11472 = DIRECTION('',(0.208199333895,-0.,0.978086416103));
#11473 = PCURVE('',#4040,#11474);
#11474 = DEFINITIONAL_REPRESENTATION('',(#11475),#11478);
#11475 = B_SPLINE_CURVE_WITH_KNOTS('',1,(#11476,#11477),.UNSPECIFIED.,
  .F.,.F.,(2,2),(-7.248789997248E-02,0.217463699917),
  .PIECEWISE_BEZIER_KNOTS.);
#11476 = CARTESIAN_POINT('',(-0.82298327057,3.169909073832));
#11477 = CARTESIAN_POINT('',(-0.53938554939,3.230276803791));
#11478 = ( GEOMETRIC_REPRESENTATION_CONTEXT(2) 
PARAMETRIC_REPRESENTATION_CONTEXT() REPRESENTATION_CONTEXT('2D SPACE',''
  ) );
#11479 = PCURVE('',#11480,#11485);
#11480 = PLANE('',#11481);
#11481 = AXIS2_PLACEMENT_3D('',#11482,#11483,#11484);
#11482 = CARTESIAN_POINT('',(-119.8300909261,42.3,56.17701672943));
#11483 = DIRECTION('',(-0.978086416103,0.,0.208199333895));
#11484 = DIRECTION('',(0.208199333895,0.,0.978086416103));
#11485 = DEFINITIONAL_REPRESENTATION('',(#11486),#11489);
#11486 = B_SPLINE_CURVE_WITH_KNOTS('',1,(#11487,#11488),.UNSPECIFIED.,
  .F.,.F.,(2,2),(-7.248789997248E-02,0.217463699917),
  .PIECEWISE_BEZIER_KNOTS.);
#11487 = CARTESIAN_POINT('',(0.,-0.1));
#11488 = CARTESIAN_POINT('',(0.28995159989,-0.1));
#11489 = ( GEOMETRIC_REPRESENTATION_CONTEXT(2) 
PARAMETRIC_REPRESENTATION_CONTEXT() REPRESENTATION_CONTEXT('2D SPACE',''
  ) );
#11490 = ORIENTED_EDGE('',*,*,#11491,.T.);
#11491 = EDGE_CURVE('',#11466,#11492,#11494,.T.);
#11492 = VERTEX_POINT('',#11493);
#11493 = CARTESIAN_POINT('',(-119.7346757255,42.2,56.748440101099));
#11494 = SURFACE_CURVE('',#11495,(#11499,#11505),.PCURVE_S1.);
#11495 = LINE('',#11496,#11497);
#11496 = CARTESIAN_POINT('',(-119.7609613285,42.2,56.532570863232));
#11497 = VECTOR('',#11498,1.);
#11498 = DIRECTION('',(0.120873520495,-0.,0.992667916296));
#11499 = PCURVE('',#4040,#11500);
#11500 = DEFINITIONAL_REPRESENTATION('',(#11501),#11504);
#11501 = B_SPLINE_CURVE_WITH_KNOTS('',1,(#11502,#11503),.UNSPECIFIED.,
  .F.,.F.,(2,2),(-7.248789997238E-02,0.217463699917),
  .PIECEWISE_BEZIER_KNOTS.);
#11502 = CARTESIAN_POINT('',(-0.53938554939,3.230276803791));
#11503 = CARTESIAN_POINT('',(-0.251559898901,3.265324274443));
#11504 = ( GEOMETRIC_REPRESENTATION_CONTEXT(2) 
PARAMETRIC_REPRESENTATION_CONTEXT() REPRESENTATION_CONTEXT('2D SPACE',''
  ) );
#11505 = PCURVE('',#11506,#11511);
#11506 = PLANE('',#11507);
#11507 = AXIS2_PLACEMENT_3D('',#11508,#11509,#11510);
#11508 = CARTESIAN_POINT('',(-119.7697231962,42.3,56.46061445061));
#11509 = DIRECTION('',(-0.992667916296,0.,0.120873520495));
#11510 = DIRECTION('',(0.120873520495,0.,0.992667916296));
#11511 = DEFINITIONAL_REPRESENTATION('',(#11512),#11515);
#11512 = B_SPLINE_CURVE_WITH_KNOTS('',1,(#11513,#11514),.UNSPECIFIED.,
  .F.,.F.,(2,2),(-7.248789997238E-02,0.217463699917),
  .PIECEWISE_BEZIER_KNOTS.);
#11513 = CARTESIAN_POINT('',(0.,-0.1));
#11514 = CARTESIAN_POINT('',(0.28995159989,-0.1));
#11515 = ( GEOMETRIC_REPRESENTATION_CONTEXT(2) 
PARAMETRIC_REPRESENTATION_CONTEXT() REPRESENTATION_CONTEXT('2D SPACE',''
  ) );
#11516 = ORIENTED_EDGE('',*,*,#11517,.T.);
#11517 = EDGE_CURVE('',#11492,#11518,#11520,.T.);
#11518 = VERTEX_POINT('',#11519);
#11519 = CARTESIAN_POINT('',(-119.7252232309,42.2,57.038237583186));
#11520 = SURFACE_CURVE('',#11521,(#11525,#11531),.PCURVE_S1.);
#11521 = LINE('',#11522,#11523);
#11522 = CARTESIAN_POINT('',(-119.7323126019,42.2,56.820889471621));
#11523 = VECTOR('',#11524,1.);
#11524 = DIRECTION('',(3.260024993679E-02,-0.,0.99946847059));
#11525 = PCURVE('',#4040,#11526);
#11526 = DEFINITIONAL_REPRESENTATION('',(#11527),#11530);
#11527 = B_SPLINE_CURVE_WITH_KNOTS('',1,(#11528,#11529),.UNSPECIFIED.,
  .F.,.F.,(2,2),(-7.248789997244E-02,0.217463699917),
  .PIECEWISE_BEZIER_KNOTS.);
#11528 = CARTESIAN_POINT('',(-0.251559898901,3.265324274443));
#11529 = CARTESIAN_POINT('',(3.8237583186E-02,3.274776769069));
#11530 = ( GEOMETRIC_REPRESENTATION_CONTEXT(2) 
PARAMETRIC_REPRESENTATION_CONTEXT() REPRESENTATION_CONTEXT('2D SPACE',''
  ) );
#11531 = PCURVE('',#11532,#11537);
#11532 = PLANE('',#11533);
#11533 = AXIS2_PLACEMENT_3D('',#11534,#11535,#11536);
#11534 = CARTESIAN_POINT('',(-119.7346757255,42.3,56.748440101099));
#11535 = DIRECTION('',(-0.99946847059,0.,3.260024993679E-02));
#11536 = DIRECTION('',(3.260024993679E-02,0.,0.99946847059));
#11537 = DEFINITIONAL_REPRESENTATION('',(#11538),#11541);
#11538 = B_SPLINE_CURVE_WITH_KNOTS('',1,(#11539,#11540),.UNSPECIFIED.,
  .F.,.F.,(2,2),(-7.248789997244E-02,0.217463699917),
  .PIECEWISE_BEZIER_KNOTS.);
#11539 = CARTESIAN_POINT('',(0.,-0.1));
#11540 = CARTESIAN_POINT('',(0.28995159989,-0.1));
#11541 = ( GEOMETRIC_REPRESENTATION_CONTEXT(2) 
PARAMETRIC_REPRESENTATION_CONTEXT() REPRESENTATION_CONTEXT('2D SPACE',''
  ) );
#11542 = ORIENTED_EDGE('',*,*,#11543,.T.);
#11543 = EDGE_CURVE('',#11518,#11544,#11546,.T.);
#11544 = VERTEX_POINT('',#11545);
#11545 = CARTESIAN_POINT('',(-119.7414398049,42.2,57.327735343119));
#11546 = SURFACE_CURVE('',#11547,(#11551,#11557),.PCURVE_S1.);
#11547 = LINE('',#11548,#11549);
#11548 = CARTESIAN_POINT('',(-119.7292773744,42.2,57.110612023169));
#11549 = VECTOR('',#11550,1.);
#11550 = DIRECTION('',(-5.592855500213E-02,0.,0.998434773401));
#11551 = PCURVE('',#4040,#11552);
#11552 = DEFINITIONAL_REPRESENTATION('',(#11553),#11556);
#11553 = B_SPLINE_CURVE_WITH_KNOTS('',1,(#11554,#11555),.UNSPECIFIED.,
  .F.,.F.,(2,2),(-7.248789997242E-02,0.217463699917),
  .PIECEWISE_BEZIER_KNOTS.);
#11554 = CARTESIAN_POINT('',(3.8237583186E-02,3.274776769069));
#11555 = CARTESIAN_POINT('',(0.327735343119,3.258560195066));
#11556 = ( GEOMETRIC_REPRESENTATION_CONTEXT(2) 
PARAMETRIC_REPRESENTATION_CONTEXT() REPRESENTATION_CONTEXT('2D SPACE',''
  ) );
#11557 = PCURVE('',#11558,#11563);
#11558 = PLANE('',#11559);
#11559 = AXIS2_PLACEMENT_3D('',#11560,#11561,#11562);
#11560 = CARTESIAN_POINT('',(-119.7252232309,42.3,57.038237583186));
#11561 = DIRECTION('',(-0.998434773401,-0.,-5.592855500213E-02));
#11562 = DIRECTION('',(-5.592855500213E-02,0.,0.998434773401));
#11563 = DEFINITIONAL_REPRESENTATION('',(#11564),#11567);
#11564 = B_SPLINE_CURVE_WITH_KNOTS('',1,(#11565,#11566),.UNSPECIFIED.,
  .F.,.F.,(2,2),(-7.248789997242E-02,0.217463699917),
  .PIECEWISE_BEZIER_KNOTS.);
#11565 = CARTESIAN_POINT('',(0.,-0.1));
#11566 = CARTESIAN_POINT('',(0.28995159989,-0.1));
#11567 = ( GEOMETRIC_REPRESENTATION_CONTEXT(2) 
PARAMETRIC_REPRESENTATION_CONTEXT() REPRESENTATION_CONTEXT('2D SPACE',''
  ) );
#11568 = ORIENTED_EDGE('',*,*,#11569,.T.);
#11569 = EDGE_CURVE('',#11544,#11570,#11572,.T.);
#11570 = VERTEX_POINT('',#11571);
#11571 = CARTESIAN_POINT('',(-119.7831983352,42.2,57.614664176494));
#11572 = SURFACE_CURVE('',#11573,(#11577,#11583),.PCURVE_S1.);
#11573 = LINE('',#11574,#11575);
#11574 = CARTESIAN_POINT('',(-119.7518794375,42.2,57.399467551463));
#11575 = VECTOR('',#11576,1.);
#11576 = DIRECTION('',(-0.144018968558,0.,0.989574927277));
#11577 = PCURVE('',#4040,#11578);
#11578 = DEFINITIONAL_REPRESENTATION('',(#11579),#11582);
#11579 = B_SPLINE_CURVE_WITH_KNOTS('',1,(#11580,#11581),.UNSPECIFIED.,
  .F.,.F.,(2,2),(-7.248789997245E-02,0.217463699917),
  .PIECEWISE_BEZIER_KNOTS.);
#11580 = CARTESIAN_POINT('',(0.327735343119,3.258560195066));
#11581 = CARTESIAN_POINT('',(0.614664176494,3.216801664718));
#11582 = ( GEOMETRIC_REPRESENTATION_CONTEXT(2) 
PARAMETRIC_REPRESENTATION_CONTEXT() REPRESENTATION_CONTEXT('2D SPACE',''
  ) );
#11583 = PCURVE('',#11584,#11589);
#11584 = PLANE('',#11585);
#11585 = AXIS2_PLACEMENT_3D('',#11586,#11587,#11588);
#11586 = CARTESIAN_POINT('',(-119.7414398049,42.3,57.327735343119));
#11587 = DIRECTION('',(-0.989574927277,-0.,-0.144018968558));
#11588 = DIRECTION('',(-0.144018968558,0.,0.989574927277));
#11589 = DEFINITIONAL_REPRESENTATION('',(#11590),#11593);
#11590 = B_SPLINE_CURVE_WITH_KNOTS('',1,(#11591,#11592),.UNSPECIFIED.,
  .F.,.F.,(2,2),(-7.248789997245E-02,0.217463699917),
  .PIECEWISE_BEZIER_KNOTS.);
#11591 = CARTESIAN_POINT('',(0.,-0.1));
#11592 = CARTESIAN_POINT('',(0.28995159989,-0.1));
#11593 = ( GEOMETRIC_REPRESENTATION_CONTEXT(2) 
PARAMETRIC_REPRESENTATION_CONTEXT() REPRESENTATION_CONTEXT('2D SPACE',''
  ) );
#11594 = ORIENTED_EDGE('',*,*,#11595,.T.);
#11595 = EDGE_CURVE('',#11570,#11596,#11598,.T.);
#11596 = VERTEX_POINT('',#11597);
#11597 = CARTESIAN_POINT('',(-119.8501715011,42.2,57.896775015226));
#11598 = SURFACE_CURVE('',#11599,(#11603,#11609),.PCURVE_S1.);
#11599 = LINE('',#11600,#11601);
#11600 = CARTESIAN_POINT('',(-119.7999416267,42.2,57.685191886177));
#11601 = VECTOR('',#11602,1.);
#11602 = DIRECTION('',(-0.230980501263,0.,0.972958379396));
#11603 = PCURVE('',#4040,#11604);
#11604 = DEFINITIONAL_REPRESENTATION('',(#11605),#11608);
#11605 = B_SPLINE_CURVE_WITH_KNOTS('',1,(#11606,#11607),.UNSPECIFIED.,
  .F.,.F.,(2,2),(-7.248789997238E-02,0.217463699917),
  .PIECEWISE_BEZIER_KNOTS.);
#11606 = CARTESIAN_POINT('',(0.614664176494,3.216801664718));
#11607 = CARTESIAN_POINT('',(0.896775015226,3.149828498834));
#11608 = ( GEOMETRIC_REPRESENTATION_CONTEXT(2) 
PARAMETRIC_REPRESENTATION_CONTEXT() REPRESENTATION_CONTEXT('2D SPACE',''
  ) );
#11609 = PCURVE('',#11610,#11615);
#11610 = PLANE('',#11611);
#11611 = AXIS2_PLACEMENT_3D('',#11612,#11613,#11614);
#11612 = CARTESIAN_POINT('',(-119.7831983352,42.3,57.614664176494));
#11613 = DIRECTION('',(-0.972958379396,-0.,-0.230980501263));
#11614 = DIRECTION('',(-0.230980501263,0.,0.972958379396));
#11615 = DEFINITIONAL_REPRESENTATION('',(#11616),#11619);
#11616 = B_SPLINE_CURVE_WITH_KNOTS('',1,(#11617,#11618),.UNSPECIFIED.,
  .F.,.F.,(2,2),(-7.248789997238E-02,0.217463699917),
  .PIECEWISE_BEZIER_KNOTS.);
#11617 = CARTESIAN_POINT('',(0.,-0.1));
#11618 = CARTESIAN_POINT('',(0.28995159989,-0.1));
#11619 = ( GEOMETRIC_REPRESENTATION_CONTEXT(2) 
PARAMETRIC_REPRESENTATION_CONTEXT() REPRESENTATION_CONTEXT('2D SPACE',''
  ) );
#11620 = ORIENTED_EDGE('',*,*,#11621,.T.);
#11621 = EDGE_CURVE('',#11596,#11622,#11624,.T.);
#11622 = VERTEX_POINT('',#11623);
#11623 = CARTESIAN_POINT('',(-119.9418343389,42.2,58.171856556685));
#11624 = SURFACE_CURVE('',#11625,(#11629,#11635),.PCURVE_S1.);
#11625 = LINE('',#11626,#11627);
#11626 = CARTESIAN_POINT('',(-119.8730872106,42.2,57.965545400591));
#11627 = VECTOR('',#11628,1.);
#11628 = DIRECTION('',(-0.316131512287,0.,0.948715377202));
#11629 = PCURVE('',#4040,#11630);
#11630 = DEFINITIONAL_REPRESENTATION('',(#11631),#11634);
#11631 = B_SPLINE_CURVE_WITH_KNOTS('',1,(#11632,#11633),.UNSPECIFIED.,
  .F.,.F.,(2,2),(-7.24878999724E-02,0.217463699917),
  .PIECEWISE_BEZIER_KNOTS.);
#11632 = CARTESIAN_POINT('',(0.896775015226,3.149828498834));
#11633 = CARTESIAN_POINT('',(1.171856556685,3.058165661071));
#11634 = ( GEOMETRIC_REPRESENTATION_CONTEXT(2) 
PARAMETRIC_REPRESENTATION_CONTEXT() REPRESENTATION_CONTEXT('2D SPACE',''
  ) );
#11635 = PCURVE('',#11636,#11641);
#11636 = PLANE('',#11637);
#11637 = AXIS2_PLACEMENT_3D('',#11638,#11639,#11640);
#11638 = CARTESIAN_POINT('',(-119.8501715011,42.3,57.896775015226));
#11639 = DIRECTION('',(-0.948715377202,-0.,-0.316131512287));
#11640 = DIRECTION('',(-0.316131512287,0.,0.948715377202));
#11641 = DEFINITIONAL_REPRESENTATION('',(#11642),#11645);
#11642 = B_SPLINE_CURVE_WITH_KNOTS('',1,(#11643,#11644),.UNSPECIFIED.,
  .F.,.F.,(2,2),(-7.24878999724E-02,0.217463699917),
  .PIECEWISE_BEZIER_KNOTS.);
#11643 = CARTESIAN_POINT('',(0.,-0.1));
#11644 = CARTESIAN_POINT('',(0.28995159989,-0.1));
#11645 = ( GEOMETRIC_REPRESENTATION_CONTEXT(2) 
PARAMETRIC_REPRESENTATION_CONTEXT() REPRESENTATION_CONTEXT('2D SPACE',''
  ) );
#11646 = ORIENTED_EDGE('',*,*,#11647,.T.);
#11647 = EDGE_CURVE('',#11622,#11648,#11650,.T.);
#11648 = VERTEX_POINT('',#11649);
#11649 = CARTESIAN_POINT('',(-120.0574683569,42.2,58.437752596812));
#11650 = SURFACE_CURVE('',#11651,(#11655,#11661),.PCURVE_S1.);
#11651 = LINE('',#11652,#11653);
#11652 = CARTESIAN_POINT('',(-119.9707428434,42.2,58.238330566717));
#11653 = VECTOR('',#11654,1.);
#11654 = DIRECTION('',(-0.398804552427,0.,0.917035947476));
#11655 = PCURVE('',#4040,#11656);
#11656 = DEFINITIONAL_REPRESENTATION('',(#11657),#11660);
#11657 = B_SPLINE_CURVE_WITH_KNOTS('',1,(#11658,#11659),.UNSPECIFIED.,
  .F.,.F.,(2,2),(-7.248789997243E-02,0.217463699917),
  .PIECEWISE_BEZIER_KNOTS.);
#11658 = CARTESIAN_POINT('',(1.171856556685,3.058165661071));
#11659 = CARTESIAN_POINT('',(1.437752596812,2.942531643052));
#11660 = ( GEOMETRIC_REPRESENTATION_CONTEXT(2) 
PARAMETRIC_REPRESENTATION_CONTEXT() REPRESENTATION_CONTEXT('2D SPACE',''
  ) );
#11661 = PCURVE('',#11662,#11667);
#11662 = PLANE('',#11663);
#11663 = AXIS2_PLACEMENT_3D('',#11664,#11665,#11666);
#11664 = CARTESIAN_POINT('',(-119.9418343389,42.3,58.171856556685));
#11665 = DIRECTION('',(-0.917035947476,-0.,-0.398804552427));
#11666 = DIRECTION('',(-0.398804552427,0.,0.917035947476));
#11667 = DEFINITIONAL_REPRESENTATION('',(#11668),#11671);
#11668 = B_SPLINE_CURVE_WITH_KNOTS('',1,(#11669,#11670),.UNSPECIFIED.,
  .F.,.F.,(2,2),(-7.248789997243E-02,0.217463699917),
  .PIECEWISE_BEZIER_KNOTS.);
#11669 = CARTESIAN_POINT('',(0.,-0.1));
#11670 = CARTESIAN_POINT('',(0.28995159989,-0.1));
#11671 = ( GEOMETRIC_REPRESENTATION_CONTEXT(2) 
PARAMETRIC_REPRESENTATION_CONTEXT() REPRESENTATION_CONTEXT('2D SPACE',''
  ) );
#11672 = ORIENTED_EDGE('',*,*,#11673,.T.);
#11673 = EDGE_CURVE('',#11648,#11674,#11676,.T.);
#11674 = VERTEX_POINT('',#11675);
#11675 = CARTESIAN_POINT('',(-120.1961671674,42.2,58.692378931344));
#11676 = SURFACE_CURVE('',#11677,(#11681,#11687),.PCURVE_S1.);
#11677 = LINE('',#11678,#11679);
#11678 = CARTESIAN_POINT('',(-120.0921430595,42.2,58.501409180445));
#11679 = VECTOR('',#11680,1.);
#11680 = DIRECTION('',(-0.478351595851,0.,0.878168406825));
#11681 = PCURVE('',#4040,#11682);
#11682 = DEFINITIONAL_REPRESENTATION('',(#11683),#11686);
#11683 = B_SPLINE_CURVE_WITH_KNOTS('',1,(#11684,#11685),.UNSPECIFIED.,
  .F.,.F.,(2,2),(-7.248789997249E-02,0.217463699917),
  .PIECEWISE_BEZIER_KNOTS.);
#11684 = CARTESIAN_POINT('',(1.437752596812,2.942531643051));
#11685 = CARTESIAN_POINT('',(1.692378931344,2.803832832525));
#11686 = ( GEOMETRIC_REPRESENTATION_CONTEXT(2) 
PARAMETRIC_REPRESENTATION_CONTEXT() REPRESENTATION_CONTEXT('2D SPACE',''
  ) );
#11687 = PCURVE('',#11688,#11693);
#11688 = PLANE('',#11689);
#11689 = AXIS2_PLACEMENT_3D('',#11690,#11691,#11692);
#11690 = CARTESIAN_POINT('',(-120.0574683569,42.3,58.437752596812));
#11691 = DIRECTION('',(-0.878168406825,-0.,-0.478351595851));
#11692 = DIRECTION('',(-0.478351595851,0.,0.878168406825));
#11693 = DEFINITIONAL_REPRESENTATION('',(#11694),#11697);
#11694 = B_SPLINE_CURVE_WITH_KNOTS('',1,(#11695,#11696),.UNSPECIFIED.,
  .F.,.F.,(2,2),(-7.248789997249E-02,0.217463699917),
  .PIECEWISE_BEZIER_KNOTS.);
#11695 = CARTESIAN_POINT('',(0.,-0.1));
#11696 = CARTESIAN_POINT('',(0.28995159989,-0.1));
#11697 = ( GEOMETRIC_REPRESENTATION_CONTEXT(2) 
PARAMETRIC_REPRESENTATION_CONTEXT() REPRESENTATION_CONTEXT('2D SPACE',''
  ) );
#11698 = ORIENTED_EDGE('',*,*,#11699,.T.);
#11699 = EDGE_CURVE('',#11674,#11700,#11702,.T.);
#11700 = VERTEX_POINT('',#11701);
#11701 = CARTESIAN_POINT('',(-120.3568435912,42.2,58.933739692679));
#11702 = SURFACE_CURVE('',#11703,(#11707,#11713),.PCURVE_S1.);
#11703 = LINE('',#11704,#11705);
#11704 = CARTESIAN_POINT('',(-120.2363362734,42.2,58.752719121678));
#11705 = VECTOR('',#11706,1.);
#11706 = DIRECTION('',(-0.554149119596,0.,0.832417415274));
#11707 = PCURVE('',#4040,#11708);
#11708 = DEFINITIONAL_REPRESENTATION('',(#11709),#11712);
#11709 = B_SPLINE_CURVE_WITH_KNOTS('',1,(#11710,#11711),.UNSPECIFIED.,
  .F.,.F.,(2,2),(-7.248789997241E-02,0.217463699917),
  .PIECEWISE_BEZIER_KNOTS.);
#11710 = CARTESIAN_POINT('',(1.692378931344,2.803832832525));
#11711 = CARTESIAN_POINT('',(1.933739692679,2.64315640872));
#11712 = ( GEOMETRIC_REPRESENTATION_CONTEXT(2) 
PARAMETRIC_REPRESENTATION_CONTEXT() REPRESENTATION_CONTEXT('2D SPACE',''
  ) );
#11713 = PCURVE('',#11714,#11719);
#11714 = PLANE('',#11715);
#11715 = AXIS2_PLACEMENT_3D('',#11716,#11717,#11718);
#11716 = CARTESIAN_POINT('',(-120.1961671674,42.3,58.692378931344));
#11717 = DIRECTION('',(-0.832417415274,-0.,-0.554149119596));
#11718 = DIRECTION('',(-0.554149119596,0.,0.832417415274));
#11719 = DEFINITIONAL_REPRESENTATION('',(#11720),#11723);
#11720 = B_SPLINE_CURVE_WITH_KNOTS('',1,(#11721,#11722),.UNSPECIFIED.,
  .F.,.F.,(2,2),(-7.248789997241E-02,0.217463699917),
  .PIECEWISE_BEZIER_KNOTS.);
#11721 = CARTESIAN_POINT('',(0.,-0.1));
#11722 = CARTESIAN_POINT('',(0.28995159989,-0.1));
#11723 = ( GEOMETRIC_REPRESENTATION_CONTEXT(2) 
PARAMETRIC_REPRESENTATION_CONTEXT() REPRESENTATION_CONTEXT('2D SPACE',''
  ) );
#11724 = ORIENTED_EDGE('',*,*,#11725,.T.);
#11725 = EDGE_CURVE('',#11700,#11726,#11728,.T.);
#11726 = VERTEX_POINT('',#11727);
#11727 = CARTESIAN_POINT('',(-120.5382381794,42.2,59.15994299432));
#11728 = SURFACE_CURVE('',#11729,(#11733,#11739),.PCURVE_S1.);
#11729 = LINE('',#11730,#11731);
#11730 = CARTESIAN_POINT('',(-120.4021922383,42.2,58.990290518089));
#11731 = VECTOR('',#11732,1.);
#11732 = DIRECTION('',(-0.625602990999,0.,0.780141588209));
#11733 = PCURVE('',#4040,#11734);
#11734 = DEFINITIONAL_REPRESENTATION('',(#11735),#11738);
#11735 = B_SPLINE_CURVE_WITH_KNOTS('',1,(#11736,#11737),.UNSPECIFIED.,
  .F.,.F.,(2,2),(-7.248789997238E-02,0.217463699917),
  .PIECEWISE_BEZIER_KNOTS.);
#11736 = CARTESIAN_POINT('',(1.933739692679,2.64315640872));
#11737 = CARTESIAN_POINT('',(2.15994299432,2.461761820584));
#11738 = ( GEOMETRIC_REPRESENTATION_CONTEXT(2) 
PARAMETRIC_REPRESENTATION_CONTEXT() REPRESENTATION_CONTEXT('2D SPACE',''
  ) );
#11739 = PCURVE('',#11740,#11745);
#11740 = PLANE('',#11741);
#11741 = AXIS2_PLACEMENT_3D('',#11742,#11743,#11744);
#11742 = CARTESIAN_POINT('',(-120.3568435912,42.3,58.933739692679));
#11743 = DIRECTION('',(-0.780141588209,-0.,-0.625602990999));
#11744 = DIRECTION('',(-0.625602990999,0.,0.780141588209));
#11745 = DEFINITIONAL_REPRESENTATION('',(#11746),#11749);
#11746 = B_SPLINE_CURVE_WITH_KNOTS('',1,(#11747,#11748),.UNSPECIFIED.,
  .F.,.F.,(2,2),(-7.248789997238E-02,0.217463699917),
  .PIECEWISE_BEZIER_KNOTS.);
#11747 = CARTESIAN_POINT('',(0.,-0.1));
#11748 = CARTESIAN_POINT('',(0.28995159989,-0.1));
#11749 = ( GEOMETRIC_REPRESENTATION_CONTEXT(2) 
PARAMETRIC_REPRESENTATION_CONTEXT() REPRESENTATION_CONTEXT('2D SPACE',''
  ) );
#11750 = ORIENTED_EDGE('',*,*,#11751,.T.);
#11751 = EDGE_CURVE('',#11726,#11752,#11754,.T.);
#11752 = VERTEX_POINT('',#11753);
#11753 = CARTESIAN_POINT('',(-120.7389290853,42.2,59.369215760275));
#11754 = SURFACE_CURVE('',#11755,(#11759,#11765),.PCURVE_S1.);
#11755 = LINE('',#11756,#11757);
#11756 = CARTESIAN_POINT('',(-120.5884109058,42.2,59.212261185809));
#11757 = VECTOR('',#11758,1.);
#11758 = DIRECTION('',(-0.692153124761,0.,0.721750685406));
#11759 = PCURVE('',#4040,#11760);
#11760 = DEFINITIONAL_REPRESENTATION('',(#11761),#11764);
#11761 = B_SPLINE_CURVE_WITH_KNOTS('',1,(#11762,#11763),.UNSPECIFIED.,
  .F.,.F.,(2,2),(-7.248789997243E-02,0.217463699917),
  .PIECEWISE_BEZIER_KNOTS.);
#11762 = CARTESIAN_POINT('',(2.15994299432,2.461761820584));
#11763 = CARTESIAN_POINT('',(2.369215760275,2.261070914691));
#11764 = ( GEOMETRIC_REPRESENTATION_CONTEXT(2) 
PARAMETRIC_REPRESENTATION_CONTEXT() REPRESENTATION_CONTEXT('2D SPACE',''
  ) );
#11765 = PCURVE('',#11766,#11771);
#11766 = PLANE('',#11767);
#11767 = AXIS2_PLACEMENT_3D('',#11768,#11769,#11770);
#11768 = CARTESIAN_POINT('',(-120.5382381794,42.3,59.15994299432));
#11769 = DIRECTION('',(-0.721750685406,-0.,-0.692153124761));
#11770 = DIRECTION('',(-0.692153124761,0.,0.721750685406));
#11771 = DEFINITIONAL_REPRESENTATION('',(#11772),#11775);
#11772 = B_SPLINE_CURVE_WITH_KNOTS('',1,(#11773,#11774),.UNSPECIFIED.,
  .F.,.F.,(2,2),(-7.248789997243E-02,0.217463699917),
  .PIECEWISE_BEZIER_KNOTS.);
#11773 = CARTESIAN_POINT('',(0.,-0.1));
#11774 = CARTESIAN_POINT('',(0.28995159989,-0.1));
#11775 = ( GEOMETRIC_REPRESENTATION_CONTEXT(2) 
PARAMETRIC_REPRESENTATION_CONTEXT() REPRESENTATION_CONTEXT('2D SPACE',''
  ) );
#11776 = ORIENTED_EDGE('',*,*,#11777,.T.);
#11777 = EDGE_CURVE('',#11752,#11778,#11780,.T.);
#11778 = VERTEX_POINT('',#11779);
#11779 = CARTESIAN_POINT('',(-120.9573432097,42.2,59.559917623163));
#11780 = SURFACE_CURVE('',#11781,(#11785,#11791),.PCURVE_S1.);
#11781 = LINE('',#11782,#11783);
#11782 = CARTESIAN_POINT('',(-120.7935326164,42.2,59.416891225997));
#11783 = VECTOR('',#11784,1.);
#11784 = DIRECTION('',(-0.753277873125,0.,0.657702399159));
#11785 = PCURVE('',#4040,#11786);
#11786 = DEFINITIONAL_REPRESENTATION('',(#11787),#11790);
#11787 = B_SPLINE_CURVE_WITH_KNOTS('',1,(#11788,#11789),.UNSPECIFIED.,
  .F.,.F.,(2,2),(-7.248789997244E-02,0.217463699917),
  .PIECEWISE_BEZIER_KNOTS.);
#11788 = CARTESIAN_POINT('',(2.369215760275,2.261070914691));
#11789 = CARTESIAN_POINT('',(2.559917623163,2.042656790217));
#11790 = ( GEOMETRIC_REPRESENTATION_CONTEXT(2) 
PARAMETRIC_REPRESENTATION_CONTEXT() REPRESENTATION_CONTEXT('2D SPACE',''
  ) );
#11791 = PCURVE('',#11792,#11797);
#11792 = PLANE('',#11793);
#11793 = AXIS2_PLACEMENT_3D('',#11794,#11795,#11796);
#11794 = CARTESIAN_POINT('',(-120.7389290853,42.3,59.369215760275));
#11795 = DIRECTION('',(-0.657702399159,-0.,-0.753277873125));
#11796 = DIRECTION('',(-0.753277873125,0.,0.657702399159));
#11797 = DEFINITIONAL_REPRESENTATION('',(#11798),#11801);
#11798 = B_SPLINE_CURVE_WITH_KNOTS('',1,(#11799,#11800),.UNSPECIFIED.,
  .F.,.F.,(2,2),(-7.248789997244E-02,0.217463699917),
  .PIECEWISE_BEZIER_KNOTS.);
#11799 = CARTESIAN_POINT('',(0.,-0.1));
#11800 = CARTESIAN_POINT('',(0.28995159989,-0.1));
#11801 = ( GEOMETRIC_REPRESENTATION_CONTEXT(2) 
PARAMETRIC_REPRESENTATION_CONTEXT() REPRESENTATION_CONTEXT('2D SPACE',''
  ) );
#11802 = ORIENTED_EDGE('',*,*,#11803,.T.);
#11803 = EDGE_CURVE('',#11778,#11804,#11806,.T.);
#11804 = VERTEX_POINT('',#11805);
#11805 = CARTESIAN_POINT('',(-121.1917685316,42.2,59.7305537821));
#11806 = SURFACE_CURVE('',#11807,(#11811,#11817),.PCURVE_S1.);
#11807 = LINE('',#11808,#11809);
#11808 = CARTESIAN_POINT('',(-121.0159495402,42.2,59.602576662897));
#11809 = VECTOR('',#11810,1.);
#11810 = DIRECTION('',(-0.808498114775,0.,0.588498766698));
#11811 = PCURVE('',#4040,#11812);
#11812 = DEFINITIONAL_REPRESENTATION('',(#11813),#11816);
#11813 = B_SPLINE_CURVE_WITH_KNOTS('',1,(#11814,#11815),.UNSPECIFIED.,
  .F.,.F.,(2,2),(-7.248789997243E-02,0.217463699917),
  .PIECEWISE_BEZIER_KNOTS.);
#11814 = CARTESIAN_POINT('',(2.559917623163,2.042656790217));
#11815 = CARTESIAN_POINT('',(2.7305537821,1.80823146833));
#11816 = ( GEOMETRIC_REPRESENTATION_CONTEXT(2) 
PARAMETRIC_REPRESENTATION_CONTEXT() REPRESENTATION_CONTEXT('2D SPACE',''
  ) );
#11817 = PCURVE('',#11818,#11823);
#11818 = PLANE('',#11819);
#11819 = AXIS2_PLACEMENT_3D('',#11820,#11821,#11822);
#11820 = CARTESIAN_POINT('',(-120.9573432097,42.3,59.559917623163));
#11821 = DIRECTION('',(-0.588498766698,-0.,-0.808498114775));
#11822 = DIRECTION('',(-0.808498114775,0.,0.588498766698));
#11823 = DEFINITIONAL_REPRESENTATION('',(#11824),#11827);
#11824 = B_SPLINE_CURVE_WITH_KNOTS('',1,(#11825,#11826),.UNSPECIFIED.,
  .F.,.F.,(2,2),(-7.248789997243E-02,0.217463699917),
  .PIECEWISE_BEZIER_KNOTS.);
#11825 = CARTESIAN_POINT('',(0.,-0.1));
#11826 = CARTESIAN_POINT('',(0.28995159989,-0.1));
#11827 = ( GEOMETRIC_REPRESENTATION_CONTEXT(2) 
PARAMETRIC_REPRESENTATION_CONTEXT() REPRESENTATION_CONTEXT('2D SPACE',''
  ) );
#11828 = ORIENTED_EDGE('',*,*,#11829,.T.);
#11829 = EDGE_CURVE('',#11804,#11830,#11832,.T.);
#11830 = VERTEX_POINT('',#11831);
#11831 = CARTESIAN_POINT('',(-121.4403675273,42.2,59.879786719575));
#11832 = SURFACE_CURVE('',#11833,(#11837,#11843),.PCURVE_S1.);
#11833 = LINE('',#11834,#11835);
#11834 = CARTESIAN_POINT('',(-121.2539182805,42.2,59.767862016469));
#11835 = VECTOR('',#11836,1.);
#11836 = DIRECTION('',(-0.857381010384,0.,0.514682235008));
#11837 = PCURVE('',#4040,#11838);
#11838 = DEFINITIONAL_REPRESENTATION('',(#11839),#11842);
#11839 = B_SPLINE_CURVE_WITH_KNOTS('',1,(#11840,#11841),.UNSPECIFIED.,
  .F.,.F.,(2,2),(-7.248789997242E-02,0.217463699917),
  .PIECEWISE_BEZIER_KNOTS.);
#11840 = CARTESIAN_POINT('',(2.7305537821,1.80823146833));
#11841 = CARTESIAN_POINT('',(2.879786719575,1.559632472654));
#11842 = ( GEOMETRIC_REPRESENTATION_CONTEXT(2) 
PARAMETRIC_REPRESENTATION_CONTEXT() REPRESENTATION_CONTEXT('2D SPACE',''
  ) );
#11843 = PCURVE('',#11844,#11849);
#11844 = PLANE('',#11845);
#11845 = AXIS2_PLACEMENT_3D('',#11846,#11847,#11848);
#11846 = CARTESIAN_POINT('',(-121.1917685316,42.3,59.7305537821));
#11847 = DIRECTION('',(-0.514682235008,-0.,-0.857381010384));
#11848 = DIRECTION('',(-0.857381010384,0.,0.514682235008));
#11849 = DEFINITIONAL_REPRESENTATION('',(#11850),#11853);
#11850 = B_SPLINE_CURVE_WITH_KNOTS('',1,(#11851,#11852),.UNSPECIFIED.,
  .F.,.F.,(2,2),(-7.248789997242E-02,0.217463699917),
  .PIECEWISE_BEZIER_KNOTS.);
#11851 = CARTESIAN_POINT('',(0.,-0.1));
#11852 = CARTESIAN_POINT('',(0.28995159989,-0.1));
#11853 = ( GEOMETRIC_REPRESENTATION_CONTEXT(2) 
PARAMETRIC_REPRESENTATION_CONTEXT() REPRESENTATION_CONTEXT('2D SPACE',''
  ) );
#11854 = ORIENTED_EDGE('',*,*,#11855,.T.);
#11855 = EDGE_CURVE('',#11830,#11856,#11858,.T.);
#11856 = VERTEX_POINT('',#11857);
#11857 = CARTESIAN_POINT('',(-121.701191574,42.2,60.00644668547));
#11858 = SURFACE_CURVE('',#11859,(#11863,#11869),.PCURVE_S1.);
#11859 = LINE('',#11860,#11861);
#11860 = CARTESIAN_POINT('',(-121.505573539,42.2,59.911451711049));
#11861 = VECTOR('',#11862,1.);
#11862 = DIRECTION('',(-0.899543395391,0.,0.436831408909));
#11863 = PCURVE('',#4040,#11864);
#11864 = DEFINITIONAL_REPRESENTATION('',(#11865),#11868);
#11865 = B_SPLINE_CURVE_WITH_KNOTS('',1,(#11866,#11867),.UNSPECIFIED.,
  .F.,.F.,(2,2),(-7.248789997239E-02,0.217463699917),
  .PIECEWISE_BEZIER_KNOTS.);
#11866 = CARTESIAN_POINT('',(2.879786719575,1.559632472654));
#11867 = CARTESIAN_POINT('',(3.00644668547,1.298808425991));
#11868 = ( GEOMETRIC_REPRESENTATION_CONTEXT(2) 
PARAMETRIC_REPRESENTATION_CONTEXT() REPRESENTATION_CONTEXT('2D SPACE',''
  ) );
#11869 = PCURVE('',#11870,#11875);
#11870 = PLANE('',#11871);
#11871 = AXIS2_PLACEMENT_3D('',#11872,#11873,#11874);
#11872 = CARTESIAN_POINT('',(-121.4403675273,42.3,59.879786719575));
#11873 = DIRECTION('',(-0.436831408909,-0.,-0.899543395391));
#11874 = DIRECTION('',(-0.899543395391,0.,0.436831408909));
#11875 = DEFINITIONAL_REPRESENTATION('',(#11876),#11879);
#11876 = B_SPLINE_CURVE_WITH_KNOTS('',1,(#11877,#11878),.UNSPECIFIED.,
  .F.,.F.,(2,2),(-7.248789997239E-02,0.217463699917),
  .PIECEWISE_BEZIER_KNOTS.);
#11877 = CARTESIAN_POINT('',(0.,-0.1));
#11878 = CARTESIAN_POINT('',(0.28995159989,-0.1));
#11879 = ( GEOMETRIC_REPRESENTATION_CONTEXT(2) 
PARAMETRIC_REPRESENTATION_CONTEXT() REPRESENTATION_CONTEXT('2D SPACE',''
  ) );
#11880 = ORIENTED_EDGE('',*,*,#11881,.T.);
#11881 = EDGE_CURVE('',#11856,#10632,#11882,.T.);
#11882 = SURFACE_CURVE('',#11883,(#11887,#11893),.PCURVE_S1.);
#11883 = LINE('',#11884,#11885);
#11884 = CARTESIAN_POINT('',(-121.7689427364,42.2,60.032220230615));
#11885 = VECTOR('',#11886,1.);
#11886 = DIRECTION('',(-0.934654783405,0.,0.355556515703));
#11887 = PCURVE('',#4040,#11888);
#11888 = DEFINITIONAL_REPRESENTATION('',(#11889),#11892);
#11889 = B_SPLINE_CURVE_WITH_KNOTS('',1,(#11890,#11891),.UNSPECIFIED.,
  .F.,.F.,(2,2),(-7.248789997245E-02,0.217463699917),
  .PIECEWISE_BEZIER_KNOTS.);
#11890 = CARTESIAN_POINT('',(3.00644668547,1.298808425991));
#11891 = CARTESIAN_POINT('',(3.10954086605,1.027803776198));
#11892 = ( GEOMETRIC_REPRESENTATION_CONTEXT(2) 
PARAMETRIC_REPRESENTATION_CONTEXT() REPRESENTATION_CONTEXT('2D SPACE',''
  ) );
#11893 = PCURVE('',#11894,#11899);
#11894 = PLANE('',#11895);
#11895 = AXIS2_PLACEMENT_3D('',#11896,#11897,#11898);
#11896 = CARTESIAN_POINT('',(-121.701191574,42.3,60.00644668547));
#11897 = DIRECTION('',(-0.355556515703,-0.,-0.934654783405));
#11898 = DIRECTION('',(-0.934654783405,0.,0.355556515703));
#11899 = DEFINITIONAL_REPRESENTATION('',(#11900),#11903);
#11900 = B_SPLINE_CURVE_WITH_KNOTS('',1,(#11901,#11902),.UNSPECIFIED.,
  .F.,.F.,(2,2),(-7.248789997245E-02,0.217463699917),
  .PIECEWISE_BEZIER_KNOTS.);
#11901 = CARTESIAN_POINT('',(0.,-0.1));
#11902 = CARTESIAN_POINT('',(0.28995159989,-0.1));
#11903 = ( GEOMETRIC_REPRESENTATION_CONTEXT(2) 
PARAMETRIC_REPRESENTATION_CONTEXT() REPRESENTATION_CONTEXT('2D SPACE',''
  ) );
#11904 = ADVANCED_FACE('',(#11905),#4116,.F.);
#11905 = FACE_BOUND('',#11906,.F.);
#11906 = EDGE_LOOP('',(#11907,#11908,#11909,#11910));
#11907 = ORIENTED_EDGE('',*,*,#4102,.T.);
#11908 = ORIENTED_EDGE('',*,*,#4231,.T.);
#11909 = ORIENTED_EDGE('',*,*,#4181,.F.);
#11910 = ORIENTED_EDGE('',*,*,#4133,.F.);
#11911 = ADVANCED_FACE('',(#11912),#4317,.F.);
#11912 = FACE_BOUND('',#11913,.F.);
#11913 = EDGE_LOOP('',(#11914,#11915,#11916,#11917));
#11914 = ORIENTED_EDGE('',*,*,#4303,.T.);
#11915 = ORIENTED_EDGE('',*,*,#4432,.T.);
#11916 = ORIENTED_EDGE('',*,*,#4382,.F.);
#11917 = ORIENTED_EDGE('',*,*,#4334,.F.);
#11918 = ADVANCED_FACE('',(#11919),#4518,.F.);
#11919 = FACE_BOUND('',#11920,.F.);
#11920 = EDGE_LOOP('',(#11921,#11922,#11923,#11924));
#11921 = ORIENTED_EDGE('',*,*,#4504,.T.);
#11922 = ORIENTED_EDGE('',*,*,#4633,.T.);
#11923 = ORIENTED_EDGE('',*,*,#4583,.F.);
#11924 = ORIENTED_EDGE('',*,*,#4535,.F.);
#11925 = ADVANCED_FACE('',(#11926),#4719,.F.);
#11926 = FACE_BOUND('',#11927,.F.);
#11927 = EDGE_LOOP('',(#11928,#11929,#11930,#11931));
#11928 = ORIENTED_EDGE('',*,*,#4705,.T.);
#11929 = ORIENTED_EDGE('',*,*,#4834,.T.);
#11930 = ORIENTED_EDGE('',*,*,#4784,.F.);
#11931 = ORIENTED_EDGE('',*,*,#4736,.F.);
#11932 = ADVANCED_FACE('',(#11933),#4920,.F.);
#11933 = FACE_BOUND('',#11934,.F.);
#11934 = EDGE_LOOP('',(#11935,#11936,#11937,#11938));
#11935 = ORIENTED_EDGE('',*,*,#4906,.T.);
#11936 = ORIENTED_EDGE('',*,*,#5035,.T.);
#11937 = ORIENTED_EDGE('',*,*,#4985,.F.);
#11938 = ORIENTED_EDGE('',*,*,#4937,.F.);
#11939 = ADVANCED_FACE('',(#11940),#5121,.F.);
#11940 = FACE_BOUND('',#11941,.F.);
#11941 = EDGE_LOOP('',(#11942,#11943,#11944,#11945));
#11942 = ORIENTED_EDGE('',*,*,#5107,.T.);
#11943 = ORIENTED_EDGE('',*,*,#5236,.T.);
#11944 = ORIENTED_EDGE('',*,*,#5186,.F.);
#11945 = ORIENTED_EDGE('',*,*,#5138,.F.);
#11946 = ADVANCED_FACE('',(#11947),#5322,.F.);
#11947 = FACE_BOUND('',#11948,.F.);
#11948 = EDGE_LOOP('',(#11949,#11950,#11951,#11952));
#11949 = ORIENTED_EDGE('',*,*,#5308,.T.);
#11950 = ORIENTED_EDGE('',*,*,#5437,.T.);
#11951 = ORIENTED_EDGE('',*,*,#5387,.F.);
#11952 = ORIENTED_EDGE('',*,*,#5339,.F.);
#11953 = ADVANCED_FACE('',(#11954),#5523,.F.);
#11954 = FACE_BOUND('',#11955,.F.);
#11955 = EDGE_LOOP('',(#11956,#11957,#11958,#11959));
#11956 = ORIENTED_EDGE('',*,*,#5509,.T.);
#11957 = ORIENTED_EDGE('',*,*,#5638,.T.);
#11958 = ORIENTED_EDGE('',*,*,#5588,.F.);
#11959 = ORIENTED_EDGE('',*,*,#5540,.F.);
#11960 = ADVANCED_FACE('',(#11961),#5724,.F.);
#11961 = FACE_BOUND('',#11962,.F.);
#11962 = EDGE_LOOP('',(#11963,#11964,#11965,#11966));
#11963 = ORIENTED_EDGE('',*,*,#5710,.T.);
#11964 = ORIENTED_EDGE('',*,*,#5840,.T.);
#11965 = ORIENTED_EDGE('',*,*,#5789,.F.);
#11966 = ORIENTED_EDGE('',*,*,#5764,.F.);
#11967 = ADVANCED_FACE('',(#11968),#5925,.F.);
#11968 = FACE_BOUND('',#11969,.F.);
#11969 = EDGE_LOOP('',(#11970,#11971,#11972,#11973));
#11970 = ORIENTED_EDGE('',*,*,#5911,.T.);
#11971 = ORIENTED_EDGE('',*,*,#6041,.T.);
#11972 = ORIENTED_EDGE('',*,*,#5990,.F.);
#11973 = ORIENTED_EDGE('',*,*,#5965,.F.);
#11974 = ADVANCED_FACE('',(#11975),#6126,.F.);
#11975 = FACE_BOUND('',#11976,.F.);
#11976 = EDGE_LOOP('',(#11977,#11978,#11979,#11980));
#11977 = ORIENTED_EDGE('',*,*,#6112,.T.);
#11978 = ORIENTED_EDGE('',*,*,#6242,.T.);
#11979 = ORIENTED_EDGE('',*,*,#6191,.F.);
#11980 = ORIENTED_EDGE('',*,*,#6166,.F.);
#11981 = ADVANCED_FACE('',(#11982),#6327,.F.);
#11982 = FACE_BOUND('',#11983,.F.);
#11983 = EDGE_LOOP('',(#11984,#11985,#11986,#11987));
#11984 = ORIENTED_EDGE('',*,*,#6313,.T.);
#11985 = ORIENTED_EDGE('',*,*,#6443,.T.);
#11986 = ORIENTED_EDGE('',*,*,#6392,.F.);
#11987 = ORIENTED_EDGE('',*,*,#6367,.F.);
#11988 = ADVANCED_FACE('',(#11989),#6528,.F.);
#11989 = FACE_BOUND('',#11990,.F.);
#11990 = EDGE_LOOP('',(#11991,#11992,#11993,#11994));
#11991 = ORIENTED_EDGE('',*,*,#6514,.T.);
#11992 = ORIENTED_EDGE('',*,*,#6644,.T.);
#11993 = ORIENTED_EDGE('',*,*,#6593,.F.);
#11994 = ORIENTED_EDGE('',*,*,#6568,.F.);
#11995 = ADVANCED_FACE('',(#11996),#6729,.F.);
#11996 = FACE_BOUND('',#11997,.F.);
#11997 = EDGE_LOOP('',(#11998,#11999,#12000,#12001));
#11998 = ORIENTED_EDGE('',*,*,#6715,.T.);
#11999 = ORIENTED_EDGE('',*,*,#6845,.T.);
#12000 = ORIENTED_EDGE('',*,*,#6794,.F.);
#12001 = ORIENTED_EDGE('',*,*,#6769,.F.);
#12002 = ADVANCED_FACE('',(#12003),#6930,.F.);
#12003 = FACE_BOUND('',#12004,.F.);
#12004 = EDGE_LOOP('',(#12005,#12006,#12007,#12008));
#12005 = ORIENTED_EDGE('',*,*,#6916,.T.);
#12006 = ORIENTED_EDGE('',*,*,#7046,.T.);
#12007 = ORIENTED_EDGE('',*,*,#6995,.F.);
#12008 = ORIENTED_EDGE('',*,*,#6970,.F.);
#12009 = ADVANCED_FACE('',(#12010),#7131,.F.);
#12010 = FACE_BOUND('',#12011,.F.);
#12011 = EDGE_LOOP('',(#12012,#12013,#12014,#12015));
#12012 = ORIENTED_EDGE('',*,*,#7117,.T.);
#12013 = ORIENTED_EDGE('',*,*,#7247,.T.);
#12014 = ORIENTED_EDGE('',*,*,#7196,.F.);
#12015 = ORIENTED_EDGE('',*,*,#7171,.F.);
#12016 = ADVANCED_FACE('',(#12017),#7332,.F.);
#12017 = FACE_BOUND('',#12018,.F.);
#12018 = EDGE_LOOP('',(#12019,#12020,#12021,#12022));
#12019 = ORIENTED_EDGE('',*,*,#7318,.T.);
#12020 = ORIENTED_EDGE('',*,*,#7448,.T.);
#12021 = ORIENTED_EDGE('',*,*,#7397,.F.);
#12022 = ORIENTED_EDGE('',*,*,#7372,.F.);
#12023 = ADVANCED_FACE('',(#12024),#7533,.F.);
#12024 = FACE_BOUND('',#12025,.F.);
#12025 = EDGE_LOOP('',(#12026,#12027,#12028,#12029));
#12026 = ORIENTED_EDGE('',*,*,#7519,.T.);
#12027 = ORIENTED_EDGE('',*,*,#7649,.T.);
#12028 = ORIENTED_EDGE('',*,*,#7598,.F.);
#12029 = ORIENTED_EDGE('',*,*,#7573,.F.);
#12030 = ADVANCED_FACE('',(#12031),#7734,.F.);
#12031 = FACE_BOUND('',#12032,.F.);
#12032 = EDGE_LOOP('',(#12033,#12034,#12035,#12036));
#12033 = ORIENTED_EDGE('',*,*,#7720,.T.);
#12034 = ORIENTED_EDGE('',*,*,#7850,.T.);
#12035 = ORIENTED_EDGE('',*,*,#7799,.F.);
#12036 = ORIENTED_EDGE('',*,*,#7774,.F.);
#12037 = ADVANCED_FACE('',(#12038),#7935,.F.);
#12038 = FACE_BOUND('',#12039,.F.);
#12039 = EDGE_LOOP('',(#12040,#12041,#12042,#12043));
#12040 = ORIENTED_EDGE('',*,*,#7921,.T.);
#12041 = ORIENTED_EDGE('',*,*,#8051,.T.);
#12042 = ORIENTED_EDGE('',*,*,#8000,.F.);
#12043 = ORIENTED_EDGE('',*,*,#7975,.F.);
#12044 = ADVANCED_FACE('',(#12045),#8136,.F.);
#12045 = FACE_BOUND('',#12046,.F.);
#12046 = EDGE_LOOP('',(#12047,#12048,#12049,#12050));
#12047 = ORIENTED_EDGE('',*,*,#8122,.T.);
#12048 = ORIENTED_EDGE('',*,*,#8252,.T.);
#12049 = ORIENTED_EDGE('',*,*,#8201,.F.);
#12050 = ORIENTED_EDGE('',*,*,#8176,.F.);
#12051 = ADVANCED_FACE('',(#12052),#8337,.F.);
#12052 = FACE_BOUND('',#12053,.F.);
#12053 = EDGE_LOOP('',(#12054,#12055,#12056,#12057));
#12054 = ORIENTED_EDGE('',*,*,#8323,.T.);
#12055 = ORIENTED_EDGE('',*,*,#8453,.T.);
#12056 = ORIENTED_EDGE('',*,*,#8402,.F.);
#12057 = ORIENTED_EDGE('',*,*,#8377,.F.);
#12058 = ADVANCED_FACE('',(#12059),#8538,.F.);
#12059 = FACE_BOUND('',#12060,.F.);
#12060 = EDGE_LOOP('',(#12061,#12062,#12063,#12064));
#12061 = ORIENTED_EDGE('',*,*,#8524,.T.);
#12062 = ORIENTED_EDGE('',*,*,#8654,.T.);
#12063 = ORIENTED_EDGE('',*,*,#8603,.F.);
#12064 = ORIENTED_EDGE('',*,*,#8578,.F.);
#12065 = ADVANCED_FACE('',(#12066),#8739,.F.);
#12066 = FACE_BOUND('',#12067,.F.);
#12067 = EDGE_LOOP('',(#12068,#12069,#12070,#12071));
#12068 = ORIENTED_EDGE('',*,*,#8725,.T.);
#12069 = ORIENTED_EDGE('',*,*,#8855,.T.);
#12070 = ORIENTED_EDGE('',*,*,#8804,.F.);
#12071 = ORIENTED_EDGE('',*,*,#8779,.F.);
#12072 = ADVANCED_FACE('',(#12073),#8940,.F.);
#12073 = FACE_BOUND('',#12074,.F.);
#12074 = EDGE_LOOP('',(#12075,#12076,#12077,#12078));
#12075 = ORIENTED_EDGE('',*,*,#8926,.T.);
#12076 = ORIENTED_EDGE('',*,*,#9055,.T.);
#12077 = ORIENTED_EDGE('',*,*,#9005,.F.);
#12078 = ORIENTED_EDGE('',*,*,#8957,.F.);
#12079 = ADVANCED_FACE('',(#12080),#9141,.F.);
#12080 = FACE_BOUND('',#12081,.F.);
#12081 = EDGE_LOOP('',(#12082,#12083,#12084,#12085));
#12082 = ORIENTED_EDGE('',*,*,#9127,.T.);
#12083 = ORIENTED_EDGE('',*,*,#9256,.T.);
#12084 = ORIENTED_EDGE('',*,*,#9206,.F.);
#12085 = ORIENTED_EDGE('',*,*,#9158,.F.);
#12086 = ADVANCED_FACE('',(#12087),#9342,.F.);
#12087 = FACE_BOUND('',#12088,.F.);
#12088 = EDGE_LOOP('',(#12089,#12090,#12091,#12092));
#12089 = ORIENTED_EDGE('',*,*,#9328,.T.);
#12090 = ORIENTED_EDGE('',*,*,#9457,.T.);
#12091 = ORIENTED_EDGE('',*,*,#9407,.F.);
#12092 = ORIENTED_EDGE('',*,*,#9359,.F.);
#12093 = ADVANCED_FACE('',(#12094),#9543,.F.);
#12094 = FACE_BOUND('',#12095,.F.);
#12095 = EDGE_LOOP('',(#12096,#12097,#12098,#12099));
#12096 = ORIENTED_EDGE('',*,*,#9529,.T.);
#12097 = ORIENTED_EDGE('',*,*,#9658,.T.);
#12098 = ORIENTED_EDGE('',*,*,#9608,.F.);
#12099 = ORIENTED_EDGE('',*,*,#9560,.F.);
#12100 = ADVANCED_FACE('',(#12101),#9744,.F.);
#12101 = FACE_BOUND('',#12102,.F.);
#12102 = EDGE_LOOP('',(#12103,#12104,#12105,#12106));
#12103 = ORIENTED_EDGE('',*,*,#9730,.T.);
#12104 = ORIENTED_EDGE('',*,*,#9859,.T.);
#12105 = ORIENTED_EDGE('',*,*,#9809,.F.);
#12106 = ORIENTED_EDGE('',*,*,#9761,.F.);
#12107 = ADVANCED_FACE('',(#12108),#9945,.F.);
#12108 = FACE_BOUND('',#12109,.F.);
#12109 = EDGE_LOOP('',(#12110,#12111,#12112,#12113));
#12110 = ORIENTED_EDGE('',*,*,#9931,.T.);
#12111 = ORIENTED_EDGE('',*,*,#10060,.T.);
#12112 = ORIENTED_EDGE('',*,*,#10010,.F.);
#12113 = ORIENTED_EDGE('',*,*,#9962,.F.);
#12114 = ADVANCED_FACE('',(#12115),#10146,.F.);
#12115 = FACE_BOUND('',#12116,.F.);
#12116 = EDGE_LOOP('',(#12117,#12118,#12119,#12120));
#12117 = ORIENTED_EDGE('',*,*,#10132,.T.);
#12118 = ORIENTED_EDGE('',*,*,#10261,.T.);
#12119 = ORIENTED_EDGE('',*,*,#10211,.F.);
#12120 = ORIENTED_EDGE('',*,*,#10163,.F.);
#12121 = ADVANCED_FACE('',(#12122),#10347,.F.);
#12122 = FACE_BOUND('',#12123,.F.);
#12123 = EDGE_LOOP('',(#12124,#12125,#12126,#12127));
#12124 = ORIENTED_EDGE('',*,*,#10333,.T.);
#12125 = ORIENTED_EDGE('',*,*,#10462,.T.);
#12126 = ORIENTED_EDGE('',*,*,#10412,.F.);
#12127 = ORIENTED_EDGE('',*,*,#10364,.F.);
#12128 = ADVANCED_FACE('',(#12129),#10507,.F.);
#12129 = FACE_BOUND('',#12130,.F.);
#12130 = EDGE_LOOP('',(#12131,#12154,#12181,#12182));
#12131 = ORIENTED_EDGE('',*,*,#12132,.T.);
#12132 = EDGE_CURVE('',#10491,#12133,#12135,.T.);
#12133 = VERTEX_POINT('',#12134);
#12134 = CARTESIAN_POINT('',(-123.,38.45,65.));
#12135 = SEAM_CURVE('',#12136,(#12140,#12147),.PCURVE_S1.);
#12136 = LINE('',#12137,#12138);
#12137 = CARTESIAN_POINT('',(-123.,35.1,65.));
#12138 = VECTOR('',#12139,1.);
#12139 = DIRECTION('',(0.,1.,0.));
#12140 = PCURVE('',#10507,#12141);
#12141 = DEFINITIONAL_REPRESENTATION('',(#12142),#12146);
#12142 = LINE('',#12143,#12144);
#12143 = CARTESIAN_POINT('',(6.28318530718,-0.));
#12144 = VECTOR('',#12145,1.);
#12145 = DIRECTION('',(0.,1.));
#12146 = ( GEOMETRIC_REPRESENTATION_CONTEXT(2) 
PARAMETRIC_REPRESENTATION_CONTEXT() REPRESENTATION_CONTEXT('2D SPACE',''
  ) );
#12147 = PCURVE('',#10507,#12148);
#12148 = DEFINITIONAL_REPRESENTATION('',(#12149),#12153);
#12149 = LINE('',#12150,#12151);
#12150 = CARTESIAN_POINT('',(0.,-0.));
#12151 = VECTOR('',#12152,1.);
#12152 = DIRECTION('',(0.,1.));
#12153 = ( GEOMETRIC_REPRESENTATION_CONTEXT(2) 
PARAMETRIC_REPRESENTATION_CONTEXT() REPRESENTATION_CONTEXT('2D SPACE',''
  ) );
#12154 = ORIENTED_EDGE('',*,*,#12155,.F.);
#12155 = EDGE_CURVE('',#12133,#12133,#12156,.T.);
#12156 = SURFACE_CURVE('',#12157,(#12162,#12169),.PCURVE_S1.);
#12157 = CIRCLE('',#12158,8.);
#12158 = AXIS2_PLACEMENT_3D('',#12159,#12160,#12161);
#12159 = CARTESIAN_POINT('',(-123.,38.45,57.));
#12160 = DIRECTION('',(0.,1.,0.));
#12161 = DIRECTION('',(0.,-0.,1.));
#12162 = PCURVE('',#10507,#12163);
#12163 = DEFINITIONAL_REPRESENTATION('',(#12164),#12168);
#12164 = LINE('',#12165,#12166);
#12165 = CARTESIAN_POINT('',(0.,3.35));
#12166 = VECTOR('',#12167,1.);
#12167 = DIRECTION('',(1.,0.));
#12168 = ( GEOMETRIC_REPRESENTATION_CONTEXT(2) 
PARAMETRIC_REPRESENTATION_CONTEXT() REPRESENTATION_CONTEXT('2D SPACE',''
  ) );
#12169 = PCURVE('',#12170,#12175);
#12170 = PLANE('',#12171);
#12171 = AXIS2_PLACEMENT_3D('',#12172,#12173,#12174);
#12172 = CARTESIAN_POINT('',(-123.,38.45,57.));
#12173 = DIRECTION('',(0.,1.,0.));
#12174 = DIRECTION('',(0.,-0.,1.));
#12175 = DEFINITIONAL_REPRESENTATION('',(#12176),#12180);
#12176 = CIRCLE('',#12177,8.);
#12177 = AXIS2_PLACEMENT_2D('',#12178,#12179);
#12178 = CARTESIAN_POINT('',(0.,0.));
#12179 = DIRECTION('',(1.,0.));
#12180 = ( GEOMETRIC_REPRESENTATION_CONTEXT(2) 
PARAMETRIC_REPRESENTATION_CONTEXT() REPRESENTATION_CONTEXT('2D SPACE',''
  ) );
#12181 = ORIENTED_EDGE('',*,*,#12132,.F.);
#12182 = ORIENTED_EDGE('',*,*,#10490,.T.);
#12183 = ADVANCED_FACE('',(#12184),#10542,.T.);
#12184 = FACE_BOUND('',#12185,.T.);
#12185 = EDGE_LOOP('',(#12186,#12187,#12210,#12238));
#12186 = ORIENTED_EDGE('',*,*,#10525,.F.);
#12187 = ORIENTED_EDGE('',*,*,#12188,.T.);
#12188 = EDGE_CURVE('',#10526,#12189,#12191,.T.);
#12189 = VERTEX_POINT('',#12190);
#12190 = CARTESIAN_POINT('',(-125.9698484809,41.6,59.12132034356));
#12191 = SURFACE_CURVE('',#12192,(#12196,#12203),.PCURVE_S1.);
#12192 = LINE('',#12193,#12194);
#12193 = CARTESIAN_POINT('',(-125.9698484809,42.3,59.12132034356));
#12194 = VECTOR('',#12195,1.);
#12195 = DIRECTION('',(0.,-1.,0.));
#12196 = PCURVE('',#10542,#12197);
#12197 = DEFINITIONAL_REPRESENTATION('',(#12198),#12202);
#12198 = LINE('',#12199,#12200);
#12199 = CARTESIAN_POINT('',(0.,0.));
#12200 = VECTOR('',#12201,1.);
#12201 = DIRECTION('',(0.,-1.));
#12202 = ( GEOMETRIC_REPRESENTATION_CONTEXT(2) 
PARAMETRIC_REPRESENTATION_CONTEXT() REPRESENTATION_CONTEXT('2D SPACE',''
  ) );
#12203 = PCURVE('',#10618,#12204);
#12204 = DEFINITIONAL_REPRESENTATION('',(#12205),#12209);
#12205 = LINE('',#12206,#12207);
#12206 = CARTESIAN_POINT('',(4.8,0.));
#12207 = VECTOR('',#12208,1.);
#12208 = DIRECTION('',(0.,-1.));
#12209 = ( GEOMETRIC_REPRESENTATION_CONTEXT(2) 
PARAMETRIC_REPRESENTATION_CONTEXT() REPRESENTATION_CONTEXT('2D SPACE',''
  ) );
#12210 = ORIENTED_EDGE('',*,*,#12211,.T.);
#12211 = EDGE_CURVE('',#12189,#12212,#12214,.T.);
#12212 = VERTEX_POINT('',#12213);
#12213 = CARTESIAN_POINT('',(-125.1213203435,41.6,59.969848480984));
#12214 = SURFACE_CURVE('',#12215,(#12219,#12226),.PCURVE_S1.);
#12215 = LINE('',#12216,#12217);
#12216 = CARTESIAN_POINT('',(-125.9698484809,41.6,59.12132034356));
#12217 = VECTOR('',#12218,1.);
#12218 = DIRECTION('',(0.707106781187,0.,0.707106781187));
#12219 = PCURVE('',#10542,#12220);
#12220 = DEFINITIONAL_REPRESENTATION('',(#12221),#12225);
#12221 = LINE('',#12222,#12223);
#12222 = CARTESIAN_POINT('',(0.,-0.7));
#12223 = VECTOR('',#12224,1.);
#12224 = DIRECTION('',(1.,0.));
#12225 = ( GEOMETRIC_REPRESENTATION_CONTEXT(2) 
PARAMETRIC_REPRESENTATION_CONTEXT() REPRESENTATION_CONTEXT('2D SPACE',''
  ) );
#12226 = PCURVE('',#12227,#12232);
#12227 = PLANE('',#12228);
#12228 = AXIS2_PLACEMENT_3D('',#12229,#12230,#12231);
#12229 = CARTESIAN_POINT('',(-127.2426406871,41.6,61.242640687119));
#12230 = DIRECTION('',(-0.,-1.,-0.));
#12231 = DIRECTION('',(0.,0.,-1.));
#12232 = DEFINITIONAL_REPRESENTATION('',(#12233),#12237);
#12233 = LINE('',#12234,#12235);
#12234 = CARTESIAN_POINT('',(2.12132034356,1.272792206136));
#12235 = VECTOR('',#12236,1.);
#12236 = DIRECTION('',(-0.707106781187,0.707106781187));
#12237 = ( GEOMETRIC_REPRESENTATION_CONTEXT(2) 
PARAMETRIC_REPRESENTATION_CONTEXT() REPRESENTATION_CONTEXT('2D SPACE',''
  ) );
#12238 = ORIENTED_EDGE('',*,*,#12239,.F.);
#12239 = EDGE_CURVE('',#10528,#12212,#12240,.T.);
#12240 = SURFACE_CURVE('',#12241,(#12245,#12252),.PCURVE_S1.);
#12241 = LINE('',#12242,#12243);
#12242 = CARTESIAN_POINT('',(-125.1213203435,42.3,59.969848480984));
#12243 = VECTOR('',#12244,1.);
#12244 = DIRECTION('',(0.,-1.,0.));
#12245 = PCURVE('',#10542,#12246);
#12246 = DEFINITIONAL_REPRESENTATION('',(#12247),#12251);
#12247 = LINE('',#12248,#12249);
#12248 = CARTESIAN_POINT('',(1.2,0.));
#12249 = VECTOR('',#12250,1.);
#12250 = DIRECTION('',(0.,-1.));
#12251 = ( GEOMETRIC_REPRESENTATION_CONTEXT(2) 
PARAMETRIC_REPRESENTATION_CONTEXT() REPRESENTATION_CONTEXT('2D SPACE',''
  ) );
#12252 = PCURVE('',#10568,#12253);
#12253 = DEFINITIONAL_REPRESENTATION('',(#12254),#12258);
#12254 = LINE('',#12255,#12256);
#12255 = CARTESIAN_POINT('',(0.,0.));
#12256 = VECTOR('',#12257,1.);
#12257 = DIRECTION('',(0.,-1.));
#12258 = ( GEOMETRIC_REPRESENTATION_CONTEXT(2) 
PARAMETRIC_REPRESENTATION_CONTEXT() REPRESENTATION_CONTEXT('2D SPACE',''
  ) );
#12259 = ADVANCED_FACE('',(#12260),#10618,.T.);
#12260 = FACE_BOUND('',#12261,.T.);
#12261 = EDGE_LOOP('',(#12262,#12263,#12286,#12307));
#12262 = ORIENTED_EDGE('',*,*,#10605,.F.);
#12263 = ORIENTED_EDGE('',*,*,#12264,.T.);
#12264 = EDGE_CURVE('',#10580,#12265,#12267,.T.);
#12265 = VERTEX_POINT('',#12266);
#12266 = CARTESIAN_POINT('',(-129.3639610306,41.6,62.515432893255));
#12267 = SURFACE_CURVE('',#12268,(#12272,#12279),.PCURVE_S1.);
#12268 = LINE('',#12269,#12270);
#12269 = CARTESIAN_POINT('',(-129.3639610306,42.3,62.515432893255));
#12270 = VECTOR('',#12271,1.);
#12271 = DIRECTION('',(0.,-1.,0.));
#12272 = PCURVE('',#10618,#12273);
#12273 = DEFINITIONAL_REPRESENTATION('',(#12274),#12278);
#12274 = LINE('',#12275,#12276);
#12275 = CARTESIAN_POINT('',(0.,0.));
#12276 = VECTOR('',#12277,1.);
#12277 = DIRECTION('',(0.,-1.));
#12278 = ( GEOMETRIC_REPRESENTATION_CONTEXT(2) 
PARAMETRIC_REPRESENTATION_CONTEXT() REPRESENTATION_CONTEXT('2D SPACE',''
  ) );
#12279 = PCURVE('',#10594,#12280);
#12280 = DEFINITIONAL_REPRESENTATION('',(#12281),#12285);
#12281 = LINE('',#12282,#12283);
#12282 = CARTESIAN_POINT('',(1.2,0.));
#12283 = VECTOR('',#12284,1.);
#12284 = DIRECTION('',(-0.,-1.));
#12285 = ( GEOMETRIC_REPRESENTATION_CONTEXT(2) 
PARAMETRIC_REPRESENTATION_CONTEXT() REPRESENTATION_CONTEXT('2D SPACE',''
  ) );
#12286 = ORIENTED_EDGE('',*,*,#12287,.T.);
#12287 = EDGE_CURVE('',#12265,#12189,#12288,.T.);
#12288 = SURFACE_CURVE('',#12289,(#12293,#12300),.PCURVE_S1.);
#12289 = LINE('',#12290,#12291);
#12290 = CARTESIAN_POINT('',(-129.3639610306,41.6,62.515432893255));
#12291 = VECTOR('',#12292,1.);
#12292 = DIRECTION('',(0.707106781187,0.,-0.707106781187));
#12293 = PCURVE('',#10618,#12294);
#12294 = DEFINITIONAL_REPRESENTATION('',(#12295),#12299);
#12295 = LINE('',#12296,#12297);
#12296 = CARTESIAN_POINT('',(0.,-0.7));
#12297 = VECTOR('',#12298,1.);
#12298 = DIRECTION('',(1.,0.));
#12299 = ( GEOMETRIC_REPRESENTATION_CONTEXT(2) 
PARAMETRIC_REPRESENTATION_CONTEXT() REPRESENTATION_CONTEXT('2D SPACE',''
  ) );
#12300 = PCURVE('',#12227,#12301);
#12301 = DEFINITIONAL_REPRESENTATION('',(#12302),#12306);
#12302 = LINE('',#12303,#12304);
#12303 = CARTESIAN_POINT('',(-1.272792206136,-2.12132034356));
#12304 = VECTOR('',#12305,1.);
#12305 = DIRECTION('',(0.707106781187,0.707106781187));
#12306 = ( GEOMETRIC_REPRESENTATION_CONTEXT(2) 
PARAMETRIC_REPRESENTATION_CONTEXT() REPRESENTATION_CONTEXT('2D SPACE',''
  ) );
#12307 = ORIENTED_EDGE('',*,*,#12188,.F.);
#12308 = ADVANCED_FACE('',(#12309),#10594,.T.);
#12309 = FACE_BOUND('',#12310,.T.);
#12310 = EDGE_LOOP('',(#12311,#12312,#12335,#12356));
#12311 = ORIENTED_EDGE('',*,*,#10579,.F.);
#12312 = ORIENTED_EDGE('',*,*,#12313,.T.);
#12313 = EDGE_CURVE('',#10554,#12314,#12316,.T.);
#12314 = VERTEX_POINT('',#12315);
#12315 = CARTESIAN_POINT('',(-128.5154328932,41.6,63.363961030679));
#12316 = SURFACE_CURVE('',#12317,(#12321,#12328),.PCURVE_S1.);
#12317 = LINE('',#12318,#12319);
#12318 = CARTESIAN_POINT('',(-128.5154328932,42.3,63.363961030679));
#12319 = VECTOR('',#12320,1.);
#12320 = DIRECTION('',(0.,-1.,0.));
#12321 = PCURVE('',#10594,#12322);
#12322 = DEFINITIONAL_REPRESENTATION('',(#12323),#12327);
#12323 = LINE('',#12324,#12325);
#12324 = CARTESIAN_POINT('',(0.,0.));
#12325 = VECTOR('',#12326,1.);
#12326 = DIRECTION('',(-0.,-1.));
#12327 = ( GEOMETRIC_REPRESENTATION_CONTEXT(2) 
PARAMETRIC_REPRESENTATION_CONTEXT() REPRESENTATION_CONTEXT('2D SPACE',''
  ) );
#12328 = PCURVE('',#10568,#12329);
#12329 = DEFINITIONAL_REPRESENTATION('',(#12330),#12334);
#12330 = LINE('',#12331,#12332);
#12331 = CARTESIAN_POINT('',(4.8,0.));
#12332 = VECTOR('',#12333,1.);
#12333 = DIRECTION('',(0.,-1.));
#12334 = ( GEOMETRIC_REPRESENTATION_CONTEXT(2) 
PARAMETRIC_REPRESENTATION_CONTEXT() REPRESENTATION_CONTEXT('2D SPACE',''
  ) );
#12335 = ORIENTED_EDGE('',*,*,#12336,.T.);
#12336 = EDGE_CURVE('',#12314,#12265,#12337,.T.);
#12337 = SURFACE_CURVE('',#12338,(#12342,#12349),.PCURVE_S1.);
#12338 = LINE('',#12339,#12340);
#12339 = CARTESIAN_POINT('',(-128.5154328932,41.6,63.363961030679));
#12340 = VECTOR('',#12341,1.);
#12341 = DIRECTION('',(-0.707106781187,0.,-0.707106781187));
#12342 = PCURVE('',#10594,#12343);
#12343 = DEFINITIONAL_REPRESENTATION('',(#12344),#12348);
#12344 = LINE('',#12345,#12346);
#12345 = CARTESIAN_POINT('',(-0.,-0.7));
#12346 = VECTOR('',#12347,1.);
#12347 = DIRECTION('',(1.,0.));
#12348 = ( GEOMETRIC_REPRESENTATION_CONTEXT(2) 
PARAMETRIC_REPRESENTATION_CONTEXT() REPRESENTATION_CONTEXT('2D SPACE',''
  ) );
#12349 = PCURVE('',#12227,#12350);
#12350 = DEFINITIONAL_REPRESENTATION('',(#12351),#12355);
#12351 = LINE('',#12352,#12353);
#12352 = CARTESIAN_POINT('',(-2.12132034356,-1.272792206136));
#12353 = VECTOR('',#12354,1.);
#12354 = DIRECTION('',(0.707106781187,-0.707106781187));
#12355 = ( GEOMETRIC_REPRESENTATION_CONTEXT(2) 
PARAMETRIC_REPRESENTATION_CONTEXT() REPRESENTATION_CONTEXT('2D SPACE',''
  ) );
#12356 = ORIENTED_EDGE('',*,*,#12264,.F.);
#12357 = ADVANCED_FACE('',(#12358),#10568,.T.);
#12358 = FACE_BOUND('',#12359,.T.);
#12359 = EDGE_LOOP('',(#12360,#12361,#12362,#12383));
#12360 = ORIENTED_EDGE('',*,*,#10553,.F.);
#12361 = ORIENTED_EDGE('',*,*,#12239,.T.);
#12362 = ORIENTED_EDGE('',*,*,#12363,.T.);
#12363 = EDGE_CURVE('',#12212,#12314,#12364,.T.);
#12364 = SURFACE_CURVE('',#12365,(#12369,#12376),.PCURVE_S1.);
#12365 = LINE('',#12366,#12367);
#12366 = CARTESIAN_POINT('',(-125.1213203435,41.6,59.969848480984));
#12367 = VECTOR('',#12368,1.);
#12368 = DIRECTION('',(-0.707106781187,0.,0.707106781187));
#12369 = PCURVE('',#10568,#12370);
#12370 = DEFINITIONAL_REPRESENTATION('',(#12371),#12375);
#12371 = LINE('',#12372,#12373);
#12372 = CARTESIAN_POINT('',(0.,-0.7));
#12373 = VECTOR('',#12374,1.);
#12374 = DIRECTION('',(1.,0.));
#12375 = ( GEOMETRIC_REPRESENTATION_CONTEXT(2) 
PARAMETRIC_REPRESENTATION_CONTEXT() REPRESENTATION_CONTEXT('2D SPACE',''
  ) );
#12376 = PCURVE('',#12227,#12377);
#12377 = DEFINITIONAL_REPRESENTATION('',(#12378),#12382);
#12378 = LINE('',#12379,#12380);
#12379 = CARTESIAN_POINT('',(1.272792206136,2.12132034356));
#12380 = VECTOR('',#12381,1.);
#12381 = DIRECTION('',(-0.707106781187,-0.707106781187));
#12382 = ( GEOMETRIC_REPRESENTATION_CONTEXT(2) 
PARAMETRIC_REPRESENTATION_CONTEXT() REPRESENTATION_CONTEXT('2D SPACE',''
  ) );
#12383 = ORIENTED_EDGE('',*,*,#12313,.F.);
#12384 = ADVANCED_FACE('',(#12385),#10648,.T.);
#12385 = FACE_BOUND('',#12386,.T.);
#12386 = EDGE_LOOP('',(#12387,#12388,#12411,#12432));
#12387 = ORIENTED_EDGE('',*,*,#10631,.F.);
#12388 = ORIENTED_EDGE('',*,*,#12389,.T.);
#12389 = EDGE_CURVE('',#10632,#12390,#12392,.T.);
#12390 = VERTEX_POINT('',#12391);
#12391 = CARTESIAN_POINT('',(-121.9721962238,38.45,60.10954086605));
#12392 = SURFACE_CURVE('',#12393,(#12397,#12404),.PCURVE_S1.);
#12393 = LINE('',#12394,#12395);
#12394 = CARTESIAN_POINT('',(-121.9721962238,42.3,60.10954086605));
#12395 = VECTOR('',#12396,1.);
#12396 = DIRECTION('',(0.,-1.,0.));
#12397 = PCURVE('',#10648,#12398);
#12398 = DEFINITIONAL_REPRESENTATION('',(#12399),#12403);
#12399 = LINE('',#12400,#12401);
#12400 = CARTESIAN_POINT('',(0.,0.));
#12401 = VECTOR('',#12402,1.);
#12402 = DIRECTION('',(0.,-1.));
#12403 = ( GEOMETRIC_REPRESENTATION_CONTEXT(2) 
PARAMETRIC_REPRESENTATION_CONTEXT() REPRESENTATION_CONTEXT('2D SPACE',''
  ) );
#12404 = PCURVE('',#11894,#12405);
#12405 = DEFINITIONAL_REPRESENTATION('',(#12406),#12410);
#12406 = LINE('',#12407,#12408);
#12407 = CARTESIAN_POINT('',(0.28995159989,0.));
#12408 = VECTOR('',#12409,1.);
#12409 = DIRECTION('',(0.,-1.));
#12410 = ( GEOMETRIC_REPRESENTATION_CONTEXT(2) 
PARAMETRIC_REPRESENTATION_CONTEXT() REPRESENTATION_CONTEXT('2D SPACE',''
  ) );
#12411 = ORIENTED_EDGE('',*,*,#12412,.T.);
#12412 = EDGE_CURVE('',#12390,#12413,#12415,.T.);
#12413 = VERTEX_POINT('',#12414);
#12414 = CARTESIAN_POINT('',(-122.251257229,38.45,60.18826116605));
#12415 = SURFACE_CURVE('',#12416,(#12420,#12426),.PCURVE_S1.);
#12416 = LINE('',#12417,#12418);
#12417 = CARTESIAN_POINT('',(-122.0419614751,38.45,60.12922094105));
#12418 = VECTOR('',#12419,1.);
#12419 = DIRECTION('',(-0.962439956696,0.,0.271494621964));
#12420 = PCURVE('',#10648,#12421);
#12421 = DEFINITIONAL_REPRESENTATION('',(#12422),#12425);
#12422 = B_SPLINE_CURVE_WITH_KNOTS('',1,(#12423,#12424),.UNSPECIFIED.,
  .F.,.F.,(2,2),(-7.248789997242E-02,0.217463699917),
  .PIECEWISE_BEZIER_KNOTS.);
#12423 = CARTESIAN_POINT('',(0.,-3.85));
#12424 = CARTESIAN_POINT('',(0.28995159989,-3.85));
#12425 = ( GEOMETRIC_REPRESENTATION_CONTEXT(2) 
PARAMETRIC_REPRESENTATION_CONTEXT() REPRESENTATION_CONTEXT('2D SPACE',''
  ) );
#12426 = PCURVE('',#12170,#12427);
#12427 = DEFINITIONAL_REPRESENTATION('',(#12428),#12431);
#12428 = B_SPLINE_CURVE_WITH_KNOTS('',1,(#12429,#12430),.UNSPECIFIED.,
  .F.,.F.,(2,2),(-7.248789997242E-02,0.217463699917),
  .PIECEWISE_BEZIER_KNOTS.);
#12429 = CARTESIAN_POINT('',(3.10954086605,1.027803776198));
#12430 = CARTESIAN_POINT('',(3.18826116605,0.748742770956));
#12431 = ( GEOMETRIC_REPRESENTATION_CONTEXT(2) 
PARAMETRIC_REPRESENTATION_CONTEXT() REPRESENTATION_CONTEXT('2D SPACE',''
  ) );
#12432 = ORIENTED_EDGE('',*,*,#12433,.F.);
#12433 = EDGE_CURVE('',#10634,#12413,#12434,.T.);
#12434 = SURFACE_CURVE('',#12435,(#12439,#12446),.PCURVE_S1.);
#12435 = LINE('',#12436,#12437);
#12436 = CARTESIAN_POINT('',(-122.251257229,42.3,60.18826116605));
#12437 = VECTOR('',#12438,1.);
#12438 = DIRECTION('',(0.,-1.,0.));
#12439 = PCURVE('',#10648,#12440);
#12440 = DEFINITIONAL_REPRESENTATION('',(#12441),#12445);
#12441 = LINE('',#12442,#12443);
#12442 = CARTESIAN_POINT('',(0.28995159989,0.));
#12443 = VECTOR('',#12444,1.);
#12444 = DIRECTION('',(0.,-1.));
#12445 = ( GEOMETRIC_REPRESENTATION_CONTEXT(2) 
PARAMETRIC_REPRESENTATION_CONTEXT() REPRESENTATION_CONTEXT('2D SPACE',''
  ) );
#12446 = PCURVE('',#10674,#12447);
#12447 = DEFINITIONAL_REPRESENTATION('',(#12448),#12452);
#12448 = LINE('',#12449,#12450);
#12449 = CARTESIAN_POINT('',(0.,0.));
#12450 = VECTOR('',#12451,1.);
#12451 = DIRECTION('',(-0.,-1.));
#12452 = ( GEOMETRIC_REPRESENTATION_CONTEXT(2) 
PARAMETRIC_REPRESENTATION_CONTEXT() REPRESENTATION_CONTEXT('2D SPACE',''
  ) );
#12453 = ADVANCED_FACE('',(#12454),#11894,.T.);
#12454 = FACE_BOUND('',#12455,.T.);
#12455 = EDGE_LOOP('',(#12456,#12457,#12480,#12499));
#12456 = ORIENTED_EDGE('',*,*,#11881,.F.);
#12457 = ORIENTED_EDGE('',*,*,#12458,.T.);
#12458 = EDGE_CURVE('',#11856,#12459,#12461,.T.);
#12459 = VERTEX_POINT('',#12460);
#12460 = CARTESIAN_POINT('',(-121.701191574,38.45,60.00644668547));
#12461 = SURFACE_CURVE('',#12462,(#12466,#12473),.PCURVE_S1.);
#12462 = LINE('',#12463,#12464);
#12463 = CARTESIAN_POINT('',(-121.701191574,42.3,60.00644668547));
#12464 = VECTOR('',#12465,1.);
#12465 = DIRECTION('',(0.,-1.,0.));
#12466 = PCURVE('',#11894,#12467);
#12467 = DEFINITIONAL_REPRESENTATION('',(#12468),#12472);
#12468 = LINE('',#12469,#12470);
#12469 = CARTESIAN_POINT('',(0.,0.));
#12470 = VECTOR('',#12471,1.);
#12471 = DIRECTION('',(0.,-1.));
#12472 = ( GEOMETRIC_REPRESENTATION_CONTEXT(2) 
PARAMETRIC_REPRESENTATION_CONTEXT() REPRESENTATION_CONTEXT('2D SPACE',''
  ) );
#12473 = PCURVE('',#11870,#12474);
#12474 = DEFINITIONAL_REPRESENTATION('',(#12475),#12479);
#12475 = LINE('',#12476,#12477);
#12476 = CARTESIAN_POINT('',(0.28995159989,0.));
#12477 = VECTOR('',#12478,1.);
#12478 = DIRECTION('',(0.,-1.));
#12479 = ( GEOMETRIC_REPRESENTATION_CONTEXT(2) 
PARAMETRIC_REPRESENTATION_CONTEXT() REPRESENTATION_CONTEXT('2D SPACE',''
  ) );
#12480 = ORIENTED_EDGE('',*,*,#12481,.T.);
#12481 = EDGE_CURVE('',#12459,#12390,#12482,.T.);
#12482 = SURFACE_CURVE('',#12483,(#12487,#12493),.PCURVE_S1.);
#12483 = LINE('',#12484,#12485);
#12484 = CARTESIAN_POINT('',(-121.7689427364,38.45,60.032220230615));
#12485 = VECTOR('',#12486,1.);
#12486 = DIRECTION('',(-0.934654783405,0.,0.355556515703));
#12487 = PCURVE('',#11894,#12488);
#12488 = DEFINITIONAL_REPRESENTATION('',(#12489),#12492);
#12489 = B_SPLINE_CURVE_WITH_KNOTS('',1,(#12490,#12491),.UNSPECIFIED.,
  .F.,.F.,(2,2),(-7.248789997245E-02,0.217463699917),
  .PIECEWISE_BEZIER_KNOTS.);
#12490 = CARTESIAN_POINT('',(0.,-3.85));
#12491 = CARTESIAN_POINT('',(0.28995159989,-3.85));
#12492 = ( GEOMETRIC_REPRESENTATION_CONTEXT(2) 
PARAMETRIC_REPRESENTATION_CONTEXT() REPRESENTATION_CONTEXT('2D SPACE',''
  ) );
#12493 = PCURVE('',#12170,#12494);
#12494 = DEFINITIONAL_REPRESENTATION('',(#12495),#12498);
#12495 = B_SPLINE_CURVE_WITH_KNOTS('',1,(#12496,#12497),.UNSPECIFIED.,
  .F.,.F.,(2,2),(-7.248789997245E-02,0.217463699917),
  .PIECEWISE_BEZIER_KNOTS.);
#12496 = CARTESIAN_POINT('',(3.00644668547,1.298808425991));
#12497 = CARTESIAN_POINT('',(3.10954086605,1.027803776198));
#12498 = ( GEOMETRIC_REPRESENTATION_CONTEXT(2) 
PARAMETRIC_REPRESENTATION_CONTEXT() REPRESENTATION_CONTEXT('2D SPACE',''
  ) );
#12499 = ORIENTED_EDGE('',*,*,#12389,.F.);
#12500 = ADVANCED_FACE('',(#12501),#11870,.T.);
#12501 = FACE_BOUND('',#12502,.T.);
#12502 = EDGE_LOOP('',(#12503,#12504,#12527,#12546));
#12503 = ORIENTED_EDGE('',*,*,#11855,.F.);
#12504 = ORIENTED_EDGE('',*,*,#12505,.T.);
#12505 = EDGE_CURVE('',#11830,#12506,#12508,.T.);
#12506 = VERTEX_POINT('',#12507);
#12507 = CARTESIAN_POINT('',(-121.4403675273,38.45,59.879786719575));
#12508 = SURFACE_CURVE('',#12509,(#12513,#12520),.PCURVE_S1.);
#12509 = LINE('',#12510,#12511);
#12510 = CARTESIAN_POINT('',(-121.4403675273,42.3,59.879786719575));
#12511 = VECTOR('',#12512,1.);
#12512 = DIRECTION('',(0.,-1.,0.));
#12513 = PCURVE('',#11870,#12514);
#12514 = DEFINITIONAL_REPRESENTATION('',(#12515),#12519);
#12515 = LINE('',#12516,#12517);
#12516 = CARTESIAN_POINT('',(0.,0.));
#12517 = VECTOR('',#12518,1.);
#12518 = DIRECTION('',(0.,-1.));
#12519 = ( GEOMETRIC_REPRESENTATION_CONTEXT(2) 
PARAMETRIC_REPRESENTATION_CONTEXT() REPRESENTATION_CONTEXT('2D SPACE',''
  ) );
#12520 = PCURVE('',#11844,#12521);
#12521 = DEFINITIONAL_REPRESENTATION('',(#12522),#12526);
#12522 = LINE('',#12523,#12524);
#12523 = CARTESIAN_POINT('',(0.28995159989,0.));
#12524 = VECTOR('',#12525,1.);
#12525 = DIRECTION('',(0.,-1.));
#12526 = ( GEOMETRIC_REPRESENTATION_CONTEXT(2) 
PARAMETRIC_REPRESENTATION_CONTEXT() REPRESENTATION_CONTEXT('2D SPACE',''
  ) );
#12527 = ORIENTED_EDGE('',*,*,#12528,.T.);
#12528 = EDGE_CURVE('',#12506,#12459,#12529,.T.);
#12529 = SURFACE_CURVE('',#12530,(#12534,#12540),.PCURVE_S1.);
#12530 = LINE('',#12531,#12532);
#12531 = CARTESIAN_POINT('',(-121.505573539,38.45,59.911451711049));
#12532 = VECTOR('',#12533,1.);
#12533 = DIRECTION('',(-0.899543395391,0.,0.436831408909));
#12534 = PCURVE('',#11870,#12535);
#12535 = DEFINITIONAL_REPRESENTATION('',(#12536),#12539);
#12536 = B_SPLINE_CURVE_WITH_KNOTS('',1,(#12537,#12538),.UNSPECIFIED.,
  .F.,.F.,(2,2),(-7.248789997239E-02,0.217463699917),
  .PIECEWISE_BEZIER_KNOTS.);
#12537 = CARTESIAN_POINT('',(0.,-3.85));
#12538 = CARTESIAN_POINT('',(0.28995159989,-3.85));
#12539 = ( GEOMETRIC_REPRESENTATION_CONTEXT(2) 
PARAMETRIC_REPRESENTATION_CONTEXT() REPRESENTATION_CONTEXT('2D SPACE',''
  ) );
#12540 = PCURVE('',#12170,#12541);
#12541 = DEFINITIONAL_REPRESENTATION('',(#12542),#12545);
#12542 = B_SPLINE_CURVE_WITH_KNOTS('',1,(#12543,#12544),.UNSPECIFIED.,
  .F.,.F.,(2,2),(-7.248789997239E-02,0.217463699917),
  .PIECEWISE_BEZIER_KNOTS.);
#12543 = CARTESIAN_POINT('',(2.879786719575,1.559632472654));
#12544 = CARTESIAN_POINT('',(3.00644668547,1.298808425991));
#12545 = ( GEOMETRIC_REPRESENTATION_CONTEXT(2) 
PARAMETRIC_REPRESENTATION_CONTEXT() REPRESENTATION_CONTEXT('2D SPACE',''
  ) );
#12546 = ORIENTED_EDGE('',*,*,#12458,.F.);
#12547 = ADVANCED_FACE('',(#12548),#11844,.T.);
#12548 = FACE_BOUND('',#12549,.T.);
#12549 = EDGE_LOOP('',(#12550,#12551,#12574,#12593));
#12550 = ORIENTED_EDGE('',*,*,#11829,.F.);
#12551 = ORIENTED_EDGE('',*,*,#12552,.T.);
#12552 = EDGE_CURVE('',#11804,#12553,#12555,.T.);
#12553 = VERTEX_POINT('',#12554);
#12554 = CARTESIAN_POINT('',(-121.1917685316,38.45,59.7305537821));
#12555 = SURFACE_CURVE('',#12556,(#12560,#12567),.PCURVE_S1.);
#12556 = LINE('',#12557,#12558);
#12557 = CARTESIAN_POINT('',(-121.1917685316,42.3,59.7305537821));
#12558 = VECTOR('',#12559,1.);
#12559 = DIRECTION('',(0.,-1.,0.));
#12560 = PCURVE('',#11844,#12561);
#12561 = DEFINITIONAL_REPRESENTATION('',(#12562),#12566);
#12562 = LINE('',#12563,#12564);
#12563 = CARTESIAN_POINT('',(0.,0.));
#12564 = VECTOR('',#12565,1.);
#12565 = DIRECTION('',(0.,-1.));
#12566 = ( GEOMETRIC_REPRESENTATION_CONTEXT(2) 
PARAMETRIC_REPRESENTATION_CONTEXT() REPRESENTATION_CONTEXT('2D SPACE',''
  ) );
#12567 = PCURVE('',#11818,#12568);
#12568 = DEFINITIONAL_REPRESENTATION('',(#12569),#12573);
#12569 = LINE('',#12570,#12571);
#12570 = CARTESIAN_POINT('',(0.28995159989,0.));
#12571 = VECTOR('',#12572,1.);
#12572 = DIRECTION('',(0.,-1.));
#12573 = ( GEOMETRIC_REPRESENTATION_CONTEXT(2) 
PARAMETRIC_REPRESENTATION_CONTEXT() REPRESENTATION_CONTEXT('2D SPACE',''
  ) );
#12574 = ORIENTED_EDGE('',*,*,#12575,.T.);
#12575 = EDGE_CURVE('',#12553,#12506,#12576,.T.);
#12576 = SURFACE_CURVE('',#12577,(#12581,#12587),.PCURVE_S1.);
#12577 = LINE('',#12578,#12579);
#12578 = CARTESIAN_POINT('',(-121.2539182805,38.45,59.767862016469));
#12579 = VECTOR('',#12580,1.);
#12580 = DIRECTION('',(-0.857381010384,0.,0.514682235008));
#12581 = PCURVE('',#11844,#12582);
#12582 = DEFINITIONAL_REPRESENTATION('',(#12583),#12586);
#12583 = B_SPLINE_CURVE_WITH_KNOTS('',1,(#12584,#12585),.UNSPECIFIED.,
  .F.,.F.,(2,2),(-7.248789997242E-02,0.217463699917),
  .PIECEWISE_BEZIER_KNOTS.);
#12584 = CARTESIAN_POINT('',(0.,-3.85));
#12585 = CARTESIAN_POINT('',(0.28995159989,-3.85));
#12586 = ( GEOMETRIC_REPRESENTATION_CONTEXT(2) 
PARAMETRIC_REPRESENTATION_CONTEXT() REPRESENTATION_CONTEXT('2D SPACE',''
  ) );
#12587 = PCURVE('',#12170,#12588);
#12588 = DEFINITIONAL_REPRESENTATION('',(#12589),#12592);
#12589 = B_SPLINE_CURVE_WITH_KNOTS('',1,(#12590,#12591),.UNSPECIFIED.,
  .F.,.F.,(2,2),(-7.248789997242E-02,0.217463699917),
  .PIECEWISE_BEZIER_KNOTS.);
#12590 = CARTESIAN_POINT('',(2.7305537821,1.80823146833));
#12591 = CARTESIAN_POINT('',(2.879786719575,1.559632472654));
#12592 = ( GEOMETRIC_REPRESENTATION_CONTEXT(2) 
PARAMETRIC_REPRESENTATION_CONTEXT() REPRESENTATION_CONTEXT('2D SPACE',''
  ) );
#12593 = ORIENTED_EDGE('',*,*,#12505,.F.);
#12594 = ADVANCED_FACE('',(#12595),#11818,.T.);
#12595 = FACE_BOUND('',#12596,.T.);
#12596 = EDGE_LOOP('',(#12597,#12598,#12621,#12640));
#12597 = ORIENTED_EDGE('',*,*,#11803,.F.);
#12598 = ORIENTED_EDGE('',*,*,#12599,.T.);
#12599 = EDGE_CURVE('',#11778,#12600,#12602,.T.);
#12600 = VERTEX_POINT('',#12601);
#12601 = CARTESIAN_POINT('',(-120.9573432097,38.45,59.559917623163));
#12602 = SURFACE_CURVE('',#12603,(#12607,#12614),.PCURVE_S1.);
#12603 = LINE('',#12604,#12605);
#12604 = CARTESIAN_POINT('',(-120.9573432097,42.3,59.559917623163));
#12605 = VECTOR('',#12606,1.);
#12606 = DIRECTION('',(0.,-1.,0.));
#12607 = PCURVE('',#11818,#12608);
#12608 = DEFINITIONAL_REPRESENTATION('',(#12609),#12613);
#12609 = LINE('',#12610,#12611);
#12610 = CARTESIAN_POINT('',(0.,0.));
#12611 = VECTOR('',#12612,1.);
#12612 = DIRECTION('',(0.,-1.));
#12613 = ( GEOMETRIC_REPRESENTATION_CONTEXT(2) 
PARAMETRIC_REPRESENTATION_CONTEXT() REPRESENTATION_CONTEXT('2D SPACE',''
  ) );
#12614 = PCURVE('',#11792,#12615);
#12615 = DEFINITIONAL_REPRESENTATION('',(#12616),#12620);
#12616 = LINE('',#12617,#12618);
#12617 = CARTESIAN_POINT('',(0.28995159989,0.));
#12618 = VECTOR('',#12619,1.);
#12619 = DIRECTION('',(0.,-1.));
#12620 = ( GEOMETRIC_REPRESENTATION_CONTEXT(2) 
PARAMETRIC_REPRESENTATION_CONTEXT() REPRESENTATION_CONTEXT('2D SPACE',''
  ) );
#12621 = ORIENTED_EDGE('',*,*,#12622,.T.);
#12622 = EDGE_CURVE('',#12600,#12553,#12623,.T.);
#12623 = SURFACE_CURVE('',#12624,(#12628,#12634),.PCURVE_S1.);
#12624 = LINE('',#12625,#12626);
#12625 = CARTESIAN_POINT('',(-121.0159495402,38.45,59.602576662897));
#12626 = VECTOR('',#12627,1.);
#12627 = DIRECTION('',(-0.808498114775,0.,0.588498766698));
#12628 = PCURVE('',#11818,#12629);
#12629 = DEFINITIONAL_REPRESENTATION('',(#12630),#12633);
#12630 = B_SPLINE_CURVE_WITH_KNOTS('',1,(#12631,#12632),.UNSPECIFIED.,
  .F.,.F.,(2,2),(-7.248789997243E-02,0.217463699917),
  .PIECEWISE_BEZIER_KNOTS.);
#12631 = CARTESIAN_POINT('',(0.,-3.85));
#12632 = CARTESIAN_POINT('',(0.28995159989,-3.85));
#12633 = ( GEOMETRIC_REPRESENTATION_CONTEXT(2) 
PARAMETRIC_REPRESENTATION_CONTEXT() REPRESENTATION_CONTEXT('2D SPACE',''
  ) );
#12634 = PCURVE('',#12170,#12635);
#12635 = DEFINITIONAL_REPRESENTATION('',(#12636),#12639);
#12636 = B_SPLINE_CURVE_WITH_KNOTS('',1,(#12637,#12638),.UNSPECIFIED.,
  .F.,.F.,(2,2),(-7.248789997243E-02,0.217463699917),
  .PIECEWISE_BEZIER_KNOTS.);
#12637 = CARTESIAN_POINT('',(2.559917623163,2.042656790217));
#12638 = CARTESIAN_POINT('',(2.7305537821,1.80823146833));
#12639 = ( GEOMETRIC_REPRESENTATION_CONTEXT(2) 
PARAMETRIC_REPRESENTATION_CONTEXT() REPRESENTATION_CONTEXT('2D SPACE',''
  ) );
#12640 = ORIENTED_EDGE('',*,*,#12552,.F.);
#12641 = ADVANCED_FACE('',(#12642),#11792,.T.);
#12642 = FACE_BOUND('',#12643,.T.);
#12643 = EDGE_LOOP('',(#12644,#12645,#12668,#12687));
#12644 = ORIENTED_EDGE('',*,*,#11777,.F.);
#12645 = ORIENTED_EDGE('',*,*,#12646,.T.);
#12646 = EDGE_CURVE('',#11752,#12647,#12649,.T.);
#12647 = VERTEX_POINT('',#12648);
#12648 = CARTESIAN_POINT('',(-120.7389290853,38.45,59.369215760275));
#12649 = SURFACE_CURVE('',#12650,(#12654,#12661),.PCURVE_S1.);
#12650 = LINE('',#12651,#12652);
#12651 = CARTESIAN_POINT('',(-120.7389290853,42.3,59.369215760275));
#12652 = VECTOR('',#12653,1.);
#12653 = DIRECTION('',(0.,-1.,0.));
#12654 = PCURVE('',#11792,#12655);
#12655 = DEFINITIONAL_REPRESENTATION('',(#12656),#12660);
#12656 = LINE('',#12657,#12658);
#12657 = CARTESIAN_POINT('',(0.,0.));
#12658 = VECTOR('',#12659,1.);
#12659 = DIRECTION('',(0.,-1.));
#12660 = ( GEOMETRIC_REPRESENTATION_CONTEXT(2) 
PARAMETRIC_REPRESENTATION_CONTEXT() REPRESENTATION_CONTEXT('2D SPACE',''
  ) );
#12661 = PCURVE('',#11766,#12662);
#12662 = DEFINITIONAL_REPRESENTATION('',(#12663),#12667);
#12663 = LINE('',#12664,#12665);
#12664 = CARTESIAN_POINT('',(0.28995159989,0.));
#12665 = VECTOR('',#12666,1.);
#12666 = DIRECTION('',(0.,-1.));
#12667 = ( GEOMETRIC_REPRESENTATION_CONTEXT(2) 
PARAMETRIC_REPRESENTATION_CONTEXT() REPRESENTATION_CONTEXT('2D SPACE',''
  ) );
#12668 = ORIENTED_EDGE('',*,*,#12669,.T.);
#12669 = EDGE_CURVE('',#12647,#12600,#12670,.T.);
#12670 = SURFACE_CURVE('',#12671,(#12675,#12681),.PCURVE_S1.);
#12671 = LINE('',#12672,#12673);
#12672 = CARTESIAN_POINT('',(-120.7935326164,38.45,59.416891225997));
#12673 = VECTOR('',#12674,1.);
#12674 = DIRECTION('',(-0.753277873125,0.,0.657702399159));
#12675 = PCURVE('',#11792,#12676);
#12676 = DEFINITIONAL_REPRESENTATION('',(#12677),#12680);
#12677 = B_SPLINE_CURVE_WITH_KNOTS('',1,(#12678,#12679),.UNSPECIFIED.,
  .F.,.F.,(2,2),(-7.248789997244E-02,0.217463699917),
  .PIECEWISE_BEZIER_KNOTS.);
#12678 = CARTESIAN_POINT('',(0.,-3.85));
#12679 = CARTESIAN_POINT('',(0.28995159989,-3.85));
#12680 = ( GEOMETRIC_REPRESENTATION_CONTEXT(2) 
PARAMETRIC_REPRESENTATION_CONTEXT() REPRESENTATION_CONTEXT('2D SPACE',''
  ) );
#12681 = PCURVE('',#12170,#12682);
#12682 = DEFINITIONAL_REPRESENTATION('',(#12683),#12686);
#12683 = B_SPLINE_CURVE_WITH_KNOTS('',1,(#12684,#12685),.UNSPECIFIED.,
  .F.,.F.,(2,2),(-7.248789997244E-02,0.217463699917),
  .PIECEWISE_BEZIER_KNOTS.);
#12684 = CARTESIAN_POINT('',(2.369215760275,2.261070914691));
#12685 = CARTESIAN_POINT('',(2.559917623163,2.042656790217));
#12686 = ( GEOMETRIC_REPRESENTATION_CONTEXT(2) 
PARAMETRIC_REPRESENTATION_CONTEXT() REPRESENTATION_CONTEXT('2D SPACE',''
  ) );
#12687 = ORIENTED_EDGE('',*,*,#12599,.F.);
#12688 = ADVANCED_FACE('',(#12689),#11766,.T.);
#12689 = FACE_BOUND('',#12690,.T.);
#12690 = EDGE_LOOP('',(#12691,#12692,#12715,#12734));
#12691 = ORIENTED_EDGE('',*,*,#11751,.F.);
#12692 = ORIENTED_EDGE('',*,*,#12693,.T.);
#12693 = EDGE_CURVE('',#11726,#12694,#12696,.T.);
#12694 = VERTEX_POINT('',#12695);
#12695 = CARTESIAN_POINT('',(-120.5382381794,38.45,59.15994299432));
#12696 = SURFACE_CURVE('',#12697,(#12701,#12708),.PCURVE_S1.);
#12697 = LINE('',#12698,#12699);
#12698 = CARTESIAN_POINT('',(-120.5382381794,42.3,59.15994299432));
#12699 = VECTOR('',#12700,1.);
#12700 = DIRECTION('',(0.,-1.,0.));
#12701 = PCURVE('',#11766,#12702);
#12702 = DEFINITIONAL_REPRESENTATION('',(#12703),#12707);
#12703 = LINE('',#12704,#12705);
#12704 = CARTESIAN_POINT('',(0.,0.));
#12705 = VECTOR('',#12706,1.);
#12706 = DIRECTION('',(0.,-1.));
#12707 = ( GEOMETRIC_REPRESENTATION_CONTEXT(2) 
PARAMETRIC_REPRESENTATION_CONTEXT() REPRESENTATION_CONTEXT('2D SPACE',''
  ) );
#12708 = PCURVE('',#11740,#12709);
#12709 = DEFINITIONAL_REPRESENTATION('',(#12710),#12714);
#12710 = LINE('',#12711,#12712);
#12711 = CARTESIAN_POINT('',(0.28995159989,0.));
#12712 = VECTOR('',#12713,1.);
#12713 = DIRECTION('',(0.,-1.));
#12714 = ( GEOMETRIC_REPRESENTATION_CONTEXT(2) 
PARAMETRIC_REPRESENTATION_CONTEXT() REPRESENTATION_CONTEXT('2D SPACE',''
  ) );
#12715 = ORIENTED_EDGE('',*,*,#12716,.T.);
#12716 = EDGE_CURVE('',#12694,#12647,#12717,.T.);
#12717 = SURFACE_CURVE('',#12718,(#12722,#12728),.PCURVE_S1.);
#12718 = LINE('',#12719,#12720);
#12719 = CARTESIAN_POINT('',(-120.5884109058,38.45,59.212261185809));
#12720 = VECTOR('',#12721,1.);
#12721 = DIRECTION('',(-0.692153124761,0.,0.721750685406));
#12722 = PCURVE('',#11766,#12723);
#12723 = DEFINITIONAL_REPRESENTATION('',(#12724),#12727);
#12724 = B_SPLINE_CURVE_WITH_KNOTS('',1,(#12725,#12726),.UNSPECIFIED.,
  .F.,.F.,(2,2),(-7.248789997243E-02,0.217463699917),
  .PIECEWISE_BEZIER_KNOTS.);
#12725 = CARTESIAN_POINT('',(0.,-3.85));
#12726 = CARTESIAN_POINT('',(0.28995159989,-3.85));
#12727 = ( GEOMETRIC_REPRESENTATION_CONTEXT(2) 
PARAMETRIC_REPRESENTATION_CONTEXT() REPRESENTATION_CONTEXT('2D SPACE',''
  ) );
#12728 = PCURVE('',#12170,#12729);
#12729 = DEFINITIONAL_REPRESENTATION('',(#12730),#12733);
#12730 = B_SPLINE_CURVE_WITH_KNOTS('',1,(#12731,#12732),.UNSPECIFIED.,
  .F.,.F.,(2,2),(-7.248789997243E-02,0.217463699917),
  .PIECEWISE_BEZIER_KNOTS.);
#12731 = CARTESIAN_POINT('',(2.15994299432,2.461761820584));
#12732 = CARTESIAN_POINT('',(2.369215760275,2.261070914691));
#12733 = ( GEOMETRIC_REPRESENTATION_CONTEXT(2) 
PARAMETRIC_REPRESENTATION_CONTEXT() REPRESENTATION_CONTEXT('2D SPACE',''
  ) );
#12734 = ORIENTED_EDGE('',*,*,#12646,.F.);
#12735 = ADVANCED_FACE('',(#12736),#11740,.T.);
#12736 = FACE_BOUND('',#12737,.T.);
#12737 = EDGE_LOOP('',(#12738,#12739,#12762,#12781));
#12738 = ORIENTED_EDGE('',*,*,#11725,.F.);
#12739 = ORIENTED_EDGE('',*,*,#12740,.T.);
#12740 = EDGE_CURVE('',#11700,#12741,#12743,.T.);
#12741 = VERTEX_POINT('',#12742);
#12742 = CARTESIAN_POINT('',(-120.3568435912,38.45,58.933739692679));
#12743 = SURFACE_CURVE('',#12744,(#12748,#12755),.PCURVE_S1.);
#12744 = LINE('',#12745,#12746);
#12745 = CARTESIAN_POINT('',(-120.3568435912,42.3,58.933739692679));
#12746 = VECTOR('',#12747,1.);
#12747 = DIRECTION('',(0.,-1.,0.));
#12748 = PCURVE('',#11740,#12749);
#12749 = DEFINITIONAL_REPRESENTATION('',(#12750),#12754);
#12750 = LINE('',#12751,#12752);
#12751 = CARTESIAN_POINT('',(0.,0.));
#12752 = VECTOR('',#12753,1.);
#12753 = DIRECTION('',(0.,-1.));
#12754 = ( GEOMETRIC_REPRESENTATION_CONTEXT(2) 
PARAMETRIC_REPRESENTATION_CONTEXT() REPRESENTATION_CONTEXT('2D SPACE',''
  ) );
#12755 = PCURVE('',#11714,#12756);
#12756 = DEFINITIONAL_REPRESENTATION('',(#12757),#12761);
#12757 = LINE('',#12758,#12759);
#12758 = CARTESIAN_POINT('',(0.28995159989,0.));
#12759 = VECTOR('',#12760,1.);
#12760 = DIRECTION('',(0.,-1.));
#12761 = ( GEOMETRIC_REPRESENTATION_CONTEXT(2) 
PARAMETRIC_REPRESENTATION_CONTEXT() REPRESENTATION_CONTEXT('2D SPACE',''
  ) );
#12762 = ORIENTED_EDGE('',*,*,#12763,.T.);
#12763 = EDGE_CURVE('',#12741,#12694,#12764,.T.);
#12764 = SURFACE_CURVE('',#12765,(#12769,#12775),.PCURVE_S1.);
#12765 = LINE('',#12766,#12767);
#12766 = CARTESIAN_POINT('',(-120.4021922383,38.45,58.990290518089));
#12767 = VECTOR('',#12768,1.);
#12768 = DIRECTION('',(-0.625602990999,0.,0.780141588209));
#12769 = PCURVE('',#11740,#12770);
#12770 = DEFINITIONAL_REPRESENTATION('',(#12771),#12774);
#12771 = B_SPLINE_CURVE_WITH_KNOTS('',1,(#12772,#12773),.UNSPECIFIED.,
  .F.,.F.,(2,2),(-7.248789997238E-02,0.217463699917),
  .PIECEWISE_BEZIER_KNOTS.);
#12772 = CARTESIAN_POINT('',(0.,-3.85));
#12773 = CARTESIAN_POINT('',(0.28995159989,-3.85));
#12774 = ( GEOMETRIC_REPRESENTATION_CONTEXT(2) 
PARAMETRIC_REPRESENTATION_CONTEXT() REPRESENTATION_CONTEXT('2D SPACE',''
  ) );
#12775 = PCURVE('',#12170,#12776);
#12776 = DEFINITIONAL_REPRESENTATION('',(#12777),#12780);
#12777 = B_SPLINE_CURVE_WITH_KNOTS('',1,(#12778,#12779),.UNSPECIFIED.,
  .F.,.F.,(2,2),(-7.248789997238E-02,0.217463699917),
  .PIECEWISE_BEZIER_KNOTS.);
#12778 = CARTESIAN_POINT('',(1.933739692679,2.64315640872));
#12779 = CARTESIAN_POINT('',(2.15994299432,2.461761820584));
#12780 = ( GEOMETRIC_REPRESENTATION_CONTEXT(2) 
PARAMETRIC_REPRESENTATION_CONTEXT() REPRESENTATION_CONTEXT('2D SPACE',''
  ) );
#12781 = ORIENTED_EDGE('',*,*,#12693,.F.);
#12782 = ADVANCED_FACE('',(#12783),#11714,.T.);
#12783 = FACE_BOUND('',#12784,.T.);
#12784 = EDGE_LOOP('',(#12785,#12786,#12809,#12828));
#12785 = ORIENTED_EDGE('',*,*,#11699,.F.);
#12786 = ORIENTED_EDGE('',*,*,#12787,.T.);
#12787 = EDGE_CURVE('',#11674,#12788,#12790,.T.);
#12788 = VERTEX_POINT('',#12789);
#12789 = CARTESIAN_POINT('',(-120.1961671674,38.45,58.692378931344));
#12790 = SURFACE_CURVE('',#12791,(#12795,#12802),.PCURVE_S1.);
#12791 = LINE('',#12792,#12793);
#12792 = CARTESIAN_POINT('',(-120.1961671674,42.3,58.692378931344));
#12793 = VECTOR('',#12794,1.);
#12794 = DIRECTION('',(0.,-1.,0.));
#12795 = PCURVE('',#11714,#12796);
#12796 = DEFINITIONAL_REPRESENTATION('',(#12797),#12801);
#12797 = LINE('',#12798,#12799);
#12798 = CARTESIAN_POINT('',(0.,0.));
#12799 = VECTOR('',#12800,1.);
#12800 = DIRECTION('',(0.,-1.));
#12801 = ( GEOMETRIC_REPRESENTATION_CONTEXT(2) 
PARAMETRIC_REPRESENTATION_CONTEXT() REPRESENTATION_CONTEXT('2D SPACE',''
  ) );
#12802 = PCURVE('',#11688,#12803);
#12803 = DEFINITIONAL_REPRESENTATION('',(#12804),#12808);
#12804 = LINE('',#12805,#12806);
#12805 = CARTESIAN_POINT('',(0.28995159989,0.));
#12806 = VECTOR('',#12807,1.);
#12807 = DIRECTION('',(0.,-1.));
#12808 = ( GEOMETRIC_REPRESENTATION_CONTEXT(2) 
PARAMETRIC_REPRESENTATION_CONTEXT() REPRESENTATION_CONTEXT('2D SPACE',''
  ) );
#12809 = ORIENTED_EDGE('',*,*,#12810,.T.);
#12810 = EDGE_CURVE('',#12788,#12741,#12811,.T.);
#12811 = SURFACE_CURVE('',#12812,(#12816,#12822),.PCURVE_S1.);
#12812 = LINE('',#12813,#12814);
#12813 = CARTESIAN_POINT('',(-120.2363362734,38.45,58.752719121678));
#12814 = VECTOR('',#12815,1.);
#12815 = DIRECTION('',(-0.554149119596,0.,0.832417415274));
#12816 = PCURVE('',#11714,#12817);
#12817 = DEFINITIONAL_REPRESENTATION('',(#12818),#12821);
#12818 = B_SPLINE_CURVE_WITH_KNOTS('',1,(#12819,#12820),.UNSPECIFIED.,
  .F.,.F.,(2,2),(-7.248789997241E-02,0.217463699917),
  .PIECEWISE_BEZIER_KNOTS.);
#12819 = CARTESIAN_POINT('',(0.,-3.85));
#12820 = CARTESIAN_POINT('',(0.28995159989,-3.85));
#12821 = ( GEOMETRIC_REPRESENTATION_CONTEXT(2) 
PARAMETRIC_REPRESENTATION_CONTEXT() REPRESENTATION_CONTEXT('2D SPACE',''
  ) );
#12822 = PCURVE('',#12170,#12823);
#12823 = DEFINITIONAL_REPRESENTATION('',(#12824),#12827);
#12824 = B_SPLINE_CURVE_WITH_KNOTS('',1,(#12825,#12826),.UNSPECIFIED.,
  .F.,.F.,(2,2),(-7.248789997241E-02,0.217463699917),
  .PIECEWISE_BEZIER_KNOTS.);
#12825 = CARTESIAN_POINT('',(1.692378931344,2.803832832525));
#12826 = CARTESIAN_POINT('',(1.933739692679,2.64315640872));
#12827 = ( GEOMETRIC_REPRESENTATION_CONTEXT(2) 
PARAMETRIC_REPRESENTATION_CONTEXT() REPRESENTATION_CONTEXT('2D SPACE',''
  ) );
#12828 = ORIENTED_EDGE('',*,*,#12740,.F.);
#12829 = ADVANCED_FACE('',(#12830),#11688,.T.);
#12830 = FACE_BOUND('',#12831,.T.);
#12831 = EDGE_LOOP('',(#12832,#12833,#12856,#12875));
#12832 = ORIENTED_EDGE('',*,*,#11673,.F.);
#12833 = ORIENTED_EDGE('',*,*,#12834,.T.);
#12834 = EDGE_CURVE('',#11648,#12835,#12837,.T.);
#12835 = VERTEX_POINT('',#12836);
#12836 = CARTESIAN_POINT('',(-120.0574683569,38.45,58.437752596812));
#12837 = SURFACE_CURVE('',#12838,(#12842,#12849),.PCURVE_S1.);
#12838 = LINE('',#12839,#12840);
#12839 = CARTESIAN_POINT('',(-120.0574683569,42.3,58.437752596812));
#12840 = VECTOR('',#12841,1.);
#12841 = DIRECTION('',(0.,-1.,0.));
#12842 = PCURVE('',#11688,#12843);
#12843 = DEFINITIONAL_REPRESENTATION('',(#12844),#12848);
#12844 = LINE('',#12845,#12846);
#12845 = CARTESIAN_POINT('',(0.,0.));
#12846 = VECTOR('',#12847,1.);
#12847 = DIRECTION('',(0.,-1.));
#12848 = ( GEOMETRIC_REPRESENTATION_CONTEXT(2) 
PARAMETRIC_REPRESENTATION_CONTEXT() REPRESENTATION_CONTEXT('2D SPACE',''
  ) );
#12849 = PCURVE('',#11662,#12850);
#12850 = DEFINITIONAL_REPRESENTATION('',(#12851),#12855);
#12851 = LINE('',#12852,#12853);
#12852 = CARTESIAN_POINT('',(0.28995159989,0.));
#12853 = VECTOR('',#12854,1.);
#12854 = DIRECTION('',(0.,-1.));
#12855 = ( GEOMETRIC_REPRESENTATION_CONTEXT(2) 
PARAMETRIC_REPRESENTATION_CONTEXT() REPRESENTATION_CONTEXT('2D SPACE',''
  ) );
#12856 = ORIENTED_EDGE('',*,*,#12857,.T.);
#12857 = EDGE_CURVE('',#12835,#12788,#12858,.T.);
#12858 = SURFACE_CURVE('',#12859,(#12863,#12869),.PCURVE_S1.);
#12859 = LINE('',#12860,#12861);
#12860 = CARTESIAN_POINT('',(-120.0921430595,38.45,58.501409180445));
#12861 = VECTOR('',#12862,1.);
#12862 = DIRECTION('',(-0.478351595851,0.,0.878168406825));
#12863 = PCURVE('',#11688,#12864);
#12864 = DEFINITIONAL_REPRESENTATION('',(#12865),#12868);
#12865 = B_SPLINE_CURVE_WITH_KNOTS('',1,(#12866,#12867),.UNSPECIFIED.,
  .F.,.F.,(2,2),(-7.248789997249E-02,0.217463699917),
  .PIECEWISE_BEZIER_KNOTS.);
#12866 = CARTESIAN_POINT('',(0.,-3.85));
#12867 = CARTESIAN_POINT('',(0.28995159989,-3.85));
#12868 = ( GEOMETRIC_REPRESENTATION_CONTEXT(2) 
PARAMETRIC_REPRESENTATION_CONTEXT() REPRESENTATION_CONTEXT('2D SPACE',''
  ) );
#12869 = PCURVE('',#12170,#12870);
#12870 = DEFINITIONAL_REPRESENTATION('',(#12871),#12874);
#12871 = B_SPLINE_CURVE_WITH_KNOTS('',1,(#12872,#12873),.UNSPECIFIED.,
  .F.,.F.,(2,2),(-7.248789997249E-02,0.217463699917),
  .PIECEWISE_BEZIER_KNOTS.);
#12872 = CARTESIAN_POINT('',(1.437752596812,2.942531643051));
#12873 = CARTESIAN_POINT('',(1.692378931344,2.803832832525));
#12874 = ( GEOMETRIC_REPRESENTATION_CONTEXT(2) 
PARAMETRIC_REPRESENTATION_CONTEXT() REPRESENTATION_CONTEXT('2D SPACE',''
  ) );
#12875 = ORIENTED_EDGE('',*,*,#12787,.F.);
#12876 = ADVANCED_FACE('',(#12877),#11662,.T.);
#12877 = FACE_BOUND('',#12878,.T.);
#12878 = EDGE_LOOP('',(#12879,#12880,#12903,#12922));
#12879 = ORIENTED_EDGE('',*,*,#11647,.F.);
#12880 = ORIENTED_EDGE('',*,*,#12881,.T.);
#12881 = EDGE_CURVE('',#11622,#12882,#12884,.T.);
#12882 = VERTEX_POINT('',#12883);
#12883 = CARTESIAN_POINT('',(-119.9418343389,38.45,58.171856556685));
#12884 = SURFACE_CURVE('',#12885,(#12889,#12896),.PCURVE_S1.);
#12885 = LINE('',#12886,#12887);
#12886 = CARTESIAN_POINT('',(-119.9418343389,42.3,58.171856556685));
#12887 = VECTOR('',#12888,1.);
#12888 = DIRECTION('',(0.,-1.,0.));
#12889 = PCURVE('',#11662,#12890);
#12890 = DEFINITIONAL_REPRESENTATION('',(#12891),#12895);
#12891 = LINE('',#12892,#12893);
#12892 = CARTESIAN_POINT('',(0.,0.));
#12893 = VECTOR('',#12894,1.);
#12894 = DIRECTION('',(0.,-1.));
#12895 = ( GEOMETRIC_REPRESENTATION_CONTEXT(2) 
PARAMETRIC_REPRESENTATION_CONTEXT() REPRESENTATION_CONTEXT('2D SPACE',''
  ) );
#12896 = PCURVE('',#11636,#12897);
#12897 = DEFINITIONAL_REPRESENTATION('',(#12898),#12902);
#12898 = LINE('',#12899,#12900);
#12899 = CARTESIAN_POINT('',(0.28995159989,0.));
#12900 = VECTOR('',#12901,1.);
#12901 = DIRECTION('',(0.,-1.));
#12902 = ( GEOMETRIC_REPRESENTATION_CONTEXT(2) 
PARAMETRIC_REPRESENTATION_CONTEXT() REPRESENTATION_CONTEXT('2D SPACE',''
  ) );
#12903 = ORIENTED_EDGE('',*,*,#12904,.T.);
#12904 = EDGE_CURVE('',#12882,#12835,#12905,.T.);
#12905 = SURFACE_CURVE('',#12906,(#12910,#12916),.PCURVE_S1.);
#12906 = LINE('',#12907,#12908);
#12907 = CARTESIAN_POINT('',(-119.9707428434,38.45,58.238330566717));
#12908 = VECTOR('',#12909,1.);
#12909 = DIRECTION('',(-0.398804552427,0.,0.917035947476));
#12910 = PCURVE('',#11662,#12911);
#12911 = DEFINITIONAL_REPRESENTATION('',(#12912),#12915);
#12912 = B_SPLINE_CURVE_WITH_KNOTS('',1,(#12913,#12914),.UNSPECIFIED.,
  .F.,.F.,(2,2),(-7.248789997243E-02,0.217463699917),
  .PIECEWISE_BEZIER_KNOTS.);
#12913 = CARTESIAN_POINT('',(0.,-3.85));
#12914 = CARTESIAN_POINT('',(0.28995159989,-3.85));
#12915 = ( GEOMETRIC_REPRESENTATION_CONTEXT(2) 
PARAMETRIC_REPRESENTATION_CONTEXT() REPRESENTATION_CONTEXT('2D SPACE',''
  ) );
#12916 = PCURVE('',#12170,#12917);
#12917 = DEFINITIONAL_REPRESENTATION('',(#12918),#12921);
#12918 = B_SPLINE_CURVE_WITH_KNOTS('',1,(#12919,#12920),.UNSPECIFIED.,
  .F.,.F.,(2,2),(-7.248789997243E-02,0.217463699917),
  .PIECEWISE_BEZIER_KNOTS.);
#12919 = CARTESIAN_POINT('',(1.171856556685,3.058165661071));
#12920 = CARTESIAN_POINT('',(1.437752596812,2.942531643052));
#12921 = ( GEOMETRIC_REPRESENTATION_CONTEXT(2) 
PARAMETRIC_REPRESENTATION_CONTEXT() REPRESENTATION_CONTEXT('2D SPACE',''
  ) );
#12922 = ORIENTED_EDGE('',*,*,#12834,.F.);
#12923 = ADVANCED_FACE('',(#12924),#11636,.T.);
#12924 = FACE_BOUND('',#12925,.T.);
#12925 = EDGE_LOOP('',(#12926,#12927,#12950,#12969));
#12926 = ORIENTED_EDGE('',*,*,#11621,.F.);
#12927 = ORIENTED_EDGE('',*,*,#12928,.T.);
#12928 = EDGE_CURVE('',#11596,#12929,#12931,.T.);
#12929 = VERTEX_POINT('',#12930);
#12930 = CARTESIAN_POINT('',(-119.8501715011,38.45,57.896775015226));
#12931 = SURFACE_CURVE('',#12932,(#12936,#12943),.PCURVE_S1.);
#12932 = LINE('',#12933,#12934);
#12933 = CARTESIAN_POINT('',(-119.8501715011,42.3,57.896775015226));
#12934 = VECTOR('',#12935,1.);
#12935 = DIRECTION('',(0.,-1.,0.));
#12936 = PCURVE('',#11636,#12937);
#12937 = DEFINITIONAL_REPRESENTATION('',(#12938),#12942);
#12938 = LINE('',#12939,#12940);
#12939 = CARTESIAN_POINT('',(0.,0.));
#12940 = VECTOR('',#12941,1.);
#12941 = DIRECTION('',(0.,-1.));
#12942 = ( GEOMETRIC_REPRESENTATION_CONTEXT(2) 
PARAMETRIC_REPRESENTATION_CONTEXT() REPRESENTATION_CONTEXT('2D SPACE',''
  ) );
#12943 = PCURVE('',#11610,#12944);
#12944 = DEFINITIONAL_REPRESENTATION('',(#12945),#12949);
#12945 = LINE('',#12946,#12947);
#12946 = CARTESIAN_POINT('',(0.28995159989,0.));
#12947 = VECTOR('',#12948,1.);
#12948 = DIRECTION('',(0.,-1.));
#12949 = ( GEOMETRIC_REPRESENTATION_CONTEXT(2) 
PARAMETRIC_REPRESENTATION_CONTEXT() REPRESENTATION_CONTEXT('2D SPACE',''
  ) );
#12950 = ORIENTED_EDGE('',*,*,#12951,.T.);
#12951 = EDGE_CURVE('',#12929,#12882,#12952,.T.);
#12952 = SURFACE_CURVE('',#12953,(#12957,#12963),.PCURVE_S1.);
#12953 = LINE('',#12954,#12955);
#12954 = CARTESIAN_POINT('',(-119.8730872106,38.45,57.965545400591));
#12955 = VECTOR('',#12956,1.);
#12956 = DIRECTION('',(-0.316131512287,0.,0.948715377202));
#12957 = PCURVE('',#11636,#12958);
#12958 = DEFINITIONAL_REPRESENTATION('',(#12959),#12962);
#12959 = B_SPLINE_CURVE_WITH_KNOTS('',1,(#12960,#12961),.UNSPECIFIED.,
  .F.,.F.,(2,2),(-7.24878999724E-02,0.217463699917),
  .PIECEWISE_BEZIER_KNOTS.);
#12960 = CARTESIAN_POINT('',(0.,-3.85));
#12961 = CARTESIAN_POINT('',(0.28995159989,-3.85));
#12962 = ( GEOMETRIC_REPRESENTATION_CONTEXT(2) 
PARAMETRIC_REPRESENTATION_CONTEXT() REPRESENTATION_CONTEXT('2D SPACE',''
  ) );
#12963 = PCURVE('',#12170,#12964);
#12964 = DEFINITIONAL_REPRESENTATION('',(#12965),#12968);
#12965 = B_SPLINE_CURVE_WITH_KNOTS('',1,(#12966,#12967),.UNSPECIFIED.,
  .F.,.F.,(2,2),(-7.24878999724E-02,0.217463699917),
  .PIECEWISE_BEZIER_KNOTS.);
#12966 = CARTESIAN_POINT('',(0.896775015226,3.149828498834));
#12967 = CARTESIAN_POINT('',(1.171856556685,3.058165661071));
#12968 = ( GEOMETRIC_REPRESENTATION_CONTEXT(2) 
PARAMETRIC_REPRESENTATION_CONTEXT() REPRESENTATION_CONTEXT('2D SPACE',''
  ) );
#12969 = ORIENTED_EDGE('',*,*,#12881,.F.);
#12970 = ADVANCED_FACE('',(#12971),#11610,.T.);
#12971 = FACE_BOUND('',#12972,.T.);
#12972 = EDGE_LOOP('',(#12973,#12974,#12997,#13016));
#12973 = ORIENTED_EDGE('',*,*,#11595,.F.);
#12974 = ORIENTED_EDGE('',*,*,#12975,.T.);
#12975 = EDGE_CURVE('',#11570,#12976,#12978,.T.);
#12976 = VERTEX_POINT('',#12977);
#12977 = CARTESIAN_POINT('',(-119.7831983352,38.45,57.614664176494));
#12978 = SURFACE_CURVE('',#12979,(#12983,#12990),.PCURVE_S1.);
#12979 = LINE('',#12980,#12981);
#12980 = CARTESIAN_POINT('',(-119.7831983352,42.3,57.614664176494));
#12981 = VECTOR('',#12982,1.);
#12982 = DIRECTION('',(0.,-1.,0.));
#12983 = PCURVE('',#11610,#12984);
#12984 = DEFINITIONAL_REPRESENTATION('',(#12985),#12989);
#12985 = LINE('',#12986,#12987);
#12986 = CARTESIAN_POINT('',(0.,0.));
#12987 = VECTOR('',#12988,1.);
#12988 = DIRECTION('',(0.,-1.));
#12989 = ( GEOMETRIC_REPRESENTATION_CONTEXT(2) 
PARAMETRIC_REPRESENTATION_CONTEXT() REPRESENTATION_CONTEXT('2D SPACE',''
  ) );
#12990 = PCURVE('',#11584,#12991);
#12991 = DEFINITIONAL_REPRESENTATION('',(#12992),#12996);
#12992 = LINE('',#12993,#12994);
#12993 = CARTESIAN_POINT('',(0.28995159989,0.));
#12994 = VECTOR('',#12995,1.);
#12995 = DIRECTION('',(0.,-1.));
#12996 = ( GEOMETRIC_REPRESENTATION_CONTEXT(2) 
PARAMETRIC_REPRESENTATION_CONTEXT() REPRESENTATION_CONTEXT('2D SPACE',''
  ) );
#12997 = ORIENTED_EDGE('',*,*,#12998,.T.);
#12998 = EDGE_CURVE('',#12976,#12929,#12999,.T.);
#12999 = SURFACE_CURVE('',#13000,(#13004,#13010),.PCURVE_S1.);
#13000 = LINE('',#13001,#13002);
#13001 = CARTESIAN_POINT('',(-119.7999416267,38.45,57.685191886177));
#13002 = VECTOR('',#13003,1.);
#13003 = DIRECTION('',(-0.230980501263,0.,0.972958379396));
#13004 = PCURVE('',#11610,#13005);
#13005 = DEFINITIONAL_REPRESENTATION('',(#13006),#13009);
#13006 = B_SPLINE_CURVE_WITH_KNOTS('',1,(#13007,#13008),.UNSPECIFIED.,
  .F.,.F.,(2,2),(-7.248789997238E-02,0.217463699917),
  .PIECEWISE_BEZIER_KNOTS.);
#13007 = CARTESIAN_POINT('',(0.,-3.85));
#13008 = CARTESIAN_POINT('',(0.28995159989,-3.85));
#13009 = ( GEOMETRIC_REPRESENTATION_CONTEXT(2) 
PARAMETRIC_REPRESENTATION_CONTEXT() REPRESENTATION_CONTEXT('2D SPACE',''
  ) );
#13010 = PCURVE('',#12170,#13011);
#13011 = DEFINITIONAL_REPRESENTATION('',(#13012),#13015);
#13012 = B_SPLINE_CURVE_WITH_KNOTS('',1,(#13013,#13014),.UNSPECIFIED.,
  .F.,.F.,(2,2),(-7.248789997238E-02,0.217463699917),
  .PIECEWISE_BEZIER_KNOTS.);
#13013 = CARTESIAN_POINT('',(0.614664176494,3.216801664718));
#13014 = CARTESIAN_POINT('',(0.896775015226,3.149828498834));
#13015 = ( GEOMETRIC_REPRESENTATION_CONTEXT(2) 
PARAMETRIC_REPRESENTATION_CONTEXT() REPRESENTATION_CONTEXT('2D SPACE',''
  ) );
#13016 = ORIENTED_EDGE('',*,*,#12928,.F.);
#13017 = ADVANCED_FACE('',(#13018),#11584,.T.);
#13018 = FACE_BOUND('',#13019,.T.);
#13019 = EDGE_LOOP('',(#13020,#13021,#13044,#13063));
#13020 = ORIENTED_EDGE('',*,*,#11569,.F.);
#13021 = ORIENTED_EDGE('',*,*,#13022,.T.);
#13022 = EDGE_CURVE('',#11544,#13023,#13025,.T.);
#13023 = VERTEX_POINT('',#13024);
#13024 = CARTESIAN_POINT('',(-119.7414398049,38.45,57.327735343119));
#13025 = SURFACE_CURVE('',#13026,(#13030,#13037),.PCURVE_S1.);
#13026 = LINE('',#13027,#13028);
#13027 = CARTESIAN_POINT('',(-119.7414398049,42.3,57.327735343119));
#13028 = VECTOR('',#13029,1.);
#13029 = DIRECTION('',(0.,-1.,0.));
#13030 = PCURVE('',#11584,#13031);
#13031 = DEFINITIONAL_REPRESENTATION('',(#13032),#13036);
#13032 = LINE('',#13033,#13034);
#13033 = CARTESIAN_POINT('',(0.,0.));
#13034 = VECTOR('',#13035,1.);
#13035 = DIRECTION('',(0.,-1.));
#13036 = ( GEOMETRIC_REPRESENTATION_CONTEXT(2) 
PARAMETRIC_REPRESENTATION_CONTEXT() REPRESENTATION_CONTEXT('2D SPACE',''
  ) );
#13037 = PCURVE('',#11558,#13038);
#13038 = DEFINITIONAL_REPRESENTATION('',(#13039),#13043);
#13039 = LINE('',#13040,#13041);
#13040 = CARTESIAN_POINT('',(0.28995159989,0.));
#13041 = VECTOR('',#13042,1.);
#13042 = DIRECTION('',(0.,-1.));
#13043 = ( GEOMETRIC_REPRESENTATION_CONTEXT(2) 
PARAMETRIC_REPRESENTATION_CONTEXT() REPRESENTATION_CONTEXT('2D SPACE',''
  ) );
#13044 = ORIENTED_EDGE('',*,*,#13045,.T.);
#13045 = EDGE_CURVE('',#13023,#12976,#13046,.T.);
#13046 = SURFACE_CURVE('',#13047,(#13051,#13057),.PCURVE_S1.);
#13047 = LINE('',#13048,#13049);
#13048 = CARTESIAN_POINT('',(-119.7518794375,38.45,57.399467551463));
#13049 = VECTOR('',#13050,1.);
#13050 = DIRECTION('',(-0.144018968558,0.,0.989574927277));
#13051 = PCURVE('',#11584,#13052);
#13052 = DEFINITIONAL_REPRESENTATION('',(#13053),#13056);
#13053 = B_SPLINE_CURVE_WITH_KNOTS('',1,(#13054,#13055),.UNSPECIFIED.,
  .F.,.F.,(2,2),(-7.248789997245E-02,0.217463699917),
  .PIECEWISE_BEZIER_KNOTS.);
#13054 = CARTESIAN_POINT('',(0.,-3.85));
#13055 = CARTESIAN_POINT('',(0.28995159989,-3.85));
#13056 = ( GEOMETRIC_REPRESENTATION_CONTEXT(2) 
PARAMETRIC_REPRESENTATION_CONTEXT() REPRESENTATION_CONTEXT('2D SPACE',''
  ) );
#13057 = PCURVE('',#12170,#13058);
#13058 = DEFINITIONAL_REPRESENTATION('',(#13059),#13062);
#13059 = B_SPLINE_CURVE_WITH_KNOTS('',1,(#13060,#13061),.UNSPECIFIED.,
  .F.,.F.,(2,2),(-7.248789997245E-02,0.217463699917),
  .PIECEWISE_BEZIER_KNOTS.);
#13060 = CARTESIAN_POINT('',(0.327735343119,3.258560195066));
#13061 = CARTESIAN_POINT('',(0.614664176494,3.216801664718));
#13062 = ( GEOMETRIC_REPRESENTATION_CONTEXT(2) 
PARAMETRIC_REPRESENTATION_CONTEXT() REPRESENTATION_CONTEXT('2D SPACE',''
  ) );
#13063 = ORIENTED_EDGE('',*,*,#12975,.F.);
#13064 = ADVANCED_FACE('',(#13065),#11558,.T.);
#13065 = FACE_BOUND('',#13066,.T.);
#13066 = EDGE_LOOP('',(#13067,#13068,#13091,#13110));
#13067 = ORIENTED_EDGE('',*,*,#11543,.F.);
#13068 = ORIENTED_EDGE('',*,*,#13069,.T.);
#13069 = EDGE_CURVE('',#11518,#13070,#13072,.T.);
#13070 = VERTEX_POINT('',#13071);
#13071 = CARTESIAN_POINT('',(-119.7252232309,38.45,57.038237583186));
#13072 = SURFACE_CURVE('',#13073,(#13077,#13084),.PCURVE_S1.);
#13073 = LINE('',#13074,#13075);
#13074 = CARTESIAN_POINT('',(-119.7252232309,42.3,57.038237583186));
#13075 = VECTOR('',#13076,1.);
#13076 = DIRECTION('',(0.,-1.,0.));
#13077 = PCURVE('',#11558,#13078);
#13078 = DEFINITIONAL_REPRESENTATION('',(#13079),#13083);
#13079 = LINE('',#13080,#13081);
#13080 = CARTESIAN_POINT('',(0.,0.));
#13081 = VECTOR('',#13082,1.);
#13082 = DIRECTION('',(0.,-1.));
#13083 = ( GEOMETRIC_REPRESENTATION_CONTEXT(2) 
PARAMETRIC_REPRESENTATION_CONTEXT() REPRESENTATION_CONTEXT('2D SPACE',''
  ) );
#13084 = PCURVE('',#11532,#13085);
#13085 = DEFINITIONAL_REPRESENTATION('',(#13086),#13090);
#13086 = LINE('',#13087,#13088);
#13087 = CARTESIAN_POINT('',(0.28995159989,0.));
#13088 = VECTOR('',#13089,1.);
#13089 = DIRECTION('',(0.,-1.));
#13090 = ( GEOMETRIC_REPRESENTATION_CONTEXT(2) 
PARAMETRIC_REPRESENTATION_CONTEXT() REPRESENTATION_CONTEXT('2D SPACE',''
  ) );
#13091 = ORIENTED_EDGE('',*,*,#13092,.T.);
#13092 = EDGE_CURVE('',#13070,#13023,#13093,.T.);
#13093 = SURFACE_CURVE('',#13094,(#13098,#13104),.PCURVE_S1.);
#13094 = LINE('',#13095,#13096);
#13095 = CARTESIAN_POINT('',(-119.7292773744,38.45,57.110612023169));
#13096 = VECTOR('',#13097,1.);
#13097 = DIRECTION('',(-5.592855500213E-02,0.,0.998434773401));
#13098 = PCURVE('',#11558,#13099);
#13099 = DEFINITIONAL_REPRESENTATION('',(#13100),#13103);
#13100 = B_SPLINE_CURVE_WITH_KNOTS('',1,(#13101,#13102),.UNSPECIFIED.,
  .F.,.F.,(2,2),(-7.248789997242E-02,0.217463699917),
  .PIECEWISE_BEZIER_KNOTS.);
#13101 = CARTESIAN_POINT('',(0.,-3.85));
#13102 = CARTESIAN_POINT('',(0.28995159989,-3.85));
#13103 = ( GEOMETRIC_REPRESENTATION_CONTEXT(2) 
PARAMETRIC_REPRESENTATION_CONTEXT() REPRESENTATION_CONTEXT('2D SPACE',''
  ) );
#13104 = PCURVE('',#12170,#13105);
#13105 = DEFINITIONAL_REPRESENTATION('',(#13106),#13109);
#13106 = B_SPLINE_CURVE_WITH_KNOTS('',1,(#13107,#13108),.UNSPECIFIED.,
  .F.,.F.,(2,2),(-7.248789997242E-02,0.217463699917),
  .PIECEWISE_BEZIER_KNOTS.);
#13107 = CARTESIAN_POINT('',(3.8237583186E-02,3.274776769069));
#13108 = CARTESIAN_POINT('',(0.327735343119,3.258560195066));
#13109 = ( GEOMETRIC_REPRESENTATION_CONTEXT(2) 
PARAMETRIC_REPRESENTATION_CONTEXT() REPRESENTATION_CONTEXT('2D SPACE',''
  ) );
#13110 = ORIENTED_EDGE('',*,*,#13022,.F.);
#13111 = ADVANCED_FACE('',(#13112),#11532,.T.);
#13112 = FACE_BOUND('',#13113,.T.);
#13113 = EDGE_LOOP('',(#13114,#13115,#13138,#13157));
#13114 = ORIENTED_EDGE('',*,*,#11517,.F.);
#13115 = ORIENTED_EDGE('',*,*,#13116,.T.);
#13116 = EDGE_CURVE('',#11492,#13117,#13119,.T.);
#13117 = VERTEX_POINT('',#13118);
#13118 = CARTESIAN_POINT('',(-119.7346757255,38.45,56.748440101099));
#13119 = SURFACE_CURVE('',#13120,(#13124,#13131),.PCURVE_S1.);
#13120 = LINE('',#13121,#13122);
#13121 = CARTESIAN_POINT('',(-119.7346757255,42.3,56.748440101099));
#13122 = VECTOR('',#13123,1.);
#13123 = DIRECTION('',(0.,-1.,0.));
#13124 = PCURVE('',#11532,#13125);
#13125 = DEFINITIONAL_REPRESENTATION('',(#13126),#13130);
#13126 = LINE('',#13127,#13128);
#13127 = CARTESIAN_POINT('',(0.,0.));
#13128 = VECTOR('',#13129,1.);
#13129 = DIRECTION('',(0.,-1.));
#13130 = ( GEOMETRIC_REPRESENTATION_CONTEXT(2) 
PARAMETRIC_REPRESENTATION_CONTEXT() REPRESENTATION_CONTEXT('2D SPACE',''
  ) );
#13131 = PCURVE('',#11506,#13132);
#13132 = DEFINITIONAL_REPRESENTATION('',(#13133),#13137);
#13133 = LINE('',#13134,#13135);
#13134 = CARTESIAN_POINT('',(0.28995159989,0.));
#13135 = VECTOR('',#13136,1.);
#13136 = DIRECTION('',(0.,-1.));
#13137 = ( GEOMETRIC_REPRESENTATION_CONTEXT(2) 
PARAMETRIC_REPRESENTATION_CONTEXT() REPRESENTATION_CONTEXT('2D SPACE',''
  ) );
#13138 = ORIENTED_EDGE('',*,*,#13139,.T.);
#13139 = EDGE_CURVE('',#13117,#13070,#13140,.T.);
#13140 = SURFACE_CURVE('',#13141,(#13145,#13151),.PCURVE_S1.);
#13141 = LINE('',#13142,#13143);
#13142 = CARTESIAN_POINT('',(-119.7323126019,38.45,56.820889471621));
#13143 = VECTOR('',#13144,1.);
#13144 = DIRECTION('',(3.260024993679E-02,-0.,0.99946847059));
#13145 = PCURVE('',#11532,#13146);
#13146 = DEFINITIONAL_REPRESENTATION('',(#13147),#13150);
#13147 = B_SPLINE_CURVE_WITH_KNOTS('',1,(#13148,#13149),.UNSPECIFIED.,
  .F.,.F.,(2,2),(-7.248789997244E-02,0.217463699917),
  .PIECEWISE_BEZIER_KNOTS.);
#13148 = CARTESIAN_POINT('',(0.,-3.85));
#13149 = CARTESIAN_POINT('',(0.28995159989,-3.85));
#13150 = ( GEOMETRIC_REPRESENTATION_CONTEXT(2) 
PARAMETRIC_REPRESENTATION_CONTEXT() REPRESENTATION_CONTEXT('2D SPACE',''
  ) );
#13151 = PCURVE('',#12170,#13152);
#13152 = DEFINITIONAL_REPRESENTATION('',(#13153),#13156);
#13153 = B_SPLINE_CURVE_WITH_KNOTS('',1,(#13154,#13155),.UNSPECIFIED.,
  .F.,.F.,(2,2),(-7.248789997244E-02,0.217463699917),
  .PIECEWISE_BEZIER_KNOTS.);
#13154 = CARTESIAN_POINT('',(-0.251559898901,3.265324274443));
#13155 = CARTESIAN_POINT('',(3.8237583186E-02,3.274776769069));
#13156 = ( GEOMETRIC_REPRESENTATION_CONTEXT(2) 
PARAMETRIC_REPRESENTATION_CONTEXT() REPRESENTATION_CONTEXT('2D SPACE',''
  ) );
#13157 = ORIENTED_EDGE('',*,*,#13069,.F.);
#13158 = ADVANCED_FACE('',(#13159),#11506,.T.);
#13159 = FACE_BOUND('',#13160,.T.);
#13160 = EDGE_LOOP('',(#13161,#13162,#13185,#13204));
#13161 = ORIENTED_EDGE('',*,*,#11491,.F.);
#13162 = ORIENTED_EDGE('',*,*,#13163,.T.);
#13163 = EDGE_CURVE('',#11466,#13164,#13166,.T.);
#13164 = VERTEX_POINT('',#13165);
#13165 = CARTESIAN_POINT('',(-119.7697231962,38.45,56.46061445061));
#13166 = SURFACE_CURVE('',#13167,(#13171,#13178),.PCURVE_S1.);
#13167 = LINE('',#13168,#13169);
#13168 = CARTESIAN_POINT('',(-119.7697231962,42.3,56.46061445061));
#13169 = VECTOR('',#13170,1.);
#13170 = DIRECTION('',(0.,-1.,0.));
#13171 = PCURVE('',#11506,#13172);
#13172 = DEFINITIONAL_REPRESENTATION('',(#13173),#13177);
#13173 = LINE('',#13174,#13175);
#13174 = CARTESIAN_POINT('',(0.,0.));
#13175 = VECTOR('',#13176,1.);
#13176 = DIRECTION('',(0.,-1.));
#13177 = ( GEOMETRIC_REPRESENTATION_CONTEXT(2) 
PARAMETRIC_REPRESENTATION_CONTEXT() REPRESENTATION_CONTEXT('2D SPACE',''
  ) );
#13178 = PCURVE('',#11480,#13179);
#13179 = DEFINITIONAL_REPRESENTATION('',(#13180),#13184);
#13180 = LINE('',#13181,#13182);
#13181 = CARTESIAN_POINT('',(0.28995159989,0.));
#13182 = VECTOR('',#13183,1.);
#13183 = DIRECTION('',(0.,-1.));
#13184 = ( GEOMETRIC_REPRESENTATION_CONTEXT(2) 
PARAMETRIC_REPRESENTATION_CONTEXT() REPRESENTATION_CONTEXT('2D SPACE',''
  ) );
#13185 = ORIENTED_EDGE('',*,*,#13186,.T.);
#13186 = EDGE_CURVE('',#13164,#13117,#13187,.T.);
#13187 = SURFACE_CURVE('',#13188,(#13192,#13198),.PCURVE_S1.);
#13188 = LINE('',#13189,#13190);
#13189 = CARTESIAN_POINT('',(-119.7609613285,38.45,56.532570863232));
#13190 = VECTOR('',#13191,1.);
#13191 = DIRECTION('',(0.120873520495,-0.,0.992667916296));
#13192 = PCURVE('',#11506,#13193);
#13193 = DEFINITIONAL_REPRESENTATION('',(#13194),#13197);
#13194 = B_SPLINE_CURVE_WITH_KNOTS('',1,(#13195,#13196),.UNSPECIFIED.,
  .F.,.F.,(2,2),(-7.248789997238E-02,0.217463699917),
  .PIECEWISE_BEZIER_KNOTS.);
#13195 = CARTESIAN_POINT('',(0.,-3.85));
#13196 = CARTESIAN_POINT('',(0.28995159989,-3.85));
#13197 = ( GEOMETRIC_REPRESENTATION_CONTEXT(2) 
PARAMETRIC_REPRESENTATION_CONTEXT() REPRESENTATION_CONTEXT('2D SPACE',''
  ) );
#13198 = PCURVE('',#12170,#13199);
#13199 = DEFINITIONAL_REPRESENTATION('',(#13200),#13203);
#13200 = B_SPLINE_CURVE_WITH_KNOTS('',1,(#13201,#13202),.UNSPECIFIED.,
  .F.,.F.,(2,2),(-7.248789997238E-02,0.217463699917),
  .PIECEWISE_BEZIER_KNOTS.);
#13201 = CARTESIAN_POINT('',(-0.53938554939,3.230276803791));
#13202 = CARTESIAN_POINT('',(-0.251559898901,3.265324274443));
#13203 = ( GEOMETRIC_REPRESENTATION_CONTEXT(2) 
PARAMETRIC_REPRESENTATION_CONTEXT() REPRESENTATION_CONTEXT('2D SPACE',''
  ) );
#13204 = ORIENTED_EDGE('',*,*,#13116,.F.);
#13205 = ADVANCED_FACE('',(#13206),#11480,.T.);
#13206 = FACE_BOUND('',#13207,.T.);
#13207 = EDGE_LOOP('',(#13208,#13209,#13232,#13251));
#13208 = ORIENTED_EDGE('',*,*,#11465,.F.);
#13209 = ORIENTED_EDGE('',*,*,#13210,.T.);
#13210 = EDGE_CURVE('',#11440,#13211,#13213,.T.);
#13211 = VERTEX_POINT('',#13212);
#13212 = CARTESIAN_POINT('',(-119.8300909261,38.45,56.17701672943));
#13213 = SURFACE_CURVE('',#13214,(#13218,#13225),.PCURVE_S1.);
#13214 = LINE('',#13215,#13216);
#13215 = CARTESIAN_POINT('',(-119.8300909261,42.3,56.17701672943));
#13216 = VECTOR('',#13217,1.);
#13217 = DIRECTION('',(0.,-1.,0.));
#13218 = PCURVE('',#11480,#13219);
#13219 = DEFINITIONAL_REPRESENTATION('',(#13220),#13224);
#13220 = LINE('',#13221,#13222);
#13221 = CARTESIAN_POINT('',(0.,0.));
#13222 = VECTOR('',#13223,1.);
#13223 = DIRECTION('',(0.,-1.));
#13224 = ( GEOMETRIC_REPRESENTATION_CONTEXT(2) 
PARAMETRIC_REPRESENTATION_CONTEXT() REPRESENTATION_CONTEXT('2D SPACE',''
  ) );
#13225 = PCURVE('',#11454,#13226);
#13226 = DEFINITIONAL_REPRESENTATION('',(#13227),#13231);
#13227 = LINE('',#13228,#13229);
#13228 = CARTESIAN_POINT('',(0.28995159989,0.));
#13229 = VECTOR('',#13230,1.);
#13230 = DIRECTION('',(0.,-1.));
#13231 = ( GEOMETRIC_REPRESENTATION_CONTEXT(2) 
PARAMETRIC_REPRESENTATION_CONTEXT() REPRESENTATION_CONTEXT('2D SPACE',''
  ) );
#13232 = ORIENTED_EDGE('',*,*,#13233,.T.);
#13233 = EDGE_CURVE('',#13211,#13164,#13234,.T.);
#13234 = SURFACE_CURVE('',#13235,(#13239,#13245),.PCURVE_S1.);
#13235 = LINE('',#13236,#13237);
#13236 = CARTESIAN_POINT('',(-119.8149989936,38.45,56.247916159725));
#13237 = VECTOR('',#13238,1.);
#13238 = DIRECTION('',(0.208199333895,-0.,0.978086416103));
#13239 = PCURVE('',#11480,#13240);
#13240 = DEFINITIONAL_REPRESENTATION('',(#13241),#13244);
#13241 = B_SPLINE_CURVE_WITH_KNOTS('',1,(#13242,#13243),.UNSPECIFIED.,
  .F.,.F.,(2,2),(-7.248789997248E-02,0.217463699917),
  .PIECEWISE_BEZIER_KNOTS.);
#13242 = CARTESIAN_POINT('',(0.,-3.85));
#13243 = CARTESIAN_POINT('',(0.28995159989,-3.85));
#13244 = ( GEOMETRIC_REPRESENTATION_CONTEXT(2) 
PARAMETRIC_REPRESENTATION_CONTEXT() REPRESENTATION_CONTEXT('2D SPACE',''
  ) );
#13245 = PCURVE('',#12170,#13246);
#13246 = DEFINITIONAL_REPRESENTATION('',(#13247),#13250);
#13247 = B_SPLINE_CURVE_WITH_KNOTS('',1,(#13248,#13249),.UNSPECIFIED.,
  .F.,.F.,(2,2),(-7.248789997248E-02,0.217463699917),
  .PIECEWISE_BEZIER_KNOTS.);
#13248 = CARTESIAN_POINT('',(-0.82298327057,3.169909073832));
#13249 = CARTESIAN_POINT('',(-0.53938554939,3.230276803791));
#13250 = ( GEOMETRIC_REPRESENTATION_CONTEXT(2) 
PARAMETRIC_REPRESENTATION_CONTEXT() REPRESENTATION_CONTEXT('2D SPACE',''
  ) );
#13251 = ORIENTED_EDGE('',*,*,#13163,.F.);
#13252 = ADVANCED_FACE('',(#13253),#11454,.T.);
#13253 = FACE_BOUND('',#13254,.T.);
#13254 = EDGE_LOOP('',(#13255,#13256,#13279,#13298));
#13255 = ORIENTED_EDGE('',*,*,#11439,.F.);
#13256 = ORIENTED_EDGE('',*,*,#13257,.T.);
#13257 = EDGE_CURVE('',#11414,#13258,#13260,.T.);
#13258 = VERTEX_POINT('',#13259);
#13259 = CARTESIAN_POINT('',(-119.9153057279,38.45,55.899869894996));
#13260 = SURFACE_CURVE('',#13261,(#13265,#13272),.PCURVE_S1.);
#13261 = LINE('',#13262,#13263);
#13262 = CARTESIAN_POINT('',(-119.9153057279,42.3,55.899869894996));
#13263 = VECTOR('',#13264,1.);
#13264 = DIRECTION('',(0.,-1.,0.));
#13265 = PCURVE('',#11454,#13266);
#13266 = DEFINITIONAL_REPRESENTATION('',(#13267),#13271);
#13267 = LINE('',#13268,#13269);
#13268 = CARTESIAN_POINT('',(0.,0.));
#13269 = VECTOR('',#13270,1.);
#13270 = DIRECTION('',(0.,-1.));
#13271 = ( GEOMETRIC_REPRESENTATION_CONTEXT(2) 
PARAMETRIC_REPRESENTATION_CONTEXT() REPRESENTATION_CONTEXT('2D SPACE',''
  ) );
#13272 = PCURVE('',#11428,#13273);
#13273 = DEFINITIONAL_REPRESENTATION('',(#13274),#13278);
#13274 = LINE('',#13275,#13276);
#13275 = CARTESIAN_POINT('',(0.28995159989,0.));
#13276 = VECTOR('',#13277,1.);
#13277 = DIRECTION('',(0.,-1.));
#13278 = ( GEOMETRIC_REPRESENTATION_CONTEXT(2) 
PARAMETRIC_REPRESENTATION_CONTEXT() REPRESENTATION_CONTEXT('2D SPACE',''
  ) );
#13279 = ORIENTED_EDGE('',*,*,#13280,.T.);
#13280 = EDGE_CURVE('',#13258,#13211,#13281,.T.);
#13281 = SURFACE_CURVE('',#13282,(#13286,#13292),.PCURVE_S1.);
#13282 = LINE('',#13283,#13284);
#13283 = CARTESIAN_POINT('',(-119.8940020274,38.45,55.969156603604));
#13284 = VECTOR('',#13285,1.);
#13285 = DIRECTION('',(0.293893193923,-0.,0.955838265904));
#13286 = PCURVE('',#11454,#13287);
#13287 = DEFINITIONAL_REPRESENTATION('',(#13288),#13291);
#13288 = B_SPLINE_CURVE_WITH_KNOTS('',1,(#13289,#13290),.UNSPECIFIED.,
  .F.,.F.,(2,2),(-7.248789997243E-02,0.217463699917),
  .PIECEWISE_BEZIER_KNOTS.);
#13289 = CARTESIAN_POINT('',(0.,-3.85));
#13290 = CARTESIAN_POINT('',(0.28995159989,-3.85));
#13291 = ( GEOMETRIC_REPRESENTATION_CONTEXT(2) 
PARAMETRIC_REPRESENTATION_CONTEXT() REPRESENTATION_CONTEXT('2D SPACE',''
  ) );
#13292 = PCURVE('',#12170,#13293);
#13293 = DEFINITIONAL_REPRESENTATION('',(#13294),#13297);
#13294 = B_SPLINE_CURVE_WITH_KNOTS('',1,(#13295,#13296),.UNSPECIFIED.,
  .F.,.F.,(2,2),(-7.248789997243E-02,0.217463699917),
  .PIECEWISE_BEZIER_KNOTS.);
#13295 = CARTESIAN_POINT('',(-1.100130105004,3.084694272057));
#13296 = CARTESIAN_POINT('',(-0.82298327057,3.169909073832));
#13297 = ( GEOMETRIC_REPRESENTATION_CONTEXT(2) 
PARAMETRIC_REPRESENTATION_CONTEXT() REPRESENTATION_CONTEXT('2D SPACE',''
  ) );
#13298 = ORIENTED_EDGE('',*,*,#13210,.F.);
#13299 = ADVANCED_FACE('',(#13300),#11428,.T.);
#13300 = FACE_BOUND('',#13301,.T.);
#13301 = EDGE_LOOP('',(#13302,#13303,#13326,#13345));
#13302 = ORIENTED_EDGE('',*,*,#11413,.F.);
#13303 = ORIENTED_EDGE('',*,*,#13304,.T.);
#13304 = EDGE_CURVE('',#11388,#13305,#13307,.T.);
#13305 = VERTEX_POINT('',#13306);
#13306 = CARTESIAN_POINT('',(-120.0246996523,38.45,55.631346339996));
#13307 = SURFACE_CURVE('',#13308,(#13312,#13319),.PCURVE_S1.);
#13308 = LINE('',#13309,#13310);
#13309 = CARTESIAN_POINT('',(-120.0246996523,42.3,55.631346339996));
#13310 = VECTOR('',#13311,1.);
#13311 = DIRECTION('',(0.,-1.,0.));
#13312 = PCURVE('',#11428,#13313);
#13313 = DEFINITIONAL_REPRESENTATION('',(#13314),#13318);
#13314 = LINE('',#13315,#13316);
#13315 = CARTESIAN_POINT('',(0.,0.));
#13316 = VECTOR('',#13317,1.);
#13317 = DIRECTION('',(0.,-1.));
#13318 = ( GEOMETRIC_REPRESENTATION_CONTEXT(2) 
PARAMETRIC_REPRESENTATION_CONTEXT() REPRESENTATION_CONTEXT('2D SPACE',''
  ) );
#13319 = PCURVE('',#11402,#13320);
#13320 = DEFINITIONAL_REPRESENTATION('',(#13321),#13325);
#13321 = LINE('',#13322,#13323);
#13322 = CARTESIAN_POINT('',(0.28995159989,0.));
#13323 = VECTOR('',#13324,1.);
#13324 = DIRECTION('',(0.,-1.));
#13325 = ( GEOMETRIC_REPRESENTATION_CONTEXT(2) 
PARAMETRIC_REPRESENTATION_CONTEXT() REPRESENTATION_CONTEXT('2D SPACE',''
  ) );
#13326 = ORIENTED_EDGE('',*,*,#13327,.T.);
#13327 = EDGE_CURVE('',#13305,#13258,#13328,.T.);
#13328 = SURFACE_CURVE('',#13329,(#13333,#13339),.PCURVE_S1.);
#13329 = LINE('',#13330,#13331);
#13330 = CARTESIAN_POINT('',(-119.9973511712,38.45,55.698477228746));
#13331 = VECTOR('',#13332,1.);
#13332 = DIRECTION('',(0.377283396298,-0.,0.926097855994));
#13333 = PCURVE('',#11428,#13334);
#13334 = DEFINITIONAL_REPRESENTATION('',(#13335),#13338);
#13335 = B_SPLINE_CURVE_WITH_KNOTS('',1,(#13336,#13337),.UNSPECIFIED.,
  .F.,.F.,(2,2),(-7.248789997239E-02,0.217463699917),
  .PIECEWISE_BEZIER_KNOTS.);
#13336 = CARTESIAN_POINT('',(0.,-3.85));
#13337 = CARTESIAN_POINT('',(0.28995159989,-3.85));
#13338 = ( GEOMETRIC_REPRESENTATION_CONTEXT(2) 
PARAMETRIC_REPRESENTATION_CONTEXT() REPRESENTATION_CONTEXT('2D SPACE',''
  ) );
#13339 = PCURVE('',#12170,#13340);
#13340 = DEFINITIONAL_REPRESENTATION('',(#13341),#13344);
#13341 = B_SPLINE_CURVE_WITH_KNOTS('',1,(#13342,#13343),.UNSPECIFIED.,
  .F.,.F.,(2,2),(-7.248789997239E-02,0.217463699917),
  .PIECEWISE_BEZIER_KNOTS.);
#13342 = CARTESIAN_POINT('',(-1.368653660004,2.975300347689));
#13343 = CARTESIAN_POINT('',(-1.100130105004,3.084694272057));
#13344 = ( GEOMETRIC_REPRESENTATION_CONTEXT(2) 
PARAMETRIC_REPRESENTATION_CONTEXT() REPRESENTATION_CONTEXT('2D SPACE',''
  ) );
#13345 = ORIENTED_EDGE('',*,*,#13257,.F.);
#13346 = ADVANCED_FACE('',(#13347),#11402,.T.);
#13347 = FACE_BOUND('',#13348,.T.);
#13348 = EDGE_LOOP('',(#13349,#13350,#13373,#13392));
#13349 = ORIENTED_EDGE('',*,*,#11387,.F.);
#13350 = ORIENTED_EDGE('',*,*,#13351,.T.);
#13351 = EDGE_CURVE('',#11362,#13352,#13354,.T.);
#13352 = VERTEX_POINT('',#13353);
#13353 = CARTESIAN_POINT('',(-120.1574152239,38.45,55.373550864253));
#13354 = SURFACE_CURVE('',#13355,(#13359,#13366),.PCURVE_S1.);
#13355 = LINE('',#13356,#13357);
#13356 = CARTESIAN_POINT('',(-120.1574152239,42.3,55.373550864253));
#13357 = VECTOR('',#13358,1.);
#13358 = DIRECTION('',(0.,-1.,0.));
#13359 = PCURVE('',#11402,#13360);
#13360 = DEFINITIONAL_REPRESENTATION('',(#13361),#13365);
#13361 = LINE('',#13362,#13363);
#13362 = CARTESIAN_POINT('',(0.,0.));
#13363 = VECTOR('',#13364,1.);
#13364 = DIRECTION('',(0.,-1.));
#13365 = ( GEOMETRIC_REPRESENTATION_CONTEXT(2) 
PARAMETRIC_REPRESENTATION_CONTEXT() REPRESENTATION_CONTEXT('2D SPACE',''
  ) );
#13366 = PCURVE('',#11376,#13367);
#13367 = DEFINITIONAL_REPRESENTATION('',(#13368),#13372);
#13368 = LINE('',#13369,#13370);
#13369 = CARTESIAN_POINT('',(0.28995159989,0.));
#13370 = VECTOR('',#13371,1.);
#13371 = DIRECTION('',(0.,-1.));
#13372 = ( GEOMETRIC_REPRESENTATION_CONTEXT(2) 
PARAMETRIC_REPRESENTATION_CONTEXT() REPRESENTATION_CONTEXT('2D SPACE',''
  ) );
#13373 = ORIENTED_EDGE('',*,*,#13374,.T.);
#13374 = EDGE_CURVE('',#13352,#13305,#13375,.T.);
#13375 = SURFACE_CURVE('',#13376,(#13380,#13386),.PCURVE_S1.);
#13376 = LINE('',#13377,#13378);
#13377 = CARTESIAN_POINT('',(-120.124236331,38.45,55.437999733188));
#13378 = VECTOR('',#13379,1.);
#13379 = DIRECTION('',(0.457716293772,-0.,0.889098304135));
#13380 = PCURVE('',#11402,#13381);
#13381 = DEFINITIONAL_REPRESENTATION('',(#13382),#13385);
#13382 = B_SPLINE_CURVE_WITH_KNOTS('',1,(#13383,#13384),.UNSPECIFIED.,
  .F.,.F.,(2,2),(-7.248789997241E-02,0.217463699917),
  .PIECEWISE_BEZIER_KNOTS.);
#13383 = CARTESIAN_POINT('',(0.,-3.85));
#13384 = CARTESIAN_POINT('',(0.28995159989,-3.85));
#13385 = ( GEOMETRIC_REPRESENTATION_CONTEXT(2) 
PARAMETRIC_REPRESENTATION_CONTEXT() REPRESENTATION_CONTEXT('2D SPACE',''
  ) );
#13386 = PCURVE('',#12170,#13387);
#13387 = DEFINITIONAL_REPRESENTATION('',(#13388),#13391);
#13388 = B_SPLINE_CURVE_WITH_KNOTS('',1,(#13389,#13390),.UNSPECIFIED.,
  .F.,.F.,(2,2),(-7.248789997241E-02,0.217463699917),
  .PIECEWISE_BEZIER_KNOTS.);
#13389 = CARTESIAN_POINT('',(-1.626449135747,2.842584776014));
#13390 = CARTESIAN_POINT('',(-1.368653660004,2.975300347689));
#13391 = ( GEOMETRIC_REPRESENTATION_CONTEXT(2) 
PARAMETRIC_REPRESENTATION_CONTEXT() REPRESENTATION_CONTEXT('2D SPACE',''
  ) );
#13392 = ORIENTED_EDGE('',*,*,#13304,.F.);
#13393 = ADVANCED_FACE('',(#13394),#11376,.T.);
#13394 = FACE_BOUND('',#13395,.T.);
#13395 = EDGE_LOOP('',(#13396,#13397,#13420,#13439));
#13396 = ORIENTED_EDGE('',*,*,#11361,.F.);
#13397 = ORIENTED_EDGE('',*,*,#13398,.T.);
#13398 = EDGE_CURVE('',#11336,#13399,#13401,.T.);
#13399 = VERTEX_POINT('',#13400);
#13400 = CARTESIAN_POINT('',(-120.3124121628,38.45,55.128504176421));
#13401 = SURFACE_CURVE('',#13402,(#13406,#13413),.PCURVE_S1.);
#13402 = LINE('',#13403,#13404);
#13403 = CARTESIAN_POINT('',(-120.3124121628,42.3,55.128504176421));
#13404 = VECTOR('',#13405,1.);
#13405 = DIRECTION('',(0.,-1.,0.));
#13406 = PCURVE('',#11376,#13407);
#13407 = DEFINITIONAL_REPRESENTATION('',(#13408),#13412);
#13408 = LINE('',#13409,#13410);
#13409 = CARTESIAN_POINT('',(0.,0.));
#13410 = VECTOR('',#13411,1.);
#13411 = DIRECTION('',(0.,-1.));
#13412 = ( GEOMETRIC_REPRESENTATION_CONTEXT(2) 
PARAMETRIC_REPRESENTATION_CONTEXT() REPRESENTATION_CONTEXT('2D SPACE',''
  ) );
#13413 = PCURVE('',#11350,#13414);
#13414 = DEFINITIONAL_REPRESENTATION('',(#13415),#13419);
#13415 = LINE('',#13416,#13417);
#13416 = CARTESIAN_POINT('',(0.28995159989,0.));
#13417 = VECTOR('',#13418,1.);
#13418 = DIRECTION('',(0.,-1.));
#13419 = ( GEOMETRIC_REPRESENTATION_CONTEXT(2) 
PARAMETRIC_REPRESENTATION_CONTEXT() REPRESENTATION_CONTEXT('2D SPACE',''
  ) );
#13420 = ORIENTED_EDGE('',*,*,#13421,.T.);
#13421 = EDGE_CURVE('',#13399,#13352,#13422,.T.);
#13422 = SURFACE_CURVE('',#13423,(#13427,#13433),.PCURVE_S1.);
#13423 = LINE('',#13424,#13425);
#13424 = CARTESIAN_POINT('',(-120.2736629281,38.45,55.189765848379));
#13425 = VECTOR('',#13426,1.);
#13426 = DIRECTION('',(0.534561419686,-0.,0.845129628272));
#13427 = PCURVE('',#11376,#13428);
#13428 = DEFINITIONAL_REPRESENTATION('',(#13429),#13432);
#13429 = B_SPLINE_CURVE_WITH_KNOTS('',1,(#13430,#13431),.UNSPECIFIED.,
  .F.,.F.,(2,2),(-7.248789997243E-02,0.217463699917),
  .PIECEWISE_BEZIER_KNOTS.);
#13430 = CARTESIAN_POINT('',(0.,-3.85));
#13431 = CARTESIAN_POINT('',(0.28995159989,-3.85));
#13432 = ( GEOMETRIC_REPRESENTATION_CONTEXT(2) 
PARAMETRIC_REPRESENTATION_CONTEXT() REPRESENTATION_CONTEXT('2D SPACE',''
  ) );
#13433 = PCURVE('',#12170,#13434);
#13434 = DEFINITIONAL_REPRESENTATION('',(#13435),#13438);
#13435 = B_SPLINE_CURVE_WITH_KNOTS('',1,(#13436,#13437),.UNSPECIFIED.,
  .F.,.F.,(2,2),(-7.248789997243E-02,0.217463699917),
  .PIECEWISE_BEZIER_KNOTS.);
#13436 = CARTESIAN_POINT('',(-1.871495823579,2.687587837137));
#13437 = CARTESIAN_POINT('',(-1.626449135747,2.842584776014));
#13438 = ( GEOMETRIC_REPRESENTATION_CONTEXT(2) 
PARAMETRIC_REPRESENTATION_CONTEXT() REPRESENTATION_CONTEXT('2D SPACE',''
  ) );
#13439 = ORIENTED_EDGE('',*,*,#13351,.F.);
#13440 = ADVANCED_FACE('',(#13441),#11350,.T.);
#13441 = FACE_BOUND('',#13442,.T.);
#13442 = EDGE_LOOP('',(#13443,#13444,#13467,#13486));
#13443 = ORIENTED_EDGE('',*,*,#11335,.F.);
#13444 = ORIENTED_EDGE('',*,*,#13445,.T.);
#13445 = EDGE_CURVE('',#11310,#13446,#13448,.T.);
#13446 = VERTEX_POINT('',#13447);
#13447 = CARTESIAN_POINT('',(-120.4884755381,38.45,54.898127054829));
#13448 = SURFACE_CURVE('',#13449,(#13453,#13460),.PCURVE_S1.);
#13449 = LINE('',#13450,#13451);
#13450 = CARTESIAN_POINT('',(-120.4884755381,42.3,54.898127054829));
#13451 = VECTOR('',#13452,1.);
#13452 = DIRECTION('',(0.,-1.,0.));
#13453 = PCURVE('',#11350,#13454);
#13454 = DEFINITIONAL_REPRESENTATION('',(#13455),#13459);
#13455 = LINE('',#13456,#13457);
#13456 = CARTESIAN_POINT('',(0.,0.));
#13457 = VECTOR('',#13458,1.);
#13458 = DIRECTION('',(0.,-1.));
#13459 = ( GEOMETRIC_REPRESENTATION_CONTEXT(2) 
PARAMETRIC_REPRESENTATION_CONTEXT() REPRESENTATION_CONTEXT('2D SPACE',''
  ) );
#13460 = PCURVE('',#11324,#13461);
#13461 = DEFINITIONAL_REPRESENTATION('',(#13462),#13466);
#13462 = LINE('',#13463,#13464);
#13463 = CARTESIAN_POINT('',(0.28995159989,0.));
#13464 = VECTOR('',#13465,1.);
#13465 = DIRECTION('',(0.,-1.));
#13466 = ( GEOMETRIC_REPRESENTATION_CONTEXT(2) 
PARAMETRIC_REPRESENTATION_CONTEXT() REPRESENTATION_CONTEXT('2D SPACE',''
  ) );
#13467 = ORIENTED_EDGE('',*,*,#13468,.T.);
#13468 = EDGE_CURVE('',#13446,#13399,#13469,.T.);
#13469 = SURFACE_CURVE('',#13470,(#13474,#13480),.PCURVE_S1.);
#13470 = LINE('',#13471,#13472);
#13471 = CARTESIAN_POINT('',(-120.4444596943,38.45,54.955721335227));
#13472 = VECTOR('',#13473,1.);
#13473 = DIRECTION('',(0.607216429834,-0.,0.79453647326));
#13474 = PCURVE('',#11350,#13475);
#13475 = DEFINITIONAL_REPRESENTATION('',(#13476),#13479);
#13476 = B_SPLINE_CURVE_WITH_KNOTS('',1,(#13477,#13478),.UNSPECIFIED.,
  .F.,.F.,(2,2),(-7.248789997246E-02,0.217463699917),
  .PIECEWISE_BEZIER_KNOTS.);
#13477 = CARTESIAN_POINT('',(0.,-3.85));
#13478 = CARTESIAN_POINT('',(0.28995159989,-3.85));
#13479 = ( GEOMETRIC_REPRESENTATION_CONTEXT(2) 
PARAMETRIC_REPRESENTATION_CONTEXT() REPRESENTATION_CONTEXT('2D SPACE',''
  ) );
#13480 = PCURVE('',#12170,#13481);
#13481 = DEFINITIONAL_REPRESENTATION('',(#13482),#13485);
#13482 = B_SPLINE_CURVE_WITH_KNOTS('',1,(#13483,#13484),.UNSPECIFIED.,
  .F.,.F.,(2,2),(-7.248789997246E-02,0.217463699917),
  .PIECEWISE_BEZIER_KNOTS.);
#13483 = CARTESIAN_POINT('',(-2.101872945171,2.511524461827));
#13484 = CARTESIAN_POINT('',(-1.871495823579,2.687587837137));
#13485 = ( GEOMETRIC_REPRESENTATION_CONTEXT(2) 
PARAMETRIC_REPRESENTATION_CONTEXT() REPRESENTATION_CONTEXT('2D SPACE',''
  ) );
#13486 = ORIENTED_EDGE('',*,*,#13398,.F.);
#13487 = ADVANCED_FACE('',(#13488),#11324,.T.);
#13488 = FACE_BOUND('',#13489,.T.);
#13489 = EDGE_LOOP('',(#13490,#13491,#13514,#13533));
#13490 = ORIENTED_EDGE('',*,*,#11309,.F.);
#13491 = ORIENTED_EDGE('',*,*,#13492,.T.);
#13492 = EDGE_CURVE('',#11284,#13493,#13495,.T.);
#13493 = VERTEX_POINT('',#13494);
#13494 = CARTESIAN_POINT('',(-120.6842252916,38.45,54.684225291614));
#13495 = SURFACE_CURVE('',#13496,(#13500,#13507),.PCURVE_S1.);
#13496 = LINE('',#13497,#13498);
#13497 = CARTESIAN_POINT('',(-120.6842252916,42.3,54.684225291614));
#13498 = VECTOR('',#13499,1.);
#13499 = DIRECTION('',(0.,-1.,0.));
#13500 = PCURVE('',#11324,#13501);
#13501 = DEFINITIONAL_REPRESENTATION('',(#13502),#13506);
#13502 = LINE('',#13503,#13504);
#13503 = CARTESIAN_POINT('',(0.,0.));
#13504 = VECTOR('',#13505,1.);
#13505 = DIRECTION('',(0.,-1.));
#13506 = ( GEOMETRIC_REPRESENTATION_CONTEXT(2) 
PARAMETRIC_REPRESENTATION_CONTEXT() REPRESENTATION_CONTEXT('2D SPACE',''
  ) );
#13507 = PCURVE('',#11298,#13508);
#13508 = DEFINITIONAL_REPRESENTATION('',(#13509),#13513);
#13509 = LINE('',#13510,#13511);
#13510 = CARTESIAN_POINT('',(0.28995159989,0.));
#13511 = VECTOR('',#13512,1.);
#13512 = DIRECTION('',(0.,-1.));
#13513 = ( GEOMETRIC_REPRESENTATION_CONTEXT(2) 
PARAMETRIC_REPRESENTATION_CONTEXT() REPRESENTATION_CONTEXT('2D SPACE',''
  ) );
#13514 = ORIENTED_EDGE('',*,*,#13515,.T.);
#13515 = EDGE_CURVE('',#13493,#13446,#13516,.T.);
#13516 = SURFACE_CURVE('',#13517,(#13521,#13527),.PCURVE_S1.);
#13517 = LINE('',#13518,#13519);
#13518 = CARTESIAN_POINT('',(-120.6352878532,38.45,54.737700732418));
#13519 = VECTOR('',#13520,1.);
#13520 = DIRECTION('',(0.67511182389,-0.,0.737715409385));
#13521 = PCURVE('',#11324,#13522);
#13522 = DEFINITIONAL_REPRESENTATION('',(#13523),#13526);
#13523 = B_SPLINE_CURVE_WITH_KNOTS('',1,(#13524,#13525),.UNSPECIFIED.,
  .F.,.F.,(2,2),(-7.248789997242E-02,0.217463699917),
  .PIECEWISE_BEZIER_KNOTS.);
#13524 = CARTESIAN_POINT('',(0.,-3.85));
#13525 = CARTESIAN_POINT('',(0.28995159989,-3.85));
#13526 = ( GEOMETRIC_REPRESENTATION_CONTEXT(2) 
PARAMETRIC_REPRESENTATION_CONTEXT() REPRESENTATION_CONTEXT('2D SPACE',''
  ) );
#13527 = PCURVE('',#12170,#13528);
#13528 = DEFINITIONAL_REPRESENTATION('',(#13529),#13532);
#13529 = B_SPLINE_CURVE_WITH_KNOTS('',1,(#13530,#13531),.UNSPECIFIED.,
  .F.,.F.,(2,2),(-7.248789997242E-02,0.217463699917),
  .PIECEWISE_BEZIER_KNOTS.);
#13530 = CARTESIAN_POINT('',(-2.315774708386,2.315774708386));
#13531 = CARTESIAN_POINT('',(-2.101872945171,2.511524461827));
#13532 = ( GEOMETRIC_REPRESENTATION_CONTEXT(2) 
PARAMETRIC_REPRESENTATION_CONTEXT() REPRESENTATION_CONTEXT('2D SPACE',''
  ) );
#13533 = ORIENTED_EDGE('',*,*,#13445,.F.);
#13534 = ADVANCED_FACE('',(#13535),#11298,.T.);
#13535 = FACE_BOUND('',#13536,.T.);
#13536 = EDGE_LOOP('',(#13537,#13538,#13561,#13580));
#13537 = ORIENTED_EDGE('',*,*,#11283,.F.);
#13538 = ORIENTED_EDGE('',*,*,#13539,.T.);
#13539 = EDGE_CURVE('',#11258,#13540,#13542,.T.);
#13540 = VERTEX_POINT('',#13541);
#13541 = CARTESIAN_POINT('',(-120.8981270548,38.45,54.488475538173));
#13542 = SURFACE_CURVE('',#13543,(#13547,#13554),.PCURVE_S1.);
#13543 = LINE('',#13544,#13545);
#13544 = CARTESIAN_POINT('',(-120.8981270548,42.3,54.488475538173));
#13545 = VECTOR('',#13546,1.);
#13546 = DIRECTION('',(0.,-1.,0.));
#13547 = PCURVE('',#11298,#13548);
#13548 = DEFINITIONAL_REPRESENTATION('',(#13549),#13553);
#13549 = LINE('',#13550,#13551);
#13550 = CARTESIAN_POINT('',(0.,0.));
#13551 = VECTOR('',#13552,1.);
#13552 = DIRECTION('',(0.,-1.));
#13553 = ( GEOMETRIC_REPRESENTATION_CONTEXT(2) 
PARAMETRIC_REPRESENTATION_CONTEXT() REPRESENTATION_CONTEXT('2D SPACE',''
  ) );
#13554 = PCURVE('',#11272,#13555);
#13555 = DEFINITIONAL_REPRESENTATION('',(#13556),#13560);
#13556 = LINE('',#13557,#13558);
#13557 = CARTESIAN_POINT('',(0.28995159989,0.));
#13558 = VECTOR('',#13559,1.);
#13559 = DIRECTION('',(0.,-1.));
#13560 = ( GEOMETRIC_REPRESENTATION_CONTEXT(2) 
PARAMETRIC_REPRESENTATION_CONTEXT() REPRESENTATION_CONTEXT('2D SPACE',''
  ) );
#13561 = ORIENTED_EDGE('',*,*,#13562,.T.);
#13562 = EDGE_CURVE('',#13540,#13493,#13563,.T.);
#13563 = SURFACE_CURVE('',#13564,(#13568,#13574),.PCURVE_S1.);
#13564 = LINE('',#13565,#13566);
#13565 = CARTESIAN_POINT('',(-120.844651614,38.45,54.537412976533));
#13566 = VECTOR('',#13567,1.);
#13567 = DIRECTION('',(0.737715409385,-0.,0.67511182389));
#13568 = PCURVE('',#11298,#13569);
#13569 = DEFINITIONAL_REPRESENTATION('',(#13570),#13573);
#13570 = B_SPLINE_CURVE_WITH_KNOTS('',1,(#13571,#13572),.UNSPECIFIED.,
  .F.,.F.,(2,2),(-7.248789997244E-02,0.217463699917),
  .PIECEWISE_BEZIER_KNOTS.);
#13571 = CARTESIAN_POINT('',(0.,-3.85));
#13572 = CARTESIAN_POINT('',(0.28995159989,-3.85));
#13573 = ( GEOMETRIC_REPRESENTATION_CONTEXT(2) 
PARAMETRIC_REPRESENTATION_CONTEXT() REPRESENTATION_CONTEXT('2D SPACE',''
  ) );
#13574 = PCURVE('',#12170,#13575);
#13575 = DEFINITIONAL_REPRESENTATION('',(#13576),#13579);
#13576 = B_SPLINE_CURVE_WITH_KNOTS('',1,(#13577,#13578),.UNSPECIFIED.,
  .F.,.F.,(2,2),(-7.248789997244E-02,0.217463699917),
  .PIECEWISE_BEZIER_KNOTS.);
#13577 = CARTESIAN_POINT('',(-2.511524461827,2.101872945171));
#13578 = CARTESIAN_POINT('',(-2.315774708386,2.315774708386));
#13579 = ( GEOMETRIC_REPRESENTATION_CONTEXT(2) 
PARAMETRIC_REPRESENTATION_CONTEXT() REPRESENTATION_CONTEXT('2D SPACE',''
  ) );
#13580 = ORIENTED_EDGE('',*,*,#13492,.F.);
#13581 = ADVANCED_FACE('',(#13582),#11272,.T.);
#13582 = FACE_BOUND('',#13583,.T.);
#13583 = EDGE_LOOP('',(#13584,#13585,#13608,#13627));
#13584 = ORIENTED_EDGE('',*,*,#11257,.F.);
#13585 = ORIENTED_EDGE('',*,*,#13586,.T.);
#13586 = EDGE_CURVE('',#11232,#13587,#13589,.T.);
#13587 = VERTEX_POINT('',#13588);
#13588 = CARTESIAN_POINT('',(-121.1285041764,38.45,54.312412162863));
#13589 = SURFACE_CURVE('',#13590,(#13594,#13601),.PCURVE_S1.);
#13590 = LINE('',#13591,#13592);
#13591 = CARTESIAN_POINT('',(-121.1285041764,42.3,54.312412162863));
#13592 = VECTOR('',#13593,1.);
#13593 = DIRECTION('',(0.,-1.,0.));
#13594 = PCURVE('',#11272,#13595);
#13595 = DEFINITIONAL_REPRESENTATION('',(#13596),#13600);
#13596 = LINE('',#13597,#13598);
#13597 = CARTESIAN_POINT('',(0.,0.));
#13598 = VECTOR('',#13599,1.);
#13599 = DIRECTION('',(0.,-1.));
#13600 = ( GEOMETRIC_REPRESENTATION_CONTEXT(2) 
PARAMETRIC_REPRESENTATION_CONTEXT() REPRESENTATION_CONTEXT('2D SPACE',''
  ) );
#13601 = PCURVE('',#11246,#13602);
#13602 = DEFINITIONAL_REPRESENTATION('',(#13603),#13607);
#13603 = LINE('',#13604,#13605);
#13604 = CARTESIAN_POINT('',(0.28995159989,0.));
#13605 = VECTOR('',#13606,1.);
#13606 = DIRECTION('',(0.,-1.));
#13607 = ( GEOMETRIC_REPRESENTATION_CONTEXT(2) 
PARAMETRIC_REPRESENTATION_CONTEXT() REPRESENTATION_CONTEXT('2D SPACE',''
  ) );
#13608 = ORIENTED_EDGE('',*,*,#13609,.T.);
#13609 = EDGE_CURVE('',#13587,#13540,#13610,.T.);
#13610 = SURFACE_CURVE('',#13611,(#13615,#13621),.PCURVE_S1.);
#13611 = LINE('',#13612,#13613);
#13612 = CARTESIAN_POINT('',(-121.070909896,38.45,54.356428006691));
#13613 = VECTOR('',#13614,1.);
#13614 = DIRECTION('',(0.79453647326,-0.,0.607216429834));
#13615 = PCURVE('',#11272,#13616);
#13616 = DEFINITIONAL_REPRESENTATION('',(#13617),#13620);
#13617 = B_SPLINE_CURVE_WITH_KNOTS('',1,(#13618,#13619),.UNSPECIFIED.,
  .F.,.F.,(2,2),(-7.248789997241E-02,0.217463699917),
  .PIECEWISE_BEZIER_KNOTS.);
#13618 = CARTESIAN_POINT('',(0.,-3.85));
#13619 = CARTESIAN_POINT('',(0.28995159989,-3.85));
#13620 = ( GEOMETRIC_REPRESENTATION_CONTEXT(2) 
PARAMETRIC_REPRESENTATION_CONTEXT() REPRESENTATION_CONTEXT('2D SPACE',''
  ) );
#13621 = PCURVE('',#12170,#13622);
#13622 = DEFINITIONAL_REPRESENTATION('',(#13623),#13626);
#13623 = B_SPLINE_CURVE_WITH_KNOTS('',1,(#13624,#13625),.UNSPECIFIED.,
  .F.,.F.,(2,2),(-7.248789997241E-02,0.217463699917),
  .PIECEWISE_BEZIER_KNOTS.);
#13624 = CARTESIAN_POINT('',(-2.687587837137,1.871495823579));
#13625 = CARTESIAN_POINT('',(-2.511524461827,2.101872945171));
#13626 = ( GEOMETRIC_REPRESENTATION_CONTEXT(2) 
PARAMETRIC_REPRESENTATION_CONTEXT() REPRESENTATION_CONTEXT('2D SPACE',''
  ) );
#13627 = ORIENTED_EDGE('',*,*,#13539,.F.);
#13628 = ADVANCED_FACE('',(#13629),#11246,.T.);
#13629 = FACE_BOUND('',#13630,.T.);
#13630 = EDGE_LOOP('',(#13631,#13632,#13655,#13674));
#13631 = ORIENTED_EDGE('',*,*,#11231,.F.);
#13632 = ORIENTED_EDGE('',*,*,#13633,.T.);
#13633 = EDGE_CURVE('',#11206,#13634,#13636,.T.);
#13634 = VERTEX_POINT('',#13635);
#13635 = CARTESIAN_POINT('',(-121.3735508642,38.45,54.157415223986));
#13636 = SURFACE_CURVE('',#13637,(#13641,#13648),.PCURVE_S1.);
#13637 = LINE('',#13638,#13639);
#13638 = CARTESIAN_POINT('',(-121.3735508642,42.3,54.157415223986));
#13639 = VECTOR('',#13640,1.);
#13640 = DIRECTION('',(0.,-1.,0.));
#13641 = PCURVE('',#11246,#13642);
#13642 = DEFINITIONAL_REPRESENTATION('',(#13643),#13647);
#13643 = LINE('',#13644,#13645);
#13644 = CARTESIAN_POINT('',(0.,0.));
#13645 = VECTOR('',#13646,1.);
#13646 = DIRECTION('',(0.,-1.));
#13647 = ( GEOMETRIC_REPRESENTATION_CONTEXT(2) 
PARAMETRIC_REPRESENTATION_CONTEXT() REPRESENTATION_CONTEXT('2D SPACE',''
  ) );
#13648 = PCURVE('',#11220,#13649);
#13649 = DEFINITIONAL_REPRESENTATION('',(#13650),#13654);
#13650 = LINE('',#13651,#13652);
#13651 = CARTESIAN_POINT('',(0.28995159989,0.));
#13652 = VECTOR('',#13653,1.);
#13653 = DIRECTION('',(0.,-1.));
#13654 = ( GEOMETRIC_REPRESENTATION_CONTEXT(2) 
PARAMETRIC_REPRESENTATION_CONTEXT() REPRESENTATION_CONTEXT('2D SPACE',''
  ) );
#13655 = ORIENTED_EDGE('',*,*,#13656,.T.);
#13656 = EDGE_CURVE('',#13634,#13587,#13657,.T.);
#13657 = SURFACE_CURVE('',#13658,(#13662,#13668),.PCURVE_S1.);
#13658 = LINE('',#13659,#13660);
#13659 = CARTESIAN_POINT('',(-121.3122891922,38.45,54.196164458705));
#13660 = VECTOR('',#13661,1.);
#13661 = DIRECTION('',(0.845129628272,-0.,0.534561419686));
#13662 = PCURVE('',#11246,#13663);
#13663 = DEFINITIONAL_REPRESENTATION('',(#13664),#13667);
#13664 = B_SPLINE_CURVE_WITH_KNOTS('',1,(#13665,#13666),.UNSPECIFIED.,
  .F.,.F.,(2,2),(-7.24878999724E-02,0.217463699917),
  .PIECEWISE_BEZIER_KNOTS.);
#13665 = CARTESIAN_POINT('',(0.,-3.85));
#13666 = CARTESIAN_POINT('',(0.28995159989,-3.85));
#13667 = ( GEOMETRIC_REPRESENTATION_CONTEXT(2) 
PARAMETRIC_REPRESENTATION_CONTEXT() REPRESENTATION_CONTEXT('2D SPACE',''
  ) );
#13668 = PCURVE('',#12170,#13669);
#13669 = DEFINITIONAL_REPRESENTATION('',(#13670),#13673);
#13670 = B_SPLINE_CURVE_WITH_KNOTS('',1,(#13671,#13672),.UNSPECIFIED.,
  .F.,.F.,(2,2),(-7.24878999724E-02,0.217463699917),
  .PIECEWISE_BEZIER_KNOTS.);
#13671 = CARTESIAN_POINT('',(-2.842584776014,1.626449135747));
#13672 = CARTESIAN_POINT('',(-2.687587837137,1.871495823579));
#13673 = ( GEOMETRIC_REPRESENTATION_CONTEXT(2) 
PARAMETRIC_REPRESENTATION_CONTEXT() REPRESENTATION_CONTEXT('2D SPACE',''
  ) );
#13674 = ORIENTED_EDGE('',*,*,#13586,.F.);
#13675 = ADVANCED_FACE('',(#13676),#11220,.T.);
#13676 = FACE_BOUND('',#13677,.T.);
#13677 = EDGE_LOOP('',(#13678,#13679,#13702,#13721));
#13678 = ORIENTED_EDGE('',*,*,#11205,.F.);
#13679 = ORIENTED_EDGE('',*,*,#13680,.T.);
#13680 = EDGE_CURVE('',#11180,#13681,#13683,.T.);
#13681 = VERTEX_POINT('',#13682);
#13682 = CARTESIAN_POINT('',(-121.6313463399,38.45,54.024699652311));
#13683 = SURFACE_CURVE('',#13684,(#13688,#13695),.PCURVE_S1.);
#13684 = LINE('',#13685,#13686);
#13685 = CARTESIAN_POINT('',(-121.6313463399,42.3,54.024699652311));
#13686 = VECTOR('',#13687,1.);
#13687 = DIRECTION('',(0.,-1.,0.));
#13688 = PCURVE('',#11220,#13689);
#13689 = DEFINITIONAL_REPRESENTATION('',(#13690),#13694);
#13690 = LINE('',#13691,#13692);
#13691 = CARTESIAN_POINT('',(0.,0.));
#13692 = VECTOR('',#13693,1.);
#13693 = DIRECTION('',(0.,-1.));
#13694 = ( GEOMETRIC_REPRESENTATION_CONTEXT(2) 
PARAMETRIC_REPRESENTATION_CONTEXT() REPRESENTATION_CONTEXT('2D SPACE',''
  ) );
#13695 = PCURVE('',#11194,#13696);
#13696 = DEFINITIONAL_REPRESENTATION('',(#13697),#13701);
#13697 = LINE('',#13698,#13699);
#13698 = CARTESIAN_POINT('',(0.28995159989,0.));
#13699 = VECTOR('',#13700,1.);
#13700 = DIRECTION('',(0.,-1.));
#13701 = ( GEOMETRIC_REPRESENTATION_CONTEXT(2) 
PARAMETRIC_REPRESENTATION_CONTEXT() REPRESENTATION_CONTEXT('2D SPACE',''
  ) );
#13702 = ORIENTED_EDGE('',*,*,#13703,.T.);
#13703 = EDGE_CURVE('',#13681,#13634,#13704,.T.);
#13704 = SURFACE_CURVE('',#13705,(#13709,#13715),.PCURVE_S1.);
#13705 = LINE('',#13706,#13707);
#13706 = CARTESIAN_POINT('',(-121.566897471,38.45,54.05787854523));
#13707 = VECTOR('',#13708,1.);
#13708 = DIRECTION('',(0.889098304135,-0.,0.457716293772));
#13709 = PCURVE('',#11220,#13710);
#13710 = DEFINITIONAL_REPRESENTATION('',(#13711),#13714);
#13711 = B_SPLINE_CURVE_WITH_KNOTS('',1,(#13712,#13713),.UNSPECIFIED.,
  .F.,.F.,(2,2),(-7.248789997246E-02,0.217463699917),
  .PIECEWISE_BEZIER_KNOTS.);
#13712 = CARTESIAN_POINT('',(0.,-3.85));
#13713 = CARTESIAN_POINT('',(0.28995159989,-3.85));
#13714 = ( GEOMETRIC_REPRESENTATION_CONTEXT(2) 
PARAMETRIC_REPRESENTATION_CONTEXT() REPRESENTATION_CONTEXT('2D SPACE',''
  ) );
#13715 = PCURVE('',#12170,#13716);
#13716 = DEFINITIONAL_REPRESENTATION('',(#13717),#13720);
#13717 = B_SPLINE_CURVE_WITH_KNOTS('',1,(#13718,#13719),.UNSPECIFIED.,
  .F.,.F.,(2,2),(-7.248789997246E-02,0.217463699917),
  .PIECEWISE_BEZIER_KNOTS.);
#13718 = CARTESIAN_POINT('',(-2.975300347689,1.368653660004));
#13719 = CARTESIAN_POINT('',(-2.842584776014,1.626449135747));
#13720 = ( GEOMETRIC_REPRESENTATION_CONTEXT(2) 
PARAMETRIC_REPRESENTATION_CONTEXT() REPRESENTATION_CONTEXT('2D SPACE',''
  ) );
#13721 = ORIENTED_EDGE('',*,*,#13633,.F.);
#13722 = ADVANCED_FACE('',(#13723),#11194,.T.);
#13723 = FACE_BOUND('',#13724,.T.);
#13724 = EDGE_LOOP('',(#13725,#13726,#13749,#13768));
#13725 = ORIENTED_EDGE('',*,*,#11179,.F.);
#13726 = ORIENTED_EDGE('',*,*,#13727,.T.);
#13727 = EDGE_CURVE('',#11154,#13728,#13730,.T.);
#13728 = VERTEX_POINT('',#13729);
#13729 = CARTESIAN_POINT('',(-121.8998698949,38.45,53.915305727943));
#13730 = SURFACE_CURVE('',#13731,(#13735,#13742),.PCURVE_S1.);
#13731 = LINE('',#13732,#13733);
#13732 = CARTESIAN_POINT('',(-121.8998698949,42.3,53.915305727943));
#13733 = VECTOR('',#13734,1.);
#13734 = DIRECTION('',(0.,-1.,0.));
#13735 = PCURVE('',#11194,#13736);
#13736 = DEFINITIONAL_REPRESENTATION('',(#13737),#13741);
#13737 = LINE('',#13738,#13739);
#13738 = CARTESIAN_POINT('',(0.,0.));
#13739 = VECTOR('',#13740,1.);
#13740 = DIRECTION('',(0.,-1.));
#13741 = ( GEOMETRIC_REPRESENTATION_CONTEXT(2) 
PARAMETRIC_REPRESENTATION_CONTEXT() REPRESENTATION_CONTEXT('2D SPACE',''
  ) );
#13742 = PCURVE('',#11168,#13743);
#13743 = DEFINITIONAL_REPRESENTATION('',(#13744),#13748);
#13744 = LINE('',#13745,#13746);
#13745 = CARTESIAN_POINT('',(0.28995159989,0.));
#13746 = VECTOR('',#13747,1.);
#13747 = DIRECTION('',(0.,-1.));
#13748 = ( GEOMETRIC_REPRESENTATION_CONTEXT(2) 
PARAMETRIC_REPRESENTATION_CONTEXT() REPRESENTATION_CONTEXT('2D SPACE',''
  ) );
#13749 = ORIENTED_EDGE('',*,*,#13750,.T.);
#13750 = EDGE_CURVE('',#13728,#13681,#13751,.T.);
#13751 = SURFACE_CURVE('',#13752,(#13756,#13762),.PCURVE_S1.);
#13752 = LINE('',#13753,#13754);
#13753 = CARTESIAN_POINT('',(-121.8327390062,38.45,53.942654209035));
#13754 = VECTOR('',#13755,1.);
#13755 = DIRECTION('',(0.926097855994,-0.,0.377283396298));
#13756 = PCURVE('',#11194,#13757);
#13757 = DEFINITIONAL_REPRESENTATION('',(#13758),#13761);
#13758 = B_SPLINE_CURVE_WITH_KNOTS('',1,(#13759,#13760),.UNSPECIFIED.,
  .F.,.F.,(2,2),(-7.248789997241E-02,0.217463699917),
  .PIECEWISE_BEZIER_KNOTS.);
#13759 = CARTESIAN_POINT('',(0.,-3.85));
#13760 = CARTESIAN_POINT('',(0.28995159989,-3.85));
#13761 = ( GEOMETRIC_REPRESENTATION_CONTEXT(2) 
PARAMETRIC_REPRESENTATION_CONTEXT() REPRESENTATION_CONTEXT('2D SPACE',''
  ) );
#13762 = PCURVE('',#12170,#13763);
#13763 = DEFINITIONAL_REPRESENTATION('',(#13764),#13767);
#13764 = B_SPLINE_CURVE_WITH_KNOTS('',1,(#13765,#13766),.UNSPECIFIED.,
  .F.,.F.,(2,2),(-7.248789997241E-02,0.217463699917),
  .PIECEWISE_BEZIER_KNOTS.);
#13765 = CARTESIAN_POINT('',(-3.084694272057,1.100130105004));
#13766 = CARTESIAN_POINT('',(-2.975300347689,1.368653660004));
#13767 = ( GEOMETRIC_REPRESENTATION_CONTEXT(2) 
PARAMETRIC_REPRESENTATION_CONTEXT() REPRESENTATION_CONTEXT('2D SPACE',''
  ) );
#13768 = ORIENTED_EDGE('',*,*,#13680,.F.);
#13769 = ADVANCED_FACE('',(#13770),#11168,.T.);
#13770 = FACE_BOUND('',#13771,.T.);
#13771 = EDGE_LOOP('',(#13772,#13773,#13796,#13815));
#13772 = ORIENTED_EDGE('',*,*,#11153,.F.);
#13773 = ORIENTED_EDGE('',*,*,#13774,.T.);
#13774 = EDGE_CURVE('',#11128,#13775,#13777,.T.);
#13775 = VERTEX_POINT('',#13776);
#13776 = CARTESIAN_POINT('',(-122.1770167294,38.45,53.830090926168));
#13777 = SURFACE_CURVE('',#13778,(#13782,#13789),.PCURVE_S1.);
#13778 = LINE('',#13779,#13780);
#13779 = CARTESIAN_POINT('',(-122.1770167294,42.3,53.830090926168));
#13780 = VECTOR('',#13781,1.);
#13781 = DIRECTION('',(0.,-1.,0.));
#13782 = PCURVE('',#11168,#13783);
#13783 = DEFINITIONAL_REPRESENTATION('',(#13784),#13788);
#13784 = LINE('',#13785,#13786);
#13785 = CARTESIAN_POINT('',(0.,0.));
#13786 = VECTOR('',#13787,1.);
#13787 = DIRECTION('',(0.,-1.));
#13788 = ( GEOMETRIC_REPRESENTATION_CONTEXT(2) 
PARAMETRIC_REPRESENTATION_CONTEXT() REPRESENTATION_CONTEXT('2D SPACE',''
  ) );
#13789 = PCURVE('',#11142,#13790);
#13790 = DEFINITIONAL_REPRESENTATION('',(#13791),#13795);
#13791 = LINE('',#13792,#13793);
#13792 = CARTESIAN_POINT('',(0.28995159989,0.));
#13793 = VECTOR('',#13794,1.);
#13794 = DIRECTION('',(0.,-1.));
#13795 = ( GEOMETRIC_REPRESENTATION_CONTEXT(2) 
PARAMETRIC_REPRESENTATION_CONTEXT() REPRESENTATION_CONTEXT('2D SPACE',''
  ) );
#13796 = ORIENTED_EDGE('',*,*,#13797,.T.);
#13797 = EDGE_CURVE('',#13775,#13728,#13798,.T.);
#13798 = SURFACE_CURVE('',#13799,(#13803,#13809),.PCURVE_S1.);
#13799 = LINE('',#13800,#13801);
#13800 = CARTESIAN_POINT('',(-122.1077300208,38.45,53.851394626612));
#13801 = VECTOR('',#13802,1.);
#13802 = DIRECTION('',(0.955838265904,-0.,0.293893193923));
#13803 = PCURVE('',#11168,#13804);
#13804 = DEFINITIONAL_REPRESENTATION('',(#13805),#13808);
#13805 = B_SPLINE_CURVE_WITH_KNOTS('',1,(#13806,#13807),.UNSPECIFIED.,
  .F.,.F.,(2,2),(-7.248789997241E-02,0.217463699917),
  .PIECEWISE_BEZIER_KNOTS.);
#13806 = CARTESIAN_POINT('',(0.,-3.85));
#13807 = CARTESIAN_POINT('',(0.28995159989,-3.85));
#13808 = ( GEOMETRIC_REPRESENTATION_CONTEXT(2) 
PARAMETRIC_REPRESENTATION_CONTEXT() REPRESENTATION_CONTEXT('2D SPACE',''
  ) );
#13809 = PCURVE('',#12170,#13810);
#13810 = DEFINITIONAL_REPRESENTATION('',(#13811),#13814);
#13811 = B_SPLINE_CURVE_WITH_KNOTS('',1,(#13812,#13813),.UNSPECIFIED.,
  .F.,.F.,(2,2),(-7.248789997241E-02,0.217463699917),
  .PIECEWISE_BEZIER_KNOTS.);
#13812 = CARTESIAN_POINT('',(-3.169909073832,0.82298327057));
#13813 = CARTESIAN_POINT('',(-3.084694272057,1.100130105004));
#13814 = ( GEOMETRIC_REPRESENTATION_CONTEXT(2) 
PARAMETRIC_REPRESENTATION_CONTEXT() REPRESENTATION_CONTEXT('2D SPACE',''
  ) );
#13815 = ORIENTED_EDGE('',*,*,#13727,.F.);
#13816 = ADVANCED_FACE('',(#13817),#11142,.T.);
#13817 = FACE_BOUND('',#13818,.T.);
#13818 = EDGE_LOOP('',(#13819,#13820,#13843,#13862));
#13819 = ORIENTED_EDGE('',*,*,#11127,.F.);
#13820 = ORIENTED_EDGE('',*,*,#13821,.T.);
#13821 = EDGE_CURVE('',#11102,#13822,#13824,.T.);
#13822 = VERTEX_POINT('',#13823);
#13823 = CARTESIAN_POINT('',(-122.4606144506,38.45,53.769723196209));
#13824 = SURFACE_CURVE('',#13825,(#13829,#13836),.PCURVE_S1.);
#13825 = LINE('',#13826,#13827);
#13826 = CARTESIAN_POINT('',(-122.4606144506,42.3,53.769723196209));
#13827 = VECTOR('',#13828,1.);
#13828 = DIRECTION('',(0.,-1.,0.));
#13829 = PCURVE('',#11142,#13830);
#13830 = DEFINITIONAL_REPRESENTATION('',(#13831),#13835);
#13831 = LINE('',#13832,#13833);
#13832 = CARTESIAN_POINT('',(0.,0.));
#13833 = VECTOR('',#13834,1.);
#13834 = DIRECTION('',(0.,-1.));
#13835 = ( GEOMETRIC_REPRESENTATION_CONTEXT(2) 
PARAMETRIC_REPRESENTATION_CONTEXT() REPRESENTATION_CONTEXT('2D SPACE',''
  ) );
#13836 = PCURVE('',#11116,#13837);
#13837 = DEFINITIONAL_REPRESENTATION('',(#13838),#13842);
#13838 = LINE('',#13839,#13840);
#13839 = CARTESIAN_POINT('',(0.28995159989,0.));
#13840 = VECTOR('',#13841,1.);
#13841 = DIRECTION('',(0.,-1.));
#13842 = ( GEOMETRIC_REPRESENTATION_CONTEXT(2) 
PARAMETRIC_REPRESENTATION_CONTEXT() REPRESENTATION_CONTEXT('2D SPACE',''
  ) );
#13843 = ORIENTED_EDGE('',*,*,#13844,.T.);
#13844 = EDGE_CURVE('',#13822,#13775,#13845,.T.);
#13845 = SURFACE_CURVE('',#13846,(#13850,#13856),.PCURVE_S1.);
#13846 = LINE('',#13847,#13848);
#13847 = CARTESIAN_POINT('',(-122.3897150203,38.45,53.784815128699));
#13848 = VECTOR('',#13849,1.);
#13849 = DIRECTION('',(0.978086416103,-0.,0.208199333895));
#13850 = PCURVE('',#11142,#13851);
#13851 = DEFINITIONAL_REPRESENTATION('',(#13852),#13855);
#13852 = B_SPLINE_CURVE_WITH_KNOTS('',1,(#13853,#13854),.UNSPECIFIED.,
  .F.,.F.,(2,2),(-7.248789997245E-02,0.217463699917),
  .PIECEWISE_BEZIER_KNOTS.);
#13853 = CARTESIAN_POINT('',(0.,-3.85));
#13854 = CARTESIAN_POINT('',(0.28995159989,-3.85));
#13855 = ( GEOMETRIC_REPRESENTATION_CONTEXT(2) 
PARAMETRIC_REPRESENTATION_CONTEXT() REPRESENTATION_CONTEXT('2D SPACE',''
  ) );
#13856 = PCURVE('',#12170,#13857);
#13857 = DEFINITIONAL_REPRESENTATION('',(#13858),#13861);
#13858 = B_SPLINE_CURVE_WITH_KNOTS('',1,(#13859,#13860),.UNSPECIFIED.,
  .F.,.F.,(2,2),(-7.248789997245E-02,0.217463699917),
  .PIECEWISE_BEZIER_KNOTS.);
#13859 = CARTESIAN_POINT('',(-3.230276803791,0.53938554939));
#13860 = CARTESIAN_POINT('',(-3.169909073832,0.82298327057));
#13861 = ( GEOMETRIC_REPRESENTATION_CONTEXT(2) 
PARAMETRIC_REPRESENTATION_CONTEXT() REPRESENTATION_CONTEXT('2D SPACE',''
  ) );
#13862 = ORIENTED_EDGE('',*,*,#13774,.F.);
#13863 = ADVANCED_FACE('',(#13864),#11116,.T.);
#13864 = FACE_BOUND('',#13865,.T.);
#13865 = EDGE_LOOP('',(#13866,#13867,#13890,#13909));
#13866 = ORIENTED_EDGE('',*,*,#11101,.F.);
#13867 = ORIENTED_EDGE('',*,*,#13868,.T.);
#13868 = EDGE_CURVE('',#11076,#13869,#13871,.T.);
#13869 = VERTEX_POINT('',#13870);
#13870 = CARTESIAN_POINT('',(-122.748440101,38.45,53.734675725557));
#13871 = SURFACE_CURVE('',#13872,(#13876,#13883),.PCURVE_S1.);
#13872 = LINE('',#13873,#13874);
#13873 = CARTESIAN_POINT('',(-122.748440101,42.3,53.734675725557));
#13874 = VECTOR('',#13875,1.);
#13875 = DIRECTION('',(0.,-1.,0.));
#13876 = PCURVE('',#11116,#13877);
#13877 = DEFINITIONAL_REPRESENTATION('',(#13878),#13882);
#13878 = LINE('',#13879,#13880);
#13879 = CARTESIAN_POINT('',(0.,0.));
#13880 = VECTOR('',#13881,1.);
#13881 = DIRECTION('',(0.,-1.));
#13882 = ( GEOMETRIC_REPRESENTATION_CONTEXT(2) 
PARAMETRIC_REPRESENTATION_CONTEXT() REPRESENTATION_CONTEXT('2D SPACE',''
  ) );
#13883 = PCURVE('',#11090,#13884);
#13884 = DEFINITIONAL_REPRESENTATION('',(#13885),#13889);
#13885 = LINE('',#13886,#13887);
#13886 = CARTESIAN_POINT('',(0.28995159989,0.));
#13887 = VECTOR('',#13888,1.);
#13888 = DIRECTION('',(0.,-1.));
#13889 = ( GEOMETRIC_REPRESENTATION_CONTEXT(2) 
PARAMETRIC_REPRESENTATION_CONTEXT() REPRESENTATION_CONTEXT('2D SPACE',''
  ) );
#13890 = ORIENTED_EDGE('',*,*,#13891,.T.);
#13891 = EDGE_CURVE('',#13869,#13822,#13892,.T.);
#13892 = SURFACE_CURVE('',#13893,(#13897,#13903),.PCURVE_S1.);
#13893 = LINE('',#13894,#13895);
#13894 = CARTESIAN_POINT('',(-122.6764836884,38.45,53.74343759322));
#13895 = VECTOR('',#13896,1.);
#13896 = DIRECTION('',(0.992667916296,-0.,0.120873520495));
#13897 = PCURVE('',#11116,#13898);
#13898 = DEFINITIONAL_REPRESENTATION('',(#13899),#13902);
#13899 = B_SPLINE_CURVE_WITH_KNOTS('',1,(#13900,#13901),.UNSPECIFIED.,
  .F.,.F.,(2,2),(-7.248789997244E-02,0.217463699917),
  .PIECEWISE_BEZIER_KNOTS.);
#13900 = CARTESIAN_POINT('',(0.,-3.85));
#13901 = CARTESIAN_POINT('',(0.28995159989,-3.85));
#13902 = ( GEOMETRIC_REPRESENTATION_CONTEXT(2) 
PARAMETRIC_REPRESENTATION_CONTEXT() REPRESENTATION_CONTEXT('2D SPACE',''
  ) );
#13903 = PCURVE('',#12170,#13904);
#13904 = DEFINITIONAL_REPRESENTATION('',(#13905),#13908);
#13905 = B_SPLINE_CURVE_WITH_KNOTS('',1,(#13906,#13907),.UNSPECIFIED.,
  .F.,.F.,(2,2),(-7.248789997244E-02,0.217463699917),
  .PIECEWISE_BEZIER_KNOTS.);
#13906 = CARTESIAN_POINT('',(-3.265324274443,0.251559898901));
#13907 = CARTESIAN_POINT('',(-3.230276803791,0.53938554939));
#13908 = ( GEOMETRIC_REPRESENTATION_CONTEXT(2) 
PARAMETRIC_REPRESENTATION_CONTEXT() REPRESENTATION_CONTEXT('2D SPACE',''
  ) );
#13909 = ORIENTED_EDGE('',*,*,#13821,.F.);
#13910 = ADVANCED_FACE('',(#13911),#11090,.T.);
#13911 = FACE_BOUND('',#13912,.T.);
#13912 = EDGE_LOOP('',(#13913,#13914,#13937,#13956));
#13913 = ORIENTED_EDGE('',*,*,#11075,.F.);
#13914 = ORIENTED_EDGE('',*,*,#13915,.T.);
#13915 = EDGE_CURVE('',#11050,#13916,#13918,.T.);
#13916 = VERTEX_POINT('',#13917);
#13917 = CARTESIAN_POINT('',(-123.0382375831,38.45,53.725223230931));
#13918 = SURFACE_CURVE('',#13919,(#13923,#13930),.PCURVE_S1.);
#13919 = LINE('',#13920,#13921);
#13920 = CARTESIAN_POINT('',(-123.0382375831,42.3,53.725223230931));
#13921 = VECTOR('',#13922,1.);
#13922 = DIRECTION('',(0.,-1.,0.));
#13923 = PCURVE('',#11090,#13924);
#13924 = DEFINITIONAL_REPRESENTATION('',(#13925),#13929);
#13925 = LINE('',#13926,#13927);
#13926 = CARTESIAN_POINT('',(0.,0.));
#13927 = VECTOR('',#13928,1.);
#13928 = DIRECTION('',(0.,-1.));
#13929 = ( GEOMETRIC_REPRESENTATION_CONTEXT(2) 
PARAMETRIC_REPRESENTATION_CONTEXT() REPRESENTATION_CONTEXT('2D SPACE',''
  ) );
#13930 = PCURVE('',#11064,#13931);
#13931 = DEFINITIONAL_REPRESENTATION('',(#13932),#13936);
#13932 = LINE('',#13933,#13934);
#13933 = CARTESIAN_POINT('',(0.28995159989,0.));
#13934 = VECTOR('',#13935,1.);
#13935 = DIRECTION('',(0.,-1.));
#13936 = ( GEOMETRIC_REPRESENTATION_CONTEXT(2) 
PARAMETRIC_REPRESENTATION_CONTEXT() REPRESENTATION_CONTEXT('2D SPACE',''
  ) );
#13937 = ORIENTED_EDGE('',*,*,#13938,.T.);
#13938 = EDGE_CURVE('',#13916,#13869,#13939,.T.);
#13939 = SURFACE_CURVE('',#13940,(#13944,#13950),.PCURVE_S1.);
#13940 = LINE('',#13941,#13942);
#13941 = CARTESIAN_POINT('',(-122.9657882126,38.45,53.727586354588));
#13942 = VECTOR('',#13943,1.);
#13943 = DIRECTION('',(0.99946847059,-0.,3.260024993679E-02));
#13944 = PCURVE('',#11090,#13945);
#13945 = DEFINITIONAL_REPRESENTATION('',(#13946),#13949);
#13946 = B_SPLINE_CURVE_WITH_KNOTS('',1,(#13947,#13948),.UNSPECIFIED.,
  .F.,.F.,(2,2),(-7.248789997241E-02,0.217463699917),
  .PIECEWISE_BEZIER_KNOTS.);
#13947 = CARTESIAN_POINT('',(0.,-3.85));
#13948 = CARTESIAN_POINT('',(0.28995159989,-3.85));
#13949 = ( GEOMETRIC_REPRESENTATION_CONTEXT(2) 
PARAMETRIC_REPRESENTATION_CONTEXT() REPRESENTATION_CONTEXT('2D SPACE',''
  ) );
#13950 = PCURVE('',#12170,#13951);
#13951 = DEFINITIONAL_REPRESENTATION('',(#13952),#13955);
#13952 = B_SPLINE_CURVE_WITH_KNOTS('',1,(#13953,#13954),.UNSPECIFIED.,
  .F.,.F.,(2,2),(-7.248789997241E-02,0.217463699917),
  .PIECEWISE_BEZIER_KNOTS.);
#13953 = CARTESIAN_POINT('',(-3.274776769069,-3.8237583186E-02));
#13954 = CARTESIAN_POINT('',(-3.265324274443,0.251559898901));
#13955 = ( GEOMETRIC_REPRESENTATION_CONTEXT(2) 
PARAMETRIC_REPRESENTATION_CONTEXT() REPRESENTATION_CONTEXT('2D SPACE',''
  ) );
#13956 = ORIENTED_EDGE('',*,*,#13868,.F.);
#13957 = ADVANCED_FACE('',(#13958),#11064,.T.);
#13958 = FACE_BOUND('',#13959,.T.);
#13959 = EDGE_LOOP('',(#13960,#13961,#13984,#14003));
#13960 = ORIENTED_EDGE('',*,*,#11049,.F.);
#13961 = ORIENTED_EDGE('',*,*,#13962,.T.);
#13962 = EDGE_CURVE('',#11024,#13963,#13965,.T.);
#13963 = VERTEX_POINT('',#13964);
#13964 = CARTESIAN_POINT('',(-123.3277353431,38.45,53.741439804934));
#13965 = SURFACE_CURVE('',#13966,(#13970,#13977),.PCURVE_S1.);
#13966 = LINE('',#13967,#13968);
#13967 = CARTESIAN_POINT('',(-123.3277353431,42.3,53.741439804934));
#13968 = VECTOR('',#13969,1.);
#13969 = DIRECTION('',(0.,-1.,0.));
#13970 = PCURVE('',#11064,#13971);
#13971 = DEFINITIONAL_REPRESENTATION('',(#13972),#13976);
#13972 = LINE('',#13973,#13974);
#13973 = CARTESIAN_POINT('',(0.,0.));
#13974 = VECTOR('',#13975,1.);
#13975 = DIRECTION('',(0.,-1.));
#13976 = ( GEOMETRIC_REPRESENTATION_CONTEXT(2) 
PARAMETRIC_REPRESENTATION_CONTEXT() REPRESENTATION_CONTEXT('2D SPACE',''
  ) );
#13977 = PCURVE('',#11038,#13978);
#13978 = DEFINITIONAL_REPRESENTATION('',(#13979),#13983);
#13979 = LINE('',#13980,#13981);
#13980 = CARTESIAN_POINT('',(0.28995159989,0.));
#13981 = VECTOR('',#13982,1.);
#13982 = DIRECTION('',(0.,-1.));
#13983 = ( GEOMETRIC_REPRESENTATION_CONTEXT(2) 
PARAMETRIC_REPRESENTATION_CONTEXT() REPRESENTATION_CONTEXT('2D SPACE',''
  ) );
#13984 = ORIENTED_EDGE('',*,*,#13985,.T.);
#13985 = EDGE_CURVE('',#13963,#13916,#13986,.T.);
#13986 = SURFACE_CURVE('',#13987,(#13991,#13997),.PCURVE_S1.);
#13987 = LINE('',#13988,#13989);
#13988 = CARTESIAN_POINT('',(-123.2553609031,38.45,53.737385661433));
#13989 = VECTOR('',#13990,1.);
#13990 = DIRECTION('',(0.998434773401,0.,-5.592855500212E-02));
#13991 = PCURVE('',#11064,#13992);
#13992 = DEFINITIONAL_REPRESENTATION('',(#13993),#13996);
#13993 = B_SPLINE_CURVE_WITH_KNOTS('',1,(#13994,#13995),.UNSPECIFIED.,
  .F.,.F.,(2,2),(-7.248789997244E-02,0.217463699917),
  .PIECEWISE_BEZIER_KNOTS.);
#13994 = CARTESIAN_POINT('',(0.,-3.85));
#13995 = CARTESIAN_POINT('',(0.28995159989,-3.85));
#13996 = ( GEOMETRIC_REPRESENTATION_CONTEXT(2) 
PARAMETRIC_REPRESENTATION_CONTEXT() REPRESENTATION_CONTEXT('2D SPACE',''
  ) );
#13997 = PCURVE('',#12170,#13998);
#13998 = DEFINITIONAL_REPRESENTATION('',(#13999),#14002);
#13999 = B_SPLINE_CURVE_WITH_KNOTS('',1,(#14000,#14001),.UNSPECIFIED.,
  .F.,.F.,(2,2),(-7.248789997244E-02,0.217463699917),
  .PIECEWISE_BEZIER_KNOTS.);
#14000 = CARTESIAN_POINT('',(-3.258560195066,-0.327735343119));
#14001 = CARTESIAN_POINT('',(-3.274776769069,-3.8237583186E-02));
#14002 = ( GEOMETRIC_REPRESENTATION_CONTEXT(2) 
PARAMETRIC_REPRESENTATION_CONTEXT() REPRESENTATION_CONTEXT('2D SPACE',''
  ) );
#14003 = ORIENTED_EDGE('',*,*,#13915,.F.);
#14004 = ADVANCED_FACE('',(#14005),#11038,.T.);
#14005 = FACE_BOUND('',#14006,.T.);
#14006 = EDGE_LOOP('',(#14007,#14008,#14031,#14050));
#14007 = ORIENTED_EDGE('',*,*,#11023,.F.);
#14008 = ORIENTED_EDGE('',*,*,#14009,.T.);
#14009 = EDGE_CURVE('',#10998,#14010,#14012,.T.);
#14010 = VERTEX_POINT('',#14011);
#14011 = CARTESIAN_POINT('',(-123.6146641764,38.45,53.783198335282));
#14012 = SURFACE_CURVE('',#14013,(#14017,#14024),.PCURVE_S1.);
#14013 = LINE('',#14014,#14015);
#14014 = CARTESIAN_POINT('',(-123.6146641764,42.3,53.783198335282));
#14015 = VECTOR('',#14016,1.);
#14016 = DIRECTION('',(0.,-1.,0.));
#14017 = PCURVE('',#11038,#14018);
#14018 = DEFINITIONAL_REPRESENTATION('',(#14019),#14023);
#14019 = LINE('',#14020,#14021);
#14020 = CARTESIAN_POINT('',(0.,0.));
#14021 = VECTOR('',#14022,1.);
#14022 = DIRECTION('',(0.,-1.));
#14023 = ( GEOMETRIC_REPRESENTATION_CONTEXT(2) 
PARAMETRIC_REPRESENTATION_CONTEXT() REPRESENTATION_CONTEXT('2D SPACE',''
  ) );
#14024 = PCURVE('',#11012,#14025);
#14025 = DEFINITIONAL_REPRESENTATION('',(#14026),#14030);
#14026 = LINE('',#14027,#14028);
#14027 = CARTESIAN_POINT('',(0.28995159989,0.));
#14028 = VECTOR('',#14029,1.);
#14029 = DIRECTION('',(0.,-1.));
#14030 = ( GEOMETRIC_REPRESENTATION_CONTEXT(2) 
PARAMETRIC_REPRESENTATION_CONTEXT() REPRESENTATION_CONTEXT('2D SPACE',''
  ) );
#14031 = ORIENTED_EDGE('',*,*,#14032,.T.);
#14032 = EDGE_CURVE('',#14010,#13963,#14033,.T.);
#14033 = SURFACE_CURVE('',#14034,(#14038,#14044),.PCURVE_S1.);
#14034 = LINE('',#14035,#14036);
#14035 = CARTESIAN_POINT('',(-123.5429319681,38.45,53.772758702695));
#14036 = VECTOR('',#14037,1.);
#14037 = DIRECTION('',(0.989574927277,0.,-0.144018968558));
#14038 = PCURVE('',#11038,#14039);
#14039 = DEFINITIONAL_REPRESENTATION('',(#14040),#14043);
#14040 = B_SPLINE_CURVE_WITH_KNOTS('',1,(#14041,#14042),.UNSPECIFIED.,
  .F.,.F.,(2,2),(-7.248789997239E-02,0.217463699917),
  .PIECEWISE_BEZIER_KNOTS.);
#14041 = CARTESIAN_POINT('',(0.,-3.85));
#14042 = CARTESIAN_POINT('',(0.28995159989,-3.85));
#14043 = ( GEOMETRIC_REPRESENTATION_CONTEXT(2) 
PARAMETRIC_REPRESENTATION_CONTEXT() REPRESENTATION_CONTEXT('2D SPACE',''
  ) );
#14044 = PCURVE('',#12170,#14045);
#14045 = DEFINITIONAL_REPRESENTATION('',(#14046),#14049);
#14046 = B_SPLINE_CURVE_WITH_KNOTS('',1,(#14047,#14048),.UNSPECIFIED.,
  .F.,.F.,(2,2),(-7.248789997239E-02,0.217463699917),
  .PIECEWISE_BEZIER_KNOTS.);
#14047 = CARTESIAN_POINT('',(-3.216801664718,-0.614664176494));
#14048 = CARTESIAN_POINT('',(-3.258560195066,-0.327735343119));
#14049 = ( GEOMETRIC_REPRESENTATION_CONTEXT(2) 
PARAMETRIC_REPRESENTATION_CONTEXT() REPRESENTATION_CONTEXT('2D SPACE',''
  ) );
#14050 = ORIENTED_EDGE('',*,*,#13962,.F.);
#14051 = ADVANCED_FACE('',(#14052),#11012,.T.);
#14052 = FACE_BOUND('',#14053,.T.);
#14053 = EDGE_LOOP('',(#14054,#14055,#14078,#14097));
#14054 = ORIENTED_EDGE('',*,*,#10997,.F.);
#14055 = ORIENTED_EDGE('',*,*,#14056,.T.);
#14056 = EDGE_CURVE('',#10972,#14057,#14059,.T.);
#14057 = VERTEX_POINT('',#14058);
#14058 = CARTESIAN_POINT('',(-123.8967750152,38.45,53.850171501166));
#14059 = SURFACE_CURVE('',#14060,(#14064,#14071),.PCURVE_S1.);
#14060 = LINE('',#14061,#14062);
#14061 = CARTESIAN_POINT('',(-123.8967750152,42.3,53.850171501166));
#14062 = VECTOR('',#14063,1.);
#14063 = DIRECTION('',(0.,-1.,0.));
#14064 = PCURVE('',#11012,#14065);
#14065 = DEFINITIONAL_REPRESENTATION('',(#14066),#14070);
#14066 = LINE('',#14067,#14068);
#14067 = CARTESIAN_POINT('',(0.,0.));
#14068 = VECTOR('',#14069,1.);
#14069 = DIRECTION('',(0.,-1.));
#14070 = ( GEOMETRIC_REPRESENTATION_CONTEXT(2) 
PARAMETRIC_REPRESENTATION_CONTEXT() REPRESENTATION_CONTEXT('2D SPACE',''
  ) );
#14071 = PCURVE('',#10986,#14072);
#14072 = DEFINITIONAL_REPRESENTATION('',(#14073),#14077);
#14073 = LINE('',#14074,#14075);
#14074 = CARTESIAN_POINT('',(0.28995159989,0.));
#14075 = VECTOR('',#14076,1.);
#14076 = DIRECTION('',(0.,-1.));
#14077 = ( GEOMETRIC_REPRESENTATION_CONTEXT(2) 
PARAMETRIC_REPRESENTATION_CONTEXT() REPRESENTATION_CONTEXT('2D SPACE',''
  ) );
#14078 = ORIENTED_EDGE('',*,*,#14079,.T.);
#14079 = EDGE_CURVE('',#14057,#14010,#14080,.T.);
#14080 = SURFACE_CURVE('',#14081,(#14085,#14091),.PCURVE_S1.);
#14081 = LINE('',#14082,#14083);
#14082 = CARTESIAN_POINT('',(-123.8262473055,38.45,53.833428209695));
#14083 = VECTOR('',#14084,1.);
#14084 = DIRECTION('',(0.972958379396,0.,-0.230980501263));
#14085 = PCURVE('',#11012,#14086);
#14086 = DEFINITIONAL_REPRESENTATION('',(#14087),#14090);
#14087 = B_SPLINE_CURVE_WITH_KNOTS('',1,(#14088,#14089),.UNSPECIFIED.,
  .F.,.F.,(2,2),(-7.248789997247E-02,0.217463699917),
  .PIECEWISE_BEZIER_KNOTS.);
#14088 = CARTESIAN_POINT('',(0.,-3.85));
#14089 = CARTESIAN_POINT('',(0.28995159989,-3.85));
#14090 = ( GEOMETRIC_REPRESENTATION_CONTEXT(2) 
PARAMETRIC_REPRESENTATION_CONTEXT() REPRESENTATION_CONTEXT('2D SPACE',''
  ) );
#14091 = PCURVE('',#12170,#14092);
#14092 = DEFINITIONAL_REPRESENTATION('',(#14093),#14096);
#14093 = B_SPLINE_CURVE_WITH_KNOTS('',1,(#14094,#14095),.UNSPECIFIED.,
  .F.,.F.,(2,2),(-7.248789997247E-02,0.217463699917),
  .PIECEWISE_BEZIER_KNOTS.);
#14094 = CARTESIAN_POINT('',(-3.149828498834,-0.896775015226));
#14095 = CARTESIAN_POINT('',(-3.216801664718,-0.614664176494));
#14096 = ( GEOMETRIC_REPRESENTATION_CONTEXT(2) 
PARAMETRIC_REPRESENTATION_CONTEXT() REPRESENTATION_CONTEXT('2D SPACE',''
  ) );
#14097 = ORIENTED_EDGE('',*,*,#14009,.F.);
#14098 = ADVANCED_FACE('',(#14099),#10986,.T.);
#14099 = FACE_BOUND('',#14100,.T.);
#14100 = EDGE_LOOP('',(#14101,#14102,#14125,#14144));
#14101 = ORIENTED_EDGE('',*,*,#10971,.F.);
#14102 = ORIENTED_EDGE('',*,*,#14103,.T.);
#14103 = EDGE_CURVE('',#10946,#14104,#14106,.T.);
#14104 = VERTEX_POINT('',#14105);
#14105 = CARTESIAN_POINT('',(-124.1718565566,38.45,53.941834338929));
#14106 = SURFACE_CURVE('',#14107,(#14111,#14118),.PCURVE_S1.);
#14107 = LINE('',#14108,#14109);
#14108 = CARTESIAN_POINT('',(-124.1718565566,42.3,53.941834338929));
#14109 = VECTOR('',#14110,1.);
#14110 = DIRECTION('',(0.,-1.,0.));
#14111 = PCURVE('',#10986,#14112);
#14112 = DEFINITIONAL_REPRESENTATION('',(#14113),#14117);
#14113 = LINE('',#14114,#14115);
#14114 = CARTESIAN_POINT('',(0.,0.));
#14115 = VECTOR('',#14116,1.);
#14116 = DIRECTION('',(0.,-1.));
#14117 = ( GEOMETRIC_REPRESENTATION_CONTEXT(2) 
PARAMETRIC_REPRESENTATION_CONTEXT() REPRESENTATION_CONTEXT('2D SPACE',''
  ) );
#14118 = PCURVE('',#10960,#14119);
#14119 = DEFINITIONAL_REPRESENTATION('',(#14120),#14124);
#14120 = LINE('',#14121,#14122);
#14121 = CARTESIAN_POINT('',(0.28995159989,0.));
#14122 = VECTOR('',#14123,1.);
#14123 = DIRECTION('',(0.,-1.));
#14124 = ( GEOMETRIC_REPRESENTATION_CONTEXT(2) 
PARAMETRIC_REPRESENTATION_CONTEXT() REPRESENTATION_CONTEXT('2D SPACE',''
  ) );
#14125 = ORIENTED_EDGE('',*,*,#14126,.T.);
#14126 = EDGE_CURVE('',#14104,#14057,#14127,.T.);
#14127 = SURFACE_CURVE('',#14128,(#14132,#14138),.PCURVE_S1.);
#14128 = LINE('',#14129,#14130);
#14129 = CARTESIAN_POINT('',(-124.1030861713,38.45,53.918918629488));
#14130 = VECTOR('',#14131,1.);
#14131 = DIRECTION('',(0.948715377202,0.,-0.316131512287));
#14132 = PCURVE('',#10986,#14133);
#14133 = DEFINITIONAL_REPRESENTATION('',(#14134),#14137);
#14134 = B_SPLINE_CURVE_WITH_KNOTS('',1,(#14135,#14136),.UNSPECIFIED.,
  .F.,.F.,(2,2),(-7.24878999724E-02,0.217463699917),
  .PIECEWISE_BEZIER_KNOTS.);
#14135 = CARTESIAN_POINT('',(0.,-3.85));
#14136 = CARTESIAN_POINT('',(0.28995159989,-3.85));
#14137 = ( GEOMETRIC_REPRESENTATION_CONTEXT(2) 
PARAMETRIC_REPRESENTATION_CONTEXT() REPRESENTATION_CONTEXT('2D SPACE',''
  ) );
#14138 = PCURVE('',#12170,#14139);
#14139 = DEFINITIONAL_REPRESENTATION('',(#14140),#14143);
#14140 = B_SPLINE_CURVE_WITH_KNOTS('',1,(#14141,#14142),.UNSPECIFIED.,
  .F.,.F.,(2,2),(-7.24878999724E-02,0.217463699917),
  .PIECEWISE_BEZIER_KNOTS.);
#14141 = CARTESIAN_POINT('',(-3.058165661071,-1.171856556685));
#14142 = CARTESIAN_POINT('',(-3.149828498834,-0.896775015226));
#14143 = ( GEOMETRIC_REPRESENTATION_CONTEXT(2) 
PARAMETRIC_REPRESENTATION_CONTEXT() REPRESENTATION_CONTEXT('2D SPACE',''
  ) );
#14144 = ORIENTED_EDGE('',*,*,#14056,.F.);
#14145 = ADVANCED_FACE('',(#14146),#10960,.T.);
#14146 = FACE_BOUND('',#14147,.T.);
#14147 = EDGE_LOOP('',(#14148,#14149,#14172,#14191));
#14148 = ORIENTED_EDGE('',*,*,#10945,.F.);
#14149 = ORIENTED_EDGE('',*,*,#14150,.T.);
#14150 = EDGE_CURVE('',#10920,#14151,#14153,.T.);
#14151 = VERTEX_POINT('',#14152);
#14152 = CARTESIAN_POINT('',(-124.4377525968,38.45,54.057468356949));
#14153 = SURFACE_CURVE('',#14154,(#14158,#14165),.PCURVE_S1.);
#14154 = LINE('',#14155,#14156);
#14155 = CARTESIAN_POINT('',(-124.4377525968,42.3,54.057468356949));
#14156 = VECTOR('',#14157,1.);
#14157 = DIRECTION('',(0.,-1.,0.));
#14158 = PCURVE('',#10960,#14159);
#14159 = DEFINITIONAL_REPRESENTATION('',(#14160),#14164);
#14160 = LINE('',#14161,#14162);
#14161 = CARTESIAN_POINT('',(0.,0.));
#14162 = VECTOR('',#14163,1.);
#14163 = DIRECTION('',(0.,-1.));
#14164 = ( GEOMETRIC_REPRESENTATION_CONTEXT(2) 
PARAMETRIC_REPRESENTATION_CONTEXT() REPRESENTATION_CONTEXT('2D SPACE',''
  ) );
#14165 = PCURVE('',#10934,#14166);
#14166 = DEFINITIONAL_REPRESENTATION('',(#14167),#14171);
#14167 = LINE('',#14168,#14169);
#14168 = CARTESIAN_POINT('',(0.28995159989,0.));
#14169 = VECTOR('',#14170,1.);
#14170 = DIRECTION('',(0.,-1.));
#14171 = ( GEOMETRIC_REPRESENTATION_CONTEXT(2) 
PARAMETRIC_REPRESENTATION_CONTEXT() REPRESENTATION_CONTEXT('2D SPACE',''
  ) );
#14172 = ORIENTED_EDGE('',*,*,#14173,.T.);
#14173 = EDGE_CURVE('',#14151,#14104,#14174,.T.);
#14174 = SURFACE_CURVE('',#14175,(#14179,#14185),.PCURVE_S1.);
#14175 = LINE('',#14176,#14177);
#14176 = CARTESIAN_POINT('',(-124.3712785867,38.45,54.028559852444));
#14177 = VECTOR('',#14178,1.);
#14178 = DIRECTION('',(0.917035947476,0.,-0.398804552427));
#14179 = PCURVE('',#10960,#14180);
#14180 = DEFINITIONAL_REPRESENTATION('',(#14181),#14184);
#14181 = B_SPLINE_CURVE_WITH_KNOTS('',1,(#14182,#14183),.UNSPECIFIED.,
  .F.,.F.,(2,2),(-7.248789997241E-02,0.217463699917),
  .PIECEWISE_BEZIER_KNOTS.);
#14182 = CARTESIAN_POINT('',(0.,-3.85));
#14183 = CARTESIAN_POINT('',(0.28995159989,-3.85));
#14184 = ( GEOMETRIC_REPRESENTATION_CONTEXT(2) 
PARAMETRIC_REPRESENTATION_CONTEXT() REPRESENTATION_CONTEXT('2D SPACE',''
  ) );
#14185 = PCURVE('',#12170,#14186);
#14186 = DEFINITIONAL_REPRESENTATION('',(#14187),#14190);
#14187 = B_SPLINE_CURVE_WITH_KNOTS('',1,(#14188,#14189),.UNSPECIFIED.,
  .F.,.F.,(2,2),(-7.248789997241E-02,0.217463699917),
  .PIECEWISE_BEZIER_KNOTS.);
#14188 = CARTESIAN_POINT('',(-2.942531643051,-1.437752596812));
#14189 = CARTESIAN_POINT('',(-3.058165661071,-1.171856556685));
#14190 = ( GEOMETRIC_REPRESENTATION_CONTEXT(2) 
PARAMETRIC_REPRESENTATION_CONTEXT() REPRESENTATION_CONTEXT('2D SPACE',''
  ) );
#14191 = ORIENTED_EDGE('',*,*,#14103,.F.);
#14192 = ADVANCED_FACE('',(#14193),#10934,.T.);
#14193 = FACE_BOUND('',#14194,.T.);
#14194 = EDGE_LOOP('',(#14195,#14196,#14219,#14238));
#14195 = ORIENTED_EDGE('',*,*,#10919,.F.);
#14196 = ORIENTED_EDGE('',*,*,#14197,.T.);
#14197 = EDGE_CURVE('',#10894,#14198,#14200,.T.);
#14198 = VERTEX_POINT('',#14199);
#14199 = CARTESIAN_POINT('',(-124.6923789313,38.45,54.196167167475));
#14200 = SURFACE_CURVE('',#14201,(#14205,#14212),.PCURVE_S1.);
#14201 = LINE('',#14202,#14203);
#14202 = CARTESIAN_POINT('',(-124.6923789313,42.3,54.196167167475));
#14203 = VECTOR('',#14204,1.);
#14204 = DIRECTION('',(0.,-1.,0.));
#14205 = PCURVE('',#10934,#14206);
#14206 = DEFINITIONAL_REPRESENTATION('',(#14207),#14211);
#14207 = LINE('',#14208,#14209);
#14208 = CARTESIAN_POINT('',(0.,0.));
#14209 = VECTOR('',#14210,1.);
#14210 = DIRECTION('',(0.,-1.));
#14211 = ( GEOMETRIC_REPRESENTATION_CONTEXT(2) 
PARAMETRIC_REPRESENTATION_CONTEXT() REPRESENTATION_CONTEXT('2D SPACE',''
  ) );
#14212 = PCURVE('',#10908,#14213);
#14213 = DEFINITIONAL_REPRESENTATION('',(#14214),#14218);
#14214 = LINE('',#14215,#14216);
#14215 = CARTESIAN_POINT('',(0.28995159989,0.));
#14216 = VECTOR('',#14217,1.);
#14217 = DIRECTION('',(0.,-1.));
#14218 = ( GEOMETRIC_REPRESENTATION_CONTEXT(2) 
PARAMETRIC_REPRESENTATION_CONTEXT() REPRESENTATION_CONTEXT('2D SPACE',''
  ) );
#14219 = ORIENTED_EDGE('',*,*,#14220,.T.);
#14220 = EDGE_CURVE('',#14198,#14151,#14221,.T.);
#14221 = SURFACE_CURVE('',#14222,(#14226,#14232),.PCURVE_S1.);
#14222 = LINE('',#14223,#14224);
#14223 = CARTESIAN_POINT('',(-124.6287223477,38.45,54.161492464844));
#14224 = VECTOR('',#14225,1.);
#14225 = DIRECTION('',(0.878168406826,0.,-0.478351595851));
#14226 = PCURVE('',#10934,#14227);
#14227 = DEFINITIONAL_REPRESENTATION('',(#14228),#14231);
#14228 = B_SPLINE_CURVE_WITH_KNOTS('',1,(#14229,#14230),.UNSPECIFIED.,
  .F.,.F.,(2,2),(-7.248789997246E-02,0.217463699917),
  .PIECEWISE_BEZIER_KNOTS.);
#14229 = CARTESIAN_POINT('',(0.,-3.85));
#14230 = CARTESIAN_POINT('',(0.28995159989,-3.85));
#14231 = ( GEOMETRIC_REPRESENTATION_CONTEXT(2) 
PARAMETRIC_REPRESENTATION_CONTEXT() REPRESENTATION_CONTEXT('2D SPACE',''
  ) );
#14232 = PCURVE('',#12170,#14233);
#14233 = DEFINITIONAL_REPRESENTATION('',(#14234),#14237);
#14234 = B_SPLINE_CURVE_WITH_KNOTS('',1,(#14235,#14236),.UNSPECIFIED.,
  .F.,.F.,(2,2),(-7.248789997246E-02,0.217463699917),
  .PIECEWISE_BEZIER_KNOTS.);
#14235 = CARTESIAN_POINT('',(-2.803832832525,-1.692378931344));
#14236 = CARTESIAN_POINT('',(-2.942531643051,-1.437752596812));
#14237 = ( GEOMETRIC_REPRESENTATION_CONTEXT(2) 
PARAMETRIC_REPRESENTATION_CONTEXT() REPRESENTATION_CONTEXT('2D SPACE',''
  ) );
#14238 = ORIENTED_EDGE('',*,*,#14150,.F.);
#14239 = ADVANCED_FACE('',(#14240),#10908,.T.);
#14240 = FACE_BOUND('',#14241,.T.);
#14241 = EDGE_LOOP('',(#14242,#14243,#14266,#14285));
#14242 = ORIENTED_EDGE('',*,*,#10893,.F.);
#14243 = ORIENTED_EDGE('',*,*,#14244,.T.);
#14244 = EDGE_CURVE('',#10868,#14245,#14247,.T.);
#14245 = VERTEX_POINT('',#14246);
#14246 = CARTESIAN_POINT('',(-124.9337396926,38.45,54.35684359128));
#14247 = SURFACE_CURVE('',#14248,(#14252,#14259),.PCURVE_S1.);
#14248 = LINE('',#14249,#14250);
#14249 = CARTESIAN_POINT('',(-124.9337396926,42.3,54.35684359128));
#14250 = VECTOR('',#14251,1.);
#14251 = DIRECTION('',(0.,-1.,0.));
#14252 = PCURVE('',#10908,#14253);
#14253 = DEFINITIONAL_REPRESENTATION('',(#14254),#14258);
#14254 = LINE('',#14255,#14256);
#14255 = CARTESIAN_POINT('',(0.,0.));
#14256 = VECTOR('',#14257,1.);
#14257 = DIRECTION('',(0.,-1.));
#14258 = ( GEOMETRIC_REPRESENTATION_CONTEXT(2) 
PARAMETRIC_REPRESENTATION_CONTEXT() REPRESENTATION_CONTEXT('2D SPACE',''
  ) );
#14259 = PCURVE('',#10882,#14260);
#14260 = DEFINITIONAL_REPRESENTATION('',(#14261),#14265);
#14261 = LINE('',#14262,#14263);
#14262 = CARTESIAN_POINT('',(0.28995159989,0.));
#14263 = VECTOR('',#14264,1.);
#14264 = DIRECTION('',(0.,-1.));
#14265 = ( GEOMETRIC_REPRESENTATION_CONTEXT(2) 
PARAMETRIC_REPRESENTATION_CONTEXT() REPRESENTATION_CONTEXT('2D SPACE',''
  ) );
#14266 = ORIENTED_EDGE('',*,*,#14267,.T.);
#14267 = EDGE_CURVE('',#14245,#14198,#14268,.T.);
#14268 = SURFACE_CURVE('',#14269,(#14273,#14279),.PCURVE_S1.);
#14269 = LINE('',#14270,#14271);
#14270 = CARTESIAN_POINT('',(-124.8733995023,38.45,54.316674485329));
#14271 = VECTOR('',#14272,1.);
#14272 = DIRECTION('',(0.832417415274,0.,-0.554149119596));
#14273 = PCURVE('',#10908,#14274);
#14274 = DEFINITIONAL_REPRESENTATION('',(#14275),#14278);
#14275 = B_SPLINE_CURVE_WITH_KNOTS('',1,(#14276,#14277),.UNSPECIFIED.,
  .F.,.F.,(2,2),(-7.248789997241E-02,0.217463699917),
  .PIECEWISE_BEZIER_KNOTS.);
#14276 = CARTESIAN_POINT('',(0.,-3.85));
#14277 = CARTESIAN_POINT('',(0.28995159989,-3.85));
#14278 = ( GEOMETRIC_REPRESENTATION_CONTEXT(2) 
PARAMETRIC_REPRESENTATION_CONTEXT() REPRESENTATION_CONTEXT('2D SPACE',''
  ) );
#14279 = PCURVE('',#12170,#14280);
#14280 = DEFINITIONAL_REPRESENTATION('',(#14281),#14284);
#14281 = B_SPLINE_CURVE_WITH_KNOTS('',1,(#14282,#14283),.UNSPECIFIED.,
  .F.,.F.,(2,2),(-7.248789997241E-02,0.217463699917),
  .PIECEWISE_BEZIER_KNOTS.);
#14282 = CARTESIAN_POINT('',(-2.64315640872,-1.933739692679));
#14283 = CARTESIAN_POINT('',(-2.803832832525,-1.692378931344));
#14284 = ( GEOMETRIC_REPRESENTATION_CONTEXT(2) 
PARAMETRIC_REPRESENTATION_CONTEXT() REPRESENTATION_CONTEXT('2D SPACE',''
  ) );
#14285 = ORIENTED_EDGE('',*,*,#14197,.F.);
#14286 = ADVANCED_FACE('',(#14287),#10882,.T.);
#14287 = FACE_BOUND('',#14288,.T.);
#14288 = EDGE_LOOP('',(#14289,#14290,#14313,#14332));
#14289 = ORIENTED_EDGE('',*,*,#10867,.F.);
#14290 = ORIENTED_EDGE('',*,*,#14291,.T.);
#14291 = EDGE_CURVE('',#10842,#14292,#14294,.T.);
#14292 = VERTEX_POINT('',#14293);
#14293 = CARTESIAN_POINT('',(-125.1599429943,38.45,54.538238179416));
#14294 = SURFACE_CURVE('',#14295,(#14299,#14306),.PCURVE_S1.);
#14295 = LINE('',#14296,#14297);
#14296 = CARTESIAN_POINT('',(-125.1599429943,42.3,54.538238179416));
#14297 = VECTOR('',#14298,1.);
#14298 = DIRECTION('',(0.,-1.,0.));
#14299 = PCURVE('',#10882,#14300);
#14300 = DEFINITIONAL_REPRESENTATION('',(#14301),#14305);
#14301 = LINE('',#14302,#14303);
#14302 = CARTESIAN_POINT('',(0.,0.));
#14303 = VECTOR('',#14304,1.);
#14304 = DIRECTION('',(0.,-1.));
#14305 = ( GEOMETRIC_REPRESENTATION_CONTEXT(2) 
PARAMETRIC_REPRESENTATION_CONTEXT() REPRESENTATION_CONTEXT('2D SPACE',''
  ) );
#14306 = PCURVE('',#10856,#14307);
#14307 = DEFINITIONAL_REPRESENTATION('',(#14308),#14312);
#14308 = LINE('',#14309,#14310);
#14309 = CARTESIAN_POINT('',(0.28995159989,0.));
#14310 = VECTOR('',#14311,1.);
#14311 = DIRECTION('',(0.,-1.));
#14312 = ( GEOMETRIC_REPRESENTATION_CONTEXT(2) 
PARAMETRIC_REPRESENTATION_CONTEXT() REPRESENTATION_CONTEXT('2D SPACE',''
  ) );
#14313 = ORIENTED_EDGE('',*,*,#14314,.T.);
#14314 = EDGE_CURVE('',#14292,#14245,#14315,.T.);
#14315 = SURFACE_CURVE('',#14316,(#14320,#14326),.PCURVE_S1.);
#14316 = LINE('',#14317,#14318);
#14317 = CARTESIAN_POINT('',(-125.1033921689,38.45,54.492889532382));
#14318 = VECTOR('',#14319,1.);
#14319 = DIRECTION('',(0.780141588209,0.,-0.625602990999));
#14320 = PCURVE('',#10882,#14321);
#14321 = DEFINITIONAL_REPRESENTATION('',(#14322),#14325);
#14322 = B_SPLINE_CURVE_WITH_KNOTS('',1,(#14323,#14324),.UNSPECIFIED.,
  .F.,.F.,(2,2),(-7.248789997244E-02,0.217463699917),
  .PIECEWISE_BEZIER_KNOTS.);
#14323 = CARTESIAN_POINT('',(0.,-3.85));
#14324 = CARTESIAN_POINT('',(0.28995159989,-3.85));
#14325 = ( GEOMETRIC_REPRESENTATION_CONTEXT(2) 
PARAMETRIC_REPRESENTATION_CONTEXT() REPRESENTATION_CONTEXT('2D SPACE',''
  ) );
#14326 = PCURVE('',#12170,#14327);
#14327 = DEFINITIONAL_REPRESENTATION('',(#14328),#14331);
#14328 = B_SPLINE_CURVE_WITH_KNOTS('',1,(#14329,#14330),.UNSPECIFIED.,
  .F.,.F.,(2,2),(-7.248789997244E-02,0.217463699917),
  .PIECEWISE_BEZIER_KNOTS.);
#14329 = CARTESIAN_POINT('',(-2.461761820584,-2.15994299432));
#14330 = CARTESIAN_POINT('',(-2.64315640872,-1.933739692679));
#14331 = ( GEOMETRIC_REPRESENTATION_CONTEXT(2) 
PARAMETRIC_REPRESENTATION_CONTEXT() REPRESENTATION_CONTEXT('2D SPACE',''
  ) );
#14332 = ORIENTED_EDGE('',*,*,#14244,.F.);
#14333 = ADVANCED_FACE('',(#14334),#10856,.T.);
#14334 = FACE_BOUND('',#14335,.T.);
#14335 = EDGE_LOOP('',(#14336,#14337,#14360,#14379));
#14336 = ORIENTED_EDGE('',*,*,#10841,.F.);
#14337 = ORIENTED_EDGE('',*,*,#14338,.T.);
#14338 = EDGE_CURVE('',#10816,#14339,#14341,.T.);
#14339 = VERTEX_POINT('',#14340);
#14340 = CARTESIAN_POINT('',(-125.3692157602,38.45,54.738929085309));
#14341 = SURFACE_CURVE('',#14342,(#14346,#14353),.PCURVE_S1.);
#14342 = LINE('',#14343,#14344);
#14343 = CARTESIAN_POINT('',(-125.3692157602,42.3,54.738929085309));
#14344 = VECTOR('',#14345,1.);
#14345 = DIRECTION('',(0.,-1.,0.));
#14346 = PCURVE('',#10856,#14347);
#14347 = DEFINITIONAL_REPRESENTATION('',(#14348),#14352);
#14348 = LINE('',#14349,#14350);
#14349 = CARTESIAN_POINT('',(0.,0.));
#14350 = VECTOR('',#14351,1.);
#14351 = DIRECTION('',(0.,-1.));
#14352 = ( GEOMETRIC_REPRESENTATION_CONTEXT(2) 
PARAMETRIC_REPRESENTATION_CONTEXT() REPRESENTATION_CONTEXT('2D SPACE',''
  ) );
#14353 = PCURVE('',#10830,#14354);
#14354 = DEFINITIONAL_REPRESENTATION('',(#14355),#14359);
#14355 = LINE('',#14356,#14357);
#14356 = CARTESIAN_POINT('',(0.28995159989,0.));
#14357 = VECTOR('',#14358,1.);
#14358 = DIRECTION('',(0.,-1.));
#14359 = ( GEOMETRIC_REPRESENTATION_CONTEXT(2) 
PARAMETRIC_REPRESENTATION_CONTEXT() REPRESENTATION_CONTEXT('2D SPACE',''
  ) );
#14360 = ORIENTED_EDGE('',*,*,#14361,.T.);
#14361 = EDGE_CURVE('',#14339,#14292,#14362,.T.);
#14362 = SURFACE_CURVE('',#14363,(#14367,#14373),.PCURVE_S1.);
#14363 = LINE('',#14364,#14365);
#14364 = CARTESIAN_POINT('',(-125.3168975687,38.45,54.688756358835));
#14365 = VECTOR('',#14366,1.);
#14366 = DIRECTION('',(0.721750685406,0.,-0.692153124761));
#14367 = PCURVE('',#10856,#14368);
#14368 = DEFINITIONAL_REPRESENTATION('',(#14369),#14372);
#14369 = B_SPLINE_CURVE_WITH_KNOTS('',1,(#14370,#14371),.UNSPECIFIED.,
  .F.,.F.,(2,2),(-7.248789997242E-02,0.217463699917),
  .PIECEWISE_BEZIER_KNOTS.);
#14370 = CARTESIAN_POINT('',(0.,-3.85));
#14371 = CARTESIAN_POINT('',(0.28995159989,-3.85));
#14372 = ( GEOMETRIC_REPRESENTATION_CONTEXT(2) 
PARAMETRIC_REPRESENTATION_CONTEXT() REPRESENTATION_CONTEXT('2D SPACE',''
  ) );
#14373 = PCURVE('',#12170,#14374);
#14374 = DEFINITIONAL_REPRESENTATION('',(#14375),#14378);
#14375 = B_SPLINE_CURVE_WITH_KNOTS('',1,(#14376,#14377),.UNSPECIFIED.,
  .F.,.F.,(2,2),(-7.248789997242E-02,0.217463699917),
  .PIECEWISE_BEZIER_KNOTS.);
#14376 = CARTESIAN_POINT('',(-2.261070914691,-2.369215760275));
#14377 = CARTESIAN_POINT('',(-2.461761820584,-2.15994299432));
#14378 = ( GEOMETRIC_REPRESENTATION_CONTEXT(2) 
PARAMETRIC_REPRESENTATION_CONTEXT() REPRESENTATION_CONTEXT('2D SPACE',''
  ) );
#14379 = ORIENTED_EDGE('',*,*,#14291,.F.);
#14380 = ADVANCED_FACE('',(#14381),#10830,.T.);
#14381 = FACE_BOUND('',#14382,.T.);
#14382 = EDGE_LOOP('',(#14383,#14384,#14407,#14426));
#14383 = ORIENTED_EDGE('',*,*,#10815,.F.);
#14384 = ORIENTED_EDGE('',*,*,#14385,.T.);
#14385 = EDGE_CURVE('',#10790,#14386,#14388,.T.);
#14386 = VERTEX_POINT('',#14387);
#14387 = CARTESIAN_POINT('',(-125.5599176231,38.45,54.957343209783));
#14388 = SURFACE_CURVE('',#14389,(#14393,#14400),.PCURVE_S1.);
#14389 = LINE('',#14390,#14391);
#14390 = CARTESIAN_POINT('',(-125.5599176231,42.3,54.957343209783));
#14391 = VECTOR('',#14392,1.);
#14392 = DIRECTION('',(0.,-1.,0.));
#14393 = PCURVE('',#10830,#14394);
#14394 = DEFINITIONAL_REPRESENTATION('',(#14395),#14399);
#14395 = LINE('',#14396,#14397);
#14396 = CARTESIAN_POINT('',(0.,0.));
#14397 = VECTOR('',#14398,1.);
#14398 = DIRECTION('',(0.,-1.));
#14399 = ( GEOMETRIC_REPRESENTATION_CONTEXT(2) 
PARAMETRIC_REPRESENTATION_CONTEXT() REPRESENTATION_CONTEXT('2D SPACE',''
  ) );
#14400 = PCURVE('',#10804,#14401);
#14401 = DEFINITIONAL_REPRESENTATION('',(#14402),#14406);
#14402 = LINE('',#14403,#14404);
#14403 = CARTESIAN_POINT('',(0.28995159989,0.));
#14404 = VECTOR('',#14405,1.);
#14405 = DIRECTION('',(0.,-1.));
#14406 = ( GEOMETRIC_REPRESENTATION_CONTEXT(2) 
PARAMETRIC_REPRESENTATION_CONTEXT() REPRESENTATION_CONTEXT('2D SPACE',''
  ) );
#14407 = ORIENTED_EDGE('',*,*,#14408,.T.);
#14408 = EDGE_CURVE('',#14386,#14339,#14409,.T.);
#14409 = SURFACE_CURVE('',#14410,(#14414,#14420),.PCURVE_S1.);
#14410 = LINE('',#14411,#14412);
#14411 = CARTESIAN_POINT('',(-125.5122421574,38.45,54.902739678664));
#14412 = VECTOR('',#14413,1.);
#14413 = DIRECTION('',(0.657702399159,0.,-0.753277873125));
#14414 = PCURVE('',#10830,#14415);
#14415 = DEFINITIONAL_REPRESENTATION('',(#14416),#14419);
#14416 = B_SPLINE_CURVE_WITH_KNOTS('',1,(#14417,#14418),.UNSPECIFIED.,
  .F.,.F.,(2,2),(-7.248789997243E-02,0.217463699917),
  .PIECEWISE_BEZIER_KNOTS.);
#14417 = CARTESIAN_POINT('',(0.,-3.85));
#14418 = CARTESIAN_POINT('',(0.28995159989,-3.85));
#14419 = ( GEOMETRIC_REPRESENTATION_CONTEXT(2) 
PARAMETRIC_REPRESENTATION_CONTEXT() REPRESENTATION_CONTEXT('2D SPACE',''
  ) );
#14420 = PCURVE('',#12170,#14421);
#14421 = DEFINITIONAL_REPRESENTATION('',(#14422),#14425);
#14422 = B_SPLINE_CURVE_WITH_KNOTS('',1,(#14423,#14424),.UNSPECIFIED.,
  .F.,.F.,(2,2),(-7.248789997243E-02,0.217463699917),
  .PIECEWISE_BEZIER_KNOTS.);
#14423 = CARTESIAN_POINT('',(-2.042656790217,-2.559917623163));
#14424 = CARTESIAN_POINT('',(-2.261070914691,-2.369215760275));
#14425 = ( GEOMETRIC_REPRESENTATION_CONTEXT(2) 
PARAMETRIC_REPRESENTATION_CONTEXT() REPRESENTATION_CONTEXT('2D SPACE',''
  ) );
#14426 = ORIENTED_EDGE('',*,*,#14338,.F.);
#14427 = ADVANCED_FACE('',(#14428),#10804,.T.);
#14428 = FACE_BOUND('',#14429,.T.);
#14429 = EDGE_LOOP('',(#14430,#14431,#14454,#14473));
#14430 = ORIENTED_EDGE('',*,*,#10789,.F.);
#14431 = ORIENTED_EDGE('',*,*,#14432,.T.);
#14432 = EDGE_CURVE('',#10764,#14433,#14435,.T.);
#14433 = VERTEX_POINT('',#14434);
#14434 = CARTESIAN_POINT('',(-125.7305537821,38.45,55.19176853167));
#14435 = SURFACE_CURVE('',#14436,(#14440,#14447),.PCURVE_S1.);
#14436 = LINE('',#14437,#14438);
#14437 = CARTESIAN_POINT('',(-125.7305537821,42.3,55.19176853167));
#14438 = VECTOR('',#14439,1.);
#14439 = DIRECTION('',(0.,-1.,0.));
#14440 = PCURVE('',#10804,#14441);
#14441 = DEFINITIONAL_REPRESENTATION('',(#14442),#14446);
#14442 = LINE('',#14443,#14444);
#14443 = CARTESIAN_POINT('',(0.,0.));
#14444 = VECTOR('',#14445,1.);
#14445 = DIRECTION('',(0.,-1.));
#14446 = ( GEOMETRIC_REPRESENTATION_CONTEXT(2) 
PARAMETRIC_REPRESENTATION_CONTEXT() REPRESENTATION_CONTEXT('2D SPACE',''
  ) );
#14447 = PCURVE('',#10778,#14448);
#14448 = DEFINITIONAL_REPRESENTATION('',(#14449),#14453);
#14449 = LINE('',#14450,#14451);
#14450 = CARTESIAN_POINT('',(0.28995159989,0.));
#14451 = VECTOR('',#14452,1.);
#14452 = DIRECTION('',(0.,-1.));
#14453 = ( GEOMETRIC_REPRESENTATION_CONTEXT(2) 
PARAMETRIC_REPRESENTATION_CONTEXT() REPRESENTATION_CONTEXT('2D SPACE',''
  ) );
#14454 = ORIENTED_EDGE('',*,*,#14455,.T.);
#14455 = EDGE_CURVE('',#14433,#14386,#14456,.T.);
#14456 = SURFACE_CURVE('',#14457,(#14461,#14467),.PCURVE_S1.);
#14457 = LINE('',#14458,#14459);
#14458 = CARTESIAN_POINT('',(-125.6878947423,38.45,55.133162201198));
#14459 = VECTOR('',#14460,1.);
#14460 = DIRECTION('',(0.588498766698,0.,-0.808498114775));
#14461 = PCURVE('',#10804,#14462);
#14462 = DEFINITIONAL_REPRESENTATION('',(#14463),#14466);
#14463 = B_SPLINE_CURVE_WITH_KNOTS('',1,(#14464,#14465),.UNSPECIFIED.,
  .F.,.F.,(2,2),(-7.248789997243E-02,0.217463699917),
  .PIECEWISE_BEZIER_KNOTS.);
#14464 = CARTESIAN_POINT('',(0.,-3.85));
#14465 = CARTESIAN_POINT('',(0.28995159989,-3.85));
#14466 = ( GEOMETRIC_REPRESENTATION_CONTEXT(2) 
PARAMETRIC_REPRESENTATION_CONTEXT() REPRESENTATION_CONTEXT('2D SPACE',''
  ) );
#14467 = PCURVE('',#12170,#14468);
#14468 = DEFINITIONAL_REPRESENTATION('',(#14469),#14472);
#14469 = B_SPLINE_CURVE_WITH_KNOTS('',1,(#14470,#14471),.UNSPECIFIED.,
  .F.,.F.,(2,2),(-7.248789997243E-02,0.217463699917),
  .PIECEWISE_BEZIER_KNOTS.);
#14470 = CARTESIAN_POINT('',(-1.80823146833,-2.7305537821));
#14471 = CARTESIAN_POINT('',(-2.042656790217,-2.559917623163));
#14472 = ( GEOMETRIC_REPRESENTATION_CONTEXT(2) 
PARAMETRIC_REPRESENTATION_CONTEXT() REPRESENTATION_CONTEXT('2D SPACE',''
  ) );
#14473 = ORIENTED_EDGE('',*,*,#14385,.F.);
#14474 = ADVANCED_FACE('',(#14475),#10778,.T.);
#14475 = FACE_BOUND('',#14476,.T.);
#14476 = EDGE_LOOP('',(#14477,#14478,#14501,#14520));
#14477 = ORIENTED_EDGE('',*,*,#10763,.F.);
#14478 = ORIENTED_EDGE('',*,*,#14479,.T.);
#14479 = EDGE_CURVE('',#10738,#14480,#14482,.T.);
#14480 = VERTEX_POINT('',#14481);
#14481 = CARTESIAN_POINT('',(-125.8797867195,38.45,55.440367527346));
#14482 = SURFACE_CURVE('',#14483,(#14487,#14494),.PCURVE_S1.);
#14483 = LINE('',#14484,#14485);
#14484 = CARTESIAN_POINT('',(-125.8797867195,42.3,55.440367527346));
#14485 = VECTOR('',#14486,1.);
#14486 = DIRECTION('',(0.,-1.,0.));
#14487 = PCURVE('',#10778,#14488);
#14488 = DEFINITIONAL_REPRESENTATION('',(#14489),#14493);
#14489 = LINE('',#14490,#14491);
#14490 = CARTESIAN_POINT('',(0.,0.));
#14491 = VECTOR('',#14492,1.);
#14492 = DIRECTION('',(0.,-1.));
#14493 = ( GEOMETRIC_REPRESENTATION_CONTEXT(2) 
PARAMETRIC_REPRESENTATION_CONTEXT() REPRESENTATION_CONTEXT('2D SPACE',''
  ) );
#14494 = PCURVE('',#10752,#14495);
#14495 = DEFINITIONAL_REPRESENTATION('',(#14496),#14500);
#14496 = LINE('',#14497,#14498);
#14497 = CARTESIAN_POINT('',(0.28995159989,0.));
#14498 = VECTOR('',#14499,1.);
#14499 = DIRECTION('',(0.,-1.));
#14500 = ( GEOMETRIC_REPRESENTATION_CONTEXT(2) 
PARAMETRIC_REPRESENTATION_CONTEXT() REPRESENTATION_CONTEXT('2D SPACE',''
  ) );
#14501 = ORIENTED_EDGE('',*,*,#14502,.T.);
#14502 = EDGE_CURVE('',#14480,#14433,#14503,.T.);
#14503 = SURFACE_CURVE('',#14504,(#14508,#14514),.PCURVE_S1.);
#14504 = LINE('',#14505,#14506);
#14505 = CARTESIAN_POINT('',(-125.8424784852,38.45,55.378217778427));
#14506 = VECTOR('',#14507,1.);
#14507 = DIRECTION('',(0.514682235008,0.,-0.857381010384));
#14508 = PCURVE('',#10778,#14509);
#14509 = DEFINITIONAL_REPRESENTATION('',(#14510),#14513);
#14510 = B_SPLINE_CURVE_WITH_KNOTS('',1,(#14511,#14512),.UNSPECIFIED.,
  .F.,.F.,(2,2),(-7.248789997244E-02,0.217463699917),
  .PIECEWISE_BEZIER_KNOTS.);
#14511 = CARTESIAN_POINT('',(0.,-3.85));
#14512 = CARTESIAN_POINT('',(0.28995159989,-3.85));
#14513 = ( GEOMETRIC_REPRESENTATION_CONTEXT(2) 
PARAMETRIC_REPRESENTATION_CONTEXT() REPRESENTATION_CONTEXT('2D SPACE',''
  ) );
#14514 = PCURVE('',#12170,#14515);
#14515 = DEFINITIONAL_REPRESENTATION('',(#14516),#14519);
#14516 = B_SPLINE_CURVE_WITH_KNOTS('',1,(#14517,#14518),.UNSPECIFIED.,
  .F.,.F.,(2,2),(-7.248789997244E-02,0.217463699917),
  .PIECEWISE_BEZIER_KNOTS.);
#14517 = CARTESIAN_POINT('',(-1.559632472654,-2.879786719575));
#14518 = CARTESIAN_POINT('',(-1.80823146833,-2.7305537821));
#14519 = ( GEOMETRIC_REPRESENTATION_CONTEXT(2) 
PARAMETRIC_REPRESENTATION_CONTEXT() REPRESENTATION_CONTEXT('2D SPACE',''
  ) );
#14520 = ORIENTED_EDGE('',*,*,#14432,.F.);
#14521 = ADVANCED_FACE('',(#14522),#10752,.T.);
#14522 = FACE_BOUND('',#14523,.T.);
#14523 = EDGE_LOOP('',(#14524,#14525,#14548,#14567));
#14524 = ORIENTED_EDGE('',*,*,#10737,.F.);
#14525 = ORIENTED_EDGE('',*,*,#14526,.T.);
#14526 = EDGE_CURVE('',#10712,#14527,#14529,.T.);
#14527 = VERTEX_POINT('',#14528);
#14528 = CARTESIAN_POINT('',(-126.0064466854,38.45,55.701191574009));
#14529 = SURFACE_CURVE('',#14530,(#14534,#14541),.PCURVE_S1.);
#14530 = LINE('',#14531,#14532);
#14531 = CARTESIAN_POINT('',(-126.0064466854,42.3,55.701191574009));
#14532 = VECTOR('',#14533,1.);
#14533 = DIRECTION('',(0.,-1.,0.));
#14534 = PCURVE('',#10752,#14535);
#14535 = DEFINITIONAL_REPRESENTATION('',(#14536),#14540);
#14536 = LINE('',#14537,#14538);
#14537 = CARTESIAN_POINT('',(0.,0.));
#14538 = VECTOR('',#14539,1.);
#14539 = DIRECTION('',(0.,-1.));
#14540 = ( GEOMETRIC_REPRESENTATION_CONTEXT(2) 
PARAMETRIC_REPRESENTATION_CONTEXT() REPRESENTATION_CONTEXT('2D SPACE',''
  ) );
#14541 = PCURVE('',#10726,#14542);
#14542 = DEFINITIONAL_REPRESENTATION('',(#14543),#14547);
#14543 = LINE('',#14544,#14545);
#14544 = CARTESIAN_POINT('',(0.28995159989,0.));
#14545 = VECTOR('',#14546,1.);
#14546 = DIRECTION('',(0.,-1.));
#14547 = ( GEOMETRIC_REPRESENTATION_CONTEXT(2) 
PARAMETRIC_REPRESENTATION_CONTEXT() REPRESENTATION_CONTEXT('2D SPACE',''
  ) );
#14548 = ORIENTED_EDGE('',*,*,#14549,.T.);
#14549 = EDGE_CURVE('',#14527,#14480,#14550,.T.);
#14550 = SURFACE_CURVE('',#14551,(#14555,#14561),.PCURVE_S1.);
#14551 = LINE('',#14552,#14553);
#14552 = CARTESIAN_POINT('',(-125.9747816939,38.45,55.635985562343));
#14553 = VECTOR('',#14554,1.);
#14554 = DIRECTION('',(0.436831408909,0.,-0.899543395391));
#14555 = PCURVE('',#10752,#14556);
#14556 = DEFINITIONAL_REPRESENTATION('',(#14557),#14560);
#14557 = B_SPLINE_CURVE_WITH_KNOTS('',1,(#14558,#14559),.UNSPECIFIED.,
  .F.,.F.,(2,2),(-7.248789997243E-02,0.217463699917),
  .PIECEWISE_BEZIER_KNOTS.);
#14558 = CARTESIAN_POINT('',(0.,-3.85));
#14559 = CARTESIAN_POINT('',(0.28995159989,-3.85));
#14560 = ( GEOMETRIC_REPRESENTATION_CONTEXT(2) 
PARAMETRIC_REPRESENTATION_CONTEXT() REPRESENTATION_CONTEXT('2D SPACE',''
  ) );
#14561 = PCURVE('',#12170,#14562);
#14562 = DEFINITIONAL_REPRESENTATION('',(#14563),#14566);
#14563 = B_SPLINE_CURVE_WITH_KNOTS('',1,(#14564,#14565),.UNSPECIFIED.,
  .F.,.F.,(2,2),(-7.248789997243E-02,0.217463699917),
  .PIECEWISE_BEZIER_KNOTS.);
#14564 = CARTESIAN_POINT('',(-1.298808425991,-3.00644668547));
#14565 = CARTESIAN_POINT('',(-1.559632472654,-2.879786719575));
#14566 = ( GEOMETRIC_REPRESENTATION_CONTEXT(2) 
PARAMETRIC_REPRESENTATION_CONTEXT() REPRESENTATION_CONTEXT('2D SPACE',''
  ) );
#14567 = ORIENTED_EDGE('',*,*,#14479,.F.);
#14568 = ADVANCED_FACE('',(#14569),#10726,.T.);
#14569 = FACE_BOUND('',#14570,.T.);
#14570 = EDGE_LOOP('',(#14571,#14572,#14595,#14614));
#14571 = ORIENTED_EDGE('',*,*,#10711,.F.);
#14572 = ORIENTED_EDGE('',*,*,#14573,.T.);
#14573 = EDGE_CURVE('',#10686,#14574,#14576,.T.);
#14574 = VERTEX_POINT('',#14575);
#14575 = CARTESIAN_POINT('',(-126.109540866,38.45,55.972196223802));
#14576 = SURFACE_CURVE('',#14577,(#14581,#14588),.PCURVE_S1.);
#14577 = LINE('',#14578,#14579);
#14578 = CARTESIAN_POINT('',(-126.109540866,42.3,55.972196223802));
#14579 = VECTOR('',#14580,1.);
#14580 = DIRECTION('',(0.,-1.,0.));
#14581 = PCURVE('',#10726,#14582);
#14582 = DEFINITIONAL_REPRESENTATION('',(#14583),#14587);
#14583 = LINE('',#14584,#14585);
#14584 = CARTESIAN_POINT('',(0.,0.));
#14585 = VECTOR('',#14586,1.);
#14586 = DIRECTION('',(0.,-1.));
#14587 = ( GEOMETRIC_REPRESENTATION_CONTEXT(2) 
PARAMETRIC_REPRESENTATION_CONTEXT() REPRESENTATION_CONTEXT('2D SPACE',''
  ) );
#14588 = PCURVE('',#10700,#14589);
#14589 = DEFINITIONAL_REPRESENTATION('',(#14590),#14594);
#14590 = LINE('',#14591,#14592);
#14591 = CARTESIAN_POINT('',(0.28995159989,0.));
#14592 = VECTOR('',#14593,1.);
#14593 = DIRECTION('',(0.,-1.));
#14594 = ( GEOMETRIC_REPRESENTATION_CONTEXT(2) 
PARAMETRIC_REPRESENTATION_CONTEXT() REPRESENTATION_CONTEXT('2D SPACE',''
  ) );
#14595 = ORIENTED_EDGE('',*,*,#14596,.T.);
#14596 = EDGE_CURVE('',#14574,#14527,#14597,.T.);
#14597 = SURFACE_CURVE('',#14598,(#14602,#14608),.PCURVE_S1.);
#14598 = LINE('',#14599,#14600);
#14599 = CARTESIAN_POINT('',(-126.0837673209,38.45,55.904445061354));
#14600 = VECTOR('',#14601,1.);
#14601 = DIRECTION('',(0.355556515703,0.,-0.934654783405));
#14602 = PCURVE('',#10726,#14603);
#14603 = DEFINITIONAL_REPRESENTATION('',(#14604),#14607);
#14604 = B_SPLINE_CURVE_WITH_KNOTS('',1,(#14605,#14606),.UNSPECIFIED.,
  .F.,.F.,(2,2),(-7.248789997245E-02,0.217463699917),
  .PIECEWISE_BEZIER_KNOTS.);
#14605 = CARTESIAN_POINT('',(0.,-3.85));
#14606 = CARTESIAN_POINT('',(0.28995159989,-3.85));
#14607 = ( GEOMETRIC_REPRESENTATION_CONTEXT(2) 
PARAMETRIC_REPRESENTATION_CONTEXT() REPRESENTATION_CONTEXT('2D SPACE',''
  ) );
#14608 = PCURVE('',#12170,#14609);
#14609 = DEFINITIONAL_REPRESENTATION('',(#14610),#14613);
#14610 = B_SPLINE_CURVE_WITH_KNOTS('',1,(#14611,#14612),.UNSPECIFIED.,
  .F.,.F.,(2,2),(-7.248789997245E-02,0.217463699917),
  .PIECEWISE_BEZIER_KNOTS.);
#14611 = CARTESIAN_POINT('',(-1.027803776198,-3.10954086605));
#14612 = CARTESIAN_POINT('',(-1.298808425991,-3.00644668547));
#14613 = ( GEOMETRIC_REPRESENTATION_CONTEXT(2) 
PARAMETRIC_REPRESENTATION_CONTEXT() REPRESENTATION_CONTEXT('2D SPACE',''
  ) );
#14614 = ORIENTED_EDGE('',*,*,#14526,.F.);
#14615 = ADVANCED_FACE('',(#14616),#10700,.T.);
#14616 = FACE_BOUND('',#14617,.T.);
#14617 = EDGE_LOOP('',(#14618,#14619,#14642,#14661));
#14618 = ORIENTED_EDGE('',*,*,#10685,.F.);
#14619 = ORIENTED_EDGE('',*,*,#14620,.T.);
#14620 = EDGE_CURVE('',#10660,#14621,#14623,.T.);
#14621 = VERTEX_POINT('',#14622);
#14622 = CARTESIAN_POINT('',(-126.188261166,38.45,56.251257229044));
#14623 = SURFACE_CURVE('',#14624,(#14628,#14635),.PCURVE_S1.);
#14624 = LINE('',#14625,#14626);
#14625 = CARTESIAN_POINT('',(-126.188261166,42.3,56.251257229044));
#14626 = VECTOR('',#14627,1.);
#14627 = DIRECTION('',(0.,-1.,0.));
#14628 = PCURVE('',#10700,#14629);
#14629 = DEFINITIONAL_REPRESENTATION('',(#14630),#14634);
#14630 = LINE('',#14631,#14632);
#14631 = CARTESIAN_POINT('',(0.,0.));
#14632 = VECTOR('',#14633,1.);
#14633 = DIRECTION('',(0.,-1.));
#14634 = ( GEOMETRIC_REPRESENTATION_CONTEXT(2) 
PARAMETRIC_REPRESENTATION_CONTEXT() REPRESENTATION_CONTEXT('2D SPACE',''
  ) );
#14635 = PCURVE('',#10674,#14636);
#14636 = DEFINITIONAL_REPRESENTATION('',(#14637),#14641);
#14637 = LINE('',#14638,#14639);
#14638 = CARTESIAN_POINT('',(5.56776436283,0.));
#14639 = VECTOR('',#14640,1.);
#14640 = DIRECTION('',(-0.,-1.));
#14641 = ( GEOMETRIC_REPRESENTATION_CONTEXT(2) 
PARAMETRIC_REPRESENTATION_CONTEXT() REPRESENTATION_CONTEXT('2D SPACE',''
  ) );
#14642 = ORIENTED_EDGE('',*,*,#14643,.T.);
#14643 = EDGE_CURVE('',#14621,#14574,#14644,.T.);
#14644 = SURFACE_CURVE('',#14645,(#14649,#14655),.PCURVE_S1.);
#14645 = LINE('',#14646,#14647);
#14646 = CARTESIAN_POINT('',(-126.168581091,38.45,56.181491977733));
#14647 = VECTOR('',#14648,1.);
#14648 = DIRECTION('',(0.271494621964,0.,-0.962439956696));
#14649 = PCURVE('',#10700,#14650);
#14650 = DEFINITIONAL_REPRESENTATION('',(#14651),#14654);
#14651 = B_SPLINE_CURVE_WITH_KNOTS('',1,(#14652,#14653),.UNSPECIFIED.,
  .F.,.F.,(2,2),(-7.248789997236E-02,0.217463699917),
  .PIECEWISE_BEZIER_KNOTS.);
#14652 = CARTESIAN_POINT('',(0.,-3.85));
#14653 = CARTESIAN_POINT('',(0.28995159989,-3.85));
#14654 = ( GEOMETRIC_REPRESENTATION_CONTEXT(2) 
PARAMETRIC_REPRESENTATION_CONTEXT() REPRESENTATION_CONTEXT('2D SPACE',''
  ) );
#14655 = PCURVE('',#12170,#14656);
#14656 = DEFINITIONAL_REPRESENTATION('',(#14657),#14660);
#14657 = B_SPLINE_CURVE_WITH_KNOTS('',1,(#14658,#14659),.UNSPECIFIED.,
  .F.,.F.,(2,2),(-7.248789997236E-02,0.217463699917),
  .PIECEWISE_BEZIER_KNOTS.);
#14658 = CARTESIAN_POINT('',(-0.748742770956,-3.18826116605));
#14659 = CARTESIAN_POINT('',(-1.027803776198,-3.10954086605));
#14660 = ( GEOMETRIC_REPRESENTATION_CONTEXT(2) 
PARAMETRIC_REPRESENTATION_CONTEXT() REPRESENTATION_CONTEXT('2D SPACE',''
  ) );
#14661 = ORIENTED_EDGE('',*,*,#14573,.F.);
#14662 = ADVANCED_FACE('',(#14663),#10674,.T.);
#14663 = FACE_BOUND('',#14664,.T.);
#14664 = EDGE_LOOP('',(#14665,#14666,#14667,#14686));
#14665 = ORIENTED_EDGE('',*,*,#10659,.F.);
#14666 = ORIENTED_EDGE('',*,*,#12433,.T.);
#14667 = ORIENTED_EDGE('',*,*,#14668,.T.);
#14668 = EDGE_CURVE('',#12413,#14621,#14669,.T.);
#14669 = SURFACE_CURVE('',#14670,(#14674,#14680),.PCURVE_S1.);
#14670 = LINE('',#14671,#14672);
#14671 = CARTESIAN_POINT('',(-123.2355082132,38.45,59.204010181798));
#14672 = VECTOR('',#14673,1.);
#14673 = DIRECTION('',(-0.707106781187,0.,-0.707106781187));
#14674 = PCURVE('',#10674,#14675);
#14675 = DEFINITIONAL_REPRESENTATION('',(#14676),#14679);
#14676 = B_SPLINE_CURVE_WITH_KNOTS('',1,(#14677,#14678),.UNSPECIFIED.,
  .F.,.F.,(2,2),(-1.391941090708,4.175823272123),
  .PIECEWISE_BEZIER_KNOTS.);
#14677 = CARTESIAN_POINT('',(0.,-3.85));
#14678 = CARTESIAN_POINT('',(5.56776436283,-3.85));
#14679 = ( GEOMETRIC_REPRESENTATION_CONTEXT(2) 
PARAMETRIC_REPRESENTATION_CONTEXT() REPRESENTATION_CONTEXT('2D SPACE',''
  ) );
#14680 = PCURVE('',#12170,#14681);
#14681 = DEFINITIONAL_REPRESENTATION('',(#14682),#14685);
#14682 = B_SPLINE_CURVE_WITH_KNOTS('',1,(#14683,#14684),.UNSPECIFIED.,
  .F.,.F.,(2,2),(-1.391941090708,4.175823272123),
  .PIECEWISE_BEZIER_KNOTS.);
#14683 = CARTESIAN_POINT('',(3.18826116605,0.748742770956));
#14684 = CARTESIAN_POINT('',(-0.748742770956,-3.18826116605));
#14685 = ( GEOMETRIC_REPRESENTATION_CONTEXT(2) 
PARAMETRIC_REPRESENTATION_CONTEXT() REPRESENTATION_CONTEXT('2D SPACE',''
  ) );
#14686 = ORIENTED_EDGE('',*,*,#14620,.F.);
#14687 = ADVANCED_FACE('',(#14688,#14691),#12170,.F.);
#14688 = FACE_BOUND('',#14689,.F.);
#14689 = EDGE_LOOP('',(#14690));
#14690 = ORIENTED_EDGE('',*,*,#12155,.T.);
#14691 = FACE_BOUND('',#14692,.F.);
#14692 = EDGE_LOOP('',(#14693,#14694,#14695,#14696,#14697,#14698,#14699,
    #14700,#14701,#14702,#14703,#14704,#14705,#14706,#14707,#14708,
    #14709,#14710,#14711,#14712,#14713,#14714,#14715,#14716,#14717,
    #14718,#14719,#14720,#14721,#14722,#14723,#14724,#14725,#14726,
    #14727,#14728,#14729,#14730,#14731,#14732,#14733,#14734,#14735,
    #14736,#14737,#14738,#14739,#14740,#14741));
#14693 = ORIENTED_EDGE('',*,*,#14668,.T.);
#14694 = ORIENTED_EDGE('',*,*,#14643,.T.);
#14695 = ORIENTED_EDGE('',*,*,#14596,.T.);
#14696 = ORIENTED_EDGE('',*,*,#14549,.T.);
#14697 = ORIENTED_EDGE('',*,*,#14502,.T.);
#14698 = ORIENTED_EDGE('',*,*,#14455,.T.);
#14699 = ORIENTED_EDGE('',*,*,#14408,.T.);
#14700 = ORIENTED_EDGE('',*,*,#14361,.T.);
#14701 = ORIENTED_EDGE('',*,*,#14314,.T.);
#14702 = ORIENTED_EDGE('',*,*,#14267,.T.);
#14703 = ORIENTED_EDGE('',*,*,#14220,.T.);
#14704 = ORIENTED_EDGE('',*,*,#14173,.T.);
#14705 = ORIENTED_EDGE('',*,*,#14126,.T.);
#14706 = ORIENTED_EDGE('',*,*,#14079,.T.);
#14707 = ORIENTED_EDGE('',*,*,#14032,.T.);
#14708 = ORIENTED_EDGE('',*,*,#13985,.T.);
#14709 = ORIENTED_EDGE('',*,*,#13938,.T.);
#14710 = ORIENTED_EDGE('',*,*,#13891,.T.);
#14711 = ORIENTED_EDGE('',*,*,#13844,.T.);
#14712 = ORIENTED_EDGE('',*,*,#13797,.T.);
#14713 = ORIENTED_EDGE('',*,*,#13750,.T.);
#14714 = ORIENTED_EDGE('',*,*,#13703,.T.);
#14715 = ORIENTED_EDGE('',*,*,#13656,.T.);
#14716 = ORIENTED_EDGE('',*,*,#13609,.T.);
#14717 = ORIENTED_EDGE('',*,*,#13562,.T.);
#14718 = ORIENTED_EDGE('',*,*,#13515,.T.);
#14719 = ORIENTED_EDGE('',*,*,#13468,.T.);
#14720 = ORIENTED_EDGE('',*,*,#13421,.T.);
#14721 = ORIENTED_EDGE('',*,*,#13374,.T.);
#14722 = ORIENTED_EDGE('',*,*,#13327,.T.);
#14723 = ORIENTED_EDGE('',*,*,#13280,.T.);
#14724 = ORIENTED_EDGE('',*,*,#13233,.T.);
#14725 = ORIENTED_EDGE('',*,*,#13186,.T.);
#14726 = ORIENTED_EDGE('',*,*,#13139,.T.);
#14727 = ORIENTED_EDGE('',*,*,#13092,.T.);
#14728 = ORIENTED_EDGE('',*,*,#13045,.T.);
#14729 = ORIENTED_EDGE('',*,*,#12998,.T.);
#14730 = ORIENTED_EDGE('',*,*,#12951,.T.);
#14731 = ORIENTED_EDGE('',*,*,#12904,.T.);
#14732 = ORIENTED_EDGE('',*,*,#12857,.T.);
#14733 = ORIENTED_EDGE('',*,*,#12810,.T.);
#14734 = ORIENTED_EDGE('',*,*,#12763,.T.);
#14735 = ORIENTED_EDGE('',*,*,#12716,.T.);
#14736 = ORIENTED_EDGE('',*,*,#12669,.T.);
#14737 = ORIENTED_EDGE('',*,*,#12622,.T.);
#14738 = ORIENTED_EDGE('',*,*,#12575,.T.);
#14739 = ORIENTED_EDGE('',*,*,#12528,.T.);
#14740 = ORIENTED_EDGE('',*,*,#12481,.T.);
#14741 = ORIENTED_EDGE('',*,*,#12412,.T.);
#14742 = ADVANCED_FACE('',(#14743),#12227,.F.);
#14743 = FACE_BOUND('',#14744,.F.);
#14744 = EDGE_LOOP('',(#14745,#14746,#14747,#14748));
#14745 = ORIENTED_EDGE('',*,*,#12363,.T.);
#14746 = ORIENTED_EDGE('',*,*,#12336,.T.);
#14747 = ORIENTED_EDGE('',*,*,#12287,.T.);
#14748 = ORIENTED_EDGE('',*,*,#12211,.T.);
#14749 = ( GEOMETRIC_REPRESENTATION_CONTEXT(3) 
GLOBAL_UNCERTAINTY_ASSIGNED_CONTEXT((#14753)) 
GLOBAL_UNIT_ASSIGNED_CONTEXT((#14750,#14751,#14752)) 
REPRESENTATION_CONTEXT('Context #1',
  '3D Context with UNIT and UNCERTAINTY') );
#14750 = ( LENGTH_UNIT() NAMED_UNIT(*) SI_UNIT(.MILLI.,.METRE.) );
#14751 = ( NAMED_UNIT(*) PLANE_ANGLE_UNIT() SI_UNIT($,.RADIAN.) );
#14752 = ( NAMED_UNIT(*) SI_UNIT($,.STERADIAN.) SOLID_ANGLE_UNIT() );
#14753 = UNCERTAINTY_MEASURE_WITH_UNIT(LENGTH_MEASURE(1.E-07),#14750,
  'distance_accuracy_value','confusion accuracy');
#14754 = PRODUCT_RELATED_PRODUCT_CATEGORY('part',$,(#7));
ENDSEC;
END-ISO-10303-21;
